id,firstname,lastname,email,email2,profession,Field Name
12100,Darci,Medrek,Darci.Medrek@yopmail.com,Darci.Medrek@gmail.com,worker,12001
12101,Talya,Carbo,Talya.Carbo@yopmail.com,Talya.Carbo@gmail.com,firefighter,12002
12102,Celene,Beniamino,Celene.Beniamino@yopmail.com,Celene.Beniamino@gmail.com,developer,12003
12103,Lucy,Swigart,Lucy.Swigart@yopmail.com,Lucy.Swigart@gmail.com,doctor,12004
12104,Anthia,Bach,Anthia.Bach@yopmail.com,Anthia.Bach@gmail.com,worker,12005
12105,Inga,Kendrick,Inga.Kendrick@yopmail.com,Inga.Kendrick@gmail.com,police officer,12006
12106,Carlie,Duwalt,Carlie.Duwalt@yopmail.com,Carlie.Duwalt@gmail.com,doctor,12007
12107,Addia,Secrest,Addia.Secrest@yopmail.com,Addia.Secrest@gmail.com,firefighter,12008
12108,Noelle,Gilmour,Noelle.Gilmour@yopmail.com,Noelle.Gilmour@gmail.com,developer,12009
12109,Madalyn,Boycey,Madalyn.Boycey@yopmail.com,Madalyn.Boycey@gmail.com,worker,12010
12110,Rosanne,Aldric,Rosanne.Aldric@yopmail.com,Rosanne.Aldric@gmail.com,developer,12011
12111,Chickie,Melony,Chickie.Melony@yopmail.com,Chickie.Melony@gmail.com,worker,12012
12112,Frank,Whiffen,Frank.Whiffen@yopmail.com,Frank.Whiffen@gmail.com,doctor,12013
12113,Nonnah,Nester,Nonnah.Nester@yopmail.com,Nonnah.Nester@gmail.com,worker,12014
12114,Ekaterina,Kellby,Ekaterina.Kellby@yopmail.com,Ekaterina.Kellby@gmail.com,police officer,12015
12115,Fidelia,Alcott,Fidelia.Alcott@yopmail.com,Fidelia.Alcott@gmail.com,police officer,12016
12116,Ariela,Gherardo,Ariela.Gherardo@yopmail.com,Ariela.Gherardo@gmail.com,developer,12017
12117,Leia,Randene,Leia.Randene@yopmail.com,Leia.Randene@gmail.com,doctor,12018
12118,Helsa,Moina,Helsa.Moina@yopmail.com,Helsa.Moina@gmail.com,doctor,12019
12119,Odessa,Dearborn,Odessa.Dearborn@yopmail.com,Odessa.Dearborn@gmail.com,worker,12020
12120,Melanie,Taima,Melanie.Taima@yopmail.com,Melanie.Taima@gmail.com,doctor,12021
12121,Cathie,Vittoria,Cathie.Vittoria@yopmail.com,Cathie.Vittoria@gmail.com,developer,12022
12122,Janeczka,Kazimir,Janeczka.Kazimir@yopmail.com,Janeczka.Kazimir@gmail.com,worker,12023
12123,Hyacinthe,Jorgan,Hyacinthe.Jorgan@yopmail.com,Hyacinthe.Jorgan@gmail.com,doctor,12024
12124,Adriana,Ries,Adriana.Ries@yopmail.com,Adriana.Ries@gmail.com,developer,12025
12125,Gaylene,Ioab,Gaylene.Ioab@yopmail.com,Gaylene.Ioab@gmail.com,worker,12026
12126,Ericka,Duwalt,Ericka.Duwalt@yopmail.com,Ericka.Duwalt@gmail.com,worker,12027
12127,Ann-Marie,Rosalba,Ann-Marie.Rosalba@yopmail.com,Ann-Marie.Rosalba@gmail.com,firefighter,12028
12128,Florie,Randene,Florie.Randene@yopmail.com,Florie.Randene@gmail.com,police officer,12029
12129,Bertine,Larochelle,Bertine.Larochelle@yopmail.com,Bertine.Larochelle@gmail.com,worker,12030
12130,Trudie,Simmonds,Trudie.Simmonds@yopmail.com,Trudie.Simmonds@gmail.com,doctor,12031
12131,Tarra,Obed,Tarra.Obed@yopmail.com,Tarra.Obed@gmail.com,doctor,12032
12132,Brynna,Gale,Brynna.Gale@yopmail.com,Brynna.Gale@gmail.com,developer,12033
12133,Tarra,Alcott,Tarra.Alcott@yopmail.com,Tarra.Alcott@gmail.com,developer,12034
12134,Sara-Ann,Rebecka,Sara-Ann.Rebecka@yopmail.com,Sara-Ann.Rebecka@gmail.com,developer,12035
12135,Britni,Eiser,Britni.Eiser@yopmail.com,Britni.Eiser@gmail.com,doctor,12036
12136,Arlena,Tryck,Arlena.Tryck@yopmail.com,Arlena.Tryck@gmail.com,doctor,12037
12137,Gerrie,Edee,Gerrie.Edee@yopmail.com,Gerrie.Edee@gmail.com,doctor,12038
12138,Konstance,Aida,Konstance.Aida@yopmail.com,Konstance.Aida@gmail.com,firefighter,12039
12139,Ulrike,Gillan,Ulrike.Gillan@yopmail.com,Ulrike.Gillan@gmail.com,worker,12040
12140,Zondra,Clara,Zondra.Clara@yopmail.com,Zondra.Clara@gmail.com,firefighter,12041
12141,Kaja,Dermott,Kaja.Dermott@yopmail.com,Kaja.Dermott@gmail.com,doctor,12042
12142,Lory,Rodmann,Lory.Rodmann@yopmail.com,Lory.Rodmann@gmail.com,firefighter,12043
12143,Nariko,Hamil,Nariko.Hamil@yopmail.com,Nariko.Hamil@gmail.com,doctor,12044
12144,Heida,Wesle,Heida.Wesle@yopmail.com,Heida.Wesle@gmail.com,police officer,12045
12145,Randa,Gherardo,Randa.Gherardo@yopmail.com,Randa.Gherardo@gmail.com,police officer,12046
12146,Zsa Zsa,Fredi,Zsa Zsa.Fredi@yopmail.com,Zsa Zsa.Fredi@gmail.com,worker,12047
12147,Ketti,Schroth,Ketti.Schroth@yopmail.com,Ketti.Schroth@gmail.com,worker,12048
12148,Gale,Maisey,Gale.Maisey@yopmail.com,Gale.Maisey@gmail.com,developer,12049
12149,Marsiella,Joeann,Marsiella.Joeann@yopmail.com,Marsiella.Joeann@gmail.com,firefighter,12050
12150,Renae,Evangelia,Renae.Evangelia@yopmail.com,Renae.Evangelia@gmail.com,developer,12051
12151,Tersina,Tyson,Tersina.Tyson@yopmail.com,Tersina.Tyson@gmail.com,doctor,12052
12152,Tracey,Olnee,Tracey.Olnee@yopmail.com,Tracey.Olnee@gmail.com,police officer,12053
12153,Gerrie,Robertson,Gerrie.Robertson@yopmail.com,Gerrie.Robertson@gmail.com,police officer,12054
12154,Monika,Mata,Monika.Mata@yopmail.com,Monika.Mata@gmail.com,firefighter,12055
12155,Justinn,Dominy,Justinn.Dominy@yopmail.com,Justinn.Dominy@gmail.com,doctor,12056
12156,Bettine,Toffic,Bettine.Toffic@yopmail.com,Bettine.Toffic@gmail.com,police officer,12057
12157,Rochette,Dowski,Rochette.Dowski@yopmail.com,Rochette.Dowski@gmail.com,doctor,12058
12158,Carmela,Dielu,Carmela.Dielu@yopmail.com,Carmela.Dielu@gmail.com,doctor,12059
12159,Monika,Kosey,Monika.Kosey@yopmail.com,Monika.Kosey@gmail.com,police officer,12060
12160,Dorice,Izaak,Dorice.Izaak@yopmail.com,Dorice.Izaak@gmail.com,police officer,12061
12161,Dari,Morgun,Dari.Morgun@yopmail.com,Dari.Morgun@gmail.com,developer,12062
12162,Desirae,Timon,Desirae.Timon@yopmail.com,Desirae.Timon@gmail.com,police officer,12063
12163,Lizzie,Ephrem,Lizzie.Ephrem@yopmail.com,Lizzie.Ephrem@gmail.com,police officer,12064
12164,Tani,Quinn,Tani.Quinn@yopmail.com,Tani.Quinn@gmail.com,worker,12065
12165,Petronia,Hollingsworth,Petronia.Hollingsworth@yopmail.com,Petronia.Hollingsworth@gmail.com,doctor,12066
12166,Max,Laurianne,Max.Laurianne@yopmail.com,Max.Laurianne@gmail.com,developer,12067
12167,Florie,Pacorro,Florie.Pacorro@yopmail.com,Florie.Pacorro@gmail.com,developer,12068
12168,Steffane,Kaja,Steffane.Kaja@yopmail.com,Steffane.Kaja@gmail.com,worker,12069
12169,Jordan,Dawkins,Jordan.Dawkins@yopmail.com,Jordan.Dawkins@gmail.com,police officer,12070
12170,Tatiania,Vharat,Tatiania.Vharat@yopmail.com,Tatiania.Vharat@gmail.com,developer,12071
12171,Marcy,Roumell,Marcy.Roumell@yopmail.com,Marcy.Roumell@gmail.com,police officer,12072
12172,Valli,Hurley,Valli.Hurley@yopmail.com,Valli.Hurley@gmail.com,worker,12073
12173,Kristan,Camden,Kristan.Camden@yopmail.com,Kristan.Camden@gmail.com,worker,12074
12174,Alisha,Jalbert,Alisha.Jalbert@yopmail.com,Alisha.Jalbert@gmail.com,doctor,12075
12175,Shel,Merell,Shel.Merell@yopmail.com,Shel.Merell@gmail.com,firefighter,12076
12176,Corene,Pernick,Corene.Pernick@yopmail.com,Corene.Pernick@gmail.com,developer,12077
12177,Valli,Jacqui,Valli.Jacqui@yopmail.com,Valli.Jacqui@gmail.com,police officer,12078
12178,Ann-Marie,Cassius,Ann-Marie.Cassius@yopmail.com,Ann-Marie.Cassius@gmail.com,developer,12079
12179,Rozele,Morgun,Rozele.Morgun@yopmail.com,Rozele.Morgun@gmail.com,police officer,12080
12180,Donetta,Loring,Donetta.Loring@yopmail.com,Donetta.Loring@gmail.com,firefighter,12081
12181,Randa,Iphlgenia,Randa.Iphlgenia@yopmail.com,Randa.Iphlgenia@gmail.com,firefighter,12082
12182,Genevra,Adlare,Genevra.Adlare@yopmail.com,Genevra.Adlare@gmail.com,police officer,12083
12183,Mathilda,Engdahl,Mathilda.Engdahl@yopmail.com,Mathilda.Engdahl@gmail.com,worker,12084
12184,Elsie,Daegal,Elsie.Daegal@yopmail.com,Elsie.Daegal@gmail.com,developer,12085
12185,Hannis,Leffen,Hannis.Leffen@yopmail.com,Hannis.Leffen@gmail.com,worker,12086
12186,Helena,Adlare,Helena.Adlare@yopmail.com,Helena.Adlare@gmail.com,developer,12087
12187,Kellen,Kirstin,Kellen.Kirstin@yopmail.com,Kellen.Kirstin@gmail.com,firefighter,12088
12188,Rayna,Pitt,Rayna.Pitt@yopmail.com,Rayna.Pitt@gmail.com,developer,12089
12189,Beth,Voletta,Beth.Voletta@yopmail.com,Beth.Voletta@gmail.com,doctor,12090
12190,Addia,Pauly,Addia.Pauly@yopmail.com,Addia.Pauly@gmail.com,developer,12091
12191,Jeanna,Tremayne,Jeanna.Tremayne@yopmail.com,Jeanna.Tremayne@gmail.com,doctor,12092
12192,Ilse,Bonucci,Ilse.Bonucci@yopmail.com,Ilse.Bonucci@gmail.com,developer,12093
12193,Wilma,Jehu,Wilma.Jehu@yopmail.com,Wilma.Jehu@gmail.com,police officer,12094
12194,Susan,Grayce,Susan.Grayce@yopmail.com,Susan.Grayce@gmail.com,firefighter,12095
12195,Ottilie,Torray,Ottilie.Torray@yopmail.com,Ottilie.Torray@gmail.com,developer,12096
12196,Kellen,Roxanna,Kellen.Roxanna@yopmail.com,Kellen.Roxanna@gmail.com,police officer,12097
12197,Helena,Dermott,Helena.Dermott@yopmail.com,Helena.Dermott@gmail.com,police officer,12098
12198,Johna,Sinegold,Johna.Sinegold@yopmail.com,Johna.Sinegold@gmail.com,developer,12099
12199,Jorry,Dawkins,Jorry.Dawkins@yopmail.com,Jorry.Dawkins@gmail.com,worker,12100
12200,Wendi,Hutchison,Wendi.Hutchison@yopmail.com,Wendi.Hutchison@gmail.com,worker,12101
12201,Dyann,Bonilla,Dyann.Bonilla@yopmail.com,Dyann.Bonilla@gmail.com,doctor,12102
12202,Kial,Sisile,Kial.Sisile@yopmail.com,Kial.Sisile@gmail.com,developer,12103
12203,Hallie,Irmine,Hallie.Irmine@yopmail.com,Hallie.Irmine@gmail.com,worker,12104
12204,Tierney,Cressida,Tierney.Cressida@yopmail.com,Tierney.Cressida@gmail.com,firefighter,12105
12205,Sybille,Jenness,Sybille.Jenness@yopmail.com,Sybille.Jenness@gmail.com,worker,12106
12206,Arabel,Schlosser,Arabel.Schlosser@yopmail.com,Arabel.Schlosser@gmail.com,police officer,12107
12207,Tobe,Sidonius,Tobe.Sidonius@yopmail.com,Tobe.Sidonius@gmail.com,police officer,12108
12208,Cristine,Erminia,Cristine.Erminia@yopmail.com,Cristine.Erminia@gmail.com,developer,12109
12209,Jessamyn,Revkah,Jessamyn.Revkah@yopmail.com,Jessamyn.Revkah@gmail.com,developer,12110
12210,Barbara,Hessler,Barbara.Hessler@yopmail.com,Barbara.Hessler@gmail.com,doctor,12111
12211,Madelle,Blake,Madelle.Blake@yopmail.com,Madelle.Blake@gmail.com,firefighter,12112
12212,Frank,Carmena,Frank.Carmena@yopmail.com,Frank.Carmena@gmail.com,firefighter,12113
12213,Tera,Karylin,Tera.Karylin@yopmail.com,Tera.Karylin@gmail.com,firefighter,12114
12214,Dorice,Madox,Dorice.Madox@yopmail.com,Dorice.Madox@gmail.com,developer,12115
12215,Nyssa,Waite,Nyssa.Waite@yopmail.com,Nyssa.Waite@gmail.com,doctor,12116
12216,Susan,Ahab,Susan.Ahab@yopmail.com,Susan.Ahab@gmail.com,worker,12117
12217,Minda,Morgun,Minda.Morgun@yopmail.com,Minda.Morgun@gmail.com,developer,12118
12218,Estell,Kathie,Estell.Kathie@yopmail.com,Estell.Kathie@gmail.com,worker,12119
12219,Starla,Suk,Starla.Suk@yopmail.com,Starla.Suk@gmail.com,developer,12120
12220,Thalia,Felizio,Thalia.Felizio@yopmail.com,Thalia.Felizio@gmail.com,worker,12121
12221,Carilyn,Vilma,Carilyn.Vilma@yopmail.com,Carilyn.Vilma@gmail.com,doctor,12122
12222,Konstance,Ulphia,Konstance.Ulphia@yopmail.com,Konstance.Ulphia@gmail.com,firefighter,12123
12223,Karolina,Hirsch,Karolina.Hirsch@yopmail.com,Karolina.Hirsch@gmail.com,doctor,12124
12224,Kerrin,Buffum,Kerrin.Buffum@yopmail.com,Kerrin.Buffum@gmail.com,doctor,12125
12225,Mathilda,Oster,Mathilda.Oster@yopmail.com,Mathilda.Oster@gmail.com,developer,12126
12226,Averyl,Gerge,Averyl.Gerge@yopmail.com,Averyl.Gerge@gmail.com,doctor,12127
12227,Tybie,Durante,Tybie.Durante@yopmail.com,Tybie.Durante@gmail.com,developer,12128
12228,Daphne,Marden,Daphne.Marden@yopmail.com,Daphne.Marden@gmail.com,developer,12129
12229,Vita,Amadas,Vita.Amadas@yopmail.com,Vita.Amadas@gmail.com,police officer,12130
12230,Jolyn,Agle,Jolyn.Agle@yopmail.com,Jolyn.Agle@gmail.com,developer,12131
12231,Pierette,Mauer,Pierette.Mauer@yopmail.com,Pierette.Mauer@gmail.com,worker,12132
12232,Joceline,Delacourt,Joceline.Delacourt@yopmail.com,Joceline.Delacourt@gmail.com,firefighter,12133
12233,Hettie,Dearborn,Hettie.Dearborn@yopmail.com,Hettie.Dearborn@gmail.com,doctor,12134
12234,Di,Marden,Di.Marden@yopmail.com,Di.Marden@gmail.com,police officer,12135
12235,Corene,Wildermuth,Corene.Wildermuth@yopmail.com,Corene.Wildermuth@gmail.com,developer,12136
12236,Corene,Virgin,Corene.Virgin@yopmail.com,Corene.Virgin@gmail.com,police officer,12137
12237,Maridel,Scammon,Maridel.Scammon@yopmail.com,Maridel.Scammon@gmail.com,firefighter,12138
12238,Concettina,Tristram,Concettina.Tristram@yopmail.com,Concettina.Tristram@gmail.com,police officer,12139
12239,Cristabel,Ricarda,Cristabel.Ricarda@yopmail.com,Cristabel.Ricarda@gmail.com,police officer,12140
12240,Charissa,Warthman,Charissa.Warthman@yopmail.com,Charissa.Warthman@gmail.com,developer,12141
12241,Frieda,Voletta,Frieda.Voletta@yopmail.com,Frieda.Voletta@gmail.com,firefighter,12142
12242,Allyce,Redmond,Allyce.Redmond@yopmail.com,Allyce.Redmond@gmail.com,police officer,12143
12243,Vonny,Mata,Vonny.Mata@yopmail.com,Vonny.Mata@gmail.com,firefighter,12144
12244,Anica,Gamaliel,Anica.Gamaliel@yopmail.com,Anica.Gamaliel@gmail.com,worker,12145
12245,Fredericka,Klemperer,Fredericka.Klemperer@yopmail.com,Fredericka.Klemperer@gmail.com,doctor,12146
12246,Meghann,Germann,Meghann.Germann@yopmail.com,Meghann.Germann@gmail.com,developer,12147
12247,Alejandra,Bartlett,Alejandra.Bartlett@yopmail.com,Alejandra.Bartlett@gmail.com,worker,12148
12248,Carly,Herrera,Carly.Herrera@yopmail.com,Carly.Herrera@gmail.com,doctor,12149
12249,Libbie,Anastatius,Libbie.Anastatius@yopmail.com,Libbie.Anastatius@gmail.com,police officer,12150
12250,Ivett,Brenn,Ivett.Brenn@yopmail.com,Ivett.Brenn@gmail.com,worker,12151
12251,Damaris,Nester,Damaris.Nester@yopmail.com,Damaris.Nester@gmail.com,firefighter,12152
12252,Daune,Firmin,Daune.Firmin@yopmail.com,Daune.Firmin@gmail.com,firefighter,12153
12253,Nannie,Albertine,Nannie.Albertine@yopmail.com,Nannie.Albertine@gmail.com,firefighter,12154
12254,Trudie,Jalbert,Trudie.Jalbert@yopmail.com,Trudie.Jalbert@gmail.com,police officer,12155
12255,Lynde,Maxi,Lynde.Maxi@yopmail.com,Lynde.Maxi@gmail.com,worker,12156
12256,Ermengarde,Oster,Ermengarde.Oster@yopmail.com,Ermengarde.Oster@gmail.com,doctor,12157
12257,Pearline,Diogenes,Pearline.Diogenes@yopmail.com,Pearline.Diogenes@gmail.com,police officer,12158
12258,Nessie,Raul,Nessie.Raul@yopmail.com,Nessie.Raul@gmail.com,firefighter,12159
12259,Giustina,Dreda,Giustina.Dreda@yopmail.com,Giustina.Dreda@gmail.com,firefighter,12160
12260,Averyl,Pip,Averyl.Pip@yopmail.com,Averyl.Pip@gmail.com,firefighter,12161
12261,Robinia,Edee,Robinia.Edee@yopmail.com,Robinia.Edee@gmail.com,worker,12162
12262,Nannie,Nerita,Nannie.Nerita@yopmail.com,Nannie.Nerita@gmail.com,doctor,12163
12263,Alexine,Johanna,Alexine.Johanna@yopmail.com,Alexine.Johanna@gmail.com,firefighter,12164
12264,Ilse,Marcellus,Ilse.Marcellus@yopmail.com,Ilse.Marcellus@gmail.com,developer,12165
12265,Lynnea,Joli,Lynnea.Joli@yopmail.com,Lynnea.Joli@gmail.com,firefighter,12166
12266,Edyth,Joeann,Edyth.Joeann@yopmail.com,Edyth.Joeann@gmail.com,firefighter,12167
12267,Celestyna,Sancho,Celestyna.Sancho@yopmail.com,Celestyna.Sancho@gmail.com,firefighter,12168
12268,Paule,Rosemary,Paule.Rosemary@yopmail.com,Paule.Rosemary@gmail.com,worker,12169
12269,Jany,Hull,Jany.Hull@yopmail.com,Jany.Hull@gmail.com,police officer,12170
12270,Rosanne,Gwenore,Rosanne.Gwenore@yopmail.com,Rosanne.Gwenore@gmail.com,police officer,12171
12271,Odessa,Cath,Odessa.Cath@yopmail.com,Odessa.Cath@gmail.com,firefighter,12172
12272,Chrystel,Justinn,Chrystel.Justinn@yopmail.com,Chrystel.Justinn@gmail.com,doctor,12173
12273,Iseabal,Rolf,Iseabal.Rolf@yopmail.com,Iseabal.Rolf@gmail.com,worker,12174
12274,Althea,Peti,Althea.Peti@yopmail.com,Althea.Peti@gmail.com,developer,12175
12275,Averyl,Belldas,Averyl.Belldas@yopmail.com,Averyl.Belldas@gmail.com,developer,12176
12276,Brandise,Loring,Brandise.Loring@yopmail.com,Brandise.Loring@gmail.com,worker,12177
12277,Paule,Vastah,Paule.Vastah@yopmail.com,Paule.Vastah@gmail.com,developer,12178
12278,Maryellen,Roche,Maryellen.Roche@yopmail.com,Maryellen.Roche@gmail.com,firefighter,12179
12279,Corry,Heisel,Corry.Heisel@yopmail.com,Corry.Heisel@gmail.com,doctor,12180
12280,Chickie,Lipson,Chickie.Lipson@yopmail.com,Chickie.Lipson@gmail.com,developer,12181
12281,Alexine,Arne,Alexine.Arne@yopmail.com,Alexine.Arne@gmail.com,worker,12182
12282,Hermione,Emerson,Hermione.Emerson@yopmail.com,Hermione.Emerson@gmail.com,doctor,12183
12283,Ethel,Haldas,Ethel.Haldas@yopmail.com,Ethel.Haldas@gmail.com,firefighter,12184
12284,Codie,Kussell,Codie.Kussell@yopmail.com,Codie.Kussell@gmail.com,doctor,12185
12285,Modestia,Jeanne,Modestia.Jeanne@yopmail.com,Modestia.Jeanne@gmail.com,doctor,12186
12286,Imojean,Edee,Imojean.Edee@yopmail.com,Imojean.Edee@gmail.com,firefighter,12187
12287,Myriam,Leonard,Myriam.Leonard@yopmail.com,Myriam.Leonard@gmail.com,worker,12188
12288,Vevay,Gaspard,Vevay.Gaspard@yopmail.com,Vevay.Gaspard@gmail.com,firefighter,12189
12289,Sherrie,Joni,Sherrie.Joni@yopmail.com,Sherrie.Joni@gmail.com,worker,12190
12290,Caressa,Caitlin,Caressa.Caitlin@yopmail.com,Caressa.Caitlin@gmail.com,firefighter,12191
12291,Aryn,Velick,Aryn.Velick@yopmail.com,Aryn.Velick@gmail.com,doctor,12192
12292,Peri,Rosemary,Peri.Rosemary@yopmail.com,Peri.Rosemary@gmail.com,doctor,12193
12293,Camile,Sisile,Camile.Sisile@yopmail.com,Camile.Sisile@gmail.com,police officer,12194
12294,Danny,Ricarda,Danny.Ricarda@yopmail.com,Danny.Ricarda@gmail.com,police officer,12195
12295,Nicoli,Stilwell,Nicoli.Stilwell@yopmail.com,Nicoli.Stilwell@gmail.com,police officer,12196
12296,Romona,Florina,Romona.Florina@yopmail.com,Romona.Florina@gmail.com,developer,12197
12297,Helsa,Dichy,Helsa.Dichy@yopmail.com,Helsa.Dichy@gmail.com,worker,12198
12298,Layla,Sinegold,Layla.Sinegold@yopmail.com,Layla.Sinegold@gmail.com,developer,12199
12299,Aimil,Alva,Aimil.Alva@yopmail.com,Aimil.Alva@gmail.com,doctor,12200
12300,Xylina,Campball,Xylina.Campball@yopmail.com,Xylina.Campball@gmail.com,firefighter,12201
12301,Cyndie,Sandye,Cyndie.Sandye@yopmail.com,Cyndie.Sandye@gmail.com,developer,12202
12302,Rubie,Cecile,Rubie.Cecile@yopmail.com,Rubie.Cecile@gmail.com,police officer,12203
12303,Shel,Vacuva,Shel.Vacuva@yopmail.com,Shel.Vacuva@gmail.com,firefighter,12204
12304,Morganica,Dosia,Morganica.Dosia@yopmail.com,Morganica.Dosia@gmail.com,worker,12205
12305,Eolanda,Kalinda,Eolanda.Kalinda@yopmail.com,Eolanda.Kalinda@gmail.com,developer,12206
12306,Anestassia,Jethro,Anestassia.Jethro@yopmail.com,Anestassia.Jethro@gmail.com,police officer,12207
12307,Fred,Rheingold,Fred.Rheingold@yopmail.com,Fred.Rheingold@gmail.com,firefighter,12208
12308,Calla,Dash,Calla.Dash@yopmail.com,Calla.Dash@gmail.com,developer,12209
12309,Ricky,Rese,Ricky.Rese@yopmail.com,Ricky.Rese@gmail.com,police officer,12210
12310,Nelle,Chrystel,Nelle.Chrystel@yopmail.com,Nelle.Chrystel@gmail.com,police officer,12211
12311,Claudina,Hachmin,Claudina.Hachmin@yopmail.com,Claudina.Hachmin@gmail.com,firefighter,12212
12312,Stephanie,Jammal,Stephanie.Jammal@yopmail.com,Stephanie.Jammal@gmail.com,police officer,12213
12313,Elfreda,Santoro,Elfreda.Santoro@yopmail.com,Elfreda.Santoro@gmail.com,firefighter,12214
12314,Althea,Leler,Althea.Leler@yopmail.com,Althea.Leler@gmail.com,worker,12215
12315,Sadie,Yusuk,Sadie.Yusuk@yopmail.com,Sadie.Yusuk@gmail.com,doctor,12216
12316,Gerianna,Dosia,Gerianna.Dosia@yopmail.com,Gerianna.Dosia@gmail.com,worker,12217
12317,Jolyn,Elvyn,Jolyn.Elvyn@yopmail.com,Jolyn.Elvyn@gmail.com,developer,12218
12318,Ursulina,Mich,Ursulina.Mich@yopmail.com,Ursulina.Mich@gmail.com,doctor,12219
12319,Ardeen,Moina,Ardeen.Moina@yopmail.com,Ardeen.Moina@gmail.com,worker,12220
12320,Philis,Rolf,Philis.Rolf@yopmail.com,Philis.Rolf@gmail.com,worker,12221
12321,Elbertina,Weinreb,Elbertina.Weinreb@yopmail.com,Elbertina.Weinreb@gmail.com,developer,12222
12322,Joane,Kunin,Joane.Kunin@yopmail.com,Joane.Kunin@gmail.com,developer,12223
12323,Maryellen,Morehouse,Maryellen.Morehouse@yopmail.com,Maryellen.Morehouse@gmail.com,worker,12224
12324,Lynea,Marijo,Lynea.Marijo@yopmail.com,Lynea.Marijo@gmail.com,doctor,12225
12325,Carilyn,Suk,Carilyn.Suk@yopmail.com,Carilyn.Suk@gmail.com,firefighter,12226
12326,Codie,Haymes,Codie.Haymes@yopmail.com,Codie.Haymes@gmail.com,firefighter,12227
12327,Sharai,Carleen,Sharai.Carleen@yopmail.com,Sharai.Carleen@gmail.com,firefighter,12228
12328,Angela,Jethro,Angela.Jethro@yopmail.com,Angela.Jethro@gmail.com,doctor,12229
12329,Nannie,Jarib,Nannie.Jarib@yopmail.com,Nannie.Jarib@gmail.com,developer,12230
12330,Tybie,Ioab,Tybie.Ioab@yopmail.com,Tybie.Ioab@gmail.com,developer,12231
12331,Lauryn,Nickola,Lauryn.Nickola@yopmail.com,Lauryn.Nickola@gmail.com,doctor,12232
12332,Basia,Cyrie,Basia.Cyrie@yopmail.com,Basia.Cyrie@gmail.com,developer,12233
12333,Rochette,Saree,Rochette.Saree@yopmail.com,Rochette.Saree@gmail.com,firefighter,12234
12334,Valeda,Lorenz,Valeda.Lorenz@yopmail.com,Valeda.Lorenz@gmail.com,developer,12235
12335,Janeczka,Lareena,Janeczka.Lareena@yopmail.com,Janeczka.Lareena@gmail.com,doctor,12236
12336,Bernie,Baudin,Bernie.Baudin@yopmail.com,Bernie.Baudin@gmail.com,firefighter,12237
12337,Charmaine,Kesley,Charmaine.Kesley@yopmail.com,Charmaine.Kesley@gmail.com,doctor,12238
12338,Heida,Mike,Heida.Mike@yopmail.com,Heida.Mike@gmail.com,developer,12239
12339,Mignon,Alva,Mignon.Alva@yopmail.com,Mignon.Alva@gmail.com,police officer,12240
12340,Sherrie,Abbot,Sherrie.Abbot@yopmail.com,Sherrie.Abbot@gmail.com,worker,12241
12341,Tami,Kenwood,Tami.Kenwood@yopmail.com,Tami.Kenwood@gmail.com,worker,12242
12342,Jerry,Timon,Jerry.Timon@yopmail.com,Jerry.Timon@gmail.com,developer,12243
12343,Marline,Dex,Marline.Dex@yopmail.com,Marline.Dex@gmail.com,doctor,12244
12344,Blake,Ax,Blake.Ax@yopmail.com,Blake.Ax@gmail.com,firefighter,12245
12345,Aurelie,Donell,Aurelie.Donell@yopmail.com,Aurelie.Donell@gmail.com,worker,12246
12346,Brana,Doig,Brana.Doig@yopmail.com,Brana.Doig@gmail.com,worker,12247
12347,Fred,Dorcy,Fred.Dorcy@yopmail.com,Fred.Dorcy@gmail.com,doctor,12248
12348,Averyl,Jobi,Averyl.Jobi@yopmail.com,Averyl.Jobi@gmail.com,firefighter,12249
12349,Keelia,Rugen,Keelia.Rugen@yopmail.com,Keelia.Rugen@gmail.com,firefighter,12250
12350,Wynne,Kaja,Wynne.Kaja@yopmail.com,Wynne.Kaja@gmail.com,police officer,12251
12351,Chandra,Karna,Chandra.Karna@yopmail.com,Chandra.Karna@gmail.com,developer,12252
12352,Aryn,Gamaliel,Aryn.Gamaliel@yopmail.com,Aryn.Gamaliel@gmail.com,developer,12253
12353,Annora,Wu,Annora.Wu@yopmail.com,Annora.Wu@gmail.com,developer,12254
12354,Raquela,Firmin,Raquela.Firmin@yopmail.com,Raquela.Firmin@gmail.com,police officer,12255
12355,Nessie,Stav,Nessie.Stav@yopmail.com,Nessie.Stav@gmail.com,developer,12256
12356,Regina,Travax,Regina.Travax@yopmail.com,Regina.Travax@gmail.com,developer,12257
12357,Kimmy,Richers,Kimmy.Richers@yopmail.com,Kimmy.Richers@gmail.com,doctor,12258
12358,Claresta,Arquit,Claresta.Arquit@yopmail.com,Claresta.Arquit@gmail.com,worker,12259
12359,Jacenta,Irmine,Jacenta.Irmine@yopmail.com,Jacenta.Irmine@gmail.com,firefighter,12260
12360,Cherilyn,Eiser,Cherilyn.Eiser@yopmail.com,Cherilyn.Eiser@gmail.com,firefighter,12261
12361,Karlee,Heisel,Karlee.Heisel@yopmail.com,Karlee.Heisel@gmail.com,doctor,12262
12362,Marika,Guthrie,Marika.Guthrie@yopmail.com,Marika.Guthrie@gmail.com,firefighter,12263
12363,Liana,Sundin,Liana.Sundin@yopmail.com,Liana.Sundin@gmail.com,doctor,12264
12364,Carmencita,Karl,Carmencita.Karl@yopmail.com,Carmencita.Karl@gmail.com,worker,12265
12365,Orelia,Constancy,Orelia.Constancy@yopmail.com,Orelia.Constancy@gmail.com,developer,12266
12366,Ardenia,My,Ardenia.My@yopmail.com,Ardenia.My@gmail.com,developer,12267
12367,Marsiella,Maisey,Marsiella.Maisey@yopmail.com,Marsiella.Maisey@gmail.com,doctor,12268
12368,Dawn,Durante,Dawn.Durante@yopmail.com,Dawn.Durante@gmail.com,doctor,12269
12369,Kimmy,Tippets,Kimmy.Tippets@yopmail.com,Kimmy.Tippets@gmail.com,developer,12270
12370,Randa,Fairweather,Randa.Fairweather@yopmail.com,Randa.Fairweather@gmail.com,police officer,12271
12371,Marjie,Sisile,Marjie.Sisile@yopmail.com,Marjie.Sisile@gmail.com,firefighter,12272
12372,Marleah,Odysseus,Marleah.Odysseus@yopmail.com,Marleah.Odysseus@gmail.com,worker,12273
12373,Tersina,Kimmie,Tersina.Kimmie@yopmail.com,Tersina.Kimmie@gmail.com,police officer,12274
12374,Correy,Elvyn,Correy.Elvyn@yopmail.com,Correy.Elvyn@gmail.com,doctor,12275
12375,Meg,Zina,Meg.Zina@yopmail.com,Meg.Zina@gmail.com,doctor,12276
12376,Florencia,Cath,Florencia.Cath@yopmail.com,Florencia.Cath@gmail.com,police officer,12277
12377,Jeanna,Blase,Jeanna.Blase@yopmail.com,Jeanna.Blase@gmail.com,doctor,12278
12378,Jinny,Ramona,Jinny.Ramona@yopmail.com,Jinny.Ramona@gmail.com,police officer,12279
12379,Corina,Philoo,Corina.Philoo@yopmail.com,Corina.Philoo@gmail.com,worker,12280
12380,Mady,Aldric,Mady.Aldric@yopmail.com,Mady.Aldric@gmail.com,developer,12281
12381,Kellen,Poppy,Kellen.Poppy@yopmail.com,Kellen.Poppy@gmail.com,police officer,12282
12382,Aili,Scammon,Aili.Scammon@yopmail.com,Aili.Scammon@gmail.com,worker,12283
12383,Adore,Noam,Adore.Noam@yopmail.com,Adore.Noam@gmail.com,firefighter,12284
12384,Reeba,Hartnett,Reeba.Hartnett@yopmail.com,Reeba.Hartnett@gmail.com,police officer,12285
12385,Glynnis,Bouchard,Glynnis.Bouchard@yopmail.com,Glynnis.Bouchard@gmail.com,doctor,12286
12386,Ottilie,Paine,Ottilie.Paine@yopmail.com,Ottilie.Paine@gmail.com,doctor,12287
12387,Carmela,Rodmann,Carmela.Rodmann@yopmail.com,Carmela.Rodmann@gmail.com,developer,12288
12388,Ruthe,Serilda,Ruthe.Serilda@yopmail.com,Ruthe.Serilda@gmail.com,developer,12289
12389,Dyann,Eben,Dyann.Eben@yopmail.com,Dyann.Eben@gmail.com,doctor,12290
12390,Giustina,Wandie,Giustina.Wandie@yopmail.com,Giustina.Wandie@gmail.com,developer,12291
12391,Frank,Maurine,Frank.Maurine@yopmail.com,Frank.Maurine@gmail.com,developer,12292
12392,Mary,Beniamino,Mary.Beniamino@yopmail.com,Mary.Beniamino@gmail.com,doctor,12293
12393,Cassondra,Loleta,Cassondra.Loleta@yopmail.com,Cassondra.Loleta@gmail.com,developer,12294
12394,Felice,Munn,Felice.Munn@yopmail.com,Felice.Munn@gmail.com,firefighter,12295
12395,Cecile,Tyson,Cecile.Tyson@yopmail.com,Cecile.Tyson@gmail.com,police officer,12296
12396,Jorry,Tyson,Jorry.Tyson@yopmail.com,Jorry.Tyson@gmail.com,firefighter,12297
12397,Cherilyn,Campball,Cherilyn.Campball@yopmail.com,Cherilyn.Campball@gmail.com,worker,12298
12398,Dennie,Jarib,Dennie.Jarib@yopmail.com,Dennie.Jarib@gmail.com,developer,12299
12399,Hildegaard,Terrence,Hildegaard.Terrence@yopmail.com,Hildegaard.Terrence@gmail.com,worker,12300
12400,Elmira,Center,Elmira.Center@yopmail.com,Elmira.Center@gmail.com,police officer,12301
12401,Lacie,Bertold,Lacie.Bertold@yopmail.com,Lacie.Bertold@gmail.com,firefighter,12302
12402,Hayley,Haerr,Hayley.Haerr@yopmail.com,Hayley.Haerr@gmail.com,developer,12303
12403,Silvana,Khorma,Silvana.Khorma@yopmail.com,Silvana.Khorma@gmail.com,developer,12304
12404,Randa,Bergman,Randa.Bergman@yopmail.com,Randa.Bergman@gmail.com,developer,12305
12405,Mara,Stacy,Mara.Stacy@yopmail.com,Mara.Stacy@gmail.com,firefighter,12306
12406,Chrystel,Moina,Chrystel.Moina@yopmail.com,Chrystel.Moina@gmail.com,developer,12307
12407,Vanessa,Lewes,Vanessa.Lewes@yopmail.com,Vanessa.Lewes@gmail.com,worker,12308
12408,Lory,Myrilla,Lory.Myrilla@yopmail.com,Lory.Myrilla@gmail.com,worker,12309
12409,Judy,Lowry,Judy.Lowry@yopmail.com,Judy.Lowry@gmail.com,firefighter,12310
12410,Darci,Wareing,Darci.Wareing@yopmail.com,Darci.Wareing@gmail.com,police officer,12311
12411,Mady,Bartlett,Mady.Bartlett@yopmail.com,Mady.Bartlett@gmail.com,worker,12312
12412,Kathy,Payson,Kathy.Payson@yopmail.com,Kathy.Payson@gmail.com,developer,12313
12413,Chrystel,Standing,Chrystel.Standing@yopmail.com,Chrystel.Standing@gmail.com,developer,12314
12414,Janis,Seumas,Janis.Seumas@yopmail.com,Janis.Seumas@gmail.com,police officer,12315
12415,Delilah,Jenness,Delilah.Jenness@yopmail.com,Delilah.Jenness@gmail.com,police officer,12316
12416,Konstance,Ralfston,Konstance.Ralfston@yopmail.com,Konstance.Ralfston@gmail.com,developer,12317
12417,Xylina,Ummersen,Xylina.Ummersen@yopmail.com,Xylina.Ummersen@gmail.com,doctor,12318
12418,Reeba,Laverne,Reeba.Laverne@yopmail.com,Reeba.Laverne@gmail.com,worker,12319
12419,Basia,Weinreb,Basia.Weinreb@yopmail.com,Basia.Weinreb@gmail.com,doctor,12320
12420,Fredericka,Arathorn,Fredericka.Arathorn@yopmail.com,Fredericka.Arathorn@gmail.com,police officer,12321
12421,Annaliese,Vacuva,Annaliese.Vacuva@yopmail.com,Annaliese.Vacuva@gmail.com,worker,12322
12422,Nonnah,Connelly,Nonnah.Connelly@yopmail.com,Nonnah.Connelly@gmail.com,worker,12323
12423,Berta,Stevy,Berta.Stevy@yopmail.com,Berta.Stevy@gmail.com,developer,12324
12424,Candi,Cavan,Candi.Cavan@yopmail.com,Candi.Cavan@gmail.com,firefighter,12325
12425,Myrtice,Saunderson,Myrtice.Saunderson@yopmail.com,Myrtice.Saunderson@gmail.com,developer,12326
12426,Christy,Holbrook,Christy.Holbrook@yopmail.com,Christy.Holbrook@gmail.com,firefighter,12327
12427,Donnie,Selway,Donnie.Selway@yopmail.com,Donnie.Selway@gmail.com,worker,12328
12428,Di,Thomasina,Di.Thomasina@yopmail.com,Di.Thomasina@gmail.com,developer,12329
12429,Devina,Virgin,Devina.Virgin@yopmail.com,Devina.Virgin@gmail.com,worker,12330
12430,Minda,Erminia,Minda.Erminia@yopmail.com,Minda.Erminia@gmail.com,firefighter,12331
12431,Pearline,Darbie,Pearline.Darbie@yopmail.com,Pearline.Darbie@gmail.com,doctor,12332
12432,Julieta,Xerxes,Julieta.Xerxes@yopmail.com,Julieta.Xerxes@gmail.com,doctor,12333
12433,Bobbi,Havens,Bobbi.Havens@yopmail.com,Bobbi.Havens@gmail.com,police officer,12334
12434,Nanete,Sholley,Nanete.Sholley@yopmail.com,Nanete.Sholley@gmail.com,worker,12335
12435,Leanna,Hathaway,Leanna.Hathaway@yopmail.com,Leanna.Hathaway@gmail.com,worker,12336
12436,Blake,Desai,Blake.Desai@yopmail.com,Blake.Desai@gmail.com,doctor,12337
12437,Tani,Daveta,Tani.Daveta@yopmail.com,Tani.Daveta@gmail.com,police officer,12338
12438,Loree,Berl,Loree.Berl@yopmail.com,Loree.Berl@gmail.com,firefighter,12339
12439,Cyb,Jotham,Cyb.Jotham@yopmail.com,Cyb.Jotham@gmail.com,worker,12340
12440,Cordi,Abernon,Cordi.Abernon@yopmail.com,Cordi.Abernon@gmail.com,developer,12341
12441,Arabel,Weide,Arabel.Weide@yopmail.com,Arabel.Weide@gmail.com,worker,12342
12442,Ariela,Persse,Ariela.Persse@yopmail.com,Ariela.Persse@gmail.com,developer,12343
12443,Mariann,Weaks,Mariann.Weaks@yopmail.com,Mariann.Weaks@gmail.com,firefighter,12344
12444,Sadie,Alexandr,Sadie.Alexandr@yopmail.com,Sadie.Alexandr@gmail.com,developer,12345
12445,Nariko,Dimitris,Nariko.Dimitris@yopmail.com,Nariko.Dimitris@gmail.com,doctor,12346
12446,Donetta,Uird,Donetta.Uird@yopmail.com,Donetta.Uird@gmail.com,developer,12347
12447,Carlie,Chobot,Carlie.Chobot@yopmail.com,Carlie.Chobot@gmail.com,doctor,12348
12448,Demetris,Mendez,Demetris.Mendez@yopmail.com,Demetris.Mendez@gmail.com,police officer,12349
12449,Norine,Bohlin,Norine.Bohlin@yopmail.com,Norine.Bohlin@gmail.com,worker,12350
12450,Jere,Cavan,Jere.Cavan@yopmail.com,Jere.Cavan@gmail.com,developer,12351
12451,Ezmeralda,Michella,Ezmeralda.Michella@yopmail.com,Ezmeralda.Michella@gmail.com,doctor,12352
12452,Ardenia,Jary,Ardenia.Jary@yopmail.com,Ardenia.Jary@gmail.com,police officer,12353
12453,Sara-Ann,Drus,Sara-Ann.Drus@yopmail.com,Sara-Ann.Drus@gmail.com,firefighter,12354
12454,Corene,Ries,Corene.Ries@yopmail.com,Corene.Ries@gmail.com,police officer,12355
12455,Chickie,Hylan,Chickie.Hylan@yopmail.com,Chickie.Hylan@gmail.com,worker,12356
12456,Ellette,Alrich,Ellette.Alrich@yopmail.com,Ellette.Alrich@gmail.com,police officer,12357
12457,Gusty,Joachim,Gusty.Joachim@yopmail.com,Gusty.Joachim@gmail.com,police officer,12358
12458,Cindelyn,Bluh,Cindelyn.Bluh@yopmail.com,Cindelyn.Bluh@gmail.com,police officer,12359
12459,Adore,Eliathas,Adore.Eliathas@yopmail.com,Adore.Eliathas@gmail.com,worker,12360
12460,Audrie,Lacombe,Audrie.Lacombe@yopmail.com,Audrie.Lacombe@gmail.com,developer,12361
12461,Rubie,Dalli,Rubie.Dalli@yopmail.com,Rubie.Dalli@gmail.com,firefighter,12362
12462,Anallese,Rad,Anallese.Rad@yopmail.com,Anallese.Rad@gmail.com,worker,12363
12463,Ottilie,Schwejda,Ottilie.Schwejda@yopmail.com,Ottilie.Schwejda@gmail.com,firefighter,12364
12464,Tamqrah,Estella,Tamqrah.Estella@yopmail.com,Tamqrah.Estella@gmail.com,police officer,12365
12465,Kore,Corilla,Kore.Corilla@yopmail.com,Kore.Corilla@gmail.com,developer,12366
12466,Bobbi,Munn,Bobbi.Munn@yopmail.com,Bobbi.Munn@gmail.com,police officer,12367
12467,Dorothy,Afton,Dorothy.Afton@yopmail.com,Dorothy.Afton@gmail.com,developer,12368
12468,Marylou,Pauly,Marylou.Pauly@yopmail.com,Marylou.Pauly@gmail.com,doctor,12369
12469,Elka,Freddi,Elka.Freddi@yopmail.com,Elka.Freddi@gmail.com,developer,12370
12470,Christian,Lynn,Christian.Lynn@yopmail.com,Christian.Lynn@gmail.com,developer,12371
12471,Molli,Cressida,Molli.Cressida@yopmail.com,Molli.Cressida@gmail.com,worker,12372
12472,Eadie,Chaing,Eadie.Chaing@yopmail.com,Eadie.Chaing@gmail.com,firefighter,12373
12473,Tierney,Cressida,Tierney.Cressida@yopmail.com,Tierney.Cressida@gmail.com,developer,12374
12474,Constance,Eliathas,Constance.Eliathas@yopmail.com,Constance.Eliathas@gmail.com,police officer,12375
12475,Mamie,Alarise,Mamie.Alarise@yopmail.com,Mamie.Alarise@gmail.com,doctor,12376
12476,Laurene,Hermes,Laurene.Hermes@yopmail.com,Laurene.Hermes@gmail.com,worker,12377
12477,Marika,Woodberry,Marika.Woodberry@yopmail.com,Marika.Woodberry@gmail.com,doctor,12378
12478,Eve,Karylin,Eve.Karylin@yopmail.com,Eve.Karylin@gmail.com,firefighter,12379
12479,Rosaline,Zetta,Rosaline.Zetta@yopmail.com,Rosaline.Zetta@gmail.com,firefighter,12380
12480,Elsie,Curren,Elsie.Curren@yopmail.com,Elsie.Curren@gmail.com,developer,12381
12481,Tori,Pattin,Tori.Pattin@yopmail.com,Tori.Pattin@gmail.com,firefighter,12382
12482,Chandra,Kannry,Chandra.Kannry@yopmail.com,Chandra.Kannry@gmail.com,worker,12383
12483,Benita,Neils,Benita.Neils@yopmail.com,Benita.Neils@gmail.com,doctor,12384
12484,Kathi,Sholley,Kathi.Sholley@yopmail.com,Kathi.Sholley@gmail.com,firefighter,12385
12485,Melodie,Lauraine,Melodie.Lauraine@yopmail.com,Melodie.Lauraine@gmail.com,developer,12386
12486,Shannah,Cosenza,Shannah.Cosenza@yopmail.com,Shannah.Cosenza@gmail.com,developer,12387
12487,Wanda,Anastatius,Wanda.Anastatius@yopmail.com,Wanda.Anastatius@gmail.com,firefighter,12388
12488,Deloria,Tamar,Deloria.Tamar@yopmail.com,Deloria.Tamar@gmail.com,developer,12389
12489,Meghann,Bonucci,Meghann.Bonucci@yopmail.com,Meghann.Bonucci@gmail.com,doctor,12390
12490,Esmeralda,Borrell,Esmeralda.Borrell@yopmail.com,Esmeralda.Borrell@gmail.com,police officer,12391
12491,Elise,Masao,Elise.Masao@yopmail.com,Elise.Masao@gmail.com,worker,12392
12492,Bobinette,Juan,Bobinette.Juan@yopmail.com,Bobinette.Juan@gmail.com,developer,12393
12493,Pierette,Tarrant,Pierette.Tarrant@yopmail.com,Pierette.Tarrant@gmail.com,doctor,12394
12494,Devina,Urias,Devina.Urias@yopmail.com,Devina.Urias@gmail.com,worker,12395
12495,Kylynn,Center,Kylynn.Center@yopmail.com,Kylynn.Center@gmail.com,developer,12396
12496,Maud,Sancho,Maud.Sancho@yopmail.com,Maud.Sancho@gmail.com,firefighter,12397
12497,Codie,Brunell,Codie.Brunell@yopmail.com,Codie.Brunell@gmail.com,worker,12398
12498,Nicoli,Maisey,Nicoli.Maisey@yopmail.com,Nicoli.Maisey@gmail.com,firefighter,12399
12499,Emilia,Aloise,Emilia.Aloise@yopmail.com,Emilia.Aloise@gmail.com,doctor,12400
12500,Eolanda,Danby,Eolanda.Danby@yopmail.com,Eolanda.Danby@gmail.com,police officer,12401
12501,Josephine,Herrera,Josephine.Herrera@yopmail.com,Josephine.Herrera@gmail.com,developer,12402
12502,Jemie,Libna,Jemie.Libna@yopmail.com,Jemie.Libna@gmail.com,worker,12403
12503,Gretal,Trey,Gretal.Trey@yopmail.com,Gretal.Trey@gmail.com,developer,12404
12504,Delilah,Haerr,Delilah.Haerr@yopmail.com,Delilah.Haerr@gmail.com,police officer,12405
12505,Anica,Reidar,Anica.Reidar@yopmail.com,Anica.Reidar@gmail.com,worker,12406
12506,Damaris,Grosz,Damaris.Grosz@yopmail.com,Damaris.Grosz@gmail.com,firefighter,12407
12507,Janeczka,Sigfrid,Janeczka.Sigfrid@yopmail.com,Janeczka.Sigfrid@gmail.com,developer,12408
12508,Gerrie,Bakerman,Gerrie.Bakerman@yopmail.com,Gerrie.Bakerman@gmail.com,firefighter,12409
12509,Emylee,Roxanna,Emylee.Roxanna@yopmail.com,Emylee.Roxanna@gmail.com,doctor,12410
12510,Corly,Gaal,Corly.Gaal@yopmail.com,Corly.Gaal@gmail.com,firefighter,12411
12511,Konstance,Myrilla,Konstance.Myrilla@yopmail.com,Konstance.Myrilla@gmail.com,doctor,12412
12512,Carmela,Curren,Carmela.Curren@yopmail.com,Carmela.Curren@gmail.com,developer,12413
12513,Rosaline,Sacken,Rosaline.Sacken@yopmail.com,Rosaline.Sacken@gmail.com,developer,12414
12514,Evaleen,Juliet,Evaleen.Juliet@yopmail.com,Evaleen.Juliet@gmail.com,police officer,12415
12515,Kial,Wandie,Kial.Wandie@yopmail.com,Kial.Wandie@gmail.com,developer,12416
12516,Atlanta,Tacye,Atlanta.Tacye@yopmail.com,Atlanta.Tacye@gmail.com,developer,12417
12517,Lynde,Buffum,Lynde.Buffum@yopmail.com,Lynde.Buffum@gmail.com,developer,12418
12518,Nariko,Isidore,Nariko.Isidore@yopmail.com,Nariko.Isidore@gmail.com,developer,12419
12519,Oona,Elsinore,Oona.Elsinore@yopmail.com,Oona.Elsinore@gmail.com,police officer,12420
12520,Winny,Yorick,Winny.Yorick@yopmail.com,Winny.Yorick@gmail.com,police officer,12421
12521,Merry,Nedrud,Merry.Nedrud@yopmail.com,Merry.Nedrud@gmail.com,worker,12422
12522,Agathe,Kathie,Agathe.Kathie@yopmail.com,Agathe.Kathie@gmail.com,doctor,12423
12523,Sheree,Elo,Sheree.Elo@yopmail.com,Sheree.Elo@gmail.com,doctor,12424
12524,Tonia,Cornelia,Tonia.Cornelia@yopmail.com,Tonia.Cornelia@gmail.com,firefighter,12425
12525,Shell,Rad,Shell.Rad@yopmail.com,Shell.Rad@gmail.com,worker,12426
12526,Almeta,Septima,Almeta.Septima@yopmail.com,Almeta.Septima@gmail.com,firefighter,12427
12527,Joane,Urias,Joane.Urias@yopmail.com,Joane.Urias@gmail.com,doctor,12428
12528,Catharine,Nance,Catharine.Nance@yopmail.com,Catharine.Nance@gmail.com,police officer,12429
12529,Dacia,Vanni,Dacia.Vanni@yopmail.com,Dacia.Vanni@gmail.com,doctor,12430
12530,Marcelline,Mayeda,Marcelline.Mayeda@yopmail.com,Marcelline.Mayeda@gmail.com,police officer,12431
12531,Ulrike,Parsaye,Ulrike.Parsaye@yopmail.com,Ulrike.Parsaye@gmail.com,doctor,12432
12532,Oralee,Medrek,Oralee.Medrek@yopmail.com,Oralee.Medrek@gmail.com,worker,12433
12533,Violet,Bach,Violet.Bach@yopmail.com,Violet.Bach@gmail.com,firefighter,12434
12534,Lauryn,Wesle,Lauryn.Wesle@yopmail.com,Lauryn.Wesle@gmail.com,developer,12435
12535,Allyce,Shanley,Allyce.Shanley@yopmail.com,Allyce.Shanley@gmail.com,worker,12436
12536,Chastity,Mathilde,Chastity.Mathilde@yopmail.com,Chastity.Mathilde@gmail.com,doctor,12437
12537,Beth,Germann,Beth.Germann@yopmail.com,Beth.Germann@gmail.com,doctor,12438
12538,Rebeca,Ciapas,Rebeca.Ciapas@yopmail.com,Rebeca.Ciapas@gmail.com,doctor,12439
12539,Robbi,Hubert,Robbi.Hubert@yopmail.com,Robbi.Hubert@gmail.com,worker,12440
12540,Veda,Kunin,Veda.Kunin@yopmail.com,Veda.Kunin@gmail.com,worker,12441
12541,Christy,Adrienne,Christy.Adrienne@yopmail.com,Christy.Adrienne@gmail.com,doctor,12442
12542,Margarette,Fabiola,Margarette.Fabiola@yopmail.com,Margarette.Fabiola@gmail.com,police officer,12443
12543,Chandra,Faro,Chandra.Faro@yopmail.com,Chandra.Faro@gmail.com,doctor,12444
12544,Jan,Bebe,Jan.Bebe@yopmail.com,Jan.Bebe@gmail.com,developer,12445
12545,Merci,Dash,Merci.Dash@yopmail.com,Merci.Dash@gmail.com,doctor,12446
12546,Barbi,Fitzsimmons,Barbi.Fitzsimmons@yopmail.com,Barbi.Fitzsimmons@gmail.com,police officer,12447
12547,Marline,Schenck,Marline.Schenck@yopmail.com,Marline.Schenck@gmail.com,police officer,12448
12548,Iseabal,Ammann,Iseabal.Ammann@yopmail.com,Iseabal.Ammann@gmail.com,developer,12449
12549,Gwenneth,Dawkins,Gwenneth.Dawkins@yopmail.com,Gwenneth.Dawkins@gmail.com,firefighter,12450
12550,Vanessa,Ranjiv,Vanessa.Ranjiv@yopmail.com,Vanessa.Ranjiv@gmail.com,police officer,12451
12551,Fernande,Gordon,Fernande.Gordon@yopmail.com,Fernande.Gordon@gmail.com,worker,12452
12552,Melanie,Standing,Melanie.Standing@yopmail.com,Melanie.Standing@gmail.com,worker,12453
12553,Kaja,Mehalek,Kaja.Mehalek@yopmail.com,Kaja.Mehalek@gmail.com,police officer,12454
12554,Gretal,Goldina,Gretal.Goldina@yopmail.com,Gretal.Goldina@gmail.com,developer,12455
12555,Tilly,Harriman,Tilly.Harriman@yopmail.com,Tilly.Harriman@gmail.com,police officer,12456
12556,Jenilee,Suanne,Jenilee.Suanne@yopmail.com,Jenilee.Suanne@gmail.com,worker,12457
12557,Rozele,Ramona,Rozele.Ramona@yopmail.com,Rozele.Ramona@gmail.com,worker,12458
12558,Gloria,Dudley,Gloria.Dudley@yopmail.com,Gloria.Dudley@gmail.com,firefighter,12459
12559,Harrietta,Cloris,Harrietta.Cloris@yopmail.com,Harrietta.Cloris@gmail.com,police officer,12460
12560,Ardeen,Sasnett,Ardeen.Sasnett@yopmail.com,Ardeen.Sasnett@gmail.com,developer,12461
12561,Anallese,Pip,Anallese.Pip@yopmail.com,Anallese.Pip@gmail.com,firefighter,12462
12562,Bibby,Marcellus,Bibby.Marcellus@yopmail.com,Bibby.Marcellus@gmail.com,police officer,12463
12563,Paola,Bohlin,Paola.Bohlin@yopmail.com,Paola.Bohlin@gmail.com,developer,12464
12564,Janey,Grimbly,Janey.Grimbly@yopmail.com,Janey.Grimbly@gmail.com,developer,12465
12565,Raina,Meli,Raina.Meli@yopmail.com,Raina.Meli@gmail.com,developer,12466
12566,Olivette,Brenn,Olivette.Brenn@yopmail.com,Olivette.Brenn@gmail.com,doctor,12467
12567,Kathi,Tayib,Kathi.Tayib@yopmail.com,Kathi.Tayib@gmail.com,doctor,12468
12568,Florie,Fosque,Florie.Fosque@yopmail.com,Florie.Fosque@gmail.com,doctor,12469
12569,Elena,Gaulin,Elena.Gaulin@yopmail.com,Elena.Gaulin@gmail.com,firefighter,12470
12570,Marguerite,Wooster,Marguerite.Wooster@yopmail.com,Marguerite.Wooster@gmail.com,doctor,12471
12571,Frieda,Auberbach,Frieda.Auberbach@yopmail.com,Frieda.Auberbach@gmail.com,police officer,12472
12572,Sheree,Alarise,Sheree.Alarise@yopmail.com,Sheree.Alarise@gmail.com,worker,12473
12573,Ilse,Han,Ilse.Han@yopmail.com,Ilse.Han@gmail.com,developer,12474
12574,Hildegaard,Rocray,Hildegaard.Rocray@yopmail.com,Hildegaard.Rocray@gmail.com,worker,12475
12575,Jany,Vary,Jany.Vary@yopmail.com,Jany.Vary@gmail.com,worker,12476
12576,Althea,McLaughlin,Althea.McLaughlin@yopmail.com,Althea.McLaughlin@gmail.com,developer,12477
12577,Noelle,Erskine,Noelle.Erskine@yopmail.com,Noelle.Erskine@gmail.com,developer,12478
12578,Courtnay,Cyrie,Courtnay.Cyrie@yopmail.com,Courtnay.Cyrie@gmail.com,doctor,12479
12579,Etta,Jillane,Etta.Jillane@yopmail.com,Etta.Jillane@gmail.com,developer,12480
12580,Robbi,Callista,Robbi.Callista@yopmail.com,Robbi.Callista@gmail.com,firefighter,12481
12581,Marcelline,Mintz,Marcelline.Mintz@yopmail.com,Marcelline.Mintz@gmail.com,firefighter,12482
12582,Fred,Grosz,Fred.Grosz@yopmail.com,Fred.Grosz@gmail.com,firefighter,12483
12583,Verla,Modie,Verla.Modie@yopmail.com,Verla.Modie@gmail.com,doctor,12484
12584,Julieta,Jorgan,Julieta.Jorgan@yopmail.com,Julieta.Jorgan@gmail.com,worker,12485
12585,Doralynne,Maurine,Doralynne.Maurine@yopmail.com,Doralynne.Maurine@gmail.com,doctor,12486
12586,Elora,Albertine,Elora.Albertine@yopmail.com,Elora.Albertine@gmail.com,developer,12487
12587,Marcelline,Mehalek,Marcelline.Mehalek@yopmail.com,Marcelline.Mehalek@gmail.com,firefighter,12488
12588,Beverley,Colyer,Beverley.Colyer@yopmail.com,Beverley.Colyer@gmail.com,firefighter,12489
12589,Lila,Raychel,Lila.Raychel@yopmail.com,Lila.Raychel@gmail.com,worker,12490
12590,Luci,Ellerey,Luci.Ellerey@yopmail.com,Luci.Ellerey@gmail.com,doctor,12491
12591,Concettina,Redmond,Concettina.Redmond@yopmail.com,Concettina.Redmond@gmail.com,developer,12492
12592,Fanny,Bultman,Fanny.Bultman@yopmail.com,Fanny.Bultman@gmail.com,doctor,12493
12593,Lita,Ummersen,Lita.Ummersen@yopmail.com,Lita.Ummersen@gmail.com,police officer,12494
12594,Carlie,Joni,Carlie.Joni@yopmail.com,Carlie.Joni@gmail.com,firefighter,12495
12595,Daphne,Dudley,Daphne.Dudley@yopmail.com,Daphne.Dudley@gmail.com,developer,12496
12596,Mireielle,Abbot,Mireielle.Abbot@yopmail.com,Mireielle.Abbot@gmail.com,police officer,12497
12597,Marylou,Bobbee,Marylou.Bobbee@yopmail.com,Marylou.Bobbee@gmail.com,worker,12498
12598,Carilyn,Cornelia,Carilyn.Cornelia@yopmail.com,Carilyn.Cornelia@gmail.com,developer,12499
12599,Ofilia,Anselmi,Ofilia.Anselmi@yopmail.com,Ofilia.Anselmi@gmail.com,firefighter,12500
