id,firstname,lastname,email,email2,profession,Field Name
23200,Karlee,Ade,Karlee.Ade@yopmail.com,Karlee.Ade@gmail.com,police officer,23101
23201,Sashenka,Euridice,Sashenka.Euridice@yopmail.com,Sashenka.Euridice@gmail.com,developer,23102
23202,Basia,Konyn,Basia.Konyn@yopmail.com,Basia.Konyn@gmail.com,doctor,23103
23203,Belva,Kenney,Belva.Kenney@yopmail.com,Belva.Kenney@gmail.com,firefighter,23104
23204,Wynne,Pettiford,Wynne.Pettiford@yopmail.com,Wynne.Pettiford@gmail.com,worker,23105
23205,Bernie,Nore,Bernie.Nore@yopmail.com,Bernie.Nore@gmail.com,worker,23106
23206,Helena,Alisia,Helena.Alisia@yopmail.com,Helena.Alisia@gmail.com,worker,23107
23207,Ardenia,Kendrick,Ardenia.Kendrick@yopmail.com,Ardenia.Kendrick@gmail.com,firefighter,23108
23208,Amii,Vilma,Amii.Vilma@yopmail.com,Amii.Vilma@gmail.com,developer,23109
23209,Chere,Sandye,Chere.Sandye@yopmail.com,Chere.Sandye@gmail.com,worker,23110
23210,Helsa,Knowling,Helsa.Knowling@yopmail.com,Helsa.Knowling@gmail.com,police officer,23111
23211,Carol-Jean,Kamaria,Carol-Jean.Kamaria@yopmail.com,Carol-Jean.Kamaria@gmail.com,developer,23112
23212,Joeann,Dominy,Joeann.Dominy@yopmail.com,Joeann.Dominy@gmail.com,doctor,23113
23213,Donnie,Hutchison,Donnie.Hutchison@yopmail.com,Donnie.Hutchison@gmail.com,worker,23114
23214,Nikki,Anyah,Nikki.Anyah@yopmail.com,Nikki.Anyah@gmail.com,worker,23115
23215,Trixi,Haerr,Trixi.Haerr@yopmail.com,Trixi.Haerr@gmail.com,developer,23116
23216,Melina,Reneta,Melina.Reneta@yopmail.com,Melina.Reneta@gmail.com,firefighter,23117
23217,Sallie,Sherfield,Sallie.Sherfield@yopmail.com,Sallie.Sherfield@gmail.com,police officer,23118
23218,Morganica,Joseph,Morganica.Joseph@yopmail.com,Morganica.Joseph@gmail.com,police officer,23119
23219,Britte,Astra,Britte.Astra@yopmail.com,Britte.Astra@gmail.com,doctor,23120
23220,Allyce,Wittie,Allyce.Wittie@yopmail.com,Allyce.Wittie@gmail.com,firefighter,23121
23221,Ninnetta,Sophronia,Ninnetta.Sophronia@yopmail.com,Ninnetta.Sophronia@gmail.com,firefighter,23122
23222,Claresta,Dash,Claresta.Dash@yopmail.com,Claresta.Dash@gmail.com,firefighter,23123
23223,Siana,Rhu,Siana.Rhu@yopmail.com,Siana.Rhu@gmail.com,doctor,23124
23224,Hayley,Edvard,Hayley.Edvard@yopmail.com,Hayley.Edvard@gmail.com,police officer,23125
23225,Ardys,Moina,Ardys.Moina@yopmail.com,Ardys.Moina@gmail.com,developer,23126
23226,Amelia,Obed,Amelia.Obed@yopmail.com,Amelia.Obed@gmail.com,worker,23127
23227,Tami,MacIntosh,Tami.MacIntosh@yopmail.com,Tami.MacIntosh@gmail.com,police officer,23128
23228,Hayley,Earlie,Hayley.Earlie@yopmail.com,Hayley.Earlie@gmail.com,developer,23129
23229,Kimmy,Laverne,Kimmy.Laverne@yopmail.com,Kimmy.Laverne@gmail.com,doctor,23130
23230,Brandise,Atcliffe,Brandise.Atcliffe@yopmail.com,Brandise.Atcliffe@gmail.com,doctor,23131
23231,Aurelie,Lumbard,Aurelie.Lumbard@yopmail.com,Aurelie.Lumbard@gmail.com,developer,23132
23232,Caryl,Carri,Caryl.Carri@yopmail.com,Caryl.Carri@gmail.com,developer,23133
23233,Alie,Mintz,Alie.Mintz@yopmail.com,Alie.Mintz@gmail.com,firefighter,23134
23234,Melodie,Verger,Melodie.Verger@yopmail.com,Melodie.Verger@gmail.com,firefighter,23135
23235,Ana,Imelida,Ana.Imelida@yopmail.com,Ana.Imelida@gmail.com,police officer,23136
23236,Addia,Zitvaa,Addia.Zitvaa@yopmail.com,Addia.Zitvaa@gmail.com,developer,23137
23237,Adore,Honoria,Adore.Honoria@yopmail.com,Adore.Honoria@gmail.com,doctor,23138
23238,Annora,Edee,Annora.Edee@yopmail.com,Annora.Edee@gmail.com,worker,23139
23239,Mary,Kaja,Mary.Kaja@yopmail.com,Mary.Kaja@gmail.com,doctor,23140
23240,Lexine,An,Lexine.An@yopmail.com,Lexine.An@gmail.com,developer,23141
23241,Berta,Wareing,Berta.Wareing@yopmail.com,Berta.Wareing@gmail.com,police officer,23142
23242,Candy,Romelda,Candy.Romelda@yopmail.com,Candy.Romelda@gmail.com,worker,23143
23243,Paulita,Ehrman,Paulita.Ehrman@yopmail.com,Paulita.Ehrman@gmail.com,worker,23144
23244,Cecile,Raffo,Cecile.Raffo@yopmail.com,Cecile.Raffo@gmail.com,worker,23145
23245,Heddie,Bouchard,Heddie.Bouchard@yopmail.com,Heddie.Bouchard@gmail.com,police officer,23146
23246,Rivalee,Dermott,Rivalee.Dermott@yopmail.com,Rivalee.Dermott@gmail.com,developer,23147
23247,Nadine,Cassius,Nadine.Cassius@yopmail.com,Nadine.Cassius@gmail.com,doctor,23148
23248,Danny,Lenny,Danny.Lenny@yopmail.com,Danny.Lenny@gmail.com,worker,23149
23249,Stacey,Kunin,Stacey.Kunin@yopmail.com,Stacey.Kunin@gmail.com,police officer,23150
23250,Fanny,Yuille,Fanny.Yuille@yopmail.com,Fanny.Yuille@gmail.com,firefighter,23151
23251,Tobe,Woodberry,Tobe.Woodberry@yopmail.com,Tobe.Woodberry@gmail.com,doctor,23152
23252,Carree,Lasley,Carree.Lasley@yopmail.com,Carree.Lasley@gmail.com,developer,23153
23253,Jenilee,Quinn,Jenilee.Quinn@yopmail.com,Jenilee.Quinn@gmail.com,firefighter,23154
23254,Jemie,Guildroy,Jemie.Guildroy@yopmail.com,Jemie.Guildroy@gmail.com,doctor,23155
23255,Frieda,Dominy,Frieda.Dominy@yopmail.com,Frieda.Dominy@gmail.com,firefighter,23156
23256,Beverley,Brian,Beverley.Brian@yopmail.com,Beverley.Brian@gmail.com,doctor,23157
23257,Lusa,Chapland,Lusa.Chapland@yopmail.com,Lusa.Chapland@gmail.com,developer,23158
23258,Sibella,Bigner,Sibella.Bigner@yopmail.com,Sibella.Bigner@gmail.com,police officer,23159
23259,Lynea,Greenwald,Lynea.Greenwald@yopmail.com,Lynea.Greenwald@gmail.com,doctor,23160
23260,Lynde,Wesle,Lynde.Wesle@yopmail.com,Lynde.Wesle@gmail.com,worker,23161
23261,Maisey,Darrell,Maisey.Darrell@yopmail.com,Maisey.Darrell@gmail.com,firefighter,23162
23262,Hope,Solitta,Hope.Solitta@yopmail.com,Hope.Solitta@gmail.com,police officer,23163
23263,Tamqrah,Audly,Tamqrah.Audly@yopmail.com,Tamqrah.Audly@gmail.com,firefighter,23164
23264,Agathe,Latini,Agathe.Latini@yopmail.com,Agathe.Latini@gmail.com,doctor,23165
23265,Dode,Leonard,Dode.Leonard@yopmail.com,Dode.Leonard@gmail.com,developer,23166
23266,Bill,Zachary,Bill.Zachary@yopmail.com,Bill.Zachary@gmail.com,doctor,23167
23267,Audrie,Obed,Audrie.Obed@yopmail.com,Audrie.Obed@gmail.com,police officer,23168
23268,Henriette,Donell,Henriette.Donell@yopmail.com,Henriette.Donell@gmail.com,worker,23169
23269,Marita,Travax,Marita.Travax@yopmail.com,Marita.Travax@gmail.com,worker,23170
23270,Lila,Doig,Lila.Doig@yopmail.com,Lila.Doig@gmail.com,police officer,23171
23271,Elka,Vacuva,Elka.Vacuva@yopmail.com,Elka.Vacuva@gmail.com,firefighter,23172
23272,Janis,Lesley,Janis.Lesley@yopmail.com,Janis.Lesley@gmail.com,firefighter,23173
23273,Vivia,Jess,Vivia.Jess@yopmail.com,Vivia.Jess@gmail.com,police officer,23174
23274,Bobinette,Elisha,Bobinette.Elisha@yopmail.com,Bobinette.Elisha@gmail.com,developer,23175
23275,Rhea,Argus,Rhea.Argus@yopmail.com,Rhea.Argus@gmail.com,developer,23176
23276,Vita,Hutchison,Vita.Hutchison@yopmail.com,Vita.Hutchison@gmail.com,worker,23177
23277,Cathie,Kesley,Cathie.Kesley@yopmail.com,Cathie.Kesley@gmail.com,worker,23178
23278,Merry,Olnee,Merry.Olnee@yopmail.com,Merry.Olnee@gmail.com,police officer,23179
23279,Minne,Chauncey,Minne.Chauncey@yopmail.com,Minne.Chauncey@gmail.com,worker,23180
23280,Dacia,Ackerley,Dacia.Ackerley@yopmail.com,Dacia.Ackerley@gmail.com,firefighter,23181
23281,Dode,Manolo,Dode.Manolo@yopmail.com,Dode.Manolo@gmail.com,doctor,23182
23282,Allis,Tound,Allis.Tound@yopmail.com,Allis.Tound@gmail.com,doctor,23183
23283,Ruthe,Anton,Ruthe.Anton@yopmail.com,Ruthe.Anton@gmail.com,worker,23184
23284,Tonia,Garlinda,Tonia.Garlinda@yopmail.com,Tonia.Garlinda@gmail.com,developer,23185
23285,Harmonia,Hedve,Harmonia.Hedve@yopmail.com,Harmonia.Hedve@gmail.com,doctor,23186
23286,Malina,Nelsen,Malina.Nelsen@yopmail.com,Malina.Nelsen@gmail.com,doctor,23187
23287,Shaine,Wildermuth,Shaine.Wildermuth@yopmail.com,Shaine.Wildermuth@gmail.com,developer,23188
23288,Sherrie,Schlosser,Sherrie.Schlosser@yopmail.com,Sherrie.Schlosser@gmail.com,police officer,23189
23289,Courtnay,Idelia,Courtnay.Idelia@yopmail.com,Courtnay.Idelia@gmail.com,firefighter,23190
23290,Sophia,Arne,Sophia.Arne@yopmail.com,Sophia.Arne@gmail.com,firefighter,23191
23291,Sheree,Korey,Sheree.Korey@yopmail.com,Sheree.Korey@gmail.com,firefighter,23192
23292,Alyda,Rozanna,Alyda.Rozanna@yopmail.com,Alyda.Rozanna@gmail.com,firefighter,23193
23293,Paola,Seumas,Paola.Seumas@yopmail.com,Paola.Seumas@gmail.com,firefighter,23194
23294,Frank,Craggie,Frank.Craggie@yopmail.com,Frank.Craggie@gmail.com,worker,23195
23295,Helsa,Dreda,Helsa.Dreda@yopmail.com,Helsa.Dreda@gmail.com,doctor,23196
23296,Juliane,Cyrie,Juliane.Cyrie@yopmail.com,Juliane.Cyrie@gmail.com,worker,23197
23297,Gwenneth,Jerold,Gwenneth.Jerold@yopmail.com,Gwenneth.Jerold@gmail.com,firefighter,23198
23298,Fred,Carolin,Fred.Carolin@yopmail.com,Fred.Carolin@gmail.com,doctor,23199
23299,Sue,Iphlgenia,Sue.Iphlgenia@yopmail.com,Sue.Iphlgenia@gmail.com,developer,23200
