id,firstname,lastname,email,email2,profession,Field Name
20250,Mireielle,Neils,Mireielle.Neils@yopmail.com,Mireielle.Neils@gmail.com,firefighter,20151
20251,Agathe,Bartlett,Agathe.Bartlett@yopmail.com,Agathe.Bartlett@gmail.com,worker,20152
20252,Mady,Hanshaw,Mady.Hanshaw@yopmail.com,Mady.Hanshaw@gmail.com,firefighter,20153
20253,Nessie,Mandler,Nessie.Mandler@yopmail.com,Nessie.Mandler@gmail.com,firefighter,20154
20254,Coral,Ehrman,Coral.Ehrman@yopmail.com,Coral.Ehrman@gmail.com,police officer,20155
20255,Teddie,Zeeba,Teddie.Zeeba@yopmail.com,Teddie.Zeeba@gmail.com,firefighter,20156
20256,Dotty,Erich,Dotty.Erich@yopmail.com,Dotty.Erich@gmail.com,police officer,20157
20257,Edee,Jarib,Edee.Jarib@yopmail.com,Edee.Jarib@gmail.com,worker,20158
20258,Jaime,Tound,Jaime.Tound@yopmail.com,Jaime.Tound@gmail.com,firefighter,20159
20259,Alexine,Kristi,Alexine.Kristi@yopmail.com,Alexine.Kristi@gmail.com,developer,20160
20260,Maye,Pierette,Maye.Pierette@yopmail.com,Maye.Pierette@gmail.com,developer,20161
20261,Jinny,Ursulette,Jinny.Ursulette@yopmail.com,Jinny.Ursulette@gmail.com,firefighter,20162
20262,Correy,Lauraine,Correy.Lauraine@yopmail.com,Correy.Lauraine@gmail.com,firefighter,20163
20263,Ericka,Arquit,Ericka.Arquit@yopmail.com,Ericka.Arquit@gmail.com,doctor,20164
20264,Dede,Fax,Dede.Fax@yopmail.com,Dede.Fax@gmail.com,developer,20165
20265,Kassey,Kannry,Kassey.Kannry@yopmail.com,Kassey.Kannry@gmail.com,firefighter,20166
20266,Odessa,Ferino,Odessa.Ferino@yopmail.com,Odessa.Ferino@gmail.com,doctor,20167
20267,Myriam,Armanda,Myriam.Armanda@yopmail.com,Myriam.Armanda@gmail.com,worker,20168
20268,Mallory,Ailyn,Mallory.Ailyn@yopmail.com,Mallory.Ailyn@gmail.com,firefighter,20169
20269,Gisela,Drus,Gisela.Drus@yopmail.com,Gisela.Drus@gmail.com,doctor,20170
20270,Elsie,Seagraves,Elsie.Seagraves@yopmail.com,Elsie.Seagraves@gmail.com,police officer,20171
20271,Ruthe,Bebe,Ruthe.Bebe@yopmail.com,Ruthe.Bebe@gmail.com,firefighter,20172
20272,Millie,Yorick,Millie.Yorick@yopmail.com,Millie.Yorick@gmail.com,firefighter,20173
20273,Vita,Vastah,Vita.Vastah@yopmail.com,Vita.Vastah@gmail.com,developer,20174
20274,Ira,Behre,Ira.Behre@yopmail.com,Ira.Behre@gmail.com,police officer,20175
20275,Vivia,Torray,Vivia.Torray@yopmail.com,Vivia.Torray@gmail.com,police officer,20176
20276,Layla,O'Carroll,Layla.O'Carroll@yopmail.com,Layla.O'Carroll@gmail.com,police officer,20177
20277,Kellen,Sharl,Kellen.Sharl@yopmail.com,Kellen.Sharl@gmail.com,developer,20178
20278,Elka,Kauppi,Elka.Kauppi@yopmail.com,Elka.Kauppi@gmail.com,police officer,20179
20279,Tiffie,Cherianne,Tiffie.Cherianne@yopmail.com,Tiffie.Cherianne@gmail.com,police officer,20180
20280,Jeanna,Roarke,Jeanna.Roarke@yopmail.com,Jeanna.Roarke@gmail.com,doctor,20181
20281,Clary,Kazimir,Clary.Kazimir@yopmail.com,Clary.Kazimir@gmail.com,worker,20182
20282,Fidelia,Isacco,Fidelia.Isacco@yopmail.com,Fidelia.Isacco@gmail.com,police officer,20183
20283,Rani,Hourigan,Rani.Hourigan@yopmail.com,Rani.Hourigan@gmail.com,police officer,20184
20284,Vivia,Elephus,Vivia.Elephus@yopmail.com,Vivia.Elephus@gmail.com,firefighter,20185
20285,Eolanda,Ietta,Eolanda.Ietta@yopmail.com,Eolanda.Ietta@gmail.com,developer,20186
20286,Lenna,Wu,Lenna.Wu@yopmail.com,Lenna.Wu@gmail.com,doctor,20187
20287,Jordan,Rodmann,Jordan.Rodmann@yopmail.com,Jordan.Rodmann@gmail.com,doctor,20188
20288,Madeleine,Delp,Madeleine.Delp@yopmail.com,Madeleine.Delp@gmail.com,developer,20189
20289,Zaria,Bury,Zaria.Bury@yopmail.com,Zaria.Bury@gmail.com,police officer,20190
20290,Cacilie,Eben,Cacilie.Eben@yopmail.com,Cacilie.Eben@gmail.com,worker,20191
20291,Rubie,Lowry,Rubie.Lowry@yopmail.com,Rubie.Lowry@gmail.com,worker,20192
20292,Micheline,Tarrant,Micheline.Tarrant@yopmail.com,Micheline.Tarrant@gmail.com,police officer,20193
20293,Tybie,Mott,Tybie.Mott@yopmail.com,Tybie.Mott@gmail.com,worker,20194
20294,Myriam,Payson,Myriam.Payson@yopmail.com,Myriam.Payson@gmail.com,developer,20195
20295,Aurelie,Japeth,Aurelie.Japeth@yopmail.com,Aurelie.Japeth@gmail.com,police officer,20196
20296,Linzy,Bouchard,Linzy.Bouchard@yopmail.com,Linzy.Bouchard@gmail.com,doctor,20197
20297,Constance,Pelagias,Constance.Pelagias@yopmail.com,Constance.Pelagias@gmail.com,doctor,20198
20298,Roseline,Toni,Roseline.Toni@yopmail.com,Roseline.Toni@gmail.com,doctor,20199
20299,Phylis,Sallyann,Phylis.Sallyann@yopmail.com,Phylis.Sallyann@gmail.com,firefighter,20200
