id,firstname,lastname,email,email2,profession,Field Name
21100,Dolli,Kravits,Dolli.Kravits@yopmail.com,Dolli.Kravits@gmail.com,developer,21001
21101,Annora,Cynar,Annora.Cynar@yopmail.com,Annora.Cynar@gmail.com,developer,21002
21102,Catharine,Ledah,Catharine.Ledah@yopmail.com,Catharine.Ledah@gmail.com,doctor,21003
21103,Ingrid,Raama,Ingrid.Raama@yopmail.com,Ingrid.Raama@gmail.com,doctor,21004
21104,Ardeen,Jerold,Ardeen.Jerold@yopmail.com,Ardeen.Jerold@gmail.com,doctor,21005
21105,Addia,Brandice,Addia.Brandice@yopmail.com,Addia.Brandice@gmail.com,developer,21006
21106,Emmey,Berne,Emmey.Berne@yopmail.com,Emmey.Berne@gmail.com,firefighter,21007
21107,Kalina,Weaks,Kalina.Weaks@yopmail.com,Kalina.Weaks@gmail.com,firefighter,21008
21108,Blake,Mandler,Blake.Mandler@yopmail.com,Blake.Mandler@gmail.com,doctor,21009
21109,Halette,Rocray,Halette.Rocray@yopmail.com,Halette.Rocray@gmail.com,doctor,21010
21110,Lanae,Gavrila,Lanae.Gavrila@yopmail.com,Lanae.Gavrila@gmail.com,firefighter,21011
21111,Anica,Alrich,Anica.Alrich@yopmail.com,Anica.Alrich@gmail.com,worker,21012
21112,Vere,Wyn,Vere.Wyn@yopmail.com,Vere.Wyn@gmail.com,developer,21013
21113,Raf,Levey,Raf.Levey@yopmail.com,Raf.Levey@gmail.com,developer,21014
21114,Peri,Tremayne,Peri.Tremayne@yopmail.com,Peri.Tremayne@gmail.com,worker,21015
21115,Gisela,Ade,Gisela.Ade@yopmail.com,Gisela.Ade@gmail.com,worker,21016
21116,Ilse,Bashemeth,Ilse.Bashemeth@yopmail.com,Ilse.Bashemeth@gmail.com,doctor,21017
21117,Dorene,Land,Dorene.Land@yopmail.com,Dorene.Land@gmail.com,developer,21018
21118,Antonietta,Astra,Antonietta.Astra@yopmail.com,Antonietta.Astra@gmail.com,police officer,21019
21119,Rozele,Corabella,Rozele.Corabella@yopmail.com,Rozele.Corabella@gmail.com,firefighter,21020
21120,Mallory,Mitzi,Mallory.Mitzi@yopmail.com,Mallory.Mitzi@gmail.com,police officer,21021
21121,Tarra,Chauncey,Tarra.Chauncey@yopmail.com,Tarra.Chauncey@gmail.com,developer,21022
21122,Larine,Lesley,Larine.Lesley@yopmail.com,Larine.Lesley@gmail.com,firefighter,21023
21123,Cassandra,MacIntosh,Cassandra.MacIntosh@yopmail.com,Cassandra.MacIntosh@gmail.com,worker,21024
21124,Ketti,Ehrman,Ketti.Ehrman@yopmail.com,Ketti.Ehrman@gmail.com,doctor,21025
21125,Aaren,Septima,Aaren.Septima@yopmail.com,Aaren.Septima@gmail.com,firefighter,21026
21126,Rozele,Kermit,Rozele.Kermit@yopmail.com,Rozele.Kermit@gmail.com,police officer,21027
21127,Aaren,Edmund,Aaren.Edmund@yopmail.com,Aaren.Edmund@gmail.com,firefighter,21028
21128,Brandise,Paine,Brandise.Paine@yopmail.com,Brandise.Paine@gmail.com,doctor,21029
21129,Averyl,Weaks,Averyl.Weaks@yopmail.com,Averyl.Weaks@gmail.com,doctor,21030
21130,Lucille,Ludewig,Lucille.Ludewig@yopmail.com,Lucille.Ludewig@gmail.com,police officer,21031
21131,Regina,August,Regina.August@yopmail.com,Regina.August@gmail.com,doctor,21032
21132,Elfreda,Raimondo,Elfreda.Raimondo@yopmail.com,Elfreda.Raimondo@gmail.com,doctor,21033
21133,Maisey,Michella,Maisey.Michella@yopmail.com,Maisey.Michella@gmail.com,developer,21034
21134,Shandie,Bethany,Shandie.Bethany@yopmail.com,Shandie.Bethany@gmail.com,police officer,21035
21135,Valeda,Reidar,Valeda.Reidar@yopmail.com,Valeda.Reidar@gmail.com,firefighter,21036
21136,Ariela,Halsey,Ariela.Halsey@yopmail.com,Ariela.Halsey@gmail.com,police officer,21037
21137,Iseabal,Earlie,Iseabal.Earlie@yopmail.com,Iseabal.Earlie@gmail.com,police officer,21038
21138,Gerianna,Tamsky,Gerianna.Tamsky@yopmail.com,Gerianna.Tamsky@gmail.com,doctor,21039
21139,Albertina,Garrison,Albertina.Garrison@yopmail.com,Albertina.Garrison@gmail.com,doctor,21040
21140,Chandra,Amadas,Chandra.Amadas@yopmail.com,Chandra.Amadas@gmail.com,doctor,21041
21141,Frieda,Ludewig,Frieda.Ludewig@yopmail.com,Frieda.Ludewig@gmail.com,worker,21042
21142,Ursulina,Billye,Ursulina.Billye@yopmail.com,Ursulina.Billye@gmail.com,worker,21043
21143,Yetty,Halla,Yetty.Halla@yopmail.com,Yetty.Halla@gmail.com,worker,21044
21144,Ardeen,Sharl,Ardeen.Sharl@yopmail.com,Ardeen.Sharl@gmail.com,developer,21045
21145,Ottilie,Bahr,Ottilie.Bahr@yopmail.com,Ottilie.Bahr@gmail.com,firefighter,21046
21146,Janis,Persse,Janis.Persse@yopmail.com,Janis.Persse@gmail.com,police officer,21047
21147,Roxane,Jerold,Roxane.Jerold@yopmail.com,Roxane.Jerold@gmail.com,worker,21048
21148,Jordan,Esmaria,Jordan.Esmaria@yopmail.com,Jordan.Esmaria@gmail.com,firefighter,21049
21149,Gilligan,Herrera,Gilligan.Herrera@yopmail.com,Gilligan.Herrera@gmail.com,doctor,21050
21150,Carol-Jean,Joli,Carol-Jean.Joli@yopmail.com,Carol-Jean.Joli@gmail.com,doctor,21051
21151,Joleen,Odysseus,Joleen.Odysseus@yopmail.com,Joleen.Odysseus@gmail.com,worker,21052
21152,Starla,Thilda,Starla.Thilda@yopmail.com,Starla.Thilda@gmail.com,developer,21053
21153,Darlleen,Kelula,Darlleen.Kelula@yopmail.com,Darlleen.Kelula@gmail.com,police officer,21054
21154,Carlie,Bronk,Carlie.Bronk@yopmail.com,Carlie.Bronk@gmail.com,worker,21055
21155,Alyssa,Sholley,Alyssa.Sholley@yopmail.com,Alyssa.Sholley@gmail.com,doctor,21056
21156,Viki,Chobot,Viki.Chobot@yopmail.com,Viki.Chobot@gmail.com,police officer,21057
21157,Madalyn,Jacinda,Madalyn.Jacinda@yopmail.com,Madalyn.Jacinda@gmail.com,doctor,21058
21158,Gabi,Carri,Gabi.Carri@yopmail.com,Gabi.Carri@gmail.com,doctor,21059
21159,Amelia,Therine,Amelia.Therine@yopmail.com,Amelia.Therine@gmail.com,firefighter,21060
21160,Ermengarde,Goode,Ermengarde.Goode@yopmail.com,Ermengarde.Goode@gmail.com,worker,21061
21161,Antonietta,Sandye,Antonietta.Sandye@yopmail.com,Antonietta.Sandye@gmail.com,police officer,21062
21162,Margarette,Arathorn,Margarette.Arathorn@yopmail.com,Margarette.Arathorn@gmail.com,developer,21063
21163,Libbie,Merna,Libbie.Merna@yopmail.com,Libbie.Merna@gmail.com,doctor,21064
21164,Doro,Stephie,Doro.Stephie@yopmail.com,Doro.Stephie@gmail.com,worker,21065
21165,Korrie,Shelba,Korrie.Shelba@yopmail.com,Korrie.Shelba@gmail.com,police officer,21066
21166,Jan,Riva,Jan.Riva@yopmail.com,Jan.Riva@gmail.com,firefighter,21067
21167,Arlena,Carleen,Arlena.Carleen@yopmail.com,Arlena.Carleen@gmail.com,developer,21068
21168,Iseabal,McLaughlin,Iseabal.McLaughlin@yopmail.com,Iseabal.McLaughlin@gmail.com,police officer,21069
21169,Kassey,Ajay,Kassey.Ajay@yopmail.com,Kassey.Ajay@gmail.com,developer,21070
21170,Rochette,Silvan,Rochette.Silvan@yopmail.com,Rochette.Silvan@gmail.com,doctor,21071
21171,Myrtice,Rugen,Myrtice.Rugen@yopmail.com,Myrtice.Rugen@gmail.com,doctor,21072
21172,Merci,Ahab,Merci.Ahab@yopmail.com,Merci.Ahab@gmail.com,developer,21073
21173,Talya,Reinke,Talya.Reinke@yopmail.com,Talya.Reinke@gmail.com,doctor,21074
21174,Misha,Clara,Misha.Clara@yopmail.com,Misha.Clara@gmail.com,worker,21075
21175,Fernande,Gillan,Fernande.Gillan@yopmail.com,Fernande.Gillan@gmail.com,worker,21076
21176,Alejandra,Japeth,Alejandra.Japeth@yopmail.com,Alejandra.Japeth@gmail.com,doctor,21077
21177,Jillayne,Lasley,Jillayne.Lasley@yopmail.com,Jillayne.Lasley@gmail.com,firefighter,21078
21178,Aimil,Chabot,Aimil.Chabot@yopmail.com,Aimil.Chabot@gmail.com,police officer,21079
21179,Laure,Etom,Laure.Etom@yopmail.com,Laure.Etom@gmail.com,worker,21080
21180,Basia,Gamaliel,Basia.Gamaliel@yopmail.com,Basia.Gamaliel@gmail.com,developer,21081
21181,Averyl,Joseph,Averyl.Joseph@yopmail.com,Averyl.Joseph@gmail.com,worker,21082
21182,Chere,Helfand,Chere.Helfand@yopmail.com,Chere.Helfand@gmail.com,doctor,21083
21183,Alisha,Salchunas,Alisha.Salchunas@yopmail.com,Alisha.Salchunas@gmail.com,doctor,21084
21184,Aaren,Tremayne,Aaren.Tremayne@yopmail.com,Aaren.Tremayne@gmail.com,worker,21085
21185,Sadie,Meli,Sadie.Meli@yopmail.com,Sadie.Meli@gmail.com,doctor,21086
21186,Janis,Kare,Janis.Kare@yopmail.com,Janis.Kare@gmail.com,police officer,21087
21187,Leontine,Center,Leontine.Center@yopmail.com,Leontine.Center@gmail.com,police officer,21088
21188,Jillayne,Dash,Jillayne.Dash@yopmail.com,Jillayne.Dash@gmail.com,worker,21089
21189,Alameda,Pillsbury,Alameda.Pillsbury@yopmail.com,Alameda.Pillsbury@gmail.com,worker,21090
21190,Karena,Zetta,Karena.Zetta@yopmail.com,Karena.Zetta@gmail.com,doctor,21091
21191,Zsa Zsa,Means,Zsa Zsa.Means@yopmail.com,Zsa Zsa.Means@gmail.com,developer,21092
21192,Genevra,Raffo,Genevra.Raffo@yopmail.com,Genevra.Raffo@gmail.com,firefighter,21093
21193,Sindee,Mendez,Sindee.Mendez@yopmail.com,Sindee.Mendez@gmail.com,worker,21094
21194,Jackie,Smitt,Jackie.Smitt@yopmail.com,Jackie.Smitt@gmail.com,worker,21095
21195,Adele,Jarib,Adele.Jarib@yopmail.com,Adele.Jarib@gmail.com,doctor,21096
21196,Joeann,Boycey,Joeann.Boycey@yopmail.com,Joeann.Boycey@gmail.com,firefighter,21097
21197,Jany,Burnside,Jany.Burnside@yopmail.com,Jany.Burnside@gmail.com,worker,21098
21198,Jean,Charity,Jean.Charity@yopmail.com,Jean.Charity@gmail.com,worker,21099
21199,Alexine,Gillan,Alexine.Gillan@yopmail.com,Alexine.Gillan@gmail.com,developer,21100
21200,Viviene,Malina,Viviene.Malina@yopmail.com,Viviene.Malina@gmail.com,doctor,21101
21201,Aeriela,Xerxes,Aeriela.Xerxes@yopmail.com,Aeriela.Xerxes@gmail.com,doctor,21102
21202,Deane,Lunsford,Deane.Lunsford@yopmail.com,Deane.Lunsford@gmail.com,firefighter,21103
21203,Consuela,Yusuk,Consuela.Yusuk@yopmail.com,Consuela.Yusuk@gmail.com,police officer,21104
21204,Roslyn,Carlson,Roslyn.Carlson@yopmail.com,Roslyn.Carlson@gmail.com,worker,21105
21205,Karina,Jehu,Karina.Jehu@yopmail.com,Karina.Jehu@gmail.com,worker,21106
21206,Renie,Rubie,Renie.Rubie@yopmail.com,Renie.Rubie@gmail.com,developer,21107
21207,Mary,Pettiford,Mary.Pettiford@yopmail.com,Mary.Pettiford@gmail.com,firefighter,21108
21208,Minda,Naor,Minda.Naor@yopmail.com,Minda.Naor@gmail.com,police officer,21109
21209,Gloria,Caitlin,Gloria.Caitlin@yopmail.com,Gloria.Caitlin@gmail.com,firefighter,21110
21210,Nickie,Armanda,Nickie.Armanda@yopmail.com,Nickie.Armanda@gmail.com,developer,21111
21211,Edith,Ciro,Edith.Ciro@yopmail.com,Edith.Ciro@gmail.com,worker,21112
21212,Katuscha,Fredi,Katuscha.Fredi@yopmail.com,Katuscha.Fredi@gmail.com,doctor,21113
21213,Leontine,Septima,Leontine.Septima@yopmail.com,Leontine.Septima@gmail.com,police officer,21114
21214,Jacenta,Westphal,Jacenta.Westphal@yopmail.com,Jacenta.Westphal@gmail.com,firefighter,21115
21215,Carree,Gordon,Carree.Gordon@yopmail.com,Carree.Gordon@gmail.com,developer,21116
21216,Florencia,Callista,Florencia.Callista@yopmail.com,Florencia.Callista@gmail.com,developer,21117
21217,Britni,Argus,Britni.Argus@yopmail.com,Britni.Argus@gmail.com,police officer,21118
21218,Ricky,Marijo,Ricky.Marijo@yopmail.com,Ricky.Marijo@gmail.com,firefighter,21119
21219,Rosaline,Desai,Rosaline.Desai@yopmail.com,Rosaline.Desai@gmail.com,developer,21120
21220,Elmira,Skell,Elmira.Skell@yopmail.com,Elmira.Skell@gmail.com,firefighter,21121
21221,Layla,Justinn,Layla.Justinn@yopmail.com,Layla.Justinn@gmail.com,worker,21122
21222,Winifred,Gusella,Winifred.Gusella@yopmail.com,Winifred.Gusella@gmail.com,police officer,21123
21223,Carmela,Faust,Carmela.Faust@yopmail.com,Carmela.Faust@gmail.com,developer,21124
21224,Harrietta,Urias,Harrietta.Urias@yopmail.com,Harrietta.Urias@gmail.com,developer,21125
21225,Ashlee,Maribeth,Ashlee.Maribeth@yopmail.com,Ashlee.Maribeth@gmail.com,firefighter,21126
21226,Petronia,Kosey,Petronia.Kosey@yopmail.com,Petronia.Kosey@gmail.com,worker,21127
21227,Almeta,Laverne,Almeta.Laverne@yopmail.com,Almeta.Laverne@gmail.com,police officer,21128
21228,Lonnie,Rustice,Lonnie.Rustice@yopmail.com,Lonnie.Rustice@gmail.com,developer,21129
21229,Ariela,Alcott,Ariela.Alcott@yopmail.com,Ariela.Alcott@gmail.com,worker,21130
21230,Karina,Irmine,Karina.Irmine@yopmail.com,Karina.Irmine@gmail.com,police officer,21131
21231,Rivalee,Garrison,Rivalee.Garrison@yopmail.com,Rivalee.Garrison@gmail.com,firefighter,21132
21232,Emilia,Pulsifer,Emilia.Pulsifer@yopmail.com,Emilia.Pulsifer@gmail.com,firefighter,21133
21233,Barbi,Susannah,Barbi.Susannah@yopmail.com,Barbi.Susannah@gmail.com,firefighter,21134
21234,Halette,Yerkovich,Halette.Yerkovich@yopmail.com,Halette.Yerkovich@gmail.com,developer,21135
21235,Carlie,Obed,Carlie.Obed@yopmail.com,Carlie.Obed@gmail.com,developer,21136
21236,Joy,Odysseus,Joy.Odysseus@yopmail.com,Joy.Odysseus@gmail.com,developer,21137
21237,Adelle,Joli,Adelle.Joli@yopmail.com,Adelle.Joli@gmail.com,police officer,21138
21238,Inga,Juliet,Inga.Juliet@yopmail.com,Inga.Juliet@gmail.com,firefighter,21139
21239,Eve,Orpah,Eve.Orpah@yopmail.com,Eve.Orpah@gmail.com,worker,21140
21240,Stacey,Remmer,Stacey.Remmer@yopmail.com,Stacey.Remmer@gmail.com,worker,21141
21241,Jasmina,Ellord,Jasmina.Ellord@yopmail.com,Jasmina.Ellord@gmail.com,doctor,21142
21242,Hildegaard,Alwin,Hildegaard.Alwin@yopmail.com,Hildegaard.Alwin@gmail.com,firefighter,21143
21243,Adele,Lesley,Adele.Lesley@yopmail.com,Adele.Lesley@gmail.com,doctor,21144
21244,Elise,Drisko,Elise.Drisko@yopmail.com,Elise.Drisko@gmail.com,firefighter,21145
21245,Allyce,Scammon,Allyce.Scammon@yopmail.com,Allyce.Scammon@gmail.com,developer,21146
21246,Shandie,Orlene,Shandie.Orlene@yopmail.com,Shandie.Orlene@gmail.com,police officer,21147
21247,Nanete,Ferrell,Nanete.Ferrell@yopmail.com,Nanete.Ferrell@gmail.com,firefighter,21148
21248,Verla,Alabaster,Verla.Alabaster@yopmail.com,Verla.Alabaster@gmail.com,firefighter,21149
21249,Ana,Anis,Ana.Anis@yopmail.com,Ana.Anis@gmail.com,developer,21150
21250,Gilligan,Rustice,Gilligan.Rustice@yopmail.com,Gilligan.Rustice@gmail.com,firefighter,21151
21251,Ardeen,Arquit,Ardeen.Arquit@yopmail.com,Ardeen.Arquit@gmail.com,firefighter,21152
21252,Sonni,Kare,Sonni.Kare@yopmail.com,Sonni.Kare@gmail.com,worker,21153
21253,Trudie,Alisia,Trudie.Alisia@yopmail.com,Trudie.Alisia@gmail.com,firefighter,21154
21254,Tina,Zrike,Tina.Zrike@yopmail.com,Tina.Zrike@gmail.com,developer,21155
21255,Therine,Mathilde,Therine.Mathilde@yopmail.com,Therine.Mathilde@gmail.com,firefighter,21156
21256,Ethel,Honoria,Ethel.Honoria@yopmail.com,Ethel.Honoria@gmail.com,doctor,21157
21257,Damaris,Read,Damaris.Read@yopmail.com,Damaris.Read@gmail.com,police officer,21158
21258,Marjie,Delp,Marjie.Delp@yopmail.com,Marjie.Delp@gmail.com,doctor,21159
21259,Alie,Adore,Alie.Adore@yopmail.com,Alie.Adore@gmail.com,worker,21160
21260,Sabina,Stefa,Sabina.Stefa@yopmail.com,Sabina.Stefa@gmail.com,police officer,21161
21261,Sissy,Ephrem,Sissy.Ephrem@yopmail.com,Sissy.Ephrem@gmail.com,doctor,21162
21262,Susan,Ephrem,Susan.Ephrem@yopmail.com,Susan.Ephrem@gmail.com,worker,21163
21263,Sarette,Connelly,Sarette.Connelly@yopmail.com,Sarette.Connelly@gmail.com,doctor,21164
21264,Nollie,Hepsibah,Nollie.Hepsibah@yopmail.com,Nollie.Hepsibah@gmail.com,worker,21165
21265,Caritta,Breed,Caritta.Breed@yopmail.com,Caritta.Breed@gmail.com,doctor,21166
21266,Wendi,Ledah,Wendi.Ledah@yopmail.com,Wendi.Ledah@gmail.com,police officer,21167
21267,Alisha,Hashim,Alisha.Hashim@yopmail.com,Alisha.Hashim@gmail.com,developer,21168
21268,Pollyanna,Aloise,Pollyanna.Aloise@yopmail.com,Pollyanna.Aloise@gmail.com,doctor,21169
21269,Cherilyn,Adore,Cherilyn.Adore@yopmail.com,Cherilyn.Adore@gmail.com,worker,21170
21270,Ida,Greenwald,Ida.Greenwald@yopmail.com,Ida.Greenwald@gmail.com,developer,21171
21271,Renie,Sholley,Renie.Sholley@yopmail.com,Renie.Sholley@gmail.com,worker,21172
21272,Lucille,Turne,Lucille.Turne@yopmail.com,Lucille.Turne@gmail.com,doctor,21173
21273,Gabi,Even,Gabi.Even@yopmail.com,Gabi.Even@gmail.com,police officer,21174
21274,Mariann,Stoller,Mariann.Stoller@yopmail.com,Mariann.Stoller@gmail.com,doctor,21175
21275,Hollie,Geffner,Hollie.Geffner@yopmail.com,Hollie.Geffner@gmail.com,developer,21176
21276,Emylee,Virgin,Emylee.Virgin@yopmail.com,Emylee.Virgin@gmail.com,doctor,21177
21277,Kimmy,Raychel,Kimmy.Raychel@yopmail.com,Kimmy.Raychel@gmail.com,worker,21178
21278,Xylina,Wenoa,Xylina.Wenoa@yopmail.com,Xylina.Wenoa@gmail.com,firefighter,21179
21279,Linet,Konyn,Linet.Konyn@yopmail.com,Linet.Konyn@gmail.com,doctor,21180
21280,Chloris,Edison,Chloris.Edison@yopmail.com,Chloris.Edison@gmail.com,worker,21181
21281,Candi,Cornelia,Candi.Cornelia@yopmail.com,Candi.Cornelia@gmail.com,worker,21182
21282,Ethel,Pearse,Ethel.Pearse@yopmail.com,Ethel.Pearse@gmail.com,worker,21183
21283,Linet,Mitzi,Linet.Mitzi@yopmail.com,Linet.Mitzi@gmail.com,police officer,21184
21284,Netty,Lasley,Netty.Lasley@yopmail.com,Netty.Lasley@gmail.com,worker,21185
21285,Winny,Gunn,Winny.Gunn@yopmail.com,Winny.Gunn@gmail.com,police officer,21186
21286,Lesly,Gherardo,Lesly.Gherardo@yopmail.com,Lesly.Gherardo@gmail.com,doctor,21187
21287,Alex,Croix,Alex.Croix@yopmail.com,Alex.Croix@gmail.com,developer,21188
21288,Nonnah,Fadiman,Nonnah.Fadiman@yopmail.com,Nonnah.Fadiman@gmail.com,worker,21189
21289,Harrietta,Taima,Harrietta.Taima@yopmail.com,Harrietta.Taima@gmail.com,doctor,21190
21290,Chickie,Niles,Chickie.Niles@yopmail.com,Chickie.Niles@gmail.com,doctor,21191
21291,Vevay,Berne,Vevay.Berne@yopmail.com,Vevay.Berne@gmail.com,police officer,21192
21292,Mara,Drus,Mara.Drus@yopmail.com,Mara.Drus@gmail.com,developer,21193
21293,Sidoney,Podvin,Sidoney.Podvin@yopmail.com,Sidoney.Podvin@gmail.com,worker,21194
21294,Valera,Brandice,Valera.Brandice@yopmail.com,Valera.Brandice@gmail.com,police officer,21195
21295,Marinna,O'Carroll,Marinna.O'Carroll@yopmail.com,Marinna.O'Carroll@gmail.com,developer,21196
21296,Madalyn,Haerr,Madalyn.Haerr@yopmail.com,Madalyn.Haerr@gmail.com,doctor,21197
21297,Pierette,Fax,Pierette.Fax@yopmail.com,Pierette.Fax@gmail.com,doctor,21198
21298,Micheline,Philipp,Micheline.Philipp@yopmail.com,Micheline.Philipp@gmail.com,worker,21199
21299,Marylou,Sawtelle,Marylou.Sawtelle@yopmail.com,Marylou.Sawtelle@gmail.com,developer,21200
21300,Frank,Kiyoshi,Frank.Kiyoshi@yopmail.com,Frank.Kiyoshi@gmail.com,firefighter,21201
21301,Brietta,Uird,Brietta.Uird@yopmail.com,Brietta.Uird@gmail.com,firefighter,21202
21302,Shaine,Swigart,Shaine.Swigart@yopmail.com,Shaine.Swigart@gmail.com,police officer,21203
21303,Tiffie,Therine,Tiffie.Therine@yopmail.com,Tiffie.Therine@gmail.com,developer,21204
21304,Tilly,Claudine,Tilly.Claudine@yopmail.com,Tilly.Claudine@gmail.com,doctor,21205
21305,Taffy,Noam,Taffy.Noam@yopmail.com,Taffy.Noam@gmail.com,police officer,21206
21306,Nonnah,Noman,Nonnah.Noman@yopmail.com,Nonnah.Noman@gmail.com,firefighter,21207
21307,Clarice,Dannye,Clarice.Dannye@yopmail.com,Clarice.Dannye@gmail.com,developer,21208
21308,Wynne,Pillsbury,Wynne.Pillsbury@yopmail.com,Wynne.Pillsbury@gmail.com,firefighter,21209
21309,Patricia,Heisel,Patricia.Heisel@yopmail.com,Patricia.Heisel@gmail.com,doctor,21210
21310,Myriam,Lutero,Myriam.Lutero@yopmail.com,Myriam.Lutero@gmail.com,doctor,21211
21311,Shannah,Ledah,Shannah.Ledah@yopmail.com,Shannah.Ledah@gmail.com,doctor,21212
21312,Carmencita,Hartnett,Carmencita.Hartnett@yopmail.com,Carmencita.Hartnett@gmail.com,worker,21213
21313,Sheree,Cimbura,Sheree.Cimbura@yopmail.com,Sheree.Cimbura@gmail.com,police officer,21214
21314,Isa,O'Rourke,Isa.O'Rourke@yopmail.com,Isa.O'Rourke@gmail.com,police officer,21215
21315,Bobbi,Magdalen,Bobbi.Magdalen@yopmail.com,Bobbi.Magdalen@gmail.com,worker,21216
21316,Elsie,Braun,Elsie.Braun@yopmail.com,Elsie.Braun@gmail.com,developer,21217
21317,Kayla,Jefferey,Kayla.Jefferey@yopmail.com,Kayla.Jefferey@gmail.com,doctor,21218
21318,Nannie,Francyne,Nannie.Francyne@yopmail.com,Nannie.Francyne@gmail.com,firefighter,21219
21319,Katuscha,Cyrie,Katuscha.Cyrie@yopmail.com,Katuscha.Cyrie@gmail.com,firefighter,21220
21320,Nikki,Yoko,Nikki.Yoko@yopmail.com,Nikki.Yoko@gmail.com,doctor,21221
21321,Ofilia,Fancie,Ofilia.Fancie@yopmail.com,Ofilia.Fancie@gmail.com,police officer,21222
21322,Lily,Minetta,Lily.Minetta@yopmail.com,Lily.Minetta@gmail.com,worker,21223
21323,Henriette,Natica,Henriette.Natica@yopmail.com,Henriette.Natica@gmail.com,developer,21224
21324,Rhea,Arathorn,Rhea.Arathorn@yopmail.com,Rhea.Arathorn@gmail.com,developer,21225
21325,Kathi,Merriott,Kathi.Merriott@yopmail.com,Kathi.Merriott@gmail.com,doctor,21226
21326,Dulcinea,Halla,Dulcinea.Halla@yopmail.com,Dulcinea.Halla@gmail.com,developer,21227
21327,Nannie,Ellerey,Nannie.Ellerey@yopmail.com,Nannie.Ellerey@gmail.com,doctor,21228
21328,Modestia,Nicoline,Modestia.Nicoline@yopmail.com,Modestia.Nicoline@gmail.com,developer,21229
21329,Anica,Greyson,Anica.Greyson@yopmail.com,Anica.Greyson@gmail.com,doctor,21230
21330,Alyssa,Maisey,Alyssa.Maisey@yopmail.com,Alyssa.Maisey@gmail.com,firefighter,21231
21331,Lynnea,Zenas,Lynnea.Zenas@yopmail.com,Lynnea.Zenas@gmail.com,doctor,21232
21332,Jeanna,Ummersen,Jeanna.Ummersen@yopmail.com,Jeanna.Ummersen@gmail.com,doctor,21233
21333,Riannon,Anestassia,Riannon.Anestassia@yopmail.com,Riannon.Anestassia@gmail.com,worker,21234
21334,Alyda,Auberbach,Alyda.Auberbach@yopmail.com,Alyda.Auberbach@gmail.com,doctor,21235
21335,Selma,Teddman,Selma.Teddman@yopmail.com,Selma.Teddman@gmail.com,developer,21236
21336,Drucie,Paton,Drucie.Paton@yopmail.com,Drucie.Paton@gmail.com,firefighter,21237
21337,Florencia,Paton,Florencia.Paton@yopmail.com,Florencia.Paton@gmail.com,police officer,21238
21338,Orsola,Maxi,Orsola.Maxi@yopmail.com,Orsola.Maxi@gmail.com,doctor,21239
21339,Lulita,Tryck,Lulita.Tryck@yopmail.com,Lulita.Tryck@gmail.com,firefighter,21240
21340,Lyssa,Haldas,Lyssa.Haldas@yopmail.com,Lyssa.Haldas@gmail.com,worker,21241
21341,Binny,Old,Binny.Old@yopmail.com,Binny.Old@gmail.com,worker,21242
21342,Ernesta,Harned,Ernesta.Harned@yopmail.com,Ernesta.Harned@gmail.com,worker,21243
21343,Heida,Hubert,Heida.Hubert@yopmail.com,Heida.Hubert@gmail.com,doctor,21244
21344,Florencia,Irmine,Florencia.Irmine@yopmail.com,Florencia.Irmine@gmail.com,worker,21245
21345,Elvira,Torray,Elvira.Torray@yopmail.com,Elvira.Torray@gmail.com,doctor,21246
21346,Theodora,Astra,Theodora.Astra@yopmail.com,Theodora.Astra@gmail.com,worker,21247
21347,Nollie,Leifeste,Nollie.Leifeste@yopmail.com,Nollie.Leifeste@gmail.com,police officer,21248
21348,Collen,MacIntosh,Collen.MacIntosh@yopmail.com,Collen.MacIntosh@gmail.com,developer,21249
21349,Lelah,Giff,Lelah.Giff@yopmail.com,Lelah.Giff@gmail.com,firefighter,21250
21350,Aimil,Berard,Aimil.Berard@yopmail.com,Aimil.Berard@gmail.com,worker,21251
21351,Kristan,Ophelia,Kristan.Ophelia@yopmail.com,Kristan.Ophelia@gmail.com,firefighter,21252
21352,Dede,Linskey,Dede.Linskey@yopmail.com,Dede.Linskey@gmail.com,doctor,21253
21353,Keelia,Fancie,Keelia.Fancie@yopmail.com,Keelia.Fancie@gmail.com,police officer,21254
21354,Glynnis,Lytton,Glynnis.Lytton@yopmail.com,Glynnis.Lytton@gmail.com,firefighter,21255
21355,Michaelina,Thilda,Michaelina.Thilda@yopmail.com,Michaelina.Thilda@gmail.com,doctor,21256
21356,Dorice,Ietta,Dorice.Ietta@yopmail.com,Dorice.Ietta@gmail.com,developer,21257
21357,Yvonne,Hathaway,Yvonne.Hathaway@yopmail.com,Yvonne.Hathaway@gmail.com,worker,21258
21358,Janis,Sheng,Janis.Sheng@yopmail.com,Janis.Sheng@gmail.com,doctor,21259
21359,Sophia,Heidt,Sophia.Heidt@yopmail.com,Sophia.Heidt@gmail.com,doctor,21260
21360,Dyann,Teddman,Dyann.Teddman@yopmail.com,Dyann.Teddman@gmail.com,doctor,21261
21361,Jany,Mich,Jany.Mich@yopmail.com,Jany.Mich@gmail.com,worker,21262
21362,Zsa Zsa,Lail,Zsa Zsa.Lail@yopmail.com,Zsa Zsa.Lail@gmail.com,developer,21263
21363,Paola,Dulciana,Paola.Dulciana@yopmail.com,Paola.Dulciana@gmail.com,worker,21264
21364,Gertrud,Gaulin,Gertrud.Gaulin@yopmail.com,Gertrud.Gaulin@gmail.com,developer,21265
21365,Fred,Eckblad,Fred.Eckblad@yopmail.com,Fred.Eckblad@gmail.com,firefighter,21266
21366,Nariko,Melan,Nariko.Melan@yopmail.com,Nariko.Melan@gmail.com,worker,21267
21367,Ezmeralda,Cressida,Ezmeralda.Cressida@yopmail.com,Ezmeralda.Cressida@gmail.com,worker,21268
21368,Wynne,Dex,Wynne.Dex@yopmail.com,Wynne.Dex@gmail.com,police officer,21269
21369,Cristabel,Raama,Cristabel.Raama@yopmail.com,Cristabel.Raama@gmail.com,developer,21270
21370,Marsiella,Faria,Marsiella.Faria@yopmail.com,Marsiella.Faria@gmail.com,police officer,21271
21371,Etta,Wadell,Etta.Wadell@yopmail.com,Etta.Wadell@gmail.com,developer,21272
21372,Max,Vivle,Max.Vivle@yopmail.com,Max.Vivle@gmail.com,worker,21273
21373,Siana,Suanne,Siana.Suanne@yopmail.com,Siana.Suanne@gmail.com,police officer,21274
21374,Cyb,Bashemeth,Cyb.Bashemeth@yopmail.com,Cyb.Bashemeth@gmail.com,firefighter,21275
21375,Brianna,Stanwood,Brianna.Stanwood@yopmail.com,Brianna.Stanwood@gmail.com,doctor,21276
21376,Nataline,Holbrook,Nataline.Holbrook@yopmail.com,Nataline.Holbrook@gmail.com,doctor,21277
21377,Tressa,Wattenberg,Tressa.Wattenberg@yopmail.com,Tressa.Wattenberg@gmail.com,worker,21278
21378,Alyssa,Amasa,Alyssa.Amasa@yopmail.com,Alyssa.Amasa@gmail.com,worker,21279
21379,Raquela,Leffen,Raquela.Leffen@yopmail.com,Raquela.Leffen@gmail.com,developer,21280
21380,Ilse,Mata,Ilse.Mata@yopmail.com,Ilse.Mata@gmail.com,doctor,21281
21381,Sheelagh,Ovid,Sheelagh.Ovid@yopmail.com,Sheelagh.Ovid@gmail.com,firefighter,21282
21382,Queenie,Lemuela,Queenie.Lemuela@yopmail.com,Queenie.Lemuela@gmail.com,doctor,21283
21383,Constance,Granoff,Constance.Granoff@yopmail.com,Constance.Granoff@gmail.com,firefighter,21284
21384,Nonnah,Yate,Nonnah.Yate@yopmail.com,Nonnah.Yate@gmail.com,police officer,21285
21385,Ariela,Bashemeth,Ariela.Bashemeth@yopmail.com,Ariela.Bashemeth@gmail.com,worker,21286
21386,Tobe,Wesle,Tobe.Wesle@yopmail.com,Tobe.Wesle@gmail.com,worker,21287
21387,Briney,Sawtelle,Briney.Sawtelle@yopmail.com,Briney.Sawtelle@gmail.com,firefighter,21288
21388,Ermengarde,Knowling,Ermengarde.Knowling@yopmail.com,Ermengarde.Knowling@gmail.com,developer,21289
21389,Emelina,Isacco,Emelina.Isacco@yopmail.com,Emelina.Isacco@gmail.com,police officer,21290
21390,Louella,Linskey,Louella.Linskey@yopmail.com,Louella.Linskey@gmail.com,police officer,21291
21391,Di,Deegan,Di.Deegan@yopmail.com,Di.Deegan@gmail.com,firefighter,21292
21392,Raina,Han,Raina.Han@yopmail.com,Raina.Han@gmail.com,worker,21293
21393,Sissy,Kussell,Sissy.Kussell@yopmail.com,Sissy.Kussell@gmail.com,developer,21294
21394,Paulita,Melleta,Paulita.Melleta@yopmail.com,Paulita.Melleta@gmail.com,worker,21295
21395,Eadie,Orlene,Eadie.Orlene@yopmail.com,Eadie.Orlene@gmail.com,developer,21296
21396,Tressa,Olin,Tressa.Olin@yopmail.com,Tressa.Olin@gmail.com,worker,21297
21397,Concettina,Arne,Concettina.Arne@yopmail.com,Concettina.Arne@gmail.com,worker,21298
21398,Correy,Ethban,Correy.Ethban@yopmail.com,Correy.Ethban@gmail.com,police officer,21299
21399,Amalie,Gillan,Amalie.Gillan@yopmail.com,Amalie.Gillan@gmail.com,firefighter,21300
21400,Ariela,Aaberg,Ariela.Aaberg@yopmail.com,Ariela.Aaberg@gmail.com,firefighter,21301
21401,Inga,Muriel,Inga.Muriel@yopmail.com,Inga.Muriel@gmail.com,police officer,21302
21402,Candi,Eliathas,Candi.Eliathas@yopmail.com,Candi.Eliathas@gmail.com,doctor,21303
21403,Charissa,Cressida,Charissa.Cressida@yopmail.com,Charissa.Cressida@gmail.com,doctor,21304
21404,Vonny,Korey,Vonny.Korey@yopmail.com,Vonny.Korey@gmail.com,firefighter,21305
21405,Vivia,Koehler,Vivia.Koehler@yopmail.com,Vivia.Koehler@gmail.com,firefighter,21306
21406,Bernardine,Medrek,Bernardine.Medrek@yopmail.com,Bernardine.Medrek@gmail.com,doctor,21307
21407,Gilda,Odell,Gilda.Odell@yopmail.com,Gilda.Odell@gmail.com,worker,21308
21408,Thalia,Wildermuth,Thalia.Wildermuth@yopmail.com,Thalia.Wildermuth@gmail.com,firefighter,21309
21409,Fanny,Calhoun,Fanny.Calhoun@yopmail.com,Fanny.Calhoun@gmail.com,developer,21310
21410,Coral,Faust,Coral.Faust@yopmail.com,Coral.Faust@gmail.com,doctor,21311
21411,Talya,Yoko,Talya.Yoko@yopmail.com,Talya.Yoko@gmail.com,doctor,21312
21412,Gusella,Marden,Gusella.Marden@yopmail.com,Gusella.Marden@gmail.com,doctor,21313
21413,Kristina,Medrek,Kristina.Medrek@yopmail.com,Kristina.Medrek@gmail.com,developer,21314
21414,Kate,Edison,Kate.Edison@yopmail.com,Kate.Edison@gmail.com,doctor,21315
21415,Dominga,Ambrosia,Dominga.Ambrosia@yopmail.com,Dominga.Ambrosia@gmail.com,developer,21316
21416,Mamie,Korey,Mamie.Korey@yopmail.com,Mamie.Korey@gmail.com,police officer,21317
21417,Janis,Saint,Janis.Saint@yopmail.com,Janis.Saint@gmail.com,firefighter,21318
21418,Lory,Torray,Lory.Torray@yopmail.com,Lory.Torray@gmail.com,police officer,21319
21419,Philis,Aprile,Philis.Aprile@yopmail.com,Philis.Aprile@gmail.com,police officer,21320
21420,Karena,Susannah,Karena.Susannah@yopmail.com,Karena.Susannah@gmail.com,firefighter,21321
21421,Sallie,Brackely,Sallie.Brackely@yopmail.com,Sallie.Brackely@gmail.com,worker,21322
21422,Ardeen,Rhu,Ardeen.Rhu@yopmail.com,Ardeen.Rhu@gmail.com,doctor,21323
21423,Leona,Vary,Leona.Vary@yopmail.com,Leona.Vary@gmail.com,police officer,21324
21424,Clary,Maroney,Clary.Maroney@yopmail.com,Clary.Maroney@gmail.com,firefighter,21325
21425,Melisent,Byrne,Melisent.Byrne@yopmail.com,Melisent.Byrne@gmail.com,developer,21326
21426,Rani,Saint,Rani.Saint@yopmail.com,Rani.Saint@gmail.com,firefighter,21327
21427,Merci,Moina,Merci.Moina@yopmail.com,Merci.Moina@gmail.com,doctor,21328
21428,Renie,Bennie,Renie.Bennie@yopmail.com,Renie.Bennie@gmail.com,firefighter,21329
21429,Sandie,Primalia,Sandie.Primalia@yopmail.com,Sandie.Primalia@gmail.com,firefighter,21330
21430,Flory,Emerson,Flory.Emerson@yopmail.com,Flory.Emerson@gmail.com,police officer,21331
21431,Chrystel,Tound,Chrystel.Tound@yopmail.com,Chrystel.Tound@gmail.com,police officer,21332
21432,Kerrin,Vastah,Kerrin.Vastah@yopmail.com,Kerrin.Vastah@gmail.com,doctor,21333
21433,Imojean,Marcellus,Imojean.Marcellus@yopmail.com,Imojean.Marcellus@gmail.com,police officer,21334
21434,Willetta,Christal,Willetta.Christal@yopmail.com,Willetta.Christal@gmail.com,worker,21335
21435,Johna,Docilla,Johna.Docilla@yopmail.com,Johna.Docilla@gmail.com,doctor,21336
21436,Shannah,Barrus,Shannah.Barrus@yopmail.com,Shannah.Barrus@gmail.com,police officer,21337
21437,Tatiania,Brittani,Tatiania.Brittani@yopmail.com,Tatiania.Brittani@gmail.com,developer,21338
21438,Agnese,Drus,Agnese.Drus@yopmail.com,Agnese.Drus@gmail.com,doctor,21339
21439,Amara,Terencio,Amara.Terencio@yopmail.com,Amara.Terencio@gmail.com,developer,21340
21440,Dorene,Marsden,Dorene.Marsden@yopmail.com,Dorene.Marsden@gmail.com,worker,21341
21441,Alisha,Gwenore,Alisha.Gwenore@yopmail.com,Alisha.Gwenore@gmail.com,police officer,21342
21442,Donnie,Brittani,Donnie.Brittani@yopmail.com,Donnie.Brittani@gmail.com,developer,21343
21443,Shannah,Viddah,Shannah.Viddah@yopmail.com,Shannah.Viddah@gmail.com,firefighter,21344
21444,Vonny,Berne,Vonny.Berne@yopmail.com,Vonny.Berne@gmail.com,worker,21345
21445,Gisela,Salchunas,Gisela.Salchunas@yopmail.com,Gisela.Salchunas@gmail.com,developer,21346
21446,Ketti,Lumbard,Ketti.Lumbard@yopmail.com,Ketti.Lumbard@gmail.com,worker,21347
21447,Eadie,Jenness,Eadie.Jenness@yopmail.com,Eadie.Jenness@gmail.com,doctor,21348
21448,Daryl,Sekofski,Daryl.Sekofski@yopmail.com,Daryl.Sekofski@gmail.com,developer,21349
21449,Lizzie,Trinetta,Lizzie.Trinetta@yopmail.com,Lizzie.Trinetta@gmail.com,developer,21350
21450,Aryn,Allare,Aryn.Allare@yopmail.com,Aryn.Allare@gmail.com,worker,21351
21451,Caritta,Joeann,Caritta.Joeann@yopmail.com,Caritta.Joeann@gmail.com,developer,21352
21452,Tabbatha,Gabrielli,Tabbatha.Gabrielli@yopmail.com,Tabbatha.Gabrielli@gmail.com,police officer,21353
21453,Etta,Andrel,Etta.Andrel@yopmail.com,Etta.Andrel@gmail.com,police officer,21354
21454,Joy,Luhe,Joy.Luhe@yopmail.com,Joy.Luhe@gmail.com,police officer,21355
21455,Addia,Erminia,Addia.Erminia@yopmail.com,Addia.Erminia@gmail.com,developer,21356
21456,Dorthy,Gombach,Dorthy.Gombach@yopmail.com,Dorthy.Gombach@gmail.com,police officer,21357
21457,Kristan,Diann,Kristan.Diann@yopmail.com,Kristan.Diann@gmail.com,developer,21358
21458,Ermengarde,Sidonius,Ermengarde.Sidonius@yopmail.com,Ermengarde.Sidonius@gmail.com,police officer,21359
21459,Barbara,Celestine,Barbara.Celestine@yopmail.com,Barbara.Celestine@gmail.com,firefighter,21360
21460,Glenda,Seessel,Glenda.Seessel@yopmail.com,Glenda.Seessel@gmail.com,police officer,21361
21461,Deedee,Kendrick,Deedee.Kendrick@yopmail.com,Deedee.Kendrick@gmail.com,firefighter,21362
21462,Daphne,Even,Daphne.Even@yopmail.com,Daphne.Even@gmail.com,developer,21363
21463,Tarra,Kiersten,Tarra.Kiersten@yopmail.com,Tarra.Kiersten@gmail.com,police officer,21364
21464,Kathy,Kolnick,Kathy.Kolnick@yopmail.com,Kathy.Kolnick@gmail.com,doctor,21365
21465,Adelle,Talia,Adelle.Talia@yopmail.com,Adelle.Talia@gmail.com,worker,21366
21466,Marti,Phyllis,Marti.Phyllis@yopmail.com,Marti.Phyllis@gmail.com,worker,21367
21467,Genevra,Deegan,Genevra.Deegan@yopmail.com,Genevra.Deegan@gmail.com,police officer,21368
21468,Sue,Ammann,Sue.Ammann@yopmail.com,Sue.Ammann@gmail.com,doctor,21369
21469,Donetta,Westphal,Donetta.Westphal@yopmail.com,Donetta.Westphal@gmail.com,firefighter,21370
21470,Miquela,Wu,Miquela.Wu@yopmail.com,Miquela.Wu@gmail.com,police officer,21371
21471,Jeanna,Brian,Jeanna.Brian@yopmail.com,Jeanna.Brian@gmail.com,developer,21372
21472,Chandra,Estella,Chandra.Estella@yopmail.com,Chandra.Estella@gmail.com,worker,21373
21473,Frieda,Ethban,Frieda.Ethban@yopmail.com,Frieda.Ethban@gmail.com,developer,21374
21474,Addia,Erich,Addia.Erich@yopmail.com,Addia.Erich@gmail.com,firefighter,21375
21475,Kristan,Cloris,Kristan.Cloris@yopmail.com,Kristan.Cloris@gmail.com,doctor,21376
21476,Marcelline,Hull,Marcelline.Hull@yopmail.com,Marcelline.Hull@gmail.com,police officer,21377
21477,Tiffie,Oneida,Tiffie.Oneida@yopmail.com,Tiffie.Oneida@gmail.com,developer,21378
21478,Loree,Docilla,Loree.Docilla@yopmail.com,Loree.Docilla@gmail.com,doctor,21379
21479,Julieta,Grosz,Julieta.Grosz@yopmail.com,Julieta.Grosz@gmail.com,firefighter,21380
21480,Renae,Hamil,Renae.Hamil@yopmail.com,Renae.Hamil@gmail.com,firefighter,21381
21481,Laurene,Clara,Laurene.Clara@yopmail.com,Laurene.Clara@gmail.com,developer,21382
21482,Lucille,Alarise,Lucille.Alarise@yopmail.com,Lucille.Alarise@gmail.com,developer,21383
21483,Clementine,Payson,Clementine.Payson@yopmail.com,Clementine.Payson@gmail.com,firefighter,21384
21484,Ann-Marie,Wyn,Ann-Marie.Wyn@yopmail.com,Ann-Marie.Wyn@gmail.com,police officer,21385
21485,Ninnetta,Cavan,Ninnetta.Cavan@yopmail.com,Ninnetta.Cavan@gmail.com,worker,21386
21486,Kalina,Genna,Kalina.Genna@yopmail.com,Kalina.Genna@gmail.com,police officer,21387
21487,Nita,Donoghue,Nita.Donoghue@yopmail.com,Nita.Donoghue@gmail.com,police officer,21388
21488,Lonnie,Ricarda,Lonnie.Ricarda@yopmail.com,Lonnie.Ricarda@gmail.com,developer,21389
21489,Bernardine,Prober,Bernardine.Prober@yopmail.com,Bernardine.Prober@gmail.com,worker,21390
21490,Ardeen,Carlson,Ardeen.Carlson@yopmail.com,Ardeen.Carlson@gmail.com,firefighter,21391
21491,Joy,Madelene,Joy.Madelene@yopmail.com,Joy.Madelene@gmail.com,developer,21392
21492,Ingrid,Christine,Ingrid.Christine@yopmail.com,Ingrid.Christine@gmail.com,doctor,21393
21493,Mady,Rosalba,Mady.Rosalba@yopmail.com,Mady.Rosalba@gmail.com,worker,21394
21494,Vivia,Rodmann,Vivia.Rodmann@yopmail.com,Vivia.Rodmann@gmail.com,worker,21395
21495,Flory,Amadas,Flory.Amadas@yopmail.com,Flory.Amadas@gmail.com,firefighter,21396
21496,Joane,Warthman,Joane.Warthman@yopmail.com,Joane.Warthman@gmail.com,worker,21397
21497,Lily,Joseph,Lily.Joseph@yopmail.com,Lily.Joseph@gmail.com,doctor,21398
21498,Nita,Olympium,Nita.Olympium@yopmail.com,Nita.Olympium@gmail.com,worker,21399
21499,Genevra,Allina,Genevra.Allina@yopmail.com,Genevra.Allina@gmail.com,developer,21400
21500,Wanda,Jenness,Wanda.Jenness@yopmail.com,Wanda.Jenness@gmail.com,developer,21401
21501,Tatiania,Nicoline,Tatiania.Nicoline@yopmail.com,Tatiania.Nicoline@gmail.com,firefighter,21402
21502,Magdalena,Barney,Magdalena.Barney@yopmail.com,Magdalena.Barney@gmail.com,firefighter,21403
21503,Elyssa,Sacken,Elyssa.Sacken@yopmail.com,Elyssa.Sacken@gmail.com,worker,21404
21504,Tersina,Yusuk,Tersina.Yusuk@yopmail.com,Tersina.Yusuk@gmail.com,worker,21405
21505,Libbie,Evvie,Libbie.Evvie@yopmail.com,Libbie.Evvie@gmail.com,police officer,21406
21506,Genevra,Garlinda,Genevra.Garlinda@yopmail.com,Genevra.Garlinda@gmail.com,police officer,21407
21507,Charmaine,Horan,Charmaine.Horan@yopmail.com,Charmaine.Horan@gmail.com,firefighter,21408
21508,Elmira,Waite,Elmira.Waite@yopmail.com,Elmira.Waite@gmail.com,firefighter,21409
21509,Roberta,Cadmar,Roberta.Cadmar@yopmail.com,Roberta.Cadmar@gmail.com,worker,21410
21510,Vevay,Azeria,Vevay.Azeria@yopmail.com,Vevay.Azeria@gmail.com,worker,21411
21511,Andree,Tayib,Andree.Tayib@yopmail.com,Andree.Tayib@gmail.com,developer,21412
21512,Merci,Heisel,Merci.Heisel@yopmail.com,Merci.Heisel@gmail.com,developer,21413
21513,Eugine,Sinegold,Eugine.Sinegold@yopmail.com,Eugine.Sinegold@gmail.com,police officer,21414
21514,Marylou,Giff,Marylou.Giff@yopmail.com,Marylou.Giff@gmail.com,doctor,21415
21515,Bill,Cristi,Bill.Cristi@yopmail.com,Bill.Cristi@gmail.com,firefighter,21416
21516,Sandie,Ferino,Sandie.Ferino@yopmail.com,Sandie.Ferino@gmail.com,worker,21417
21517,Mellicent,Donell,Mellicent.Donell@yopmail.com,Mellicent.Donell@gmail.com,developer,21418
21518,Mathilda,Skurnik,Mathilda.Skurnik@yopmail.com,Mathilda.Skurnik@gmail.com,firefighter,21419
21519,Carree,Ellerey,Carree.Ellerey@yopmail.com,Carree.Ellerey@gmail.com,developer,21420
21520,Zaria,Heisel,Zaria.Heisel@yopmail.com,Zaria.Heisel@gmail.com,firefighter,21421
21521,Judy,Urania,Judy.Urania@yopmail.com,Judy.Urania@gmail.com,police officer,21422
21522,Caressa,Bluh,Caressa.Bluh@yopmail.com,Caressa.Bluh@gmail.com,doctor,21423
21523,Robinia,Kenwood,Robinia.Kenwood@yopmail.com,Robinia.Kenwood@gmail.com,developer,21424
21524,Millie,Chesna,Millie.Chesna@yopmail.com,Millie.Chesna@gmail.com,police officer,21425
21525,Roxane,Clie,Roxane.Clie@yopmail.com,Roxane.Clie@gmail.com,developer,21426
21526,Willetta,Angelis,Willetta.Angelis@yopmail.com,Willetta.Angelis@gmail.com,firefighter,21427
21527,Brooks,Shirberg,Brooks.Shirberg@yopmail.com,Brooks.Shirberg@gmail.com,worker,21428
21528,Phedra,Firmin,Phedra.Firmin@yopmail.com,Phedra.Firmin@gmail.com,developer,21429
21529,Lenna,Screens,Lenna.Screens@yopmail.com,Lenna.Screens@gmail.com,police officer,21430
21530,Berget,Sundin,Berget.Sundin@yopmail.com,Berget.Sundin@gmail.com,developer,21431
21531,Georgina,Kussell,Georgina.Kussell@yopmail.com,Georgina.Kussell@gmail.com,firefighter,21432
21532,Cam,Myrilla,Cam.Myrilla@yopmail.com,Cam.Myrilla@gmail.com,doctor,21433
21533,Pollyanna,Land,Pollyanna.Land@yopmail.com,Pollyanna.Land@gmail.com,worker,21434
21534,Gavrielle,Tjon,Gavrielle.Tjon@yopmail.com,Gavrielle.Tjon@gmail.com,police officer,21435
21535,Sara-Ann,Leonard,Sara-Ann.Leonard@yopmail.com,Sara-Ann.Leonard@gmail.com,worker,21436
21536,Tori,Wiener,Tori.Wiener@yopmail.com,Tori.Wiener@gmail.com,police officer,21437
21537,Raina,Cecile,Raina.Cecile@yopmail.com,Raina.Cecile@gmail.com,firefighter,21438
21538,Rochette,Diann,Rochette.Diann@yopmail.com,Rochette.Diann@gmail.com,police officer,21439
21539,Elie,Strephon,Elie.Strephon@yopmail.com,Elie.Strephon@gmail.com,developer,21440
21540,Katharina,Cloris,Katharina.Cloris@yopmail.com,Katharina.Cloris@gmail.com,doctor,21441
21541,Susette,Susannah,Susette.Susannah@yopmail.com,Susette.Susannah@gmail.com,developer,21442
21542,Christian,Westphal,Christian.Westphal@yopmail.com,Christian.Westphal@gmail.com,firefighter,21443
21543,Ottilie,Bendick,Ottilie.Bendick@yopmail.com,Ottilie.Bendick@gmail.com,police officer,21444
21544,Bernardine,Velick,Bernardine.Velick@yopmail.com,Bernardine.Velick@gmail.com,police officer,21445
21545,Sashenka,Stanwood,Sashenka.Stanwood@yopmail.com,Sashenka.Stanwood@gmail.com,worker,21446
21546,Beth,Leopold,Beth.Leopold@yopmail.com,Beth.Leopold@gmail.com,firefighter,21447
21547,Vinita,Kronfeld,Vinita.Kronfeld@yopmail.com,Vinita.Kronfeld@gmail.com,developer,21448
21548,Cristabel,Hermes,Cristabel.Hermes@yopmail.com,Cristabel.Hermes@gmail.com,doctor,21449
21549,Darlleen,Brieta,Darlleen.Brieta@yopmail.com,Darlleen.Brieta@gmail.com,worker,21450
21550,Kaja,Konyn,Kaja.Konyn@yopmail.com,Kaja.Konyn@gmail.com,firefighter,21451
21551,Jenda,Devlen,Jenda.Devlen@yopmail.com,Jenda.Devlen@gmail.com,developer,21452
21552,Karly,Middleton,Karly.Middleton@yopmail.com,Karly.Middleton@gmail.com,worker,21453
21553,Rozele,Rozanna,Rozele.Rozanna@yopmail.com,Rozele.Rozanna@gmail.com,doctor,21454
21554,Rhoda,Fulmer,Rhoda.Fulmer@yopmail.com,Rhoda.Fulmer@gmail.com,firefighter,21455
21555,Sheelagh,Marcellus,Sheelagh.Marcellus@yopmail.com,Sheelagh.Marcellus@gmail.com,police officer,21456
21556,Juliane,Weaks,Juliane.Weaks@yopmail.com,Juliane.Weaks@gmail.com,doctor,21457
21557,Heddie,Tomasina,Heddie.Tomasina@yopmail.com,Heddie.Tomasina@gmail.com,developer,21458
21558,Augustine,Infield,Augustine.Infield@yopmail.com,Augustine.Infield@gmail.com,worker,21459
21559,Tiffie,Morgun,Tiffie.Morgun@yopmail.com,Tiffie.Morgun@gmail.com,worker,21460
21560,Krystle,Paton,Krystle.Paton@yopmail.com,Krystle.Paton@gmail.com,doctor,21461
21561,Bettine,Gunn,Bettine.Gunn@yopmail.com,Bettine.Gunn@gmail.com,police officer,21462
21562,Susette,O'Neill,Susette.O'Neill@yopmail.com,Susette.O'Neill@gmail.com,developer,21463
21563,Kalina,Kathie,Kalina.Kathie@yopmail.com,Kalina.Kathie@gmail.com,developer,21464
21564,Marti,Hessler,Marti.Hessler@yopmail.com,Marti.Hessler@gmail.com,developer,21465
21565,Ursulina,Mauer,Ursulina.Mauer@yopmail.com,Ursulina.Mauer@gmail.com,doctor,21466
21566,Coral,Lymann,Coral.Lymann@yopmail.com,Coral.Lymann@gmail.com,worker,21467
21567,Netty,Gaal,Netty.Gaal@yopmail.com,Netty.Gaal@gmail.com,firefighter,21468
21568,Rosabelle,Paton,Rosabelle.Paton@yopmail.com,Rosabelle.Paton@gmail.com,police officer,21469
21569,Mamie,Clie,Mamie.Clie@yopmail.com,Mamie.Clie@gmail.com,doctor,21470
21570,Lily,Riordan,Lily.Riordan@yopmail.com,Lily.Riordan@gmail.com,worker,21471
21571,Lorne,Suanne,Lorne.Suanne@yopmail.com,Lorne.Suanne@gmail.com,firefighter,21472
21572,Gratia,Screens,Gratia.Screens@yopmail.com,Gratia.Screens@gmail.com,worker,21473
21573,Kimberley,Kermit,Kimberley.Kermit@yopmail.com,Kimberley.Kermit@gmail.com,doctor,21474
21574,Cissiee,Madaih,Cissiee.Madaih@yopmail.com,Cissiee.Madaih@gmail.com,firefighter,21475
21575,Susette,Cavan,Susette.Cavan@yopmail.com,Susette.Cavan@gmail.com,firefighter,21476
21576,Lisette,Drus,Lisette.Drus@yopmail.com,Lisette.Drus@gmail.com,police officer,21477
21577,Valera,Khorma,Valera.Khorma@yopmail.com,Valera.Khorma@gmail.com,worker,21478
21578,Marcelline,Douglass,Marcelline.Douglass@yopmail.com,Marcelline.Douglass@gmail.com,worker,21479
21579,Henriette,Hoban,Henriette.Hoban@yopmail.com,Henriette.Hoban@gmail.com,developer,21480
21580,Susan,Emmaline,Susan.Emmaline@yopmail.com,Susan.Emmaline@gmail.com,firefighter,21481
21581,Silvana,Markman,Silvana.Markman@yopmail.com,Silvana.Markman@gmail.com,worker,21482
21582,Stevana,Madaih,Stevana.Madaih@yopmail.com,Stevana.Madaih@gmail.com,police officer,21483
21583,Renie,Connelly,Renie.Connelly@yopmail.com,Renie.Connelly@gmail.com,worker,21484
21584,Jsandye,Cherianne,Jsandye.Cherianne@yopmail.com,Jsandye.Cherianne@gmail.com,doctor,21485
21585,Tomasina,Alwin,Tomasina.Alwin@yopmail.com,Tomasina.Alwin@gmail.com,doctor,21486
21586,Kassey,Jalbert,Kassey.Jalbert@yopmail.com,Kassey.Jalbert@gmail.com,police officer,21487
21587,Rhoda,Karylin,Rhoda.Karylin@yopmail.com,Rhoda.Karylin@gmail.com,police officer,21488
21588,Theodora,Cordi,Theodora.Cordi@yopmail.com,Theodora.Cordi@gmail.com,worker,21489
21589,Trixi,Dowski,Trixi.Dowski@yopmail.com,Trixi.Dowski@gmail.com,worker,21490
21590,Fawne,Rooney,Fawne.Rooney@yopmail.com,Fawne.Rooney@gmail.com,police officer,21491
21591,Marcy,Chandler,Marcy.Chandler@yopmail.com,Marcy.Chandler@gmail.com,police officer,21492
21592,Nananne,Raseda,Nananne.Raseda@yopmail.com,Nananne.Raseda@gmail.com,firefighter,21493
21593,Dorthy,Tacye,Dorthy.Tacye@yopmail.com,Dorthy.Tacye@gmail.com,developer,21494
21594,Alleen,Fleeta,Alleen.Fleeta@yopmail.com,Alleen.Fleeta@gmail.com,worker,21495
21595,Paulita,Aida,Paulita.Aida@yopmail.com,Paulita.Aida@gmail.com,worker,21496
21596,Cordi,Hortensia,Cordi.Hortensia@yopmail.com,Cordi.Hortensia@gmail.com,worker,21497
21597,Lory,Nance,Lory.Nance@yopmail.com,Lory.Nance@gmail.com,doctor,21498
21598,Annora,Wareing,Annora.Wareing@yopmail.com,Annora.Wareing@gmail.com,developer,21499
21599,Berget,Buffum,Berget.Buffum@yopmail.com,Berget.Buffum@gmail.com,firefighter,21500
