id,firstname,lastname,email,email2,profession,Field Name
21600,Carol-Jean,McClimans,Carol-Jean.McClimans@yopmail.com,Carol-Jean.McClimans@gmail.com,police officer,21501
21601,Adore,Korey,Adore.Korey@yopmail.com,Adore.Korey@gmail.com,doctor,21502
21602,Nita,Lynn,Nita.Lynn@yopmail.com,Nita.Lynn@gmail.com,police officer,21503
21603,Silvana,Riordan,Silvana.Riordan@yopmail.com,Silvana.Riordan@gmail.com,developer,21504
21604,Sheelagh,Kress,Sheelagh.Kress@yopmail.com,Sheelagh.Kress@gmail.com,doctor,21505
21605,Charmaine,Rillings,Charmaine.Rillings@yopmail.com,Charmaine.Rillings@gmail.com,doctor,21506
21606,Tobe,Ephrem,Tobe.Ephrem@yopmail.com,Tobe.Ephrem@gmail.com,doctor,21507
21607,Raf,Dimitris,Raf.Dimitris@yopmail.com,Raf.Dimitris@gmail.com,police officer,21508
21608,Aaren,Jerald,Aaren.Jerald@yopmail.com,Aaren.Jerald@gmail.com,worker,21509
21609,Arlena,Frodi,Arlena.Frodi@yopmail.com,Arlena.Frodi@gmail.com,doctor,21510
21610,Lexine,Craggie,Lexine.Craggie@yopmail.com,Lexine.Craggie@gmail.com,firefighter,21511
21611,Randa,Diann,Randa.Diann@yopmail.com,Randa.Diann@gmail.com,police officer,21512
21612,Therine,Paton,Therine.Paton@yopmail.com,Therine.Paton@gmail.com,police officer,21513
21613,Elie,Elephus,Elie.Elephus@yopmail.com,Elie.Elephus@gmail.com,worker,21514
21614,Stacey,Arathorn,Stacey.Arathorn@yopmail.com,Stacey.Arathorn@gmail.com,police officer,21515
21615,Sean,Brandice,Sean.Brandice@yopmail.com,Sean.Brandice@gmail.com,developer,21516
21616,Cyndie,Stevy,Cyndie.Stevy@yopmail.com,Cyndie.Stevy@gmail.com,worker,21517
21617,Malina,Marisa,Malina.Marisa@yopmail.com,Malina.Marisa@gmail.com,worker,21518
21618,Annora,Elvyn,Annora.Elvyn@yopmail.com,Annora.Elvyn@gmail.com,police officer,21519
21619,Lily,Ortrude,Lily.Ortrude@yopmail.com,Lily.Ortrude@gmail.com,police officer,21520
21620,Julieta,Alva,Julieta.Alva@yopmail.com,Julieta.Alva@gmail.com,police officer,21521
21621,Kimberley,Deegan,Kimberley.Deegan@yopmail.com,Kimberley.Deegan@gmail.com,firefighter,21522
21622,Lexine,Morrill,Lexine.Morrill@yopmail.com,Lexine.Morrill@gmail.com,developer,21523
21623,Sissy,Uird,Sissy.Uird@yopmail.com,Sissy.Uird@gmail.com,doctor,21524
21624,Donetta,Pulsifer,Donetta.Pulsifer@yopmail.com,Donetta.Pulsifer@gmail.com,doctor,21525
21625,Gerianna,Longfellow,Gerianna.Longfellow@yopmail.com,Gerianna.Longfellow@gmail.com,firefighter,21526
21626,Nataline,Cecile,Nataline.Cecile@yopmail.com,Nataline.Cecile@gmail.com,police officer,21527
21627,Miquela,Alrich,Miquela.Alrich@yopmail.com,Miquela.Alrich@gmail.com,developer,21528
21628,Annice,Millda,Annice.Millda@yopmail.com,Annice.Millda@gmail.com,developer,21529
21629,Carol-Jean,Keily,Carol-Jean.Keily@yopmail.com,Carol-Jean.Keily@gmail.com,police officer,21530
21630,Chastity,Georas,Chastity.Georas@yopmail.com,Chastity.Georas@gmail.com,firefighter,21531
21631,Genovera,Schonfeld,Genovera.Schonfeld@yopmail.com,Genovera.Schonfeld@gmail.com,police officer,21532
21632,Madeleine,Maples,Madeleine.Maples@yopmail.com,Madeleine.Maples@gmail.com,doctor,21533
21633,Andeee,Garbe,Andeee.Garbe@yopmail.com,Andeee.Garbe@gmail.com,police officer,21534
21634,Kamilah,Alva,Kamilah.Alva@yopmail.com,Kamilah.Alva@gmail.com,doctor,21535
21635,Concettina,Hamil,Concettina.Hamil@yopmail.com,Concettina.Hamil@gmail.com,police officer,21536
21636,Genovera,Kosey,Genovera.Kosey@yopmail.com,Genovera.Kosey@gmail.com,worker,21537
21637,Mamie,Kussell,Mamie.Kussell@yopmail.com,Mamie.Kussell@gmail.com,developer,21538
21638,Taffy,Juan,Taffy.Juan@yopmail.com,Taffy.Juan@gmail.com,doctor,21539
21639,Shauna,Evvie,Shauna.Evvie@yopmail.com,Shauna.Evvie@gmail.com,developer,21540
21640,Linzy,Sophronia,Linzy.Sophronia@yopmail.com,Linzy.Sophronia@gmail.com,doctor,21541
21641,Ronna,Ephrem,Ronna.Ephrem@yopmail.com,Ronna.Ephrem@gmail.com,doctor,21542
21642,Jinny,Ioab,Jinny.Ioab@yopmail.com,Jinny.Ioab@gmail.com,doctor,21543
21643,Sidoney,Ietta,Sidoney.Ietta@yopmail.com,Sidoney.Ietta@gmail.com,firefighter,21544
21644,Modestia,Millda,Modestia.Millda@yopmail.com,Modestia.Millda@gmail.com,doctor,21545
21645,Yvonne,Niles,Yvonne.Niles@yopmail.com,Yvonne.Niles@gmail.com,doctor,21546
21646,Dennie,Ball,Dennie.Ball@yopmail.com,Dennie.Ball@gmail.com,doctor,21547
21647,Mireielle,Hashim,Mireielle.Hashim@yopmail.com,Mireielle.Hashim@gmail.com,worker,21548
21648,Mahalia,Camden,Mahalia.Camden@yopmail.com,Mahalia.Camden@gmail.com,doctor,21549
21649,Bobbi,Oneida,Bobbi.Oneida@yopmail.com,Bobbi.Oneida@gmail.com,developer,21550
