id,firstname,lastname,email,email2,profession,Field Name
20100,Kirbee,Anton,Kirbee.Anton@yopmail.com,Kirbee.Anton@gmail.com,doctor,20001
20101,Lindie,Christal,Lindie.Christal@yopmail.com,Lindie.Christal@gmail.com,firefighter,20002
20102,Wynne,Raul,Wynne.Raul@yopmail.com,Wynne.Raul@gmail.com,developer,20003
20103,Dotty,Norrie,Dotty.Norrie@yopmail.com,Dotty.Norrie@gmail.com,police officer,20004
20104,Fanny,Alice,Fanny.Alice@yopmail.com,Fanny.Alice@gmail.com,doctor,20005
20105,Meriel,Pernick,Meriel.Pernick@yopmail.com,Meriel.Pernick@gmail.com,doctor,20006
20106,Corina,Connelly,Corina.Connelly@yopmail.com,Corina.Connelly@gmail.com,doctor,20007
20107,Christy,Morehouse,Christy.Morehouse@yopmail.com,Christy.Morehouse@gmail.com,developer,20008
20108,Sidoney,Cimbura,Sidoney.Cimbura@yopmail.com,Sidoney.Cimbura@gmail.com,firefighter,20009
20109,Daune,Pitt,Daune.Pitt@yopmail.com,Daune.Pitt@gmail.com,developer,20010
20110,Ida,Billye,Ida.Billye@yopmail.com,Ida.Billye@gmail.com,worker,20011
20111,Desirae,Lalitta,Desirae.Lalitta@yopmail.com,Desirae.Lalitta@gmail.com,doctor,20012
20112,Debee,Hunfredo,Debee.Hunfredo@yopmail.com,Debee.Hunfredo@gmail.com,developer,20013
20113,Maurene,Laurianne,Maurene.Laurianne@yopmail.com,Maurene.Laurianne@gmail.com,firefighter,20014
20114,Max,Kress,Max.Kress@yopmail.com,Max.Kress@gmail.com,firefighter,20015
20115,Damaris,Charmine,Damaris.Charmine@yopmail.com,Damaris.Charmine@gmail.com,police officer,20016
20116,Angela,Allina,Angela.Allina@yopmail.com,Angela.Allina@gmail.com,worker,20017
20117,Correy,Thad,Correy.Thad@yopmail.com,Correy.Thad@gmail.com,doctor,20018
20118,Teriann,Hull,Teriann.Hull@yopmail.com,Teriann.Hull@gmail.com,doctor,20019
20119,Catharine,Orlene,Catharine.Orlene@yopmail.com,Catharine.Orlene@gmail.com,firefighter,20020
20120,Alyda,Laverne,Alyda.Laverne@yopmail.com,Alyda.Laverne@gmail.com,doctor,20021
20121,Ottilie,Zamora,Ottilie.Zamora@yopmail.com,Ottilie.Zamora@gmail.com,worker,20022
20122,Berta,Moseley,Berta.Moseley@yopmail.com,Berta.Moseley@gmail.com,developer,20023
20123,Reeba,Neils,Reeba.Neils@yopmail.com,Reeba.Neils@gmail.com,police officer,20024
20124,Ericka,Timon,Ericka.Timon@yopmail.com,Ericka.Timon@gmail.com,firefighter,20025
20125,Liana,Neils,Liana.Neils@yopmail.com,Liana.Neils@gmail.com,developer,20026
20126,Gratia,Lindemann,Gratia.Lindemann@yopmail.com,Gratia.Lindemann@gmail.com,worker,20027
20127,Goldie,Luhe,Goldie.Luhe@yopmail.com,Goldie.Luhe@gmail.com,police officer,20028
20128,Marnia,Melony,Marnia.Melony@yopmail.com,Marnia.Melony@gmail.com,police officer,20029
20129,Sue,Loleta,Sue.Loleta@yopmail.com,Sue.Loleta@gmail.com,doctor,20030
20130,Lanna,Konyn,Lanna.Konyn@yopmail.com,Lanna.Konyn@gmail.com,doctor,20031
20131,Carlie,Kathie,Carlie.Kathie@yopmail.com,Carlie.Kathie@gmail.com,worker,20032
20132,Donnie,Alexandr,Donnie.Alexandr@yopmail.com,Donnie.Alexandr@gmail.com,firefighter,20033
20133,Claudina,Tryck,Claudina.Tryck@yopmail.com,Claudina.Tryck@gmail.com,police officer,20034
20134,Mara,Screens,Mara.Screens@yopmail.com,Mara.Screens@gmail.com,police officer,20035
20135,Claudina,Ardra,Claudina.Ardra@yopmail.com,Claudina.Ardra@gmail.com,worker,20036
20136,Camile,Morehouse,Camile.Morehouse@yopmail.com,Camile.Morehouse@gmail.com,doctor,20037
20137,Barbi,Milde,Barbi.Milde@yopmail.com,Barbi.Milde@gmail.com,developer,20038
20138,Blake,My,Blake.My@yopmail.com,Blake.My@gmail.com,developer,20039
20139,Clo,Meter,Clo.Meter@yopmail.com,Clo.Meter@gmail.com,developer,20040
20140,Pamella,Dahlia,Pamella.Dahlia@yopmail.com,Pamella.Dahlia@gmail.com,police officer,20041
20141,Rosabelle,Maurine,Rosabelle.Maurine@yopmail.com,Rosabelle.Maurine@gmail.com,firefighter,20042
20142,Ellette,Chobot,Ellette.Chobot@yopmail.com,Ellette.Chobot@gmail.com,police officer,20043
20143,Ulrike,Fillbert,Ulrike.Fillbert@yopmail.com,Ulrike.Fillbert@gmail.com,worker,20044
20144,Corly,Sigfrid,Corly.Sigfrid@yopmail.com,Corly.Sigfrid@gmail.com,developer,20045
20145,Therine,Teddman,Therine.Teddman@yopmail.com,Therine.Teddman@gmail.com,firefighter,20046
20146,Ada,Thunell,Ada.Thunell@yopmail.com,Ada.Thunell@gmail.com,developer,20047
20147,Larine,Dex,Larine.Dex@yopmail.com,Larine.Dex@gmail.com,police officer,20048
20148,Margalo,Natalia,Margalo.Natalia@yopmail.com,Margalo.Natalia@gmail.com,doctor,20049
20149,Carol-Jean,Freddi,Carol-Jean.Freddi@yopmail.com,Carol-Jean.Freddi@gmail.com,worker,20050
20150,Marsiella,Screens,Marsiella.Screens@yopmail.com,Marsiella.Screens@gmail.com,police officer,20051
20151,Marcy,Earlie,Marcy.Earlie@yopmail.com,Marcy.Earlie@gmail.com,doctor,20052
20152,Lulita,Rese,Lulita.Rese@yopmail.com,Lulita.Rese@gmail.com,developer,20053
20153,Christian,Ariella,Christian.Ariella@yopmail.com,Christian.Ariella@gmail.com,doctor,20054
20154,Jobi,Shelba,Jobi.Shelba@yopmail.com,Jobi.Shelba@gmail.com,developer,20055
20155,Max,Sharl,Max.Sharl@yopmail.com,Max.Sharl@gmail.com,developer,20056
20156,Margarette,Clywd,Margarette.Clywd@yopmail.com,Margarette.Clywd@gmail.com,worker,20057
20157,Melanie,Lumbard,Melanie.Lumbard@yopmail.com,Melanie.Lumbard@gmail.com,developer,20058
20158,Oona,Wiener,Oona.Wiener@yopmail.com,Oona.Wiener@gmail.com,doctor,20059
20159,Donetta,Miru,Donetta.Miru@yopmail.com,Donetta.Miru@gmail.com,worker,20060
20160,Minda,Clarissa,Minda.Clarissa@yopmail.com,Minda.Clarissa@gmail.com,worker,20061
20161,Elena,Pernick,Elena.Pernick@yopmail.com,Elena.Pernick@gmail.com,worker,20062
20162,Nariko,Brodench,Nariko.Brodench@yopmail.com,Nariko.Brodench@gmail.com,developer,20063
20163,Lory,Raimondo,Lory.Raimondo@yopmail.com,Lory.Raimondo@gmail.com,police officer,20064
20164,Deane,Raychel,Deane.Raychel@yopmail.com,Deane.Raychel@gmail.com,police officer,20065
20165,Alexine,Reidar,Alexine.Reidar@yopmail.com,Alexine.Reidar@gmail.com,firefighter,20066
20166,Etta,Aurelio,Etta.Aurelio@yopmail.com,Etta.Aurelio@gmail.com,firefighter,20067
20167,Nananne,Fulmer,Nananne.Fulmer@yopmail.com,Nananne.Fulmer@gmail.com,police officer,20068
20168,Carlie,Land,Carlie.Land@yopmail.com,Carlie.Land@gmail.com,worker,20069
20169,Verla,Burnside,Verla.Burnside@yopmail.com,Verla.Burnside@gmail.com,worker,20070
20170,Betta,Blisse,Betta.Blisse@yopmail.com,Betta.Blisse@gmail.com,police officer,20071
20171,Melodie,Lorain,Melodie.Lorain@yopmail.com,Melodie.Lorain@gmail.com,doctor,20072
20172,Katharina,Luhe,Katharina.Luhe@yopmail.com,Katharina.Luhe@gmail.com,police officer,20073
20173,Consuela,Gwenore,Consuela.Gwenore@yopmail.com,Consuela.Gwenore@gmail.com,worker,20074
20174,Maryellen,Docilla,Maryellen.Docilla@yopmail.com,Maryellen.Docilla@gmail.com,firefighter,20075
20175,Noelle,Means,Noelle.Means@yopmail.com,Noelle.Means@gmail.com,police officer,20076
20176,Liana,Carbo,Liana.Carbo@yopmail.com,Liana.Carbo@gmail.com,worker,20077
20177,Delilah,Lesley,Delilah.Lesley@yopmail.com,Delilah.Lesley@gmail.com,worker,20078
20178,Lynea,Jacobah,Lynea.Jacobah@yopmail.com,Lynea.Jacobah@gmail.com,police officer,20079
20179,Shell,Tound,Shell.Tound@yopmail.com,Shell.Tound@gmail.com,developer,20080
20180,Shaine,Drus,Shaine.Drus@yopmail.com,Shaine.Drus@gmail.com,doctor,20081
20181,Aili,Donell,Aili.Donell@yopmail.com,Aili.Donell@gmail.com,worker,20082
20182,Winifred,Zeeba,Winifred.Zeeba@yopmail.com,Winifred.Zeeba@gmail.com,developer,20083
20183,Wilma,Lia,Wilma.Lia@yopmail.com,Wilma.Lia@gmail.com,developer,20084
20184,Daphne,Ricki,Daphne.Ricki@yopmail.com,Daphne.Ricki@gmail.com,doctor,20085
20185,Ardenia,Camden,Ardenia.Camden@yopmail.com,Ardenia.Camden@gmail.com,doctor,20086
20186,Annice,Melan,Annice.Melan@yopmail.com,Annice.Melan@gmail.com,firefighter,20087
20187,Elise,Fancie,Elise.Fancie@yopmail.com,Elise.Fancie@gmail.com,worker,20088
20188,Arlina,Jenness,Arlina.Jenness@yopmail.com,Arlina.Jenness@gmail.com,doctor,20089
20189,Gloria,Malina,Gloria.Malina@yopmail.com,Gloria.Malina@gmail.com,worker,20090
20190,Agnese,Shields,Agnese.Shields@yopmail.com,Agnese.Shields@gmail.com,police officer,20091
20191,Gerianna,Durante,Gerianna.Durante@yopmail.com,Gerianna.Durante@gmail.com,worker,20092
20192,Glenda,Gombach,Glenda.Gombach@yopmail.com,Glenda.Gombach@gmail.com,developer,20093
20193,Catharine,Dannye,Catharine.Dannye@yopmail.com,Catharine.Dannye@gmail.com,developer,20094
20194,Rebeca,Katrine,Rebeca.Katrine@yopmail.com,Rebeca.Katrine@gmail.com,doctor,20095
20195,Feliza,Gladstone,Feliza.Gladstone@yopmail.com,Feliza.Gladstone@gmail.com,developer,20096
20196,Clarice,Bakerman,Clarice.Bakerman@yopmail.com,Clarice.Bakerman@gmail.com,developer,20097
20197,Lisette,Kesley,Lisette.Kesley@yopmail.com,Lisette.Kesley@gmail.com,doctor,20098
20198,Deedee,Mozelle,Deedee.Mozelle@yopmail.com,Deedee.Mozelle@gmail.com,firefighter,20099
20199,Devina,Buckler,Devina.Buckler@yopmail.com,Devina.Buckler@gmail.com,doctor,20100
20200,Kristina,Amand,Kristina.Amand@yopmail.com,Kristina.Amand@gmail.com,worker,20101
20201,Lucille,Mozelle,Lucille.Mozelle@yopmail.com,Lucille.Mozelle@gmail.com,developer,20102
20202,Aili,Dielu,Aili.Dielu@yopmail.com,Aili.Dielu@gmail.com,police officer,20103
20203,Kate,Mendez,Kate.Mendez@yopmail.com,Kate.Mendez@gmail.com,worker,20104
20204,Harrietta,Anastatius,Harrietta.Anastatius@yopmail.com,Harrietta.Anastatius@gmail.com,firefighter,20105
20205,Belva,Meter,Belva.Meter@yopmail.com,Belva.Meter@gmail.com,doctor,20106
20206,Felice,Melleta,Felice.Melleta@yopmail.com,Felice.Melleta@gmail.com,police officer,20107
20207,Patricia,Kussell,Patricia.Kussell@yopmail.com,Patricia.Kussell@gmail.com,firefighter,20108
20208,Konstance,Allare,Konstance.Allare@yopmail.com,Konstance.Allare@gmail.com,doctor,20109
20209,Augustine,MacIntosh,Augustine.MacIntosh@yopmail.com,Augustine.MacIntosh@gmail.com,worker,20110
20210,Annora,Raffo,Annora.Raffo@yopmail.com,Annora.Raffo@gmail.com,worker,20111
20211,Tani,Nicoline,Tani.Nicoline@yopmail.com,Tani.Nicoline@gmail.com,doctor,20112
20212,Dulcinea,Anselmi,Dulcinea.Anselmi@yopmail.com,Dulcinea.Anselmi@gmail.com,doctor,20113
20213,Genovera,Zrike,Genovera.Zrike@yopmail.com,Genovera.Zrike@gmail.com,police officer,20114
20214,Shel,Sawtelle,Shel.Sawtelle@yopmail.com,Shel.Sawtelle@gmail.com,firefighter,20115
20215,Misha,Lacombe,Misha.Lacombe@yopmail.com,Misha.Lacombe@gmail.com,firefighter,20116
20216,Babita,Billye,Babita.Billye@yopmail.com,Babita.Billye@gmail.com,developer,20117
20217,Amalie,Nance,Amalie.Nance@yopmail.com,Amalie.Nance@gmail.com,police officer,20118
20218,Ronna,Carleen,Ronna.Carleen@yopmail.com,Ronna.Carleen@gmail.com,doctor,20119
20219,Teriann,Hutchison,Teriann.Hutchison@yopmail.com,Teriann.Hutchison@gmail.com,police officer,20120
20220,Heida,Zina,Heida.Zina@yopmail.com,Heida.Zina@gmail.com,worker,20121
20221,Edee,Shirberg,Edee.Shirberg@yopmail.com,Edee.Shirberg@gmail.com,police officer,20122
20222,Rosabelle,Presber,Rosabelle.Presber@yopmail.com,Rosabelle.Presber@gmail.com,police officer,20123
20223,Marguerite,Podvin,Marguerite.Podvin@yopmail.com,Marguerite.Podvin@gmail.com,developer,20124
20224,Priscilla,Drisko,Priscilla.Drisko@yopmail.com,Priscilla.Drisko@gmail.com,developer,20125
20225,Deloria,Goerke,Deloria.Goerke@yopmail.com,Deloria.Goerke@gmail.com,firefighter,20126
20226,Anica,Maroney,Anica.Maroney@yopmail.com,Anica.Maroney@gmail.com,developer,20127
20227,Belinda,Kunin,Belinda.Kunin@yopmail.com,Belinda.Kunin@gmail.com,worker,20128
20228,Kylynn,Oster,Kylynn.Oster@yopmail.com,Kylynn.Oster@gmail.com,developer,20129
20229,Jere,Anyah,Jere.Anyah@yopmail.com,Jere.Anyah@gmail.com,worker,20130
20230,Arabel,Killigrew,Arabel.Killigrew@yopmail.com,Arabel.Killigrew@gmail.com,worker,20131
20231,Emelina,Mallon,Emelina.Mallon@yopmail.com,Emelina.Mallon@gmail.com,doctor,20132
20232,Kirstin,Byrne,Kirstin.Byrne@yopmail.com,Kirstin.Byrne@gmail.com,doctor,20133
20233,Olwen,Linehan,Olwen.Linehan@yopmail.com,Olwen.Linehan@gmail.com,firefighter,20134
20234,Anica,Noman,Anica.Noman@yopmail.com,Anica.Noman@gmail.com,firefighter,20135
20235,Brietta,Haymes,Brietta.Haymes@yopmail.com,Brietta.Haymes@gmail.com,police officer,20136
20236,Lyssa,Adalbert,Lyssa.Adalbert@yopmail.com,Lyssa.Adalbert@gmail.com,doctor,20137
20237,Farrah,Dalli,Farrah.Dalli@yopmail.com,Farrah.Dalli@gmail.com,doctor,20138
20238,Kaja,Nance,Kaja.Nance@yopmail.com,Kaja.Nance@gmail.com,doctor,20139
20239,Jeanna,Markman,Jeanna.Markman@yopmail.com,Jeanna.Markman@gmail.com,police officer,20140
20240,Reeba,Bivins,Reeba.Bivins@yopmail.com,Reeba.Bivins@gmail.com,worker,20141
20241,Loree,Wareing,Loree.Wareing@yopmail.com,Loree.Wareing@gmail.com,doctor,20142
20242,Averyl,Taima,Averyl.Taima@yopmail.com,Averyl.Taima@gmail.com,firefighter,20143
20243,Felice,Ardeha,Felice.Ardeha@yopmail.com,Felice.Ardeha@gmail.com,doctor,20144
20244,Randa,Erb,Randa.Erb@yopmail.com,Randa.Erb@gmail.com,firefighter,20145
20245,Selia,Kronfeld,Selia.Kronfeld@yopmail.com,Selia.Kronfeld@gmail.com,police officer,20146
20246,Cristine,Chaing,Cristine.Chaing@yopmail.com,Cristine.Chaing@gmail.com,developer,20147
20247,Linet,Tice,Linet.Tice@yopmail.com,Linet.Tice@gmail.com,doctor,20148
20248,Merle,Pozzy,Merle.Pozzy@yopmail.com,Merle.Pozzy@gmail.com,worker,20149
20249,Lelah,Lilybelle,Lelah.Lilybelle@yopmail.com,Lelah.Lilybelle@gmail.com,doctor,20150
20250,Mireielle,Neils,Mireielle.Neils@yopmail.com,Mireielle.Neils@gmail.com,firefighter,20151
20251,Agathe,Bartlett,Agathe.Bartlett@yopmail.com,Agathe.Bartlett@gmail.com,worker,20152
20252,Mady,Hanshaw,Mady.Hanshaw@yopmail.com,Mady.Hanshaw@gmail.com,firefighter,20153
20253,Nessie,Mandler,Nessie.Mandler@yopmail.com,Nessie.Mandler@gmail.com,firefighter,20154
20254,Coral,Ehrman,Coral.Ehrman@yopmail.com,Coral.Ehrman@gmail.com,police officer,20155
20255,Teddie,Zeeba,Teddie.Zeeba@yopmail.com,Teddie.Zeeba@gmail.com,firefighter,20156
20256,Dotty,Erich,Dotty.Erich@yopmail.com,Dotty.Erich@gmail.com,police officer,20157
20257,Edee,Jarib,Edee.Jarib@yopmail.com,Edee.Jarib@gmail.com,worker,20158
20258,Jaime,Tound,Jaime.Tound@yopmail.com,Jaime.Tound@gmail.com,firefighter,20159
20259,Alexine,Kristi,Alexine.Kristi@yopmail.com,Alexine.Kristi@gmail.com,developer,20160
20260,Maye,Pierette,Maye.Pierette@yopmail.com,Maye.Pierette@gmail.com,developer,20161
20261,Jinny,Ursulette,Jinny.Ursulette@yopmail.com,Jinny.Ursulette@gmail.com,firefighter,20162
20262,Correy,Lauraine,Correy.Lauraine@yopmail.com,Correy.Lauraine@gmail.com,firefighter,20163
20263,Ericka,Arquit,Ericka.Arquit@yopmail.com,Ericka.Arquit@gmail.com,doctor,20164
20264,Dede,Fax,Dede.Fax@yopmail.com,Dede.Fax@gmail.com,developer,20165
20265,Kassey,Kannry,Kassey.Kannry@yopmail.com,Kassey.Kannry@gmail.com,firefighter,20166
20266,Odessa,Ferino,Odessa.Ferino@yopmail.com,Odessa.Ferino@gmail.com,doctor,20167
20267,Myriam,Armanda,Myriam.Armanda@yopmail.com,Myriam.Armanda@gmail.com,worker,20168
20268,Mallory,Ailyn,Mallory.Ailyn@yopmail.com,Mallory.Ailyn@gmail.com,firefighter,20169
20269,Gisela,Drus,Gisela.Drus@yopmail.com,Gisela.Drus@gmail.com,doctor,20170
20270,Elsie,Seagraves,Elsie.Seagraves@yopmail.com,Elsie.Seagraves@gmail.com,police officer,20171
20271,Ruthe,Bebe,Ruthe.Bebe@yopmail.com,Ruthe.Bebe@gmail.com,firefighter,20172
20272,Millie,Yorick,Millie.Yorick@yopmail.com,Millie.Yorick@gmail.com,firefighter,20173
20273,Vita,Vastah,Vita.Vastah@yopmail.com,Vita.Vastah@gmail.com,developer,20174
20274,Ira,Behre,Ira.Behre@yopmail.com,Ira.Behre@gmail.com,police officer,20175
20275,Vivia,Torray,Vivia.Torray@yopmail.com,Vivia.Torray@gmail.com,police officer,20176
20276,Layla,O'Carroll,Layla.O'Carroll@yopmail.com,Layla.O'Carroll@gmail.com,police officer,20177
20277,Kellen,Sharl,Kellen.Sharl@yopmail.com,Kellen.Sharl@gmail.com,developer,20178
20278,Elka,Kauppi,Elka.Kauppi@yopmail.com,Elka.Kauppi@gmail.com,police officer,20179
20279,Tiffie,Cherianne,Tiffie.Cherianne@yopmail.com,Tiffie.Cherianne@gmail.com,police officer,20180
20280,Jeanna,Roarke,Jeanna.Roarke@yopmail.com,Jeanna.Roarke@gmail.com,doctor,20181
20281,Clary,Kazimir,Clary.Kazimir@yopmail.com,Clary.Kazimir@gmail.com,worker,20182
20282,Fidelia,Isacco,Fidelia.Isacco@yopmail.com,Fidelia.Isacco@gmail.com,police officer,20183
20283,Rani,Hourigan,Rani.Hourigan@yopmail.com,Rani.Hourigan@gmail.com,police officer,20184
20284,Vivia,Elephus,Vivia.Elephus@yopmail.com,Vivia.Elephus@gmail.com,firefighter,20185
20285,Eolanda,Ietta,Eolanda.Ietta@yopmail.com,Eolanda.Ietta@gmail.com,developer,20186
20286,Lenna,Wu,Lenna.Wu@yopmail.com,Lenna.Wu@gmail.com,doctor,20187
20287,Jordan,Rodmann,Jordan.Rodmann@yopmail.com,Jordan.Rodmann@gmail.com,doctor,20188
20288,Madeleine,Delp,Madeleine.Delp@yopmail.com,Madeleine.Delp@gmail.com,developer,20189
20289,Zaria,Bury,Zaria.Bury@yopmail.com,Zaria.Bury@gmail.com,police officer,20190
20290,Cacilie,Eben,Cacilie.Eben@yopmail.com,Cacilie.Eben@gmail.com,worker,20191
20291,Rubie,Lowry,Rubie.Lowry@yopmail.com,Rubie.Lowry@gmail.com,worker,20192
20292,Micheline,Tarrant,Micheline.Tarrant@yopmail.com,Micheline.Tarrant@gmail.com,police officer,20193
20293,Tybie,Mott,Tybie.Mott@yopmail.com,Tybie.Mott@gmail.com,worker,20194
20294,Myriam,Payson,Myriam.Payson@yopmail.com,Myriam.Payson@gmail.com,developer,20195
20295,Aurelie,Japeth,Aurelie.Japeth@yopmail.com,Aurelie.Japeth@gmail.com,police officer,20196
20296,Linzy,Bouchard,Linzy.Bouchard@yopmail.com,Linzy.Bouchard@gmail.com,doctor,20197
20297,Constance,Pelagias,Constance.Pelagias@yopmail.com,Constance.Pelagias@gmail.com,doctor,20198
20298,Roseline,Toni,Roseline.Toni@yopmail.com,Roseline.Toni@gmail.com,doctor,20199
20299,Phylis,Sallyann,Phylis.Sallyann@yopmail.com,Phylis.Sallyann@gmail.com,firefighter,20200
20300,Kirbee,Lissi,Kirbee.Lissi@yopmail.com,Kirbee.Lissi@gmail.com,developer,20201
20301,Nita,Ciapas,Nita.Ciapas@yopmail.com,Nita.Ciapas@gmail.com,worker,20202
20302,Tatiania,Glenden,Tatiania.Glenden@yopmail.com,Tatiania.Glenden@gmail.com,firefighter,20203
20303,Betta,Holbrook,Betta.Holbrook@yopmail.com,Betta.Holbrook@gmail.com,doctor,20204
20304,Willetta,Yate,Willetta.Yate@yopmail.com,Willetta.Yate@gmail.com,firefighter,20205
20305,Sabina,Vharat,Sabina.Vharat@yopmail.com,Sabina.Vharat@gmail.com,firefighter,20206
20306,Annice,Bury,Annice.Bury@yopmail.com,Annice.Bury@gmail.com,worker,20207
20307,Consuela,Ludewig,Consuela.Ludewig@yopmail.com,Consuela.Ludewig@gmail.com,police officer,20208
20308,Natka,Sisile,Natka.Sisile@yopmail.com,Natka.Sisile@gmail.com,developer,20209
20309,Emilia,Ade,Emilia.Ade@yopmail.com,Emilia.Ade@gmail.com,doctor,20210
20310,Hallie,Boycey,Hallie.Boycey@yopmail.com,Hallie.Boycey@gmail.com,police officer,20211
20311,Joy,Si,Joy.Si@yopmail.com,Joy.Si@gmail.com,doctor,20212
20312,Paulita,Hurley,Paulita.Hurley@yopmail.com,Paulita.Hurley@gmail.com,doctor,20213
20313,Sibella,Roxanna,Sibella.Roxanna@yopmail.com,Sibella.Roxanna@gmail.com,police officer,20214
20314,Sophia,Zitvaa,Sophia.Zitvaa@yopmail.com,Sophia.Zitvaa@gmail.com,doctor,20215
20315,Marleah,Kussell,Marleah.Kussell@yopmail.com,Marleah.Kussell@gmail.com,doctor,20216
20316,Molli,Kiersten,Molli.Kiersten@yopmail.com,Molli.Kiersten@gmail.com,firefighter,20217
20317,Romona,Byrne,Romona.Byrne@yopmail.com,Romona.Byrne@gmail.com,firefighter,20218
20318,Rivalee,Junie,Rivalee.Junie@yopmail.com,Rivalee.Junie@gmail.com,worker,20219
20319,Lilith,Brieta,Lilith.Brieta@yopmail.com,Lilith.Brieta@gmail.com,worker,20220
20320,Marjie,Felizio,Marjie.Felizio@yopmail.com,Marjie.Felizio@gmail.com,doctor,20221
20321,Phedra,Cleo,Phedra.Cleo@yopmail.com,Phedra.Cleo@gmail.com,worker,20222
20322,Maisey,Presber,Maisey.Presber@yopmail.com,Maisey.Presber@gmail.com,developer,20223
20323,Dulce,Colleen,Dulce.Colleen@yopmail.com,Dulce.Colleen@gmail.com,firefighter,20224
20324,Amara,Romelda,Amara.Romelda@yopmail.com,Amara.Romelda@gmail.com,doctor,20225
20325,Danny,Dawkins,Danny.Dawkins@yopmail.com,Danny.Dawkins@gmail.com,doctor,20226
20326,Margette,Kazimir,Margette.Kazimir@yopmail.com,Margette.Kazimir@gmail.com,police officer,20227
20327,Sharai,Velick,Sharai.Velick@yopmail.com,Sharai.Velick@gmail.com,worker,20228
20328,Betta,Hailee,Betta.Hailee@yopmail.com,Betta.Hailee@gmail.com,firefighter,20229
20329,Oralee,Ellord,Oralee.Ellord@yopmail.com,Oralee.Ellord@gmail.com,police officer,20230
20330,Gui,Maurine,Gui.Maurine@yopmail.com,Gui.Maurine@gmail.com,firefighter,20231
20331,Riannon,Lareena,Riannon.Lareena@yopmail.com,Riannon.Lareena@gmail.com,firefighter,20232
20332,Elfreda,Chick,Elfreda.Chick@yopmail.com,Elfreda.Chick@gmail.com,police officer,20233
20333,Tiffie,Parsaye,Tiffie.Parsaye@yopmail.com,Tiffie.Parsaye@gmail.com,doctor,20234
20334,Clarice,Bivins,Clarice.Bivins@yopmail.com,Clarice.Bivins@gmail.com,doctor,20235
20335,Carilyn,Greenwald,Carilyn.Greenwald@yopmail.com,Carilyn.Greenwald@gmail.com,firefighter,20236
20336,Britte,Matthew,Britte.Matthew@yopmail.com,Britte.Matthew@gmail.com,firefighter,20237
20337,Lucille,Keelia,Lucille.Keelia@yopmail.com,Lucille.Keelia@gmail.com,worker,20238
20338,Marylou,Billye,Marylou.Billye@yopmail.com,Marylou.Billye@gmail.com,firefighter,20239
20339,Janeczka,Anton,Janeczka.Anton@yopmail.com,Janeczka.Anton@gmail.com,doctor,20240
20340,Myrtice,Fiester,Myrtice.Fiester@yopmail.com,Myrtice.Fiester@gmail.com,developer,20241
20341,Desirae,Sheng,Desirae.Sheng@yopmail.com,Desirae.Sheng@gmail.com,worker,20242
20342,Lauryn,Richers,Lauryn.Richers@yopmail.com,Lauryn.Richers@gmail.com,police officer,20243
20343,Verla,Simmonds,Verla.Simmonds@yopmail.com,Verla.Simmonds@gmail.com,developer,20244
20344,Glynnis,Sundin,Glynnis.Sundin@yopmail.com,Glynnis.Sundin@gmail.com,police officer,20245
20345,Vonny,Lowry,Vonny.Lowry@yopmail.com,Vonny.Lowry@gmail.com,developer,20246
20346,Lorie,Taam,Lorie.Taam@yopmail.com,Lorie.Taam@gmail.com,worker,20247
20347,Pierette,Zina,Pierette.Zina@yopmail.com,Pierette.Zina@gmail.com,worker,20248
20348,Nollie,Girardo,Nollie.Girardo@yopmail.com,Nollie.Girardo@gmail.com,worker,20249
20349,June,Gregrory,June.Gregrory@yopmail.com,June.Gregrory@gmail.com,developer,20250
20350,Rosanne,Sasnett,Rosanne.Sasnett@yopmail.com,Rosanne.Sasnett@gmail.com,firefighter,20251
20351,Averyl,Friede,Averyl.Friede@yopmail.com,Averyl.Friede@gmail.com,worker,20252
20352,Siana,Monaco,Siana.Monaco@yopmail.com,Siana.Monaco@gmail.com,developer,20253
20353,Nelle,Roxanna,Nelle.Roxanna@yopmail.com,Nelle.Roxanna@gmail.com,worker,20254
20354,Melina,Leary,Melina.Leary@yopmail.com,Melina.Leary@gmail.com,police officer,20255
20355,Heida,Danby,Heida.Danby@yopmail.com,Heida.Danby@gmail.com,developer,20256
20356,Jany,Bluh,Jany.Bluh@yopmail.com,Jany.Bluh@gmail.com,developer,20257
20357,Di,Harned,Di.Harned@yopmail.com,Di.Harned@gmail.com,worker,20258
20358,Rosene,Carolin,Rosene.Carolin@yopmail.com,Rosene.Carolin@gmail.com,doctor,20259
20359,Di,Gillan,Di.Gillan@yopmail.com,Di.Gillan@gmail.com,doctor,20260
20360,Wynne,Nickola,Wynne.Nickola@yopmail.com,Wynne.Nickola@gmail.com,worker,20261
20361,Marita,Candy,Marita.Candy@yopmail.com,Marita.Candy@gmail.com,developer,20262
20362,Sara-Ann,Henrie,Sara-Ann.Henrie@yopmail.com,Sara-Ann.Henrie@gmail.com,developer,20263
20363,Ekaterina,Kaja,Ekaterina.Kaja@yopmail.com,Ekaterina.Kaja@gmail.com,firefighter,20264
20364,Layla,Means,Layla.Means@yopmail.com,Layla.Means@gmail.com,worker,20265
20365,Sharlene,Madaih,Sharlene.Madaih@yopmail.com,Sharlene.Madaih@gmail.com,doctor,20266
20366,Etta,Margret,Etta.Margret@yopmail.com,Etta.Margret@gmail.com,doctor,20267
20367,Kamilah,Koehler,Kamilah.Koehler@yopmail.com,Kamilah.Koehler@gmail.com,firefighter,20268
20368,Joane,Krystle,Joane.Krystle@yopmail.com,Joane.Krystle@gmail.com,doctor,20269
20369,Rosene,McNully,Rosene.McNully@yopmail.com,Rosene.McNully@gmail.com,police officer,20270
20370,Maridel,Schlosser,Maridel.Schlosser@yopmail.com,Maridel.Schlosser@gmail.com,doctor,20271
20371,Romona,Gert,Romona.Gert@yopmail.com,Romona.Gert@gmail.com,firefighter,20272
20372,Lorie,Karna,Lorie.Karna@yopmail.com,Lorie.Karna@gmail.com,doctor,20273
20373,Pearline,Primalia,Pearline.Primalia@yopmail.com,Pearline.Primalia@gmail.com,developer,20274
20374,Shirlee,Gerge,Shirlee.Gerge@yopmail.com,Shirlee.Gerge@gmail.com,firefighter,20275
20375,Flory,Loring,Flory.Loring@yopmail.com,Flory.Loring@gmail.com,developer,20276
20376,Violet,Alva,Violet.Alva@yopmail.com,Violet.Alva@gmail.com,developer,20277
20377,Janeczka,Germann,Janeczka.Germann@yopmail.com,Janeczka.Germann@gmail.com,worker,20278
20378,Nessie,Minetta,Nessie.Minetta@yopmail.com,Nessie.Minetta@gmail.com,police officer,20279
20379,Marsiella,Brady,Marsiella.Brady@yopmail.com,Marsiella.Brady@gmail.com,firefighter,20280
20380,Nanete,Tybald,Nanete.Tybald@yopmail.com,Nanete.Tybald@gmail.com,firefighter,20281
20381,Ofilia,Hanshaw,Ofilia.Hanshaw@yopmail.com,Ofilia.Hanshaw@gmail.com,police officer,20282
20382,Carilyn,Baudin,Carilyn.Baudin@yopmail.com,Carilyn.Baudin@gmail.com,doctor,20283
20383,Nikki,Holtz,Nikki.Holtz@yopmail.com,Nikki.Holtz@gmail.com,police officer,20284
20384,Myriam,Schonfeld,Myriam.Schonfeld@yopmail.com,Myriam.Schonfeld@gmail.com,developer,20285
20385,Cissiee,Japeth,Cissiee.Japeth@yopmail.com,Cissiee.Japeth@gmail.com,doctor,20286
20386,Quintina,Haerr,Quintina.Haerr@yopmail.com,Quintina.Haerr@gmail.com,developer,20287
20387,Jacenta,Delila,Jacenta.Delila@yopmail.com,Jacenta.Delila@gmail.com,worker,20288
20388,Chandra,Thomasina,Chandra.Thomasina@yopmail.com,Chandra.Thomasina@gmail.com,developer,20289
20389,Marti,Argus,Marti.Argus@yopmail.com,Marti.Argus@gmail.com,firefighter,20290
20390,Josephine,Beniamino,Josephine.Beniamino@yopmail.com,Josephine.Beniamino@gmail.com,worker,20291
20391,Nadine,Gaspard,Nadine.Gaspard@yopmail.com,Nadine.Gaspard@gmail.com,firefighter,20292
20392,Nannie,Federica,Nannie.Federica@yopmail.com,Nannie.Federica@gmail.com,firefighter,20293
20393,Kylynn,Grimbly,Kylynn.Grimbly@yopmail.com,Kylynn.Grimbly@gmail.com,doctor,20294
20394,Brena,Carmena,Brena.Carmena@yopmail.com,Brena.Carmena@gmail.com,worker,20295
20395,Sara-Ann,Ioab,Sara-Ann.Ioab@yopmail.com,Sara-Ann.Ioab@gmail.com,worker,20296
20396,Melanie,Harday,Melanie.Harday@yopmail.com,Melanie.Harday@gmail.com,firefighter,20297
20397,Kathi,Phaidra,Kathi.Phaidra@yopmail.com,Kathi.Phaidra@gmail.com,police officer,20298
20398,Flo,Goddard,Flo.Goddard@yopmail.com,Flo.Goddard@gmail.com,worker,20299
20399,Leia,Hachmin,Leia.Hachmin@yopmail.com,Leia.Hachmin@gmail.com,worker,20300
20400,Jackie,Gower,Jackie.Gower@yopmail.com,Jackie.Gower@gmail.com,firefighter,20301
20401,Emylee,Artie,Emylee.Artie@yopmail.com,Emylee.Artie@gmail.com,developer,20302
20402,Lanna,Lilas,Lanna.Lilas@yopmail.com,Lanna.Lilas@gmail.com,firefighter,20303
20403,Patricia,Kirstin,Patricia.Kirstin@yopmail.com,Patricia.Kirstin@gmail.com,worker,20304
20404,Karolina,Pillsbury,Karolina.Pillsbury@yopmail.com,Karolina.Pillsbury@gmail.com,doctor,20305
20405,Sarette,Richers,Sarette.Richers@yopmail.com,Sarette.Richers@gmail.com,worker,20306
20406,Cordi,Gualtiero,Cordi.Gualtiero@yopmail.com,Cordi.Gualtiero@gmail.com,developer,20307
20407,Maurene,Kendrick,Maurene.Kendrick@yopmail.com,Maurene.Kendrick@gmail.com,doctor,20308
20408,Gerianna,Tufts,Gerianna.Tufts@yopmail.com,Gerianna.Tufts@gmail.com,developer,20309
20409,Karolina,Andrel,Karolina.Andrel@yopmail.com,Karolina.Andrel@gmail.com,firefighter,20310
20410,Viviene,Dex,Viviene.Dex@yopmail.com,Viviene.Dex@gmail.com,police officer,20311
20411,Rosabelle,Shirberg,Rosabelle.Shirberg@yopmail.com,Rosabelle.Shirberg@gmail.com,worker,20312
20412,Charissa,Colyer,Charissa.Colyer@yopmail.com,Charissa.Colyer@gmail.com,firefighter,20313
20413,Dede,Greyson,Dede.Greyson@yopmail.com,Dede.Greyson@gmail.com,police officer,20314
20414,Gusty,Tybald,Gusty.Tybald@yopmail.com,Gusty.Tybald@gmail.com,police officer,20315
20415,Mildrid,Edee,Mildrid.Edee@yopmail.com,Mildrid.Edee@gmail.com,firefighter,20316
20416,Loree,Moina,Loree.Moina@yopmail.com,Loree.Moina@gmail.com,developer,20317
20417,Tabbatha,Cullin,Tabbatha.Cullin@yopmail.com,Tabbatha.Cullin@gmail.com,firefighter,20318
20418,Diena,Cimbura,Diena.Cimbura@yopmail.com,Diena.Cimbura@gmail.com,developer,20319
20419,Cathie,Vilma,Cathie.Vilma@yopmail.com,Cathie.Vilma@gmail.com,firefighter,20320
20420,Adelle,Thornburg,Adelle.Thornburg@yopmail.com,Adelle.Thornburg@gmail.com,developer,20321
20421,Concettina,Allare,Concettina.Allare@yopmail.com,Concettina.Allare@gmail.com,firefighter,20322
20422,Britni,Montgomery,Britni.Montgomery@yopmail.com,Britni.Montgomery@gmail.com,doctor,20323
20423,Sadie,Fry,Sadie.Fry@yopmail.com,Sadie.Fry@gmail.com,firefighter,20324
20424,Maridel,Peti,Maridel.Peti@yopmail.com,Maridel.Peti@gmail.com,firefighter,20325
20425,Carmencita,Bobbee,Carmencita.Bobbee@yopmail.com,Carmencita.Bobbee@gmail.com,doctor,20326
20426,Nariko,Baudin,Nariko.Baudin@yopmail.com,Nariko.Baudin@gmail.com,developer,20327
20427,Noelle,Erminia,Noelle.Erminia@yopmail.com,Noelle.Erminia@gmail.com,developer,20328
20428,Audrie,Annabella,Audrie.Annabella@yopmail.com,Audrie.Annabella@gmail.com,doctor,20329
20429,Gretal,Mich,Gretal.Mich@yopmail.com,Gretal.Mich@gmail.com,worker,20330
20430,Imojean,Zrike,Imojean.Zrike@yopmail.com,Imojean.Zrike@gmail.com,worker,20331
20431,Carmencita,Morrill,Carmencita.Morrill@yopmail.com,Carmencita.Morrill@gmail.com,developer,20332
20432,Jacenta,Darbie,Jacenta.Darbie@yopmail.com,Jacenta.Darbie@gmail.com,doctor,20333
20433,Viviene,Zitvaa,Viviene.Zitvaa@yopmail.com,Viviene.Zitvaa@gmail.com,developer,20334
20434,Fernande,Santoro,Fernande.Santoro@yopmail.com,Fernande.Santoro@gmail.com,developer,20335
20435,Vere,Milde,Vere.Milde@yopmail.com,Vere.Milde@gmail.com,firefighter,20336
20436,Emilia,Berriman,Emilia.Berriman@yopmail.com,Emilia.Berriman@gmail.com,doctor,20337
20437,Iseabal,Jary,Iseabal.Jary@yopmail.com,Iseabal.Jary@gmail.com,police officer,20338
20438,Lucille,Regan,Lucille.Regan@yopmail.com,Lucille.Regan@gmail.com,firefighter,20339
20439,Livvyy,Shanley,Livvyy.Shanley@yopmail.com,Livvyy.Shanley@gmail.com,police officer,20340
20440,Mathilda,Shaver,Mathilda.Shaver@yopmail.com,Mathilda.Shaver@gmail.com,worker,20341
20441,Gwyneth,Ochs,Gwyneth.Ochs@yopmail.com,Gwyneth.Ochs@gmail.com,developer,20342
20442,Teddie,Hurley,Teddie.Hurley@yopmail.com,Teddie.Hurley@gmail.com,worker,20343
20443,Priscilla,Gamaliel,Priscilla.Gamaliel@yopmail.com,Priscilla.Gamaliel@gmail.com,police officer,20344
20444,Daphne,Lissi,Daphne.Lissi@yopmail.com,Daphne.Lissi@gmail.com,doctor,20345
20445,Janenna,Jeanne,Janenna.Jeanne@yopmail.com,Janenna.Jeanne@gmail.com,doctor,20346
20446,Kittie,Gillan,Kittie.Gillan@yopmail.com,Kittie.Gillan@gmail.com,doctor,20347
20447,Tami,Old,Tami.Old@yopmail.com,Tami.Old@gmail.com,firefighter,20348
20448,Codie,Durante,Codie.Durante@yopmail.com,Codie.Durante@gmail.com,developer,20349
20449,Kelly,Eldrid,Kelly.Eldrid@yopmail.com,Kelly.Eldrid@gmail.com,police officer,20350
20450,Barbi,Croix,Barbi.Croix@yopmail.com,Barbi.Croix@gmail.com,doctor,20351
20451,Sadie,Ranjiv,Sadie.Ranjiv@yopmail.com,Sadie.Ranjiv@gmail.com,firefighter,20352
20452,Aurelie,Vittoria,Aurelie.Vittoria@yopmail.com,Aurelie.Vittoria@gmail.com,firefighter,20353
20453,Randa,Linskey,Randa.Linskey@yopmail.com,Randa.Linskey@gmail.com,worker,20354
20454,Edee,Tacye,Edee.Tacye@yopmail.com,Edee.Tacye@gmail.com,firefighter,20355
20455,Kathy,Vharat,Kathy.Vharat@yopmail.com,Kathy.Vharat@gmail.com,doctor,20356
20456,Ida,Elbertina,Ida.Elbertina@yopmail.com,Ida.Elbertina@gmail.com,developer,20357
20457,Jorry,Saunderson,Jorry.Saunderson@yopmail.com,Jorry.Saunderson@gmail.com,doctor,20358
20458,Rani,Autrey,Rani.Autrey@yopmail.com,Rani.Autrey@gmail.com,worker,20359
20459,Ana,Schalles,Ana.Schalles@yopmail.com,Ana.Schalles@gmail.com,police officer,20360
20460,Kristan,Jerald,Kristan.Jerald@yopmail.com,Kristan.Jerald@gmail.com,doctor,20361
20461,Eugine,Vastah,Eugine.Vastah@yopmail.com,Eugine.Vastah@gmail.com,firefighter,20362
20462,Morganica,Aloise,Morganica.Aloise@yopmail.com,Morganica.Aloise@gmail.com,firefighter,20363
20463,Rori,Lea,Rori.Lea@yopmail.com,Rori.Lea@gmail.com,doctor,20364
20464,Neila,Mandler,Neila.Mandler@yopmail.com,Neila.Mandler@gmail.com,worker,20365
20465,Minne,Shanley,Minne.Shanley@yopmail.com,Minne.Shanley@gmail.com,worker,20366
20466,Kary,Xerxes,Kary.Xerxes@yopmail.com,Kary.Xerxes@gmail.com,police officer,20367
20467,Amalie,Tufts,Amalie.Tufts@yopmail.com,Amalie.Tufts@gmail.com,firefighter,20368
20468,Hayley,Alva,Hayley.Alva@yopmail.com,Hayley.Alva@gmail.com,firefighter,20369
20469,Mary,Forrer,Mary.Forrer@yopmail.com,Mary.Forrer@gmail.com,police officer,20370
20470,Letizia,McLaughlin,Letizia.McLaughlin@yopmail.com,Letizia.McLaughlin@gmail.com,doctor,20371
20471,Sheree,August,Sheree.August@yopmail.com,Sheree.August@gmail.com,doctor,20372
20472,Nadine,Bow,Nadine.Bow@yopmail.com,Nadine.Bow@gmail.com,developer,20373
20473,Nyssa,Prober,Nyssa.Prober@yopmail.com,Nyssa.Prober@gmail.com,police officer,20374
20474,Drucie,Schlosser,Drucie.Schlosser@yopmail.com,Drucie.Schlosser@gmail.com,developer,20375
20475,Carly,Eugenia,Carly.Eugenia@yopmail.com,Carly.Eugenia@gmail.com,worker,20376
20476,Jackie,Arquit,Jackie.Arquit@yopmail.com,Jackie.Arquit@gmail.com,doctor,20377
20477,Harrietta,Valerio,Harrietta.Valerio@yopmail.com,Harrietta.Valerio@gmail.com,developer,20378
20478,Peri,Karylin,Peri.Karylin@yopmail.com,Peri.Karylin@gmail.com,developer,20379
20479,Florie,Sikorski,Florie.Sikorski@yopmail.com,Florie.Sikorski@gmail.com,firefighter,20380
20480,Karolina,Borrell,Karolina.Borrell@yopmail.com,Karolina.Borrell@gmail.com,worker,20381
20481,Merry,Tiffa,Merry.Tiffa@yopmail.com,Merry.Tiffa@gmail.com,doctor,20382
20482,Oralee,Weaks,Oralee.Weaks@yopmail.com,Oralee.Weaks@gmail.com,worker,20383
20483,Constance,Stuart,Constance.Stuart@yopmail.com,Constance.Stuart@gmail.com,developer,20384
20484,Kathi,Gherardo,Kathi.Gherardo@yopmail.com,Kathi.Gherardo@gmail.com,worker,20385
20485,Dorothy,Hedve,Dorothy.Hedve@yopmail.com,Dorothy.Hedve@gmail.com,developer,20386
20486,Marjie,Markman,Marjie.Markman@yopmail.com,Marjie.Markman@gmail.com,police officer,20387
20487,Meghann,Annabella,Meghann.Annabella@yopmail.com,Meghann.Annabella@gmail.com,police officer,20388
20488,Nannie,Frodi,Nannie.Frodi@yopmail.com,Nannie.Frodi@gmail.com,police officer,20389
20489,Abbie,Mandler,Abbie.Mandler@yopmail.com,Abbie.Mandler@gmail.com,worker,20390
20490,Olivette,Presber,Olivette.Presber@yopmail.com,Olivette.Presber@gmail.com,police officer,20391
20491,Vevay,Ricki,Vevay.Ricki@yopmail.com,Vevay.Ricki@gmail.com,doctor,20392
20492,Leontine,Ivens,Leontine.Ivens@yopmail.com,Leontine.Ivens@gmail.com,police officer,20393
20493,Tina,Chobot,Tina.Chobot@yopmail.com,Tina.Chobot@gmail.com,police officer,20394
20494,Deane,Faria,Deane.Faria@yopmail.com,Deane.Faria@gmail.com,worker,20395
20495,Arabel,Carleen,Arabel.Carleen@yopmail.com,Arabel.Carleen@gmail.com,developer,20396
20496,Krystle,Horan,Krystle.Horan@yopmail.com,Krystle.Horan@gmail.com,doctor,20397
20497,Adelle,Telfer,Adelle.Telfer@yopmail.com,Adelle.Telfer@gmail.com,developer,20398
20498,Ida,Hanleigh,Ida.Hanleigh@yopmail.com,Ida.Hanleigh@gmail.com,worker,20399
20499,Elbertina,Bakerman,Elbertina.Bakerman@yopmail.com,Elbertina.Bakerman@gmail.com,police officer,20400
20500,Dacia,Arvo,Dacia.Arvo@yopmail.com,Dacia.Arvo@gmail.com,firefighter,20401
20501,Marika,Martsen,Marika.Martsen@yopmail.com,Marika.Martsen@gmail.com,doctor,20402
20502,Marjie,Chem,Marjie.Chem@yopmail.com,Marjie.Chem@gmail.com,police officer,20403
20503,Dania,Wittie,Dania.Wittie@yopmail.com,Dania.Wittie@gmail.com,doctor,20404
20504,Daryl,Greenwald,Daryl.Greenwald@yopmail.com,Daryl.Greenwald@gmail.com,firefighter,20405
20505,Nataline,Vastah,Nataline.Vastah@yopmail.com,Nataline.Vastah@gmail.com,firefighter,20406
20506,Theodora,Jammal,Theodora.Jammal@yopmail.com,Theodora.Jammal@gmail.com,firefighter,20407
20507,Millie,Frodi,Millie.Frodi@yopmail.com,Millie.Frodi@gmail.com,worker,20408
20508,Cordi,Margarete,Cordi.Margarete@yopmail.com,Cordi.Margarete@gmail.com,doctor,20409
20509,Violet,Carolin,Violet.Carolin@yopmail.com,Violet.Carolin@gmail.com,doctor,20410
20510,Raf,Hanshaw,Raf.Hanshaw@yopmail.com,Raf.Hanshaw@gmail.com,developer,20411
20511,Donetta,Lutero,Donetta.Lutero@yopmail.com,Donetta.Lutero@gmail.com,police officer,20412
20512,Sarette,Penelopa,Sarette.Penelopa@yopmail.com,Sarette.Penelopa@gmail.com,firefighter,20413
20513,Adelle,Gillan,Adelle.Gillan@yopmail.com,Adelle.Gillan@gmail.com,worker,20414
20514,Silvana,Hieronymus,Silvana.Hieronymus@yopmail.com,Silvana.Hieronymus@gmail.com,firefighter,20415
20515,Anthia,Redmond,Anthia.Redmond@yopmail.com,Anthia.Redmond@gmail.com,worker,20416
20516,Margarette,Alexandr,Margarette.Alexandr@yopmail.com,Margarette.Alexandr@gmail.com,developer,20417
20517,Leontine,Ciapas,Leontine.Ciapas@yopmail.com,Leontine.Ciapas@gmail.com,firefighter,20418
20518,Dawn,Ilka,Dawn.Ilka@yopmail.com,Dawn.Ilka@gmail.com,worker,20419
20519,Angela,Cassius,Angela.Cassius@yopmail.com,Angela.Cassius@gmail.com,firefighter,20420
20520,Veda,Koehler,Veda.Koehler@yopmail.com,Veda.Koehler@gmail.com,doctor,20421
20521,Yvonne,Creamer,Yvonne.Creamer@yopmail.com,Yvonne.Creamer@gmail.com,doctor,20422
20522,Mahalia,Seessel,Mahalia.Seessel@yopmail.com,Mahalia.Seessel@gmail.com,worker,20423
20523,Cassandra,Emmy,Cassandra.Emmy@yopmail.com,Cassandra.Emmy@gmail.com,developer,20424
20524,Siana,Hazlett,Siana.Hazlett@yopmail.com,Siana.Hazlett@gmail.com,developer,20425
20525,Lyssa,Jorgan,Lyssa.Jorgan@yopmail.com,Lyssa.Jorgan@gmail.com,worker,20426
20526,Jaclyn,Berard,Jaclyn.Berard@yopmail.com,Jaclyn.Berard@gmail.com,doctor,20427
20527,Corina,Edvard,Corina.Edvard@yopmail.com,Corina.Edvard@gmail.com,doctor,20428
20528,Ninnetta,Brunell,Ninnetta.Brunell@yopmail.com,Ninnetta.Brunell@gmail.com,developer,20429
20529,Bobinette,Manolo,Bobinette.Manolo@yopmail.com,Bobinette.Manolo@gmail.com,police officer,20430
20530,June,Seessel,June.Seessel@yopmail.com,June.Seessel@gmail.com,worker,20431
20531,Katuscha,Pond,Katuscha.Pond@yopmail.com,Katuscha.Pond@gmail.com,developer,20432
20532,Gianina,Christine,Gianina.Christine@yopmail.com,Gianina.Christine@gmail.com,firefighter,20433
20533,Arlina,Hanleigh,Arlina.Hanleigh@yopmail.com,Arlina.Hanleigh@gmail.com,worker,20434
20534,Dale,Skurnik,Dale.Skurnik@yopmail.com,Dale.Skurnik@gmail.com,worker,20435
20535,Michaelina,Vernier,Michaelina.Vernier@yopmail.com,Michaelina.Vernier@gmail.com,developer,20436
20536,Marinna,Hortensia,Marinna.Hortensia@yopmail.com,Marinna.Hortensia@gmail.com,worker,20437
20537,Henriette,Kosey,Henriette.Kosey@yopmail.com,Henriette.Kosey@gmail.com,firefighter,20438
20538,Merle,Stilwell,Merle.Stilwell@yopmail.com,Merle.Stilwell@gmail.com,doctor,20439
20539,Cyb,Rurik,Cyb.Rurik@yopmail.com,Cyb.Rurik@gmail.com,police officer,20440
20540,Tani,Love,Tani.Love@yopmail.com,Tani.Love@gmail.com,developer,20441
20541,Flo,Dawkins,Flo.Dawkins@yopmail.com,Flo.Dawkins@gmail.com,police officer,20442
20542,Shaine,Autrey,Shaine.Autrey@yopmail.com,Shaine.Autrey@gmail.com,police officer,20443
20543,Delilah,Paine,Delilah.Paine@yopmail.com,Delilah.Paine@gmail.com,firefighter,20444
20544,Ana,Himelman,Ana.Himelman@yopmail.com,Ana.Himelman@gmail.com,worker,20445
20545,Laurene,Hanleigh,Laurene.Hanleigh@yopmail.com,Laurene.Hanleigh@gmail.com,police officer,20446
20546,Arabel,Morrill,Arabel.Morrill@yopmail.com,Arabel.Morrill@gmail.com,developer,20447
20547,Brianna,Christal,Brianna.Christal@yopmail.com,Brianna.Christal@gmail.com,doctor,20448
20548,Demetris,Rocray,Demetris.Rocray@yopmail.com,Demetris.Rocray@gmail.com,doctor,20449
20549,Magdalena,Cottle,Magdalena.Cottle@yopmail.com,Magdalena.Cottle@gmail.com,doctor,20450
20550,Julieta,Kirstin,Julieta.Kirstin@yopmail.com,Julieta.Kirstin@gmail.com,police officer,20451
20551,Adelle,Whittaker,Adelle.Whittaker@yopmail.com,Adelle.Whittaker@gmail.com,worker,20452
20552,Genevra,Malina,Genevra.Malina@yopmail.com,Genevra.Malina@gmail.com,police officer,20453
20553,Rayna,Schonfeld,Rayna.Schonfeld@yopmail.com,Rayna.Schonfeld@gmail.com,worker,20454
20554,Shandie,Rosalba,Shandie.Rosalba@yopmail.com,Shandie.Rosalba@gmail.com,developer,20455
20555,Roseline,Vivle,Roseline.Vivle@yopmail.com,Roseline.Vivle@gmail.com,firefighter,20456
20556,Hayley,Hilbert,Hayley.Hilbert@yopmail.com,Hayley.Hilbert@gmail.com,doctor,20457
20557,Heddie,Damarra,Heddie.Damarra@yopmail.com,Heddie.Damarra@gmail.com,police officer,20458
20558,Kimberley,Amethist,Kimberley.Amethist@yopmail.com,Kimberley.Amethist@gmail.com,doctor,20459
20559,Kristan,Blake,Kristan.Blake@yopmail.com,Kristan.Blake@gmail.com,worker,20460
20560,Candi,Hilbert,Candi.Hilbert@yopmail.com,Candi.Hilbert@gmail.com,worker,20461
20561,Lilith,Dunkin,Lilith.Dunkin@yopmail.com,Lilith.Dunkin@gmail.com,developer,20462
20562,Mignon,Demitria,Mignon.Demitria@yopmail.com,Mignon.Demitria@gmail.com,firefighter,20463
20563,Chastity,Gregrory,Chastity.Gregrory@yopmail.com,Chastity.Gregrory@gmail.com,worker,20464
20564,Mureil,Fadiman,Mureil.Fadiman@yopmail.com,Mureil.Fadiman@gmail.com,developer,20465
20565,Sonni,Granoff,Sonni.Granoff@yopmail.com,Sonni.Granoff@gmail.com,worker,20466
20566,Jeanna,Hashim,Jeanna.Hashim@yopmail.com,Jeanna.Hashim@gmail.com,police officer,20467
20567,Emma,Catie,Emma.Catie@yopmail.com,Emma.Catie@gmail.com,developer,20468
20568,Lindie,Trinetta,Lindie.Trinetta@yopmail.com,Lindie.Trinetta@gmail.com,police officer,20469
20569,Christian,Selway,Christian.Selway@yopmail.com,Christian.Selway@gmail.com,developer,20470
20570,Vevay,Tamar,Vevay.Tamar@yopmail.com,Vevay.Tamar@gmail.com,developer,20471
20571,Elmira,Madox,Elmira.Madox@yopmail.com,Elmira.Madox@gmail.com,police officer,20472
20572,Berta,Fink,Berta.Fink@yopmail.com,Berta.Fink@gmail.com,firefighter,20473
20573,Elie,Fadiman,Elie.Fadiman@yopmail.com,Elie.Fadiman@gmail.com,worker,20474
20574,Gilda,August,Gilda.August@yopmail.com,Gilda.August@gmail.com,worker,20475
20575,Olwen,Junie,Olwen.Junie@yopmail.com,Olwen.Junie@gmail.com,police officer,20476
20576,Beverley,Bakerman,Beverley.Bakerman@yopmail.com,Beverley.Bakerman@gmail.com,police officer,20477
20577,Hope,Emanuel,Hope.Emanuel@yopmail.com,Hope.Emanuel@gmail.com,firefighter,20478
20578,Sonni,Auberbach,Sonni.Auberbach@yopmail.com,Sonni.Auberbach@gmail.com,doctor,20479
20579,Roxane,Delila,Roxane.Delila@yopmail.com,Roxane.Delila@gmail.com,firefighter,20480
20580,Rubie,Simmonds,Rubie.Simmonds@yopmail.com,Rubie.Simmonds@gmail.com,firefighter,20481
20581,Ida,Ralfston,Ida.Ralfston@yopmail.com,Ida.Ralfston@gmail.com,police officer,20482
20582,Fayre,Liva,Fayre.Liva@yopmail.com,Fayre.Liva@gmail.com,firefighter,20483
20583,Jessamyn,Warthman,Jessamyn.Warthman@yopmail.com,Jessamyn.Warthman@gmail.com,developer,20484
20584,Antonietta,An,Antonietta.An@yopmail.com,Antonietta.An@gmail.com,firefighter,20485
20585,Gwenneth,Stoller,Gwenneth.Stoller@yopmail.com,Gwenneth.Stoller@gmail.com,doctor,20486
20586,Wendi,Grayce,Wendi.Grayce@yopmail.com,Wendi.Grayce@gmail.com,doctor,20487
20587,Madalyn,Brady,Madalyn.Brady@yopmail.com,Madalyn.Brady@gmail.com,worker,20488
20588,Kamilah,O'Carroll,Kamilah.O'Carroll@yopmail.com,Kamilah.O'Carroll@gmail.com,firefighter,20489
20589,Neila,Hubert,Neila.Hubert@yopmail.com,Neila.Hubert@gmail.com,developer,20490
20590,Maridel,Swanhildas,Maridel.Swanhildas@yopmail.com,Maridel.Swanhildas@gmail.com,police officer,20491
20591,Eve,Dalli,Eve.Dalli@yopmail.com,Eve.Dalli@gmail.com,police officer,20492
20592,Violet,Niles,Violet.Niles@yopmail.com,Violet.Niles@gmail.com,police officer,20493
20593,Barbara,Bohlin,Barbara.Bohlin@yopmail.com,Barbara.Bohlin@gmail.com,police officer,20494
20594,Delilah,Croix,Delilah.Croix@yopmail.com,Delilah.Croix@gmail.com,firefighter,20495
20595,Gavrielle,Merat,Gavrielle.Merat@yopmail.com,Gavrielle.Merat@gmail.com,developer,20496
20596,Luci,Gino,Luci.Gino@yopmail.com,Luci.Gino@gmail.com,firefighter,20497
20597,Antonietta,Cristi,Antonietta.Cristi@yopmail.com,Antonietta.Cristi@gmail.com,firefighter,20498
20598,Nicoli,Chaing,Nicoli.Chaing@yopmail.com,Nicoli.Chaing@gmail.com,worker,20499
20599,Madelle,Mehalek,Madelle.Mehalek@yopmail.com,Madelle.Mehalek@gmail.com,firefighter,20500
