id,firstname,lastname,email,email2,profession,Field Name
21100,Dolli,Kravits,Dolli.Kravits@yopmail.com,Dolli.Kravits@gmail.com,developer,21001
21101,Annora,Cynar,Annora.Cynar@yopmail.com,Annora.Cynar@gmail.com,developer,21002
21102,Catharine,Ledah,Catharine.Ledah@yopmail.com,Catharine.Ledah@gmail.com,doctor,21003
21103,Ingrid,Raama,Ingrid.Raama@yopmail.com,Ingrid.Raama@gmail.com,doctor,21004
21104,Ardeen,Jerold,Ardeen.Jerold@yopmail.com,Ardeen.Jerold@gmail.com,doctor,21005
21105,Addia,Brandice,Addia.Brandice@yopmail.com,Addia.Brandice@gmail.com,developer,21006
21106,Emmey,Berne,Emmey.Berne@yopmail.com,Emmey.Berne@gmail.com,firefighter,21007
21107,Kalina,Weaks,Kalina.Weaks@yopmail.com,Kalina.Weaks@gmail.com,firefighter,21008
21108,Blake,Mandler,Blake.Mandler@yopmail.com,Blake.Mandler@gmail.com,doctor,21009
21109,Halette,Rocray,Halette.Rocray@yopmail.com,Halette.Rocray@gmail.com,doctor,21010
21110,Lanae,Gavrila,Lanae.Gavrila@yopmail.com,Lanae.Gavrila@gmail.com,firefighter,21011
21111,Anica,Alrich,Anica.Alrich@yopmail.com,Anica.Alrich@gmail.com,worker,21012
21112,Vere,Wyn,Vere.Wyn@yopmail.com,Vere.Wyn@gmail.com,developer,21013
21113,Raf,Levey,Raf.Levey@yopmail.com,Raf.Levey@gmail.com,developer,21014
21114,Peri,Tremayne,Peri.Tremayne@yopmail.com,Peri.Tremayne@gmail.com,worker,21015
21115,Gisela,Ade,Gisela.Ade@yopmail.com,Gisela.Ade@gmail.com,worker,21016
21116,Ilse,Bashemeth,Ilse.Bashemeth@yopmail.com,Ilse.Bashemeth@gmail.com,doctor,21017
21117,Dorene,Land,Dorene.Land@yopmail.com,Dorene.Land@gmail.com,developer,21018
21118,Antonietta,Astra,Antonietta.Astra@yopmail.com,Antonietta.Astra@gmail.com,police officer,21019
21119,Rozele,Corabella,Rozele.Corabella@yopmail.com,Rozele.Corabella@gmail.com,firefighter,21020
21120,Mallory,Mitzi,Mallory.Mitzi@yopmail.com,Mallory.Mitzi@gmail.com,police officer,21021
21121,Tarra,Chauncey,Tarra.Chauncey@yopmail.com,Tarra.Chauncey@gmail.com,developer,21022
21122,Larine,Lesley,Larine.Lesley@yopmail.com,Larine.Lesley@gmail.com,firefighter,21023
21123,Cassandra,MacIntosh,Cassandra.MacIntosh@yopmail.com,Cassandra.MacIntosh@gmail.com,worker,21024
21124,Ketti,Ehrman,Ketti.Ehrman@yopmail.com,Ketti.Ehrman@gmail.com,doctor,21025
21125,Aaren,Septima,Aaren.Septima@yopmail.com,Aaren.Septima@gmail.com,firefighter,21026
21126,Rozele,Kermit,Rozele.Kermit@yopmail.com,Rozele.Kermit@gmail.com,police officer,21027
21127,Aaren,Edmund,Aaren.Edmund@yopmail.com,Aaren.Edmund@gmail.com,firefighter,21028
21128,Brandise,Paine,Brandise.Paine@yopmail.com,Brandise.Paine@gmail.com,doctor,21029
21129,Averyl,Weaks,Averyl.Weaks@yopmail.com,Averyl.Weaks@gmail.com,doctor,21030
21130,Lucille,Ludewig,Lucille.Ludewig@yopmail.com,Lucille.Ludewig@gmail.com,police officer,21031
21131,Regina,August,Regina.August@yopmail.com,Regina.August@gmail.com,doctor,21032
21132,Elfreda,Raimondo,Elfreda.Raimondo@yopmail.com,Elfreda.Raimondo@gmail.com,doctor,21033
21133,Maisey,Michella,Maisey.Michella@yopmail.com,Maisey.Michella@gmail.com,developer,21034
21134,Shandie,Bethany,Shandie.Bethany@yopmail.com,Shandie.Bethany@gmail.com,police officer,21035
21135,Valeda,Reidar,Valeda.Reidar@yopmail.com,Valeda.Reidar@gmail.com,firefighter,21036
21136,Ariela,Halsey,Ariela.Halsey@yopmail.com,Ariela.Halsey@gmail.com,police officer,21037
21137,Iseabal,Earlie,Iseabal.Earlie@yopmail.com,Iseabal.Earlie@gmail.com,police officer,21038
21138,Gerianna,Tamsky,Gerianna.Tamsky@yopmail.com,Gerianna.Tamsky@gmail.com,doctor,21039
21139,Albertina,Garrison,Albertina.Garrison@yopmail.com,Albertina.Garrison@gmail.com,doctor,21040
21140,Chandra,Amadas,Chandra.Amadas@yopmail.com,Chandra.Amadas@gmail.com,doctor,21041
21141,Frieda,Ludewig,Frieda.Ludewig@yopmail.com,Frieda.Ludewig@gmail.com,worker,21042
21142,Ursulina,Billye,Ursulina.Billye@yopmail.com,Ursulina.Billye@gmail.com,worker,21043
21143,Yetty,Halla,Yetty.Halla@yopmail.com,Yetty.Halla@gmail.com,worker,21044
21144,Ardeen,Sharl,Ardeen.Sharl@yopmail.com,Ardeen.Sharl@gmail.com,developer,21045
21145,Ottilie,Bahr,Ottilie.Bahr@yopmail.com,Ottilie.Bahr@gmail.com,firefighter,21046
21146,Janis,Persse,Janis.Persse@yopmail.com,Janis.Persse@gmail.com,police officer,21047
21147,Roxane,Jerold,Roxane.Jerold@yopmail.com,Roxane.Jerold@gmail.com,worker,21048
21148,Jordan,Esmaria,Jordan.Esmaria@yopmail.com,Jordan.Esmaria@gmail.com,firefighter,21049
21149,Gilligan,Herrera,Gilligan.Herrera@yopmail.com,Gilligan.Herrera@gmail.com,doctor,21050
21150,Carol-Jean,Joli,Carol-Jean.Joli@yopmail.com,Carol-Jean.Joli@gmail.com,doctor,21051
21151,Joleen,Odysseus,Joleen.Odysseus@yopmail.com,Joleen.Odysseus@gmail.com,worker,21052
21152,Starla,Thilda,Starla.Thilda@yopmail.com,Starla.Thilda@gmail.com,developer,21053
21153,Darlleen,Kelula,Darlleen.Kelula@yopmail.com,Darlleen.Kelula@gmail.com,police officer,21054
21154,Carlie,Bronk,Carlie.Bronk@yopmail.com,Carlie.Bronk@gmail.com,worker,21055
21155,Alyssa,Sholley,Alyssa.Sholley@yopmail.com,Alyssa.Sholley@gmail.com,doctor,21056
21156,Viki,Chobot,Viki.Chobot@yopmail.com,Viki.Chobot@gmail.com,police officer,21057
21157,Madalyn,Jacinda,Madalyn.Jacinda@yopmail.com,Madalyn.Jacinda@gmail.com,doctor,21058
21158,Gabi,Carri,Gabi.Carri@yopmail.com,Gabi.Carri@gmail.com,doctor,21059
21159,Amelia,Therine,Amelia.Therine@yopmail.com,Amelia.Therine@gmail.com,firefighter,21060
21160,Ermengarde,Goode,Ermengarde.Goode@yopmail.com,Ermengarde.Goode@gmail.com,worker,21061
21161,Antonietta,Sandye,Antonietta.Sandye@yopmail.com,Antonietta.Sandye@gmail.com,police officer,21062
21162,Margarette,Arathorn,Margarette.Arathorn@yopmail.com,Margarette.Arathorn@gmail.com,developer,21063
21163,Libbie,Merna,Libbie.Merna@yopmail.com,Libbie.Merna@gmail.com,doctor,21064
21164,Doro,Stephie,Doro.Stephie@yopmail.com,Doro.Stephie@gmail.com,worker,21065
21165,Korrie,Shelba,Korrie.Shelba@yopmail.com,Korrie.Shelba@gmail.com,police officer,21066
21166,Jan,Riva,Jan.Riva@yopmail.com,Jan.Riva@gmail.com,firefighter,21067
21167,Arlena,Carleen,Arlena.Carleen@yopmail.com,Arlena.Carleen@gmail.com,developer,21068
21168,Iseabal,McLaughlin,Iseabal.McLaughlin@yopmail.com,Iseabal.McLaughlin@gmail.com,police officer,21069
21169,Kassey,Ajay,Kassey.Ajay@yopmail.com,Kassey.Ajay@gmail.com,developer,21070
21170,Rochette,Silvan,Rochette.Silvan@yopmail.com,Rochette.Silvan@gmail.com,doctor,21071
21171,Myrtice,Rugen,Myrtice.Rugen@yopmail.com,Myrtice.Rugen@gmail.com,doctor,21072
21172,Merci,Ahab,Merci.Ahab@yopmail.com,Merci.Ahab@gmail.com,developer,21073
21173,Talya,Reinke,Talya.Reinke@yopmail.com,Talya.Reinke@gmail.com,doctor,21074
21174,Misha,Clara,Misha.Clara@yopmail.com,Misha.Clara@gmail.com,worker,21075
21175,Fernande,Gillan,Fernande.Gillan@yopmail.com,Fernande.Gillan@gmail.com,worker,21076
21176,Alejandra,Japeth,Alejandra.Japeth@yopmail.com,Alejandra.Japeth@gmail.com,doctor,21077
21177,Jillayne,Lasley,Jillayne.Lasley@yopmail.com,Jillayne.Lasley@gmail.com,firefighter,21078
21178,Aimil,Chabot,Aimil.Chabot@yopmail.com,Aimil.Chabot@gmail.com,police officer,21079
21179,Laure,Etom,Laure.Etom@yopmail.com,Laure.Etom@gmail.com,worker,21080
21180,Basia,Gamaliel,Basia.Gamaliel@yopmail.com,Basia.Gamaliel@gmail.com,developer,21081
21181,Averyl,Joseph,Averyl.Joseph@yopmail.com,Averyl.Joseph@gmail.com,worker,21082
21182,Chere,Helfand,Chere.Helfand@yopmail.com,Chere.Helfand@gmail.com,doctor,21083
21183,Alisha,Salchunas,Alisha.Salchunas@yopmail.com,Alisha.Salchunas@gmail.com,doctor,21084
21184,Aaren,Tremayne,Aaren.Tremayne@yopmail.com,Aaren.Tremayne@gmail.com,worker,21085
21185,Sadie,Meli,Sadie.Meli@yopmail.com,Sadie.Meli@gmail.com,doctor,21086
21186,Janis,Kare,Janis.Kare@yopmail.com,Janis.Kare@gmail.com,police officer,21087
21187,Leontine,Center,Leontine.Center@yopmail.com,Leontine.Center@gmail.com,police officer,21088
21188,Jillayne,Dash,Jillayne.Dash@yopmail.com,Jillayne.Dash@gmail.com,worker,21089
21189,Alameda,Pillsbury,Alameda.Pillsbury@yopmail.com,Alameda.Pillsbury@gmail.com,worker,21090
21190,Karena,Zetta,Karena.Zetta@yopmail.com,Karena.Zetta@gmail.com,doctor,21091
21191,Zsa Zsa,Means,Zsa Zsa.Means@yopmail.com,Zsa Zsa.Means@gmail.com,developer,21092
21192,Genevra,Raffo,Genevra.Raffo@yopmail.com,Genevra.Raffo@gmail.com,firefighter,21093
21193,Sindee,Mendez,Sindee.Mendez@yopmail.com,Sindee.Mendez@gmail.com,worker,21094
21194,Jackie,Smitt,Jackie.Smitt@yopmail.com,Jackie.Smitt@gmail.com,worker,21095
21195,Adele,Jarib,Adele.Jarib@yopmail.com,Adele.Jarib@gmail.com,doctor,21096
21196,Joeann,Boycey,Joeann.Boycey@yopmail.com,Joeann.Boycey@gmail.com,firefighter,21097
21197,Jany,Burnside,Jany.Burnside@yopmail.com,Jany.Burnside@gmail.com,worker,21098
21198,Jean,Charity,Jean.Charity@yopmail.com,Jean.Charity@gmail.com,worker,21099
21199,Alexine,Gillan,Alexine.Gillan@yopmail.com,Alexine.Gillan@gmail.com,developer,21100
