id,firstname,lastname,email,email2,profession,Field Name
20700,Aubrie,Swanhildas,Aubrie.Swanhildas@yopmail.com,Aubrie.Swanhildas@gmail.com,firefighter,20601
20701,Queenie,Elsinore,Queenie.Elsinore@yopmail.com,Queenie.Elsinore@gmail.com,developer,20602
20702,Trudie,Penelopa,Trudie.Penelopa@yopmail.com,Trudie.Penelopa@gmail.com,police officer,20603
20703,Noelle,Eckblad,Noelle.Eckblad@yopmail.com,Noelle.Eckblad@gmail.com,doctor,20604
20704,Anthia,Hewitt,Anthia.Hewitt@yopmail.com,Anthia.Hewitt@gmail.com,developer,20605
20705,Isa,Kiyoshi,Isa.Kiyoshi@yopmail.com,Isa.Kiyoshi@gmail.com,firefighter,20606
20706,Verla,Etom,Verla.Etom@yopmail.com,Verla.Etom@gmail.com,firefighter,20607
20707,Gianina,Behre,Gianina.Behre@yopmail.com,Gianina.Behre@gmail.com,worker,20608
20708,Silvana,Huggins,Silvana.Huggins@yopmail.com,Silvana.Huggins@gmail.com,worker,20609
20709,Dorothy,Rosemary,Dorothy.Rosemary@yopmail.com,Dorothy.Rosemary@gmail.com,worker,20610
20710,Lonnie,Fitzsimmons,Lonnie.Fitzsimmons@yopmail.com,Lonnie.Fitzsimmons@gmail.com,police officer,20611
20711,Vinita,Viddah,Vinita.Viddah@yopmail.com,Vinita.Viddah@gmail.com,firefighter,20612
20712,Tybie,Levey,Tybie.Levey@yopmail.com,Tybie.Levey@gmail.com,police officer,20613
20713,Cyndie,Chaing,Cyndie.Chaing@yopmail.com,Cyndie.Chaing@gmail.com,worker,20614
20714,Hildegaard,Bollay,Hildegaard.Bollay@yopmail.com,Hildegaard.Bollay@gmail.com,firefighter,20615
20715,Hallie,Pozzy,Hallie.Pozzy@yopmail.com,Hallie.Pozzy@gmail.com,developer,20616
20716,Ketti,Vharat,Ketti.Vharat@yopmail.com,Ketti.Vharat@gmail.com,developer,20617
20717,Janenna,Schalles,Janenna.Schalles@yopmail.com,Janenna.Schalles@gmail.com,doctor,20618
20718,Jacquetta,Glenden,Jacquetta.Glenden@yopmail.com,Jacquetta.Glenden@gmail.com,developer,20619
20719,Daryl,Gilbertson,Daryl.Gilbertson@yopmail.com,Daryl.Gilbertson@gmail.com,worker,20620
20720,Concettina,Frendel,Concettina.Frendel@yopmail.com,Concettina.Frendel@gmail.com,doctor,20621
20721,Antonietta,Ciapas,Antonietta.Ciapas@yopmail.com,Antonietta.Ciapas@gmail.com,worker,20622
20722,Romona,Mathilde,Romona.Mathilde@yopmail.com,Romona.Mathilde@gmail.com,police officer,20623
20723,Elbertina,Braun,Elbertina.Braun@yopmail.com,Elbertina.Braun@gmail.com,worker,20624
20724,Bill,Simmonds,Bill.Simmonds@yopmail.com,Bill.Simmonds@gmail.com,police officer,20625
20725,Nariko,Aprile,Nariko.Aprile@yopmail.com,Nariko.Aprile@gmail.com,worker,20626
20726,Amara,Toni,Amara.Toni@yopmail.com,Amara.Toni@gmail.com,worker,20627
20727,Ariela,Faro,Ariela.Faro@yopmail.com,Ariela.Faro@gmail.com,firefighter,20628
20728,Pollyanna,Turne,Pollyanna.Turne@yopmail.com,Pollyanna.Turne@gmail.com,police officer,20629
20729,Janeczka,Artie,Janeczka.Artie@yopmail.com,Janeczka.Artie@gmail.com,developer,20630
20730,Vinita,Pyle,Vinita.Pyle@yopmail.com,Vinita.Pyle@gmail.com,doctor,20631
20731,Tani,Sibyls,Tani.Sibyls@yopmail.com,Tani.Sibyls@gmail.com,doctor,20632
20732,Christy,Dorcy,Christy.Dorcy@yopmail.com,Christy.Dorcy@gmail.com,developer,20633
20733,Agathe,Nerita,Agathe.Nerita@yopmail.com,Agathe.Nerita@gmail.com,doctor,20634
20734,Darci,Alcott,Darci.Alcott@yopmail.com,Darci.Alcott@gmail.com,worker,20635
20735,Carol-Jean,Lemuela,Carol-Jean.Lemuela@yopmail.com,Carol-Jean.Lemuela@gmail.com,worker,20636
20736,Kassey,Deny,Kassey.Deny@yopmail.com,Kassey.Deny@gmail.com,worker,20637
20737,Dominga,Marijo,Dominga.Marijo@yopmail.com,Dominga.Marijo@gmail.com,doctor,20638
20738,Claresta,Ferino,Claresta.Ferino@yopmail.com,Claresta.Ferino@gmail.com,developer,20639
20739,Misha,Gilmour,Misha.Gilmour@yopmail.com,Misha.Gilmour@gmail.com,developer,20640
20740,Dacia,Diann,Dacia.Diann@yopmail.com,Dacia.Diann@gmail.com,developer,20641
20741,Andeee,Breed,Andeee.Breed@yopmail.com,Andeee.Breed@gmail.com,worker,20642
20742,Tomasina,Arquit,Tomasina.Arquit@yopmail.com,Tomasina.Arquit@gmail.com,firefighter,20643
20743,Kellen,Havens,Kellen.Havens@yopmail.com,Kellen.Havens@gmail.com,developer,20644
20744,Leanna,Jeanne,Leanna.Jeanne@yopmail.com,Leanna.Jeanne@gmail.com,doctor,20645
20745,Luci,Posner,Luci.Posner@yopmail.com,Luci.Posner@gmail.com,developer,20646
20746,Myriam,Giff,Myriam.Giff@yopmail.com,Myriam.Giff@gmail.com,firefighter,20647
20747,Jere,Dash,Jere.Dash@yopmail.com,Jere.Dash@gmail.com,doctor,20648
20748,Marcy,Sherfield,Marcy.Sherfield@yopmail.com,Marcy.Sherfield@gmail.com,doctor,20649
20749,Starla,Koehler,Starla.Koehler@yopmail.com,Starla.Koehler@gmail.com,doctor,20650
