id,firstname,lastname,email,email2,profession,Field Name
29350,Reeba,Robertson,Reeba.Robertson@yopmail.com,Reeba.Robertson@gmail.com,worker,29251
29351,Dulce,Hessler,Dulce.Hessler@yopmail.com,Dulce.Hessler@gmail.com,worker,29252
29352,Jessamyn,Bluh,Jessamyn.Bluh@yopmail.com,Jessamyn.Bluh@gmail.com,developer,29253
29353,Molli,Urania,Molli.Urania@yopmail.com,Molli.Urania@gmail.com,developer,29254
29354,Fanny,Harriman,Fanny.Harriman@yopmail.com,Fanny.Harriman@gmail.com,developer,29255
29355,Wilma,Vastah,Wilma.Vastah@yopmail.com,Wilma.Vastah@gmail.com,worker,29256
29356,Maurene,Cecile,Maurene.Cecile@yopmail.com,Maurene.Cecile@gmail.com,doctor,29257
29357,Clary,Weitman,Clary.Weitman@yopmail.com,Clary.Weitman@gmail.com,firefighter,29258
29358,Joleen,Gaspard,Joleen.Gaspard@yopmail.com,Joleen.Gaspard@gmail.com,worker,29259
29359,Teddie,Salvidor,Teddie.Salvidor@yopmail.com,Teddie.Salvidor@gmail.com,police officer,29260
29360,Talya,Tristram,Talya.Tristram@yopmail.com,Talya.Tristram@gmail.com,police officer,29261
29361,Gale,Johnsson,Gale.Johnsson@yopmail.com,Gale.Johnsson@gmail.com,doctor,29262
29362,Lorenza,Giule,Lorenza.Giule@yopmail.com,Lorenza.Giule@gmail.com,police officer,29263
29363,Kirstin,Sophronia,Kirstin.Sophronia@yopmail.com,Kirstin.Sophronia@gmail.com,doctor,29264
29364,Rayna,Eckblad,Rayna.Eckblad@yopmail.com,Rayna.Eckblad@gmail.com,doctor,29265
29365,Mallory,Bennie,Mallory.Bennie@yopmail.com,Mallory.Bennie@gmail.com,worker,29266
29366,Josephine,Wandie,Josephine.Wandie@yopmail.com,Josephine.Wandie@gmail.com,worker,29267
29367,Ingrid,Konyn,Ingrid.Konyn@yopmail.com,Ingrid.Konyn@gmail.com,worker,29268
29368,Patricia,Verger,Patricia.Verger@yopmail.com,Patricia.Verger@gmail.com,police officer,29269
29369,Jobi,Guthrie,Jobi.Guthrie@yopmail.com,Jobi.Guthrie@gmail.com,doctor,29270
29370,Cyndie,Loleta,Cyndie.Loleta@yopmail.com,Cyndie.Loleta@gmail.com,worker,29271
29371,Petronia,Percy,Petronia.Percy@yopmail.com,Petronia.Percy@gmail.com,firefighter,29272
29372,Imojean,Dawkins,Imojean.Dawkins@yopmail.com,Imojean.Dawkins@gmail.com,worker,29273
29373,Phedra,Soneson,Phedra.Soneson@yopmail.com,Phedra.Soneson@gmail.com,worker,29274
29374,Linzy,Michella,Linzy.Michella@yopmail.com,Linzy.Michella@gmail.com,worker,29275
29375,Kore,Lemuela,Kore.Lemuela@yopmail.com,Kore.Lemuela@gmail.com,worker,29276
29376,Cecile,Lasley,Cecile.Lasley@yopmail.com,Cecile.Lasley@gmail.com,developer,29277
29377,Cecile,Charity,Cecile.Charity@yopmail.com,Cecile.Charity@gmail.com,firefighter,29278
29378,Jaime,Jarib,Jaime.Jarib@yopmail.com,Jaime.Jarib@gmail.com,worker,29279
29379,Benita,Annice,Benita.Annice@yopmail.com,Benita.Annice@gmail.com,worker,29280
29380,Laurene,Masao,Laurene.Masao@yopmail.com,Laurene.Masao@gmail.com,worker,29281
29381,Belinda,Fredi,Belinda.Fredi@yopmail.com,Belinda.Fredi@gmail.com,firefighter,29282
29382,Lily,Maiah,Lily.Maiah@yopmail.com,Lily.Maiah@gmail.com,worker,29283
29383,Carlie,Odysseus,Carlie.Odysseus@yopmail.com,Carlie.Odysseus@gmail.com,worker,29284
29384,Ginnie,Morrill,Ginnie.Morrill@yopmail.com,Ginnie.Morrill@gmail.com,developer,29285
29385,Aurore,Lesley,Aurore.Lesley@yopmail.com,Aurore.Lesley@gmail.com,doctor,29286
29386,Aaren,Ulphia,Aaren.Ulphia@yopmail.com,Aaren.Ulphia@gmail.com,worker,29287
29387,Mariann,Constancy,Mariann.Constancy@yopmail.com,Mariann.Constancy@gmail.com,developer,29288
29388,Gusella,Engdahl,Gusella.Engdahl@yopmail.com,Gusella.Engdahl@gmail.com,firefighter,29289
29389,Violet,Montgomery,Violet.Montgomery@yopmail.com,Violet.Montgomery@gmail.com,doctor,29290
29390,Sean,Leifeste,Sean.Leifeste@yopmail.com,Sean.Leifeste@gmail.com,worker,29291
29391,Margalo,Bates,Margalo.Bates@yopmail.com,Margalo.Bates@gmail.com,police officer,29292
29392,Linet,Parette,Linet.Parette@yopmail.com,Linet.Parette@gmail.com,firefighter,29293
29393,Drucie,Urania,Drucie.Urania@yopmail.com,Drucie.Urania@gmail.com,developer,29294
29394,Orsola,Tound,Orsola.Tound@yopmail.com,Orsola.Tound@gmail.com,police officer,29295
29395,Dorthy,Wadell,Dorthy.Wadell@yopmail.com,Dorthy.Wadell@gmail.com,doctor,29296
29396,Joy,Ietta,Joy.Ietta@yopmail.com,Joy.Ietta@gmail.com,doctor,29297
29397,Viki,Thar,Viki.Thar@yopmail.com,Viki.Thar@gmail.com,doctor,29298
29398,Cyndie,Desai,Cyndie.Desai@yopmail.com,Cyndie.Desai@gmail.com,worker,29299
29399,Bee,Tatianas,Bee.Tatianas@yopmail.com,Bee.Tatianas@gmail.com,doctor,29300
