id,firstname,lastname,email,email2,profession,Field Name
21600,Carol-Jean,McClimans,Carol-Jean.McClimans@yopmail.com,Carol-Jean.McClimans@gmail.com,police officer,21501
21601,Adore,Korey,Adore.Korey@yopmail.com,Adore.Korey@gmail.com,doctor,21502
21602,Nita,Lynn,Nita.Lynn@yopmail.com,Nita.Lynn@gmail.com,police officer,21503
21603,Silvana,Riordan,Silvana.Riordan@yopmail.com,Silvana.Riordan@gmail.com,developer,21504
21604,Sheelagh,Kress,Sheelagh.Kress@yopmail.com,Sheelagh.Kress@gmail.com,doctor,21505
21605,Charmaine,Rillings,Charmaine.Rillings@yopmail.com,Charmaine.Rillings@gmail.com,doctor,21506
21606,Tobe,Ephrem,Tobe.Ephrem@yopmail.com,Tobe.Ephrem@gmail.com,doctor,21507
21607,Raf,Dimitris,Raf.Dimitris@yopmail.com,Raf.Dimitris@gmail.com,police officer,21508
21608,Aaren,Jerald,Aaren.Jerald@yopmail.com,Aaren.Jerald@gmail.com,worker,21509
21609,Arlena,Frodi,Arlena.Frodi@yopmail.com,Arlena.Frodi@gmail.com,doctor,21510
21610,Lexine,Craggie,Lexine.Craggie@yopmail.com,Lexine.Craggie@gmail.com,firefighter,21511
21611,Randa,Diann,Randa.Diann@yopmail.com,Randa.Diann@gmail.com,police officer,21512
21612,Therine,Paton,Therine.Paton@yopmail.com,Therine.Paton@gmail.com,police officer,21513
21613,Elie,Elephus,Elie.Elephus@yopmail.com,Elie.Elephus@gmail.com,worker,21514
21614,Stacey,Arathorn,Stacey.Arathorn@yopmail.com,Stacey.Arathorn@gmail.com,police officer,21515
21615,Sean,Brandice,Sean.Brandice@yopmail.com,Sean.Brandice@gmail.com,developer,21516
21616,Cyndie,Stevy,Cyndie.Stevy@yopmail.com,Cyndie.Stevy@gmail.com,worker,21517
21617,Malina,Marisa,Malina.Marisa@yopmail.com,Malina.Marisa@gmail.com,worker,21518
21618,Annora,Elvyn,Annora.Elvyn@yopmail.com,Annora.Elvyn@gmail.com,police officer,21519
21619,Lily,Ortrude,Lily.Ortrude@yopmail.com,Lily.Ortrude@gmail.com,police officer,21520
21620,Julieta,Alva,Julieta.Alva@yopmail.com,Julieta.Alva@gmail.com,police officer,21521
21621,Kimberley,Deegan,Kimberley.Deegan@yopmail.com,Kimberley.Deegan@gmail.com,firefighter,21522
21622,Lexine,Morrill,Lexine.Morrill@yopmail.com,Lexine.Morrill@gmail.com,developer,21523
21623,Sissy,Uird,Sissy.Uird@yopmail.com,Sissy.Uird@gmail.com,doctor,21524
21624,Donetta,Pulsifer,Donetta.Pulsifer@yopmail.com,Donetta.Pulsifer@gmail.com,doctor,21525
21625,Gerianna,Longfellow,Gerianna.Longfellow@yopmail.com,Gerianna.Longfellow@gmail.com,firefighter,21526
21626,Nataline,Cecile,Nataline.Cecile@yopmail.com,Nataline.Cecile@gmail.com,police officer,21527
21627,Miquela,Alrich,Miquela.Alrich@yopmail.com,Miquela.Alrich@gmail.com,developer,21528
21628,Annice,Millda,Annice.Millda@yopmail.com,Annice.Millda@gmail.com,developer,21529
21629,Carol-Jean,Keily,Carol-Jean.Keily@yopmail.com,Carol-Jean.Keily@gmail.com,police officer,21530
21630,Chastity,Georas,Chastity.Georas@yopmail.com,Chastity.Georas@gmail.com,firefighter,21531
21631,Genovera,Schonfeld,Genovera.Schonfeld@yopmail.com,Genovera.Schonfeld@gmail.com,police officer,21532
21632,Madeleine,Maples,Madeleine.Maples@yopmail.com,Madeleine.Maples@gmail.com,doctor,21533
21633,Andeee,Garbe,Andeee.Garbe@yopmail.com,Andeee.Garbe@gmail.com,police officer,21534
21634,Kamilah,Alva,Kamilah.Alva@yopmail.com,Kamilah.Alva@gmail.com,doctor,21535
21635,Concettina,Hamil,Concettina.Hamil@yopmail.com,Concettina.Hamil@gmail.com,police officer,21536
21636,Genovera,Kosey,Genovera.Kosey@yopmail.com,Genovera.Kosey@gmail.com,worker,21537
21637,Mamie,Kussell,Mamie.Kussell@yopmail.com,Mamie.Kussell@gmail.com,developer,21538
21638,Taffy,Juan,Taffy.Juan@yopmail.com,Taffy.Juan@gmail.com,doctor,21539
21639,Shauna,Evvie,Shauna.Evvie@yopmail.com,Shauna.Evvie@gmail.com,developer,21540
21640,Linzy,Sophronia,Linzy.Sophronia@yopmail.com,Linzy.Sophronia@gmail.com,doctor,21541
21641,Ronna,Ephrem,Ronna.Ephrem@yopmail.com,Ronna.Ephrem@gmail.com,doctor,21542
21642,Jinny,Ioab,Jinny.Ioab@yopmail.com,Jinny.Ioab@gmail.com,doctor,21543
21643,Sidoney,Ietta,Sidoney.Ietta@yopmail.com,Sidoney.Ietta@gmail.com,firefighter,21544
21644,Modestia,Millda,Modestia.Millda@yopmail.com,Modestia.Millda@gmail.com,doctor,21545
21645,Yvonne,Niles,Yvonne.Niles@yopmail.com,Yvonne.Niles@gmail.com,doctor,21546
21646,Dennie,Ball,Dennie.Ball@yopmail.com,Dennie.Ball@gmail.com,doctor,21547
21647,Mireielle,Hashim,Mireielle.Hashim@yopmail.com,Mireielle.Hashim@gmail.com,worker,21548
21648,Mahalia,Camden,Mahalia.Camden@yopmail.com,Mahalia.Camden@gmail.com,doctor,21549
21649,Bobbi,Oneida,Bobbi.Oneida@yopmail.com,Bobbi.Oneida@gmail.com,developer,21550
21650,Clarice,Joli,Clarice.Joli@yopmail.com,Clarice.Joli@gmail.com,developer,21551
21651,Coral,Terrence,Coral.Terrence@yopmail.com,Coral.Terrence@gmail.com,police officer,21552
21652,Josephine,Brittani,Josephine.Brittani@yopmail.com,Josephine.Brittani@gmail.com,doctor,21553
21653,Collen,Lemuela,Collen.Lemuela@yopmail.com,Collen.Lemuela@gmail.com,police officer,21554
21654,Danika,Rossner,Danika.Rossner@yopmail.com,Danika.Rossner@gmail.com,worker,21555
21655,Fawne,Amasa,Fawne.Amasa@yopmail.com,Fawne.Amasa@gmail.com,developer,21556
21656,Willetta,Riva,Willetta.Riva@yopmail.com,Willetta.Riva@gmail.com,doctor,21557
21657,Damaris,Stilwell,Damaris.Stilwell@yopmail.com,Damaris.Stilwell@gmail.com,developer,21558
21658,Priscilla,Medrek,Priscilla.Medrek@yopmail.com,Priscilla.Medrek@gmail.com,doctor,21559
21659,Paule,Nahum,Paule.Nahum@yopmail.com,Paule.Nahum@gmail.com,developer,21560
21660,Harmonia,Lail,Harmonia.Lail@yopmail.com,Harmonia.Lail@gmail.com,developer,21561
21661,Orelia,Lynn,Orelia.Lynn@yopmail.com,Orelia.Lynn@gmail.com,police officer,21562
21662,Monika,Natica,Monika.Natica@yopmail.com,Monika.Natica@gmail.com,developer,21563
21663,Jenda,Mauer,Jenda.Mauer@yopmail.com,Jenda.Mauer@gmail.com,doctor,21564
21664,Candi,Charity,Candi.Charity@yopmail.com,Candi.Charity@gmail.com,developer,21565
21665,Wilma,Richers,Wilma.Richers@yopmail.com,Wilma.Richers@gmail.com,firefighter,21566
21666,Jsandye,Sammons,Jsandye.Sammons@yopmail.com,Jsandye.Sammons@gmail.com,firefighter,21567
21667,Ingrid,Ahab,Ingrid.Ahab@yopmail.com,Ingrid.Ahab@gmail.com,firefighter,21568
21668,Collen,Lail,Collen.Lail@yopmail.com,Collen.Lail@gmail.com,developer,21569
21669,Ofilia,Wiener,Ofilia.Wiener@yopmail.com,Ofilia.Wiener@gmail.com,developer,21570
21670,Tarra,Helve,Tarra.Helve@yopmail.com,Tarra.Helve@gmail.com,worker,21571
21671,Marylou,Jerold,Marylou.Jerold@yopmail.com,Marylou.Jerold@gmail.com,worker,21572
21672,Kylynn,Henrie,Kylynn.Henrie@yopmail.com,Kylynn.Henrie@gmail.com,worker,21573
21673,Gilda,Emmaline,Gilda.Emmaline@yopmail.com,Gilda.Emmaline@gmail.com,developer,21574
21674,Stephanie,Vorster,Stephanie.Vorster@yopmail.com,Stephanie.Vorster@gmail.com,worker,21575
21675,Shel,Ochs,Shel.Ochs@yopmail.com,Shel.Ochs@gmail.com,firefighter,21576
21676,Maye,August,Maye.August@yopmail.com,Maye.August@gmail.com,worker,21577
21677,Pierette,Raul,Pierette.Raul@yopmail.com,Pierette.Raul@gmail.com,developer,21578
21678,Katuscha,Drisko,Katuscha.Drisko@yopmail.com,Katuscha.Drisko@gmail.com,firefighter,21579
21679,Shaylyn,Nunci,Shaylyn.Nunci@yopmail.com,Shaylyn.Nunci@gmail.com,developer,21580
21680,Hope,Fitzsimmons,Hope.Fitzsimmons@yopmail.com,Hope.Fitzsimmons@gmail.com,developer,21581
21681,Claresta,Rosemary,Claresta.Rosemary@yopmail.com,Claresta.Rosemary@gmail.com,developer,21582
21682,Jasmina,Abernon,Jasmina.Abernon@yopmail.com,Jasmina.Abernon@gmail.com,police officer,21583
21683,Joelly,Rogerio,Joelly.Rogerio@yopmail.com,Joelly.Rogerio@gmail.com,police officer,21584
21684,Celene,Croix,Celene.Croix@yopmail.com,Celene.Croix@gmail.com,firefighter,21585
21685,Mildrid,Mozelle,Mildrid.Mozelle@yopmail.com,Mildrid.Mozelle@gmail.com,worker,21586
21686,Desirae,Tjon,Desirae.Tjon@yopmail.com,Desirae.Tjon@gmail.com,doctor,21587
21687,Tani,Charity,Tani.Charity@yopmail.com,Tani.Charity@gmail.com,developer,21588
21688,Cassondra,Romelda,Cassondra.Romelda@yopmail.com,Cassondra.Romelda@gmail.com,developer,21589
21689,Ermengarde,Abram,Ermengarde.Abram@yopmail.com,Ermengarde.Abram@gmail.com,police officer,21590
21690,Gianina,Ramona,Gianina.Ramona@yopmail.com,Gianina.Ramona@gmail.com,developer,21591
21691,Gwenneth,Douglass,Gwenneth.Douglass@yopmail.com,Gwenneth.Douglass@gmail.com,doctor,21592
21692,Selia,Goth,Selia.Goth@yopmail.com,Selia.Goth@gmail.com,worker,21593
21693,Zondra,Fiester,Zondra.Fiester@yopmail.com,Zondra.Fiester@gmail.com,police officer,21594
21694,Theodora,Hamil,Theodora.Hamil@yopmail.com,Theodora.Hamil@gmail.com,developer,21595
21695,Carol-Jean,Alisia,Carol-Jean.Alisia@yopmail.com,Carol-Jean.Alisia@gmail.com,developer,21596
21696,Rochette,Reinke,Rochette.Reinke@yopmail.com,Rochette.Reinke@gmail.com,doctor,21597
21697,Myrtice,Chaing,Myrtice.Chaing@yopmail.com,Myrtice.Chaing@gmail.com,doctor,21598
21698,Carilyn,Tomasina,Carilyn.Tomasina@yopmail.com,Carilyn.Tomasina@gmail.com,police officer,21599
21699,Latisha,Slifka,Latisha.Slifka@yopmail.com,Latisha.Slifka@gmail.com,firefighter,21600
21700,Joelly,Ammann,Joelly.Ammann@yopmail.com,Joelly.Ammann@gmail.com,doctor,21601
21701,Basia,Tomasina,Basia.Tomasina@yopmail.com,Basia.Tomasina@gmail.com,police officer,21602
21702,Sophia,Bethany,Sophia.Bethany@yopmail.com,Sophia.Bethany@gmail.com,doctor,21603
21703,Ethel,Merriott,Ethel.Merriott@yopmail.com,Ethel.Merriott@gmail.com,police officer,21604
21704,Oona,Mich,Oona.Mich@yopmail.com,Oona.Mich@gmail.com,doctor,21605
21705,Jinny,Atcliffe,Jinny.Atcliffe@yopmail.com,Jinny.Atcliffe@gmail.com,developer,21606
21706,Jasmina,Diann,Jasmina.Diann@yopmail.com,Jasmina.Diann@gmail.com,developer,21607
21707,Kaja,Hurley,Kaja.Hurley@yopmail.com,Kaja.Hurley@gmail.com,worker,21608
21708,Anestassia,Fax,Anestassia.Fax@yopmail.com,Anestassia.Fax@gmail.com,developer,21609
21709,Valeda,Firmin,Valeda.Firmin@yopmail.com,Valeda.Firmin@gmail.com,developer,21610
21710,Averyl,Morrill,Averyl.Morrill@yopmail.com,Averyl.Morrill@gmail.com,developer,21611
21711,Karlee,Whiffen,Karlee.Whiffen@yopmail.com,Karlee.Whiffen@gmail.com,firefighter,21612
21712,Emmey,Alarise,Emmey.Alarise@yopmail.com,Emmey.Alarise@gmail.com,police officer,21613
21713,Merry,Grobe,Merry.Grobe@yopmail.com,Merry.Grobe@gmail.com,firefighter,21614
21714,Cathyleen,Bultman,Cathyleen.Bultman@yopmail.com,Cathyleen.Bultman@gmail.com,doctor,21615
21715,Georgetta,Rubie,Georgetta.Rubie@yopmail.com,Georgetta.Rubie@gmail.com,doctor,21616
21716,Corene,Oscar,Corene.Oscar@yopmail.com,Corene.Oscar@gmail.com,firefighter,21617
21717,Shannah,Ackerley,Shannah.Ackerley@yopmail.com,Shannah.Ackerley@gmail.com,worker,21618
21718,Inga,Docilla,Inga.Docilla@yopmail.com,Inga.Docilla@gmail.com,firefighter,21619
21719,Genovera,Sholley,Genovera.Sholley@yopmail.com,Genovera.Sholley@gmail.com,police officer,21620
21720,Kathi,Bates,Kathi.Bates@yopmail.com,Kathi.Bates@gmail.com,worker,21621
21721,Kristan,Rebecka,Kristan.Rebecka@yopmail.com,Kristan.Rebecka@gmail.com,developer,21622
21722,Jenda,Kiersten,Jenda.Kiersten@yopmail.com,Jenda.Kiersten@gmail.com,developer,21623
21723,Estell,Merat,Estell.Merat@yopmail.com,Estell.Merat@gmail.com,firefighter,21624
21724,Beatriz,Esmaria,Beatriz.Esmaria@yopmail.com,Beatriz.Esmaria@gmail.com,doctor,21625
21725,Korrie,Frendel,Korrie.Frendel@yopmail.com,Korrie.Frendel@gmail.com,firefighter,21626
21726,Lyssa,Schwejda,Lyssa.Schwejda@yopmail.com,Lyssa.Schwejda@gmail.com,firefighter,21627
21727,Meghann,Brandice,Meghann.Brandice@yopmail.com,Meghann.Brandice@gmail.com,worker,21628
21728,Ulrike,Hanshaw,Ulrike.Hanshaw@yopmail.com,Ulrike.Hanshaw@gmail.com,firefighter,21629
21729,Carmela,Monaco,Carmela.Monaco@yopmail.com,Carmela.Monaco@gmail.com,developer,21630
21730,Sindee,August,Sindee.August@yopmail.com,Sindee.August@gmail.com,police officer,21631
21731,Mariann,Charmine,Mariann.Charmine@yopmail.com,Mariann.Charmine@gmail.com,firefighter,21632
21732,Meg,Dex,Meg.Dex@yopmail.com,Meg.Dex@gmail.com,firefighter,21633
21733,Chloris,Ogren,Chloris.Ogren@yopmail.com,Chloris.Ogren@gmail.com,doctor,21634
21734,Gianina,Phaidra,Gianina.Phaidra@yopmail.com,Gianina.Phaidra@gmail.com,firefighter,21635
21735,Cecile,Kunin,Cecile.Kunin@yopmail.com,Cecile.Kunin@gmail.com,developer,21636
21736,Elie,Neva,Elie.Neva@yopmail.com,Elie.Neva@gmail.com,developer,21637
21737,Kirbee,Orpah,Kirbee.Orpah@yopmail.com,Kirbee.Orpah@gmail.com,firefighter,21638
21738,Karly,Malvino,Karly.Malvino@yopmail.com,Karly.Malvino@gmail.com,worker,21639
21739,Micheline,Orpah,Micheline.Orpah@yopmail.com,Micheline.Orpah@gmail.com,doctor,21640
21740,Clary,Fry,Clary.Fry@yopmail.com,Clary.Fry@gmail.com,firefighter,21641
21741,Marcy,Dom,Marcy.Dom@yopmail.com,Marcy.Dom@gmail.com,developer,21642
21742,Tersina,Tatianas,Tersina.Tatianas@yopmail.com,Tersina.Tatianas@gmail.com,doctor,21643
21743,Deedee,Cassius,Deedee.Cassius@yopmail.com,Deedee.Cassius@gmail.com,doctor,21644
21744,Zondra,Dowski,Zondra.Dowski@yopmail.com,Zondra.Dowski@gmail.com,worker,21645
21745,Donnie,Sallyann,Donnie.Sallyann@yopmail.com,Donnie.Sallyann@gmail.com,worker,21646
21746,Yolane,Richers,Yolane.Richers@yopmail.com,Yolane.Richers@gmail.com,worker,21647
21747,Heida,Travax,Heida.Travax@yopmail.com,Heida.Travax@gmail.com,doctor,21648
21748,Rochette,Hailee,Rochette.Hailee@yopmail.com,Rochette.Hailee@gmail.com,worker,21649
21749,Trudie,Zuzana,Trudie.Zuzana@yopmail.com,Trudie.Zuzana@gmail.com,doctor,21650
21750,Carilyn,Sabella,Carilyn.Sabella@yopmail.com,Carilyn.Sabella@gmail.com,developer,21651
21751,Shauna,Colleen,Shauna.Colleen@yopmail.com,Shauna.Colleen@gmail.com,doctor,21652
21752,Correy,Cavan,Correy.Cavan@yopmail.com,Correy.Cavan@gmail.com,worker,21653
21753,Nickie,Ethban,Nickie.Ethban@yopmail.com,Nickie.Ethban@gmail.com,firefighter,21654
21754,Jinny,Margret,Jinny.Margret@yopmail.com,Jinny.Margret@gmail.com,doctor,21655
21755,Amalie,Monk,Amalie.Monk@yopmail.com,Amalie.Monk@gmail.com,doctor,21656
21756,Celestyna,Amadas,Celestyna.Amadas@yopmail.com,Celestyna.Amadas@gmail.com,firefighter,21657
21757,Lila,Margret,Lila.Margret@yopmail.com,Lila.Margret@gmail.com,firefighter,21658
21758,Valera,Ilka,Valera.Ilka@yopmail.com,Valera.Ilka@gmail.com,firefighter,21659
21759,Magdalena,Ranjiv,Magdalena.Ranjiv@yopmail.com,Magdalena.Ranjiv@gmail.com,developer,21660
21760,Xylina,Edee,Xylina.Edee@yopmail.com,Xylina.Edee@gmail.com,developer,21661
21761,Ebonee,Publia,Ebonee.Publia@yopmail.com,Ebonee.Publia@gmail.com,developer,21662
21762,Tonia,Camden,Tonia.Camden@yopmail.com,Tonia.Camden@gmail.com,developer,21663
21763,Fayre,Imelida,Fayre.Imelida@yopmail.com,Fayre.Imelida@gmail.com,firefighter,21664
21764,Marinna,Leffen,Marinna.Leffen@yopmail.com,Marinna.Leffen@gmail.com,firefighter,21665
21765,Julieta,Ursulette,Julieta.Ursulette@yopmail.com,Julieta.Ursulette@gmail.com,police officer,21666
21766,Devina,Noelyn,Devina.Noelyn@yopmail.com,Devina.Noelyn@gmail.com,firefighter,21667
21767,Eolanda,Joli,Eolanda.Joli@yopmail.com,Eolanda.Joli@gmail.com,doctor,21668
21768,Paulita,Cassius,Paulita.Cassius@yopmail.com,Paulita.Cassius@gmail.com,worker,21669
21769,Brooks,Mehalek,Brooks.Mehalek@yopmail.com,Brooks.Mehalek@gmail.com,developer,21670
21770,Johna,Hazlett,Johna.Hazlett@yopmail.com,Johna.Hazlett@gmail.com,developer,21671
21771,Sheelagh,Drisko,Sheelagh.Drisko@yopmail.com,Sheelagh.Drisko@gmail.com,firefighter,21672
21772,Emilia,Leary,Emilia.Leary@yopmail.com,Emilia.Leary@gmail.com,police officer,21673
21773,Vere,Hartnett,Vere.Hartnett@yopmail.com,Vere.Hartnett@gmail.com,developer,21674
21774,Suzette,Goth,Suzette.Goth@yopmail.com,Suzette.Goth@gmail.com,developer,21675
21775,Maye,Felizio,Maye.Felizio@yopmail.com,Maye.Felizio@gmail.com,doctor,21676
21776,Dorothy,Macey,Dorothy.Macey@yopmail.com,Dorothy.Macey@gmail.com,worker,21677
21777,Renie,Sperling,Renie.Sperling@yopmail.com,Renie.Sperling@gmail.com,police officer,21678
21778,Tonia,Maxi,Tonia.Maxi@yopmail.com,Tonia.Maxi@gmail.com,developer,21679
21779,Cam,Philipp,Cam.Philipp@yopmail.com,Cam.Philipp@gmail.com,developer,21680
21780,Aryn,Thomasina,Aryn.Thomasina@yopmail.com,Aryn.Thomasina@gmail.com,firefighter,21681
21781,Carmela,Karl,Carmela.Karl@yopmail.com,Carmela.Karl@gmail.com,police officer,21682
21782,Doro,Thornburg,Doro.Thornburg@yopmail.com,Doro.Thornburg@gmail.com,developer,21683
21783,Tarra,Suzetta,Tarra.Suzetta@yopmail.com,Tarra.Suzetta@gmail.com,worker,21684
21784,Tabbatha,Cookie,Tabbatha.Cookie@yopmail.com,Tabbatha.Cookie@gmail.com,worker,21685
21785,Jany,Decato,Jany.Decato@yopmail.com,Jany.Decato@gmail.com,firefighter,21686
21786,Tressa,Tarrant,Tressa.Tarrant@yopmail.com,Tressa.Tarrant@gmail.com,firefighter,21687
21787,Anthia,Santoro,Anthia.Santoro@yopmail.com,Anthia.Santoro@gmail.com,doctor,21688
21788,Lesly,Masao,Lesly.Masao@yopmail.com,Lesly.Masao@gmail.com,developer,21689
21789,Gloria,Lynn,Gloria.Lynn@yopmail.com,Gloria.Lynn@gmail.com,doctor,21690
21790,Carolina,Pitt,Carolina.Pitt@yopmail.com,Carolina.Pitt@gmail.com,doctor,21691
21791,Ofilia,Tomasina,Ofilia.Tomasina@yopmail.com,Ofilia.Tomasina@gmail.com,developer,21692
21792,Betta,Glenden,Betta.Glenden@yopmail.com,Betta.Glenden@gmail.com,doctor,21693
21793,Morganica,Faro,Morganica.Faro@yopmail.com,Morganica.Faro@gmail.com,worker,21694
21794,Lauryn,Mayeda,Lauryn.Mayeda@yopmail.com,Lauryn.Mayeda@gmail.com,developer,21695
21795,Margette,Graig,Margette.Graig@yopmail.com,Margette.Graig@gmail.com,developer,21696
21796,Shaylyn,Allina,Shaylyn.Allina@yopmail.com,Shaylyn.Allina@gmail.com,doctor,21697
21797,Basia,Mandler,Basia.Mandler@yopmail.com,Basia.Mandler@gmail.com,doctor,21698
21798,Nariko,Deegan,Nariko.Deegan@yopmail.com,Nariko.Deegan@gmail.com,police officer,21699
21799,Wendi,Pip,Wendi.Pip@yopmail.com,Wendi.Pip@gmail.com,worker,21700
21800,Chickie,Hilbert,Chickie.Hilbert@yopmail.com,Chickie.Hilbert@gmail.com,worker,21701
21801,Elora,Wallis,Elora.Wallis@yopmail.com,Elora.Wallis@gmail.com,worker,21702
21802,Sidoney,Karylin,Sidoney.Karylin@yopmail.com,Sidoney.Karylin@gmail.com,developer,21703
21803,Zaria,Wallis,Zaria.Wallis@yopmail.com,Zaria.Wallis@gmail.com,police officer,21704
21804,Daphne,Nelsen,Daphne.Nelsen@yopmail.com,Daphne.Nelsen@gmail.com,doctor,21705
21805,Harrietta,Eldrid,Harrietta.Eldrid@yopmail.com,Harrietta.Eldrid@gmail.com,firefighter,21706
21806,Katuscha,Fairweather,Katuscha.Fairweather@yopmail.com,Katuscha.Fairweather@gmail.com,worker,21707
21807,Darci,Arquit,Darci.Arquit@yopmail.com,Darci.Arquit@gmail.com,developer,21708
21808,Tilly,Willie,Tilly.Willie@yopmail.com,Tilly.Willie@gmail.com,developer,21709
21809,Calla,Alisia,Calla.Alisia@yopmail.com,Calla.Alisia@gmail.com,doctor,21710
21810,Suzette,Lamoree,Suzette.Lamoree@yopmail.com,Suzette.Lamoree@gmail.com,worker,21711
21811,Rozele,Fabiola,Rozele.Fabiola@yopmail.com,Rozele.Fabiola@gmail.com,worker,21712
21812,Alia,Bevin,Alia.Bevin@yopmail.com,Alia.Bevin@gmail.com,police officer,21713
21813,Babita,Naor,Babita.Naor@yopmail.com,Babita.Naor@gmail.com,police officer,21714
21814,Stacey,Regan,Stacey.Regan@yopmail.com,Stacey.Regan@gmail.com,doctor,21715
21815,Kathy,Ezar,Kathy.Ezar@yopmail.com,Kathy.Ezar@gmail.com,developer,21716
21816,Orsola,Trinetta,Orsola.Trinetta@yopmail.com,Orsola.Trinetta@gmail.com,doctor,21717
21817,Letizia,Goth,Letizia.Goth@yopmail.com,Letizia.Goth@gmail.com,developer,21718
21818,Malina,Ajay,Malina.Ajay@yopmail.com,Malina.Ajay@gmail.com,police officer,21719
21819,Cindelyn,Maiah,Cindelyn.Maiah@yopmail.com,Cindelyn.Maiah@gmail.com,worker,21720
21820,Laurene,Rogerio,Laurene.Rogerio@yopmail.com,Laurene.Rogerio@gmail.com,worker,21721
21821,Alexine,Ramona,Alexine.Ramona@yopmail.com,Alexine.Ramona@gmail.com,police officer,21722
21822,Lolita,Irmine,Lolita.Irmine@yopmail.com,Lolita.Irmine@gmail.com,police officer,21723
21823,Concettina,Edvard,Concettina.Edvard@yopmail.com,Concettina.Edvard@gmail.com,firefighter,21724
21824,Danny,Quent,Danny.Quent@yopmail.com,Danny.Quent@gmail.com,firefighter,21725
21825,Shaine,Gladstone,Shaine.Gladstone@yopmail.com,Shaine.Gladstone@gmail.com,worker,21726
21826,Heddie,Sheng,Heddie.Sheng@yopmail.com,Heddie.Sheng@gmail.com,firefighter,21727
21827,Raf,Byrne,Raf.Byrne@yopmail.com,Raf.Byrne@gmail.com,police officer,21728
21828,Betta,Linskey,Betta.Linskey@yopmail.com,Betta.Linskey@gmail.com,firefighter,21729
21829,Jacenta,Shanley,Jacenta.Shanley@yopmail.com,Jacenta.Shanley@gmail.com,developer,21730
21830,Nadine,Ciro,Nadine.Ciro@yopmail.com,Nadine.Ciro@gmail.com,police officer,21731
21831,Kathy,Gunn,Kathy.Gunn@yopmail.com,Kathy.Gunn@gmail.com,firefighter,21732
21832,Selma,Barrus,Selma.Barrus@yopmail.com,Selma.Barrus@gmail.com,developer,21733
21833,Marguerite,Screens,Marguerite.Screens@yopmail.com,Marguerite.Screens@gmail.com,doctor,21734
21834,Flo,Peti,Flo.Peti@yopmail.com,Flo.Peti@gmail.com,doctor,21735
21835,Emilia,Idelia,Emilia.Idelia@yopmail.com,Emilia.Idelia@gmail.com,firefighter,21736
21836,Molli,Marcellus,Molli.Marcellus@yopmail.com,Molli.Marcellus@gmail.com,worker,21737
21837,Genevra,Brittani,Genevra.Brittani@yopmail.com,Genevra.Brittani@gmail.com,developer,21738
21838,Janis,Whiffen,Janis.Whiffen@yopmail.com,Janis.Whiffen@gmail.com,developer,21739
21839,Therine,Buttaro,Therine.Buttaro@yopmail.com,Therine.Buttaro@gmail.com,firefighter,21740
21840,Lusa,Docilla,Lusa.Docilla@yopmail.com,Lusa.Docilla@gmail.com,firefighter,21741
21841,Anica,Odysseus,Anica.Odysseus@yopmail.com,Anica.Odysseus@gmail.com,developer,21742
21842,Beverley,Stephie,Beverley.Stephie@yopmail.com,Beverley.Stephie@gmail.com,doctor,21743
21843,Brynna,Oster,Brynna.Oster@yopmail.com,Brynna.Oster@gmail.com,worker,21744
21844,Perry,Stoller,Perry.Stoller@yopmail.com,Perry.Stoller@gmail.com,firefighter,21745
21845,Kalina,Kunin,Kalina.Kunin@yopmail.com,Kalina.Kunin@gmail.com,worker,21746
21846,Bobbi,Wenoa,Bobbi.Wenoa@yopmail.com,Bobbi.Wenoa@gmail.com,firefighter,21747
21847,Gratia,Amadas,Gratia.Amadas@yopmail.com,Gratia.Amadas@gmail.com,developer,21748
21848,Basia,Vorster,Basia.Vorster@yopmail.com,Basia.Vorster@gmail.com,police officer,21749
21849,Chere,Phi,Chere.Phi@yopmail.com,Chere.Phi@gmail.com,doctor,21750
21850,Dacia,Madox,Dacia.Madox@yopmail.com,Dacia.Madox@gmail.com,worker,21751
21851,Dotty,Jalbert,Dotty.Jalbert@yopmail.com,Dotty.Jalbert@gmail.com,worker,21752
21852,Ardenia,Konyn,Ardenia.Konyn@yopmail.com,Ardenia.Konyn@gmail.com,developer,21753
21853,Nerta,Fancie,Nerta.Fancie@yopmail.com,Nerta.Fancie@gmail.com,police officer,21754
21854,Chrystel,Edee,Chrystel.Edee@yopmail.com,Chrystel.Edee@gmail.com,firefighter,21755
21855,Roslyn,Sawtelle,Roslyn.Sawtelle@yopmail.com,Roslyn.Sawtelle@gmail.com,firefighter,21756
21856,Livvyy,Gilbertson,Livvyy.Gilbertson@yopmail.com,Livvyy.Gilbertson@gmail.com,worker,21757
21857,Maridel,Fontana,Maridel.Fontana@yopmail.com,Maridel.Fontana@gmail.com,doctor,21758
21858,Sissy,Gert,Sissy.Gert@yopmail.com,Sissy.Gert@gmail.com,doctor,21759
21859,Regina,Hedve,Regina.Hedve@yopmail.com,Regina.Hedve@gmail.com,worker,21760
21860,Bertine,Louanna,Bertine.Louanna@yopmail.com,Bertine.Louanna@gmail.com,police officer,21761
21861,Mildrid,Cordi,Mildrid.Cordi@yopmail.com,Mildrid.Cordi@gmail.com,police officer,21762
21862,Thalia,Brandice,Thalia.Brandice@yopmail.com,Thalia.Brandice@gmail.com,developer,21763
21863,Kirstin,Paine,Kirstin.Paine@yopmail.com,Kirstin.Paine@gmail.com,doctor,21764
21864,Farrah,Waldron,Farrah.Waldron@yopmail.com,Farrah.Waldron@gmail.com,police officer,21765
21865,Carolina,Cookie,Carolina.Cookie@yopmail.com,Carolina.Cookie@gmail.com,police officer,21766
21866,Peri,Demitria,Peri.Demitria@yopmail.com,Peri.Demitria@gmail.com,police officer,21767
21867,Yvonne,Tatianas,Yvonne.Tatianas@yopmail.com,Yvonne.Tatianas@gmail.com,doctor,21768
21868,Aryn,Katrine,Aryn.Katrine@yopmail.com,Aryn.Katrine@gmail.com,firefighter,21769
21869,Marsiella,Sibyls,Marsiella.Sibyls@yopmail.com,Marsiella.Sibyls@gmail.com,developer,21770
21870,Mignon,Jobi,Mignon.Jobi@yopmail.com,Mignon.Jobi@gmail.com,doctor,21771
21871,Valeda,Sigfrid,Valeda.Sigfrid@yopmail.com,Valeda.Sigfrid@gmail.com,doctor,21772
21872,Emmey,O'Neill,Emmey.O'Neill@yopmail.com,Emmey.O'Neill@gmail.com,worker,21773
21873,Paule,Quinn,Paule.Quinn@yopmail.com,Paule.Quinn@gmail.com,police officer,21774
21874,Norine,Seagraves,Norine.Seagraves@yopmail.com,Norine.Seagraves@gmail.com,worker,21775
21875,Karlee,Ries,Karlee.Ries@yopmail.com,Karlee.Ries@gmail.com,doctor,21776
21876,Jenilee,Kannry,Jenilee.Kannry@yopmail.com,Jenilee.Kannry@gmail.com,worker,21777
21877,Tierney,Valoniah,Tierney.Valoniah@yopmail.com,Tierney.Valoniah@gmail.com,developer,21778
21878,Sarette,Elo,Sarette.Elo@yopmail.com,Sarette.Elo@gmail.com,worker,21779
21879,Ruthe,Magdalen,Ruthe.Magdalen@yopmail.com,Ruthe.Magdalen@gmail.com,worker,21780
21880,Iseabal,Gladstone,Iseabal.Gladstone@yopmail.com,Iseabal.Gladstone@gmail.com,doctor,21781
21881,Antonietta,Leffen,Antonietta.Leffen@yopmail.com,Antonietta.Leffen@gmail.com,firefighter,21782
21882,Delilah,Barbey,Delilah.Barbey@yopmail.com,Delilah.Barbey@gmail.com,firefighter,21783
21883,Aubrie,Blase,Aubrie.Blase@yopmail.com,Aubrie.Blase@gmail.com,worker,21784
21884,Madelle,Michella,Madelle.Michella@yopmail.com,Madelle.Michella@gmail.com,police officer,21785
21885,Elka,Boycey,Elka.Boycey@yopmail.com,Elka.Boycey@gmail.com,worker,21786
21886,Selma,Voletta,Selma.Voletta@yopmail.com,Selma.Voletta@gmail.com,police officer,21787
21887,Eadie,Gino,Eadie.Gino@yopmail.com,Eadie.Gino@gmail.com,doctor,21788
21888,Rozele,Etom,Rozele.Etom@yopmail.com,Rozele.Etom@gmail.com,firefighter,21789
21889,Elie,Modie,Elie.Modie@yopmail.com,Elie.Modie@gmail.com,worker,21790
21890,Teddie,Bari,Teddie.Bari@yopmail.com,Teddie.Bari@gmail.com,doctor,21791
21891,Latisha,Hylan,Latisha.Hylan@yopmail.com,Latisha.Hylan@gmail.com,doctor,21792
21892,Harmonia,Felecia,Harmonia.Felecia@yopmail.com,Harmonia.Felecia@gmail.com,police officer,21793
21893,Elvira,Pierette,Elvira.Pierette@yopmail.com,Elvira.Pierette@gmail.com,firefighter,21794
21894,Christal,Teryn,Christal.Teryn@yopmail.com,Christal.Teryn@gmail.com,worker,21795
21895,Margalo,Jena,Margalo.Jena@yopmail.com,Margalo.Jena@gmail.com,firefighter,21796
21896,Clementine,Rozanna,Clementine.Rozanna@yopmail.com,Clementine.Rozanna@gmail.com,worker,21797
21897,Courtnay,Marijo,Courtnay.Marijo@yopmail.com,Courtnay.Marijo@gmail.com,doctor,21798
21898,Fredericka,Rubie,Fredericka.Rubie@yopmail.com,Fredericka.Rubie@gmail.com,police officer,21799
21899,Winifred,Land,Winifred.Land@yopmail.com,Winifred.Land@gmail.com,police officer,21800
21900,Dulce,Chesna,Dulce.Chesna@yopmail.com,Dulce.Chesna@gmail.com,developer,21801
21901,Almeta,Gilmour,Almeta.Gilmour@yopmail.com,Almeta.Gilmour@gmail.com,worker,21802
21902,Berget,Mike,Berget.Mike@yopmail.com,Berget.Mike@gmail.com,firefighter,21803
21903,Sara-Ann,Zamora,Sara-Ann.Zamora@yopmail.com,Sara-Ann.Zamora@gmail.com,worker,21804
21904,Roz,Damarra,Roz.Damarra@yopmail.com,Roz.Damarra@gmail.com,worker,21805
21905,Trixi,Couture,Trixi.Couture@yopmail.com,Trixi.Couture@gmail.com,firefighter,21806
21906,Emma,Gherardo,Emma.Gherardo@yopmail.com,Emma.Gherardo@gmail.com,firefighter,21807
21907,Kerrin,Jerald,Kerrin.Jerald@yopmail.com,Kerrin.Jerald@gmail.com,developer,21808
21908,Tilly,Velick,Tilly.Velick@yopmail.com,Tilly.Velick@gmail.com,worker,21809
21909,Dulcinea,Sheedy,Dulcinea.Sheedy@yopmail.com,Dulcinea.Sheedy@gmail.com,police officer,21810
21910,Kary,Kaete,Kary.Kaete@yopmail.com,Kary.Kaete@gmail.com,doctor,21811
21911,Nikki,Flyn,Nikki.Flyn@yopmail.com,Nikki.Flyn@gmail.com,police officer,21812
21912,Stacey,Raul,Stacey.Raul@yopmail.com,Stacey.Raul@gmail.com,police officer,21813
21913,Fanny,Tippets,Fanny.Tippets@yopmail.com,Fanny.Tippets@gmail.com,doctor,21814
21914,Michaelina,Kolnick,Michaelina.Kolnick@yopmail.com,Michaelina.Kolnick@gmail.com,worker,21815
21915,Romona,Poll,Romona.Poll@yopmail.com,Romona.Poll@gmail.com,developer,21816
21916,Alyda,Fabiola,Alyda.Fabiola@yopmail.com,Alyda.Fabiola@gmail.com,firefighter,21817
21917,Alameda,Selway,Alameda.Selway@yopmail.com,Alameda.Selway@gmail.com,worker,21818
21918,Blake,Alisia,Blake.Alisia@yopmail.com,Blake.Alisia@gmail.com,worker,21819
21919,Kristan,Blake,Kristan.Blake@yopmail.com,Kristan.Blake@gmail.com,developer,21820
21920,Aeriela,Forrer,Aeriela.Forrer@yopmail.com,Aeriela.Forrer@gmail.com,developer,21821
21921,Michaelina,Aldric,Michaelina.Aldric@yopmail.com,Michaelina.Aldric@gmail.com,police officer,21822
21922,Shaylyn,Erb,Shaylyn.Erb@yopmail.com,Shaylyn.Erb@gmail.com,police officer,21823
21923,Dorothy,Ilka,Dorothy.Ilka@yopmail.com,Dorothy.Ilka@gmail.com,worker,21824
21924,Flo,Jess,Flo.Jess@yopmail.com,Flo.Jess@gmail.com,police officer,21825
21925,Catrina,Peti,Catrina.Peti@yopmail.com,Catrina.Peti@gmail.com,police officer,21826
21926,Annecorinne,Loleta,Annecorinne.Loleta@yopmail.com,Annecorinne.Loleta@gmail.com,developer,21827
21927,Hildegaard,Rogerio,Hildegaard.Rogerio@yopmail.com,Hildegaard.Rogerio@gmail.com,developer,21828
21928,Rebeca,Rhu,Rebeca.Rhu@yopmail.com,Rebeca.Rhu@gmail.com,developer,21829
21929,Harmonia,Sholley,Harmonia.Sholley@yopmail.com,Harmonia.Sholley@gmail.com,developer,21830
21930,Paola,Vastah,Paola.Vastah@yopmail.com,Paola.Vastah@gmail.com,doctor,21831
21931,Claresta,Elephus,Claresta.Elephus@yopmail.com,Claresta.Elephus@gmail.com,worker,21832
21932,Elyssa,Blake,Elyssa.Blake@yopmail.com,Elyssa.Blake@gmail.com,firefighter,21833
21933,Addia,Ariella,Addia.Ariella@yopmail.com,Addia.Ariella@gmail.com,police officer,21834
21934,Anica,Bonilla,Anica.Bonilla@yopmail.com,Anica.Bonilla@gmail.com,doctor,21835
21935,Ofilia,Giff,Ofilia.Giff@yopmail.com,Ofilia.Giff@gmail.com,firefighter,21836
21936,Celisse,Auberbach,Celisse.Auberbach@yopmail.com,Celisse.Auberbach@gmail.com,firefighter,21837
21937,Kayla,Pierette,Kayla.Pierette@yopmail.com,Kayla.Pierette@gmail.com,police officer,21838
21938,Sabina,Oneida,Sabina.Oneida@yopmail.com,Sabina.Oneida@gmail.com,firefighter,21839
21939,Alie,Pillsbury,Alie.Pillsbury@yopmail.com,Alie.Pillsbury@gmail.com,firefighter,21840
21940,Agathe,Esmaria,Agathe.Esmaria@yopmail.com,Agathe.Esmaria@gmail.com,police officer,21841
21941,Briney,Pitt,Briney.Pitt@yopmail.com,Briney.Pitt@gmail.com,worker,21842
21942,Sashenka,Brotherson,Sashenka.Brotherson@yopmail.com,Sashenka.Brotherson@gmail.com,worker,21843
21943,Jaime,Elephus,Jaime.Elephus@yopmail.com,Jaime.Elephus@gmail.com,firefighter,21844
21944,Elie,Friede,Elie.Friede@yopmail.com,Elie.Friede@gmail.com,developer,21845
21945,Zondra,Gino,Zondra.Gino@yopmail.com,Zondra.Gino@gmail.com,police officer,21846
21946,Betta,Teddman,Betta.Teddman@yopmail.com,Betta.Teddman@gmail.com,developer,21847
21947,Brietta,Joseph,Brietta.Joseph@yopmail.com,Brietta.Joseph@gmail.com,worker,21848
21948,Ericka,Sikorski,Ericka.Sikorski@yopmail.com,Ericka.Sikorski@gmail.com,developer,21849
21949,Arabel,Anestassia,Arabel.Anestassia@yopmail.com,Arabel.Anestassia@gmail.com,firefighter,21850
21950,Fayre,Yam,Fayre.Yam@yopmail.com,Fayre.Yam@gmail.com,worker,21851
21951,Olivette,Craggie,Olivette.Craggie@yopmail.com,Olivette.Craggie@gmail.com,police officer,21852
21952,Agnese,Franza,Agnese.Franza@yopmail.com,Agnese.Franza@gmail.com,worker,21853
21953,Max,Bronk,Max.Bronk@yopmail.com,Max.Bronk@gmail.com,doctor,21854
21954,Hollie,Selway,Hollie.Selway@yopmail.com,Hollie.Selway@gmail.com,police officer,21855
21955,Katleen,Esmaria,Katleen.Esmaria@yopmail.com,Katleen.Esmaria@gmail.com,firefighter,21856
21956,Margalo,Abernon,Margalo.Abernon@yopmail.com,Margalo.Abernon@gmail.com,worker,21857
21957,Lilith,Autrey,Lilith.Autrey@yopmail.com,Lilith.Autrey@gmail.com,developer,21858
21958,Gui,Chauncey,Gui.Chauncey@yopmail.com,Gui.Chauncey@gmail.com,worker,21859
21959,Marleah,Montgomery,Marleah.Montgomery@yopmail.com,Marleah.Montgomery@gmail.com,developer,21860
21960,Dotty,Kiersten,Dotty.Kiersten@yopmail.com,Dotty.Kiersten@gmail.com,firefighter,21861
21961,Cherilyn,Rosette,Cherilyn.Rosette@yopmail.com,Cherilyn.Rosette@gmail.com,worker,21862
21962,Peri,Fairweather,Peri.Fairweather@yopmail.com,Peri.Fairweather@gmail.com,firefighter,21863
21963,Mildrid,Means,Mildrid.Means@yopmail.com,Mildrid.Means@gmail.com,developer,21864
21964,Dorene,Valerio,Dorene.Valerio@yopmail.com,Dorene.Valerio@gmail.com,doctor,21865
21965,Kellen,Forrer,Kellen.Forrer@yopmail.com,Kellen.Forrer@gmail.com,developer,21866
21966,Mureil,Sheedy,Mureil.Sheedy@yopmail.com,Mureil.Sheedy@gmail.com,worker,21867
21967,Helsa,Hieronymus,Helsa.Hieronymus@yopmail.com,Helsa.Hieronymus@gmail.com,doctor,21868
21968,Kaja,Carbo,Kaja.Carbo@yopmail.com,Kaja.Carbo@gmail.com,developer,21869
21969,Penelopa,Letsou,Penelopa.Letsou@yopmail.com,Penelopa.Letsou@gmail.com,doctor,21870
21970,Beth,Maroney,Beth.Maroney@yopmail.com,Beth.Maroney@gmail.com,doctor,21871
21971,Fayre,Fax,Fayre.Fax@yopmail.com,Fayre.Fax@gmail.com,police officer,21872
21972,Jacenta,McCutcheon,Jacenta.McCutcheon@yopmail.com,Jacenta.McCutcheon@gmail.com,firefighter,21873
21973,Ronna,Gaal,Ronna.Gaal@yopmail.com,Ronna.Gaal@gmail.com,worker,21874
21974,Chickie,Papageno,Chickie.Papageno@yopmail.com,Chickie.Papageno@gmail.com,doctor,21875
21975,Amalie,Skurnik,Amalie.Skurnik@yopmail.com,Amalie.Skurnik@gmail.com,doctor,21876
21976,Alyda,Colyer,Alyda.Colyer@yopmail.com,Alyda.Colyer@gmail.com,firefighter,21877
21977,Jenda,Honoria,Jenda.Honoria@yopmail.com,Jenda.Honoria@gmail.com,police officer,21878
21978,Kathi,Bahr,Kathi.Bahr@yopmail.com,Kathi.Bahr@gmail.com,doctor,21879
21979,Nataline,Toni,Nataline.Toni@yopmail.com,Nataline.Toni@gmail.com,developer,21880
21980,Penelopa,Eckblad,Penelopa.Eckblad@yopmail.com,Penelopa.Eckblad@gmail.com,firefighter,21881
21981,Brandise,Hirsch,Brandise.Hirsch@yopmail.com,Brandise.Hirsch@gmail.com,doctor,21882
21982,Zondra,Wilona,Zondra.Wilona@yopmail.com,Zondra.Wilona@gmail.com,firefighter,21883
21983,Goldie,Hazlett,Goldie.Hazlett@yopmail.com,Goldie.Hazlett@gmail.com,developer,21884
21984,Melina,Percy,Melina.Percy@yopmail.com,Melina.Percy@gmail.com,developer,21885
21985,Fred,Hortensia,Fred.Hortensia@yopmail.com,Fred.Hortensia@gmail.com,developer,21886
21986,Gerianna,Fiester,Gerianna.Fiester@yopmail.com,Gerianna.Fiester@gmail.com,worker,21887
21987,Catharine,Ortrude,Catharine.Ortrude@yopmail.com,Catharine.Ortrude@gmail.com,developer,21888
21988,Layla,Kenney,Layla.Kenney@yopmail.com,Layla.Kenney@gmail.com,worker,21889
21989,Teddie,Weitman,Teddie.Weitman@yopmail.com,Teddie.Weitman@gmail.com,doctor,21890
21990,Selia,Capello,Selia.Capello@yopmail.com,Selia.Capello@gmail.com,firefighter,21891
21991,Bee,Bennie,Bee.Bennie@yopmail.com,Bee.Bennie@gmail.com,doctor,21892
21992,Ardeen,Robertson,Ardeen.Robertson@yopmail.com,Ardeen.Robertson@gmail.com,developer,21893
21993,Karena,Justinn,Karena.Justinn@yopmail.com,Karena.Justinn@gmail.com,firefighter,21894
21994,Shaine,Claudine,Shaine.Claudine@yopmail.com,Shaine.Claudine@gmail.com,worker,21895
21995,Carilyn,Seagraves,Carilyn.Seagraves@yopmail.com,Carilyn.Seagraves@gmail.com,police officer,21896
21996,Tressa,Alrich,Tressa.Alrich@yopmail.com,Tressa.Alrich@gmail.com,police officer,21897
21997,Hope,Jehu,Hope.Jehu@yopmail.com,Hope.Jehu@gmail.com,developer,21898
21998,Violet,Prouty,Violet.Prouty@yopmail.com,Violet.Prouty@gmail.com,developer,21899
21999,Lynea,Millda,Lynea.Millda@yopmail.com,Lynea.Millda@gmail.com,firefighter,21900
22000,Reeba,Bow,Reeba.Bow@yopmail.com,Reeba.Bow@gmail.com,police officer,21901
22001,Nananne,Fairweather,Nananne.Fairweather@yopmail.com,Nananne.Fairweather@gmail.com,police officer,21902
22002,Kathy,Hylan,Kathy.Hylan@yopmail.com,Kathy.Hylan@gmail.com,worker,21903
22003,Ninnetta,Candy,Ninnetta.Candy@yopmail.com,Ninnetta.Candy@gmail.com,police officer,21904
22004,Abbie,Fillbert,Abbie.Fillbert@yopmail.com,Abbie.Fillbert@gmail.com,developer,21905
22005,Ida,Smitt,Ida.Smitt@yopmail.com,Ida.Smitt@gmail.com,developer,21906
22006,Florie,Candy,Florie.Candy@yopmail.com,Florie.Candy@gmail.com,doctor,21907
22007,Edyth,Konyn,Edyth.Konyn@yopmail.com,Edyth.Konyn@gmail.com,doctor,21908
22008,Dorice,Pyle,Dorice.Pyle@yopmail.com,Dorice.Pyle@gmail.com,police officer,21909
22009,Gale,Charity,Gale.Charity@yopmail.com,Gale.Charity@gmail.com,police officer,21910
22010,Mary,Dearborn,Mary.Dearborn@yopmail.com,Mary.Dearborn@gmail.com,police officer,21911
22011,Isa,Kosey,Isa.Kosey@yopmail.com,Isa.Kosey@gmail.com,worker,21912
22012,Sashenka,Tillford,Sashenka.Tillford@yopmail.com,Sashenka.Tillford@gmail.com,police officer,21913
22013,Valera,Goldina,Valera.Goldina@yopmail.com,Valera.Goldina@gmail.com,worker,21914
22014,Thalia,Han,Thalia.Han@yopmail.com,Thalia.Han@gmail.com,doctor,21915
22015,Ebonee,Norvol,Ebonee.Norvol@yopmail.com,Ebonee.Norvol@gmail.com,firefighter,21916
22016,Zondra,Sheng,Zondra.Sheng@yopmail.com,Zondra.Sheng@gmail.com,police officer,21917
22017,Alie,Ardeha,Alie.Ardeha@yopmail.com,Alie.Ardeha@gmail.com,doctor,21918
22018,Mary,Genna,Mary.Genna@yopmail.com,Mary.Genna@gmail.com,developer,21919
22019,Tersina,Shelba,Tersina.Shelba@yopmail.com,Tersina.Shelba@gmail.com,worker,21920
22020,Sherrie,Croix,Sherrie.Croix@yopmail.com,Sherrie.Croix@gmail.com,police officer,21921
22021,Tierney,McCutcheon,Tierney.McCutcheon@yopmail.com,Tierney.McCutcheon@gmail.com,worker,21922
22022,Elvira,Natica,Elvira.Natica@yopmail.com,Elvira.Natica@gmail.com,worker,21923
22023,Rayna,Schalles,Rayna.Schalles@yopmail.com,Rayna.Schalles@gmail.com,worker,21924
22024,Melanie,Joachim,Melanie.Joachim@yopmail.com,Melanie.Joachim@gmail.com,police officer,21925
22025,Stephanie,Amand,Stephanie.Amand@yopmail.com,Stephanie.Amand@gmail.com,developer,21926
22026,Jorry,Radu,Jorry.Radu@yopmail.com,Jorry.Radu@gmail.com,doctor,21927
22027,Marylou,Mike,Marylou.Mike@yopmail.com,Marylou.Mike@gmail.com,developer,21928
22028,Jordan,Olympium,Jordan.Olympium@yopmail.com,Jordan.Olympium@gmail.com,developer,21929
22029,Glynnis,Ricarda,Glynnis.Ricarda@yopmail.com,Glynnis.Ricarda@gmail.com,police officer,21930
22030,Heddie,Ingra,Heddie.Ingra@yopmail.com,Heddie.Ingra@gmail.com,police officer,21931
22031,Carmela,Decato,Carmela.Decato@yopmail.com,Carmela.Decato@gmail.com,police officer,21932
22032,Aryn,McNully,Aryn.McNully@yopmail.com,Aryn.McNully@gmail.com,police officer,21933
22033,Gretal,Cleavland,Gretal.Cleavland@yopmail.com,Gretal.Cleavland@gmail.com,developer,21934
22034,Rosanne,Weinreb,Rosanne.Weinreb@yopmail.com,Rosanne.Weinreb@gmail.com,firefighter,21935
22035,Dotty,Shama,Dotty.Shama@yopmail.com,Dotty.Shama@gmail.com,police officer,21936
22036,Therine,Cressida,Therine.Cressida@yopmail.com,Therine.Cressida@gmail.com,doctor,21937
22037,Alisha,Talia,Alisha.Talia@yopmail.com,Alisha.Talia@gmail.com,worker,21938
22038,Donnie,Maxi,Donnie.Maxi@yopmail.com,Donnie.Maxi@gmail.com,police officer,21939
22039,Glenda,Fillbert,Glenda.Fillbert@yopmail.com,Glenda.Fillbert@gmail.com,worker,21940
22040,Aili,Clara,Aili.Clara@yopmail.com,Aili.Clara@gmail.com,police officer,21941
22041,Rori,Vacuva,Rori.Vacuva@yopmail.com,Rori.Vacuva@gmail.com,doctor,21942
22042,Elmira,Nerita,Elmira.Nerita@yopmail.com,Elmira.Nerita@gmail.com,firefighter,21943
22043,Adore,Middleton,Adore.Middleton@yopmail.com,Adore.Middleton@gmail.com,developer,21944
22044,Hayley,Schenck,Hayley.Schenck@yopmail.com,Hayley.Schenck@gmail.com,developer,21945
22045,Ida,Juan,Ida.Juan@yopmail.com,Ida.Juan@gmail.com,developer,21946
22046,Elvira,Marijo,Elvira.Marijo@yopmail.com,Elvira.Marijo@gmail.com,doctor,21947
22047,Carree,Cosenza,Carree.Cosenza@yopmail.com,Carree.Cosenza@gmail.com,worker,21948
22048,Gianina,Land,Gianina.Land@yopmail.com,Gianina.Land@gmail.com,developer,21949
22049,Gabi,Lorain,Gabi.Lorain@yopmail.com,Gabi.Lorain@gmail.com,firefighter,21950
22050,Deane,Niccolo,Deane.Niccolo@yopmail.com,Deane.Niccolo@gmail.com,developer,21951
22051,Cyb,Pernick,Cyb.Pernick@yopmail.com,Cyb.Pernick@gmail.com,developer,21952
22052,Marleah,Emerson,Marleah.Emerson@yopmail.com,Marleah.Emerson@gmail.com,developer,21953
22053,Genevra,Nadia,Genevra.Nadia@yopmail.com,Genevra.Nadia@gmail.com,developer,21954
22054,Edee,Ade,Edee.Ade@yopmail.com,Edee.Ade@gmail.com,developer,21955
22055,Ermengarde,Slifka,Ermengarde.Slifka@yopmail.com,Ermengarde.Slifka@gmail.com,police officer,21956
22056,Willetta,Cressida,Willetta.Cressida@yopmail.com,Willetta.Cressida@gmail.com,firefighter,21957
22057,Mignon,Madaih,Mignon.Madaih@yopmail.com,Mignon.Madaih@gmail.com,firefighter,21958
22058,Britni,Silvan,Britni.Silvan@yopmail.com,Britni.Silvan@gmail.com,firefighter,21959
22059,Theodora,Anestassia,Theodora.Anestassia@yopmail.com,Theodora.Anestassia@gmail.com,firefighter,21960
22060,Kimberley,Guildroy,Kimberley.Guildroy@yopmail.com,Kimberley.Guildroy@gmail.com,worker,21961
22061,Bibby,Claudine,Bibby.Claudine@yopmail.com,Bibby.Claudine@gmail.com,worker,21962
22062,Gabi,Carlson,Gabi.Carlson@yopmail.com,Gabi.Carlson@gmail.com,police officer,21963
22063,Adore,Raseda,Adore.Raseda@yopmail.com,Adore.Raseda@gmail.com,developer,21964
22064,Desirae,Allys,Desirae.Allys@yopmail.com,Desirae.Allys@gmail.com,doctor,21965
22065,Latisha,Gibbeon,Latisha.Gibbeon@yopmail.com,Latisha.Gibbeon@gmail.com,worker,21966
22066,Ginnie,Tayib,Ginnie.Tayib@yopmail.com,Ginnie.Tayib@gmail.com,police officer,21967
22067,Emma,Llovera,Emma.Llovera@yopmail.com,Emma.Llovera@gmail.com,firefighter,21968
22068,Queenie,Fiester,Queenie.Fiester@yopmail.com,Queenie.Fiester@gmail.com,developer,21969
22069,Petronia,Honoria,Petronia.Honoria@yopmail.com,Petronia.Honoria@gmail.com,doctor,21970
22070,Gaylene,Burnside,Gaylene.Burnside@yopmail.com,Gaylene.Burnside@gmail.com,developer,21971
22071,Keelia,Nedrud,Keelia.Nedrud@yopmail.com,Keelia.Nedrud@gmail.com,developer,21972
22072,Brynna,Seligman,Brynna.Seligman@yopmail.com,Brynna.Seligman@gmail.com,worker,21973
22073,Konstance,Nicoline,Konstance.Nicoline@yopmail.com,Konstance.Nicoline@gmail.com,developer,21974
22074,Ruthe,McClimans,Ruthe.McClimans@yopmail.com,Ruthe.McClimans@gmail.com,doctor,21975
22075,Joeann,Fosque,Joeann.Fosque@yopmail.com,Joeann.Fosque@gmail.com,doctor,21976
22076,Shell,Rodmann,Shell.Rodmann@yopmail.com,Shell.Rodmann@gmail.com,worker,21977
22077,Louella,Demitria,Louella.Demitria@yopmail.com,Louella.Demitria@gmail.com,police officer,21978
22078,Roseline,Prober,Roseline.Prober@yopmail.com,Roseline.Prober@gmail.com,worker,21979
22079,Merrie,Pernick,Merrie.Pernick@yopmail.com,Merrie.Pernick@gmail.com,worker,21980
22080,Clary,Morehouse,Clary.Morehouse@yopmail.com,Clary.Morehouse@gmail.com,police officer,21981
22081,Sidoney,Pozzy,Sidoney.Pozzy@yopmail.com,Sidoney.Pozzy@gmail.com,police officer,21982
22082,Elena,Adrienne,Elena.Adrienne@yopmail.com,Elena.Adrienne@gmail.com,worker,21983
22083,Cathyleen,Kermit,Cathyleen.Kermit@yopmail.com,Cathyleen.Kermit@gmail.com,doctor,21984
22084,Nita,Papageno,Nita.Papageno@yopmail.com,Nita.Papageno@gmail.com,developer,21985
22085,Jenda,McCutcheon,Jenda.McCutcheon@yopmail.com,Jenda.McCutcheon@gmail.com,doctor,21986
22086,Cissiee,Gualtiero,Cissiee.Gualtiero@yopmail.com,Cissiee.Gualtiero@gmail.com,doctor,21987
22087,Modestia,Sundin,Modestia.Sundin@yopmail.com,Modestia.Sundin@gmail.com,doctor,21988
22088,Agathe,Candy,Agathe.Candy@yopmail.com,Agathe.Candy@gmail.com,worker,21989
22089,Marita,Dielu,Marita.Dielu@yopmail.com,Marita.Dielu@gmail.com,worker,21990
22090,Rebeca,Anyah,Rebeca.Anyah@yopmail.com,Rebeca.Anyah@gmail.com,police officer,21991
22091,Inga,Bohlin,Inga.Bohlin@yopmail.com,Inga.Bohlin@gmail.com,worker,21992
22092,Donnie,Hanleigh,Donnie.Hanleigh@yopmail.com,Donnie.Hanleigh@gmail.com,firefighter,21993
22093,Belinda,Wareing,Belinda.Wareing@yopmail.com,Belinda.Wareing@gmail.com,developer,21994
22094,Dania,Valerio,Dania.Valerio@yopmail.com,Dania.Valerio@gmail.com,doctor,21995
22095,Zia,Joni,Zia.Joni@yopmail.com,Zia.Joni@gmail.com,police officer,21996
22096,Ana,Trey,Ana.Trey@yopmail.com,Ana.Trey@gmail.com,firefighter,21997
22097,Ileana,Dawkins,Ileana.Dawkins@yopmail.com,Ileana.Dawkins@gmail.com,worker,21998
22098,Max,Knowling,Max.Knowling@yopmail.com,Max.Knowling@gmail.com,firefighter,21999
22099,Liana,Brenn,Liana.Brenn@yopmail.com,Liana.Brenn@gmail.com,police officer,22000
