id,firstname,lastname,email,email2,profession,Field Name
24500,Nannie,Roxanna,Nannie.Roxanna@yopmail.com,Nannie.Roxanna@gmail.com,doctor,24401
24501,Gabriellia,Cristi,Gabriellia.Cristi@yopmail.com,Gabriellia.Cristi@gmail.com,doctor,24402
24502,Berta,Shama,Berta.Shama@yopmail.com,Berta.Shama@gmail.com,doctor,24403
24503,Vanessa,Strephon,Vanessa.Strephon@yopmail.com,Vanessa.Strephon@gmail.com,firefighter,24404
24504,Gisela,Stacy,Gisela.Stacy@yopmail.com,Gisela.Stacy@gmail.com,firefighter,24405
24505,Vanessa,Pettiford,Vanessa.Pettiford@yopmail.com,Vanessa.Pettiford@gmail.com,worker,24406
24506,Ofilia,Bari,Ofilia.Bari@yopmail.com,Ofilia.Bari@gmail.com,worker,24407
24507,Imojean,Sophronia,Imojean.Sophronia@yopmail.com,Imojean.Sophronia@gmail.com,worker,24408
24508,Rani,Capello,Rani.Capello@yopmail.com,Rani.Capello@gmail.com,worker,24409
24509,Edith,Harned,Edith.Harned@yopmail.com,Edith.Harned@gmail.com,worker,24410
24510,Chrystel,Alcott,Chrystel.Alcott@yopmail.com,Chrystel.Alcott@gmail.com,firefighter,24411
24511,Briney,Hailee,Briney.Hailee@yopmail.com,Briney.Hailee@gmail.com,doctor,24412
24512,Felice,Stelle,Felice.Stelle@yopmail.com,Felice.Stelle@gmail.com,developer,24413
24513,Mellicent,Mott,Mellicent.Mott@yopmail.com,Mellicent.Mott@gmail.com,worker,24414
24514,Belva,Cloris,Belva.Cloris@yopmail.com,Belva.Cloris@gmail.com,police officer,24415
24515,Bernardine,Orelee,Bernardine.Orelee@yopmail.com,Bernardine.Orelee@gmail.com,firefighter,24416
24516,Tatiania,Fredi,Tatiania.Fredi@yopmail.com,Tatiania.Fredi@gmail.com,doctor,24417
24517,Blinni,Candy,Blinni.Candy@yopmail.com,Blinni.Candy@gmail.com,police officer,24418
24518,Inga,Sharl,Inga.Sharl@yopmail.com,Inga.Sharl@gmail.com,firefighter,24419
24519,Ericka,Himelman,Ericka.Himelman@yopmail.com,Ericka.Himelman@gmail.com,worker,24420
24520,Micheline,Toffic,Micheline.Toffic@yopmail.com,Micheline.Toffic@gmail.com,police officer,24421
24521,Cissiee,Kiyoshi,Cissiee.Kiyoshi@yopmail.com,Cissiee.Kiyoshi@gmail.com,worker,24422
24522,Juliane,Persse,Juliane.Persse@yopmail.com,Juliane.Persse@gmail.com,developer,24423
24523,Starla,Bates,Starla.Bates@yopmail.com,Starla.Bates@gmail.com,doctor,24424
24524,Shel,Rocray,Shel.Rocray@yopmail.com,Shel.Rocray@gmail.com,worker,24425
24525,Dode,Bandeen,Dode.Bandeen@yopmail.com,Dode.Bandeen@gmail.com,police officer,24426
24526,Gavrielle,Schlosser,Gavrielle.Schlosser@yopmail.com,Gavrielle.Schlosser@gmail.com,developer,24427
24527,Helena,Amethist,Helena.Amethist@yopmail.com,Helena.Amethist@gmail.com,doctor,24428
24528,Evita,Cohdwell,Evita.Cohdwell@yopmail.com,Evita.Cohdwell@gmail.com,worker,24429
24529,Candi,Mehalek,Candi.Mehalek@yopmail.com,Candi.Mehalek@gmail.com,worker,24430
24530,Genevra,Bohlin,Genevra.Bohlin@yopmail.com,Genevra.Bohlin@gmail.com,developer,24431
24531,Gertrud,Cleo,Gertrud.Cleo@yopmail.com,Gertrud.Cleo@gmail.com,developer,24432
24532,Bobinette,Tiffa,Bobinette.Tiffa@yopmail.com,Bobinette.Tiffa@gmail.com,firefighter,24433
24533,Yetty,Diann,Yetty.Diann@yopmail.com,Yetty.Diann@gmail.com,worker,24434
24534,Tracey,Eugenia,Tracey.Eugenia@yopmail.com,Tracey.Eugenia@gmail.com,doctor,24435
24535,Marleah,Billye,Marleah.Billye@yopmail.com,Marleah.Billye@gmail.com,developer,24436
24536,Belinda,Nunci,Belinda.Nunci@yopmail.com,Belinda.Nunci@gmail.com,worker,24437
24537,Roberta,Sancho,Roberta.Sancho@yopmail.com,Roberta.Sancho@gmail.com,developer,24438
24538,Bernardine,Argus,Bernardine.Argus@yopmail.com,Bernardine.Argus@gmail.com,developer,24439
24539,Fred,Fulmer,Fred.Fulmer@yopmail.com,Fred.Fulmer@gmail.com,doctor,24440
24540,Robinia,Remmer,Robinia.Remmer@yopmail.com,Robinia.Remmer@gmail.com,worker,24441
24541,Katharina,Baptlsta,Katharina.Baptlsta@yopmail.com,Katharina.Baptlsta@gmail.com,developer,24442
24542,Vevay,Jerold,Vevay.Jerold@yopmail.com,Vevay.Jerold@gmail.com,developer,24443
24543,Beth,Bohlin,Beth.Bohlin@yopmail.com,Beth.Bohlin@gmail.com,police officer,24444
24544,Alejandra,Graig,Alejandra.Graig@yopmail.com,Alejandra.Graig@gmail.com,worker,24445
24545,Anallese,Levey,Anallese.Levey@yopmail.com,Anallese.Levey@gmail.com,developer,24446
24546,Desirae,Hedve,Desirae.Hedve@yopmail.com,Desirae.Hedve@gmail.com,worker,24447
24547,Fina,Buckler,Fina.Buckler@yopmail.com,Fina.Buckler@gmail.com,doctor,24448
24548,Violet,Hamil,Violet.Hamil@yopmail.com,Violet.Hamil@gmail.com,developer,24449
24549,Mallory,Erlandson,Mallory.Erlandson@yopmail.com,Mallory.Erlandson@gmail.com,police officer,24450
24550,Robinia,Rooney,Robinia.Rooney@yopmail.com,Robinia.Rooney@gmail.com,doctor,24451
24551,Neila,Hachmin,Neila.Hachmin@yopmail.com,Neila.Hachmin@gmail.com,developer,24452
24552,Sophia,Yuille,Sophia.Yuille@yopmail.com,Sophia.Yuille@gmail.com,firefighter,24453
24553,Joeann,Rhu,Joeann.Rhu@yopmail.com,Joeann.Rhu@gmail.com,doctor,24454
24554,Emmey,Egbert,Emmey.Egbert@yopmail.com,Emmey.Egbert@gmail.com,firefighter,24455
24555,Di,Eiser,Di.Eiser@yopmail.com,Di.Eiser@gmail.com,firefighter,24456
24556,Ana,Grosz,Ana.Grosz@yopmail.com,Ana.Grosz@gmail.com,police officer,24457
24557,Andeee,Gale,Andeee.Gale@yopmail.com,Andeee.Gale@gmail.com,doctor,24458
24558,Dede,Rocray,Dede.Rocray@yopmail.com,Dede.Rocray@gmail.com,firefighter,24459
24559,Sheelagh,Zetta,Sheelagh.Zetta@yopmail.com,Sheelagh.Zetta@gmail.com,developer,24460
24560,Ottilie,Ophelia,Ottilie.Ophelia@yopmail.com,Ottilie.Ophelia@gmail.com,police officer,24461
24561,Gianina,Lumbard,Gianina.Lumbard@yopmail.com,Gianina.Lumbard@gmail.com,developer,24462
24562,Ursulina,Flyn,Ursulina.Flyn@yopmail.com,Ursulina.Flyn@gmail.com,police officer,24463
24563,Bernie,Taam,Bernie.Taam@yopmail.com,Bernie.Taam@gmail.com,worker,24464
24564,Tabbatha,Krystle,Tabbatha.Krystle@yopmail.com,Tabbatha.Krystle@gmail.com,firefighter,24465
24565,Carree,Masao,Carree.Masao@yopmail.com,Carree.Masao@gmail.com,police officer,24466
24566,Alisha,Birdella,Alisha.Birdella@yopmail.com,Alisha.Birdella@gmail.com,worker,24467
24567,Tonia,Chobot,Tonia.Chobot@yopmail.com,Tonia.Chobot@gmail.com,worker,24468
24568,Charlena,Keelia,Charlena.Keelia@yopmail.com,Charlena.Keelia@gmail.com,police officer,24469
24569,Nikki,Percy,Nikki.Percy@yopmail.com,Nikki.Percy@gmail.com,worker,24470
24570,Bobbi,Constancy,Bobbi.Constancy@yopmail.com,Bobbi.Constancy@gmail.com,worker,24471
24571,Wilma,Vacuva,Wilma.Vacuva@yopmail.com,Wilma.Vacuva@gmail.com,police officer,24472
24572,Kaia,Ietta,Kaia.Ietta@yopmail.com,Kaia.Ietta@gmail.com,developer,24473
24573,Mathilda,Lamoree,Mathilda.Lamoree@yopmail.com,Mathilda.Lamoree@gmail.com,police officer,24474
24574,Brooks,Moseley,Brooks.Moseley@yopmail.com,Brooks.Moseley@gmail.com,firefighter,24475
24575,Ileana,Weinreb,Ileana.Weinreb@yopmail.com,Ileana.Weinreb@gmail.com,doctor,24476
24576,Louella,Loleta,Louella.Loleta@yopmail.com,Louella.Loleta@gmail.com,police officer,24477
24577,Fayre,Egbert,Fayre.Egbert@yopmail.com,Fayre.Egbert@gmail.com,doctor,24478
24578,Gabriellia,Willie,Gabriellia.Willie@yopmail.com,Gabriellia.Willie@gmail.com,police officer,24479
24579,Janenna,Dosia,Janenna.Dosia@yopmail.com,Janenna.Dosia@gmail.com,firefighter,24480
24580,Consuela,Posner,Consuela.Posner@yopmail.com,Consuela.Posner@gmail.com,developer,24481
24581,Estell,Raseda,Estell.Raseda@yopmail.com,Estell.Raseda@gmail.com,firefighter,24482
24582,Lynde,Hanshaw,Lynde.Hanshaw@yopmail.com,Lynde.Hanshaw@gmail.com,doctor,24483
24583,Melisent,Ummersen,Melisent.Ummersen@yopmail.com,Melisent.Ummersen@gmail.com,developer,24484
24584,Tori,Grayce,Tori.Grayce@yopmail.com,Tori.Grayce@gmail.com,police officer,24485
24585,Jean,Flita,Jean.Flita@yopmail.com,Jean.Flita@gmail.com,police officer,24486
24586,Ronna,Vilma,Ronna.Vilma@yopmail.com,Ronna.Vilma@gmail.com,doctor,24487
24587,Joleen,Stuart,Joleen.Stuart@yopmail.com,Joleen.Stuart@gmail.com,police officer,24488
24588,Penelopa,Libna,Penelopa.Libna@yopmail.com,Penelopa.Libna@gmail.com,police officer,24489
24589,Steffane,Goddard,Steffane.Goddard@yopmail.com,Steffane.Goddard@gmail.com,police officer,24490
24590,Allyce,Blisse,Allyce.Blisse@yopmail.com,Allyce.Blisse@gmail.com,police officer,24491
24591,Berta,Genna,Berta.Genna@yopmail.com,Berta.Genna@gmail.com,developer,24492
24592,Madelle,Mehalek,Madelle.Mehalek@yopmail.com,Madelle.Mehalek@gmail.com,developer,24493
24593,Lanae,Alejoa,Lanae.Alejoa@yopmail.com,Lanae.Alejoa@gmail.com,worker,24494
24594,Jacenta,Niccolo,Jacenta.Niccolo@yopmail.com,Jacenta.Niccolo@gmail.com,firefighter,24495
24595,Chrystel,Longfellow,Chrystel.Longfellow@yopmail.com,Chrystel.Longfellow@gmail.com,police officer,24496
24596,Drucie,Barney,Drucie.Barney@yopmail.com,Drucie.Barney@gmail.com,worker,24497
24597,Linzy,Alfons,Linzy.Alfons@yopmail.com,Linzy.Alfons@gmail.com,worker,24498
24598,Tybie,Hartnett,Tybie.Hartnett@yopmail.com,Tybie.Hartnett@gmail.com,worker,24499
24599,Binny,Jary,Binny.Jary@yopmail.com,Binny.Jary@gmail.com,doctor,24500
