id,firstname,lastname,email,email2,profession,Field Name
23800,Aurore,Kelula,Aurore.Kelula@yopmail.com,Aurore.Kelula@gmail.com,police officer,23701
23801,Annecorinne,Silvan,Annecorinne.Silvan@yopmail.com,Annecorinne.Silvan@gmail.com,developer,23702
23802,Caritta,Ogren,Caritta.Ogren@yopmail.com,Caritta.Ogren@gmail.com,police officer,23703
23803,Sean,Haymes,Sean.Haymes@yopmail.com,Sean.Haymes@gmail.com,doctor,23704
23804,Kirstin,Obed,Kirstin.Obed@yopmail.com,Kirstin.Obed@gmail.com,police officer,23705
23805,Atlanta,Lorain,Atlanta.Lorain@yopmail.com,Atlanta.Lorain@gmail.com,doctor,23706
23806,Minda,Pillsbury,Minda.Pillsbury@yopmail.com,Minda.Pillsbury@gmail.com,worker,23707
23807,Nyssa,Afton,Nyssa.Afton@yopmail.com,Nyssa.Afton@gmail.com,doctor,23708
23808,Imojean,Remmer,Imojean.Remmer@yopmail.com,Imojean.Remmer@gmail.com,developer,23709
23809,Alia,Baylor,Alia.Baylor@yopmail.com,Alia.Baylor@gmail.com,firefighter,23710
23810,Mady,Barbey,Mady.Barbey@yopmail.com,Mady.Barbey@gmail.com,firefighter,23711
23811,Quintina,Flyn,Quintina.Flyn@yopmail.com,Quintina.Flyn@gmail.com,worker,23712
23812,Marti,Buttaro,Marti.Buttaro@yopmail.com,Marti.Buttaro@gmail.com,doctor,23713
23813,Mureil,Gabrielli,Mureil.Gabrielli@yopmail.com,Mureil.Gabrielli@gmail.com,doctor,23714
23814,Camile,Lesley,Camile.Lesley@yopmail.com,Camile.Lesley@gmail.com,worker,23715
23815,Daryl,Nunci,Daryl.Nunci@yopmail.com,Daryl.Nunci@gmail.com,worker,23716
23816,Barbi,Tippets,Barbi.Tippets@yopmail.com,Barbi.Tippets@gmail.com,doctor,23717
23817,Addia,Flyn,Addia.Flyn@yopmail.com,Addia.Flyn@gmail.com,doctor,23718
23818,Gerrie,Gilbertson,Gerrie.Gilbertson@yopmail.com,Gerrie.Gilbertson@gmail.com,doctor,23719
23819,Caritta,Aurelio,Caritta.Aurelio@yopmail.com,Caritta.Aurelio@gmail.com,firefighter,23720
23820,Kalina,Waldron,Kalina.Waldron@yopmail.com,Kalina.Waldron@gmail.com,worker,23721
23821,Mildrid,Sawtelle,Mildrid.Sawtelle@yopmail.com,Mildrid.Sawtelle@gmail.com,doctor,23722
23822,Gabriellia,Afton,Gabriellia.Afton@yopmail.com,Gabriellia.Afton@gmail.com,doctor,23723
23823,Joane,Dreda,Joane.Dreda@yopmail.com,Joane.Dreda@gmail.com,firefighter,23724
23824,Blondelle,Douglass,Blondelle.Douglass@yopmail.com,Blondelle.Douglass@gmail.com,worker,23725
23825,Ninnetta,Hylan,Ninnetta.Hylan@yopmail.com,Ninnetta.Hylan@gmail.com,worker,23726
23826,Tera,Hourigan,Tera.Hourigan@yopmail.com,Tera.Hourigan@gmail.com,firefighter,23727
23827,Vevay,Shirberg,Vevay.Shirberg@yopmail.com,Vevay.Shirberg@gmail.com,worker,23728
23828,Susette,Egbert,Susette.Egbert@yopmail.com,Susette.Egbert@gmail.com,firefighter,23729
23829,Maurene,Libna,Maurene.Libna@yopmail.com,Maurene.Libna@gmail.com,worker,23730
23830,Audrie,Elephus,Audrie.Elephus@yopmail.com,Audrie.Elephus@gmail.com,police officer,23731
23831,Verla,Mintz,Verla.Mintz@yopmail.com,Verla.Mintz@gmail.com,worker,23732
23832,Ofilia,Johnsson,Ofilia.Johnsson@yopmail.com,Ofilia.Johnsson@gmail.com,police officer,23733
23833,Betta,Matthew,Betta.Matthew@yopmail.com,Betta.Matthew@gmail.com,doctor,23734
23834,Vonny,Barney,Vonny.Barney@yopmail.com,Vonny.Barney@gmail.com,doctor,23735
23835,Gui,Ethban,Gui.Ethban@yopmail.com,Gui.Ethban@gmail.com,worker,23736
23836,Jeanna,Tjon,Jeanna.Tjon@yopmail.com,Jeanna.Tjon@gmail.com,police officer,23737
23837,Benita,Alarise,Benita.Alarise@yopmail.com,Benita.Alarise@gmail.com,firefighter,23738
23838,Deedee,Chauncey,Deedee.Chauncey@yopmail.com,Deedee.Chauncey@gmail.com,firefighter,23739
23839,Frank,Lilas,Frank.Lilas@yopmail.com,Frank.Lilas@gmail.com,worker,23740
23840,Mellicent,Valerio,Mellicent.Valerio@yopmail.com,Mellicent.Valerio@gmail.com,worker,23741
23841,Sharai,Quinn,Sharai.Quinn@yopmail.com,Sharai.Quinn@gmail.com,doctor,23742
23842,Livvyy,Sammons,Livvyy.Sammons@yopmail.com,Livvyy.Sammons@gmail.com,police officer,23743
23843,Kenna,Milde,Kenna.Milde@yopmail.com,Kenna.Milde@gmail.com,developer,23744
23844,Valeda,Truc,Valeda.Truc@yopmail.com,Valeda.Truc@gmail.com,worker,23745
23845,Paule,Silvan,Paule.Silvan@yopmail.com,Paule.Silvan@gmail.com,police officer,23746
23846,Petronia,Schwejda,Petronia.Schwejda@yopmail.com,Petronia.Schwejda@gmail.com,doctor,23747
23847,Riannon,Jorgan,Riannon.Jorgan@yopmail.com,Riannon.Jorgan@gmail.com,police officer,23748
23848,Giustina,Annice,Giustina.Annice@yopmail.com,Giustina.Annice@gmail.com,worker,23749
23849,Ottilie,Calhoun,Ottilie.Calhoun@yopmail.com,Ottilie.Calhoun@gmail.com,worker,23750
23850,Mallory,Ezar,Mallory.Ezar@yopmail.com,Mallory.Ezar@gmail.com,police officer,23751
23851,Randa,Firmin,Randa.Firmin@yopmail.com,Randa.Firmin@gmail.com,worker,23752
23852,Zsa Zsa,Maryanne,Zsa Zsa.Maryanne@yopmail.com,Zsa Zsa.Maryanne@gmail.com,developer,23753
23853,Teddie,Belldas,Teddie.Belldas@yopmail.com,Teddie.Belldas@gmail.com,police officer,23754
23854,Marylou,Thilda,Marylou.Thilda@yopmail.com,Marylou.Thilda@gmail.com,developer,23755
23855,Nadine,Bartlett,Nadine.Bartlett@yopmail.com,Nadine.Bartlett@gmail.com,firefighter,23756
23856,Lenna,Armanda,Lenna.Armanda@yopmail.com,Lenna.Armanda@gmail.com,developer,23757
23857,Clementine,Killigrew,Clementine.Killigrew@yopmail.com,Clementine.Killigrew@gmail.com,police officer,23758
23858,Annora,Tamsky,Annora.Tamsky@yopmail.com,Annora.Tamsky@gmail.com,police officer,23759
23859,Anica,Roarke,Anica.Roarke@yopmail.com,Anica.Roarke@gmail.com,police officer,23760
23860,Dianemarie,Arathorn,Dianemarie.Arathorn@yopmail.com,Dianemarie.Arathorn@gmail.com,developer,23761
23861,Danika,Autrey,Danika.Autrey@yopmail.com,Danika.Autrey@gmail.com,worker,23762
23862,Lisette,Lynn,Lisette.Lynn@yopmail.com,Lisette.Lynn@gmail.com,firefighter,23763
23863,Bernardine,Latini,Bernardine.Latini@yopmail.com,Bernardine.Latini@gmail.com,police officer,23764
23864,Gianina,Ruvolo,Gianina.Ruvolo@yopmail.com,Gianina.Ruvolo@gmail.com,worker,23765
23865,Kenna,Swigart,Kenna.Swigart@yopmail.com,Kenna.Swigart@gmail.com,police officer,23766
23866,Patricia,Eckblad,Patricia.Eckblad@yopmail.com,Patricia.Eckblad@gmail.com,police officer,23767
23867,Maisey,Bohlin,Maisey.Bohlin@yopmail.com,Maisey.Bohlin@gmail.com,firefighter,23768
23868,Nita,Richers,Nita.Richers@yopmail.com,Nita.Richers@gmail.com,police officer,23769
23869,Luci,Joseph,Luci.Joseph@yopmail.com,Luci.Joseph@gmail.com,doctor,23770
23870,Gale,Vittoria,Gale.Vittoria@yopmail.com,Gale.Vittoria@gmail.com,developer,23771
23871,Cacilie,Winnick,Cacilie.Winnick@yopmail.com,Cacilie.Winnick@gmail.com,worker,23772
23872,Tomasina,Klotz,Tomasina.Klotz@yopmail.com,Tomasina.Klotz@gmail.com,police officer,23773
23873,Cathie,Oneida,Cathie.Oneida@yopmail.com,Cathie.Oneida@gmail.com,police officer,23774
23874,Konstance,Bonucci,Konstance.Bonucci@yopmail.com,Konstance.Bonucci@gmail.com,doctor,23775
23875,Rhoda,Brackely,Rhoda.Brackely@yopmail.com,Rhoda.Brackely@gmail.com,worker,23776
23876,Andree,Euridice,Andree.Euridice@yopmail.com,Andree.Euridice@gmail.com,worker,23777
23877,Mara,Zachary,Mara.Zachary@yopmail.com,Mara.Zachary@gmail.com,developer,23778
23878,Alyda,Pip,Alyda.Pip@yopmail.com,Alyda.Pip@gmail.com,firefighter,23779
23879,Bernie,Goddard,Bernie.Goddard@yopmail.com,Bernie.Goddard@gmail.com,police officer,23780
23880,Sandie,Yerkovich,Sandie.Yerkovich@yopmail.com,Sandie.Yerkovich@gmail.com,developer,23781
23881,Silvana,Hourigan,Silvana.Hourigan@yopmail.com,Silvana.Hourigan@gmail.com,worker,23782
23882,Kylynn,Kinnard,Kylynn.Kinnard@yopmail.com,Kylynn.Kinnard@gmail.com,worker,23783
23883,Lynde,Iaverne,Lynde.Iaverne@yopmail.com,Lynde.Iaverne@gmail.com,firefighter,23784
23884,Blinni,Kat,Blinni.Kat@yopmail.com,Blinni.Kat@gmail.com,police officer,23785
23885,Brietta,Laverne,Brietta.Laverne@yopmail.com,Brietta.Laverne@gmail.com,worker,23786
23886,Phylis,Zola,Phylis.Zola@yopmail.com,Phylis.Zola@gmail.com,firefighter,23787
23887,Kary,Hortensia,Kary.Hortensia@yopmail.com,Kary.Hortensia@gmail.com,doctor,23788
23888,Pearline,Rubie,Pearline.Rubie@yopmail.com,Pearline.Rubie@gmail.com,doctor,23789
23889,Linzy,Aldric,Linzy.Aldric@yopmail.com,Linzy.Aldric@gmail.com,worker,23790
23890,Correy,Buffum,Correy.Buffum@yopmail.com,Correy.Buffum@gmail.com,worker,23791
23891,Romona,Wiener,Romona.Wiener@yopmail.com,Romona.Wiener@gmail.com,worker,23792
23892,Emilia,Jerald,Emilia.Jerald@yopmail.com,Emilia.Jerald@gmail.com,developer,23793
23893,Vevay,Dannye,Vevay.Dannye@yopmail.com,Vevay.Dannye@gmail.com,firefighter,23794
23894,Pearline,Christine,Pearline.Christine@yopmail.com,Pearline.Christine@gmail.com,firefighter,23795
23895,Gerrie,Loleta,Gerrie.Loleta@yopmail.com,Gerrie.Loleta@gmail.com,police officer,23796
23896,Damaris,Rodmann,Damaris.Rodmann@yopmail.com,Damaris.Rodmann@gmail.com,developer,23797
23897,Jorry,Haymes,Jorry.Haymes@yopmail.com,Jorry.Haymes@gmail.com,worker,23798
23898,Ardys,Cloris,Ardys.Cloris@yopmail.com,Ardys.Cloris@gmail.com,firefighter,23799
23899,Jorry,Gavrila,Jorry.Gavrila@yopmail.com,Jorry.Gavrila@gmail.com,firefighter,23800
23900,Celisse,Laverne,Celisse.Laverne@yopmail.com,Celisse.Laverne@gmail.com,firefighter,23801
23901,Kaja,Gale,Kaja.Gale@yopmail.com,Kaja.Gale@gmail.com,firefighter,23802
23902,Rhea,Abbot,Rhea.Abbot@yopmail.com,Rhea.Abbot@gmail.com,developer,23803
23903,Chere,Reinke,Chere.Reinke@yopmail.com,Chere.Reinke@gmail.com,firefighter,23804
23904,Rozele,Orpah,Rozele.Orpah@yopmail.com,Rozele.Orpah@gmail.com,police officer,23805
23905,Michaelina,Stilwell,Michaelina.Stilwell@yopmail.com,Michaelina.Stilwell@gmail.com,worker,23806
23906,Grier,Euridice,Grier.Euridice@yopmail.com,Grier.Euridice@gmail.com,police officer,23807
23907,Beverley,Rozanna,Beverley.Rozanna@yopmail.com,Beverley.Rozanna@gmail.com,doctor,23808
23908,Blinni,Margret,Blinni.Margret@yopmail.com,Blinni.Margret@gmail.com,worker,23809
23909,Karly,Shaddock,Karly.Shaddock@yopmail.com,Karly.Shaddock@gmail.com,doctor,23810
23910,Alyssa,Lindemann,Alyssa.Lindemann@yopmail.com,Alyssa.Lindemann@gmail.com,police officer,23811
23911,Deedee,Shaddock,Deedee.Shaddock@yopmail.com,Deedee.Shaddock@gmail.com,doctor,23812
23912,Cissiee,Payson,Cissiee.Payson@yopmail.com,Cissiee.Payson@gmail.com,doctor,23813
23913,Amara,Joli,Amara.Joli@yopmail.com,Amara.Joli@gmail.com,doctor,23814
23914,Verla,Boycey,Verla.Boycey@yopmail.com,Verla.Boycey@gmail.com,worker,23815
23915,Pamella,Arvo,Pamella.Arvo@yopmail.com,Pamella.Arvo@gmail.com,developer,23816
23916,Shauna,Izaak,Shauna.Izaak@yopmail.com,Shauna.Izaak@gmail.com,developer,23817
23917,Beverley,Wareing,Beverley.Wareing@yopmail.com,Beverley.Wareing@gmail.com,police officer,23818
23918,Marsiella,Vins,Marsiella.Vins@yopmail.com,Marsiella.Vins@gmail.com,firefighter,23819
23919,Rosanne,Weitman,Rosanne.Weitman@yopmail.com,Rosanne.Weitman@gmail.com,firefighter,23820
23920,Danika,Cosenza,Danika.Cosenza@yopmail.com,Danika.Cosenza@gmail.com,police officer,23821
23921,Pearline,Garek,Pearline.Garek@yopmail.com,Pearline.Garek@gmail.com,doctor,23822
23922,Loree,Bryna,Loree.Bryna@yopmail.com,Loree.Bryna@gmail.com,developer,23823
23923,Krystle,Corilla,Krystle.Corilla@yopmail.com,Krystle.Corilla@gmail.com,worker,23824
23924,Jany,Eugenia,Jany.Eugenia@yopmail.com,Jany.Eugenia@gmail.com,firefighter,23825
23925,Mariele,Vilma,Mariele.Vilma@yopmail.com,Mariele.Vilma@gmail.com,doctor,23826
23926,Clo,Hurley,Clo.Hurley@yopmail.com,Clo.Hurley@gmail.com,worker,23827
23927,Althea,Hoban,Althea.Hoban@yopmail.com,Althea.Hoban@gmail.com,firefighter,23828
23928,Silvana,Thomasina,Silvana.Thomasina@yopmail.com,Silvana.Thomasina@gmail.com,developer,23829
23929,Charissa,Velick,Charissa.Velick@yopmail.com,Charissa.Velick@gmail.com,doctor,23830
23930,Jacquetta,Ricarda,Jacquetta.Ricarda@yopmail.com,Jacquetta.Ricarda@gmail.com,police officer,23831
23931,Trixi,Bryna,Trixi.Bryna@yopmail.com,Trixi.Bryna@gmail.com,developer,23832
23932,Lynea,Pernick,Lynea.Pernick@yopmail.com,Lynea.Pernick@gmail.com,firefighter,23833
23933,Frieda,Milde,Frieda.Milde@yopmail.com,Frieda.Milde@gmail.com,firefighter,23834
23934,Clary,Agle,Clary.Agle@yopmail.com,Clary.Agle@gmail.com,developer,23835
23935,Daphne,Casimir,Daphne.Casimir@yopmail.com,Daphne.Casimir@gmail.com,firefighter,23836
23936,Raquela,Neva,Raquela.Neva@yopmail.com,Raquela.Neva@gmail.com,doctor,23837
23937,Claresta,Martguerita,Claresta.Martguerita@yopmail.com,Claresta.Martguerita@gmail.com,police officer,23838
23938,Leeanne,Goerke,Leeanne.Goerke@yopmail.com,Leeanne.Goerke@gmail.com,police officer,23839
23939,Beth,Hashim,Beth.Hashim@yopmail.com,Beth.Hashim@gmail.com,doctor,23840
23940,Sam,Connelly,Sam.Connelly@yopmail.com,Sam.Connelly@gmail.com,developer,23841
23941,Silvana,Colbert,Silvana.Colbert@yopmail.com,Silvana.Colbert@gmail.com,worker,23842
23942,Teddie,Holbrook,Teddie.Holbrook@yopmail.com,Teddie.Holbrook@gmail.com,doctor,23843
23943,Donnie,Lytton,Donnie.Lytton@yopmail.com,Donnie.Lytton@gmail.com,doctor,23844
23944,Trudie,Strephon,Trudie.Strephon@yopmail.com,Trudie.Strephon@gmail.com,police officer,23845
23945,Linet,Yusuk,Linet.Yusuk@yopmail.com,Linet.Yusuk@gmail.com,police officer,23846
23946,Hannis,Hewitt,Hannis.Hewitt@yopmail.com,Hannis.Hewitt@gmail.com,doctor,23847
23947,Annaliese,Roumell,Annaliese.Roumell@yopmail.com,Annaliese.Roumell@gmail.com,worker,23848
23948,Lorne,Monk,Lorne.Monk@yopmail.com,Lorne.Monk@gmail.com,developer,23849
23949,Brana,Esmaria,Brana.Esmaria@yopmail.com,Brana.Esmaria@gmail.com,worker,23850
