id,firstname,lastname,email,email2,profession,Field Name
21250,Gilligan,Rustice,Gilligan.Rustice@yopmail.com,Gilligan.Rustice@gmail.com,firefighter,21151
21251,Ardeen,Arquit,Ardeen.Arquit@yopmail.com,Ardeen.Arquit@gmail.com,firefighter,21152
21252,Sonni,Kare,Sonni.Kare@yopmail.com,Sonni.Kare@gmail.com,worker,21153
21253,Trudie,Alisia,Trudie.Alisia@yopmail.com,Trudie.Alisia@gmail.com,firefighter,21154
21254,Tina,Zrike,Tina.Zrike@yopmail.com,Tina.Zrike@gmail.com,developer,21155
21255,Therine,Mathilde,Therine.Mathilde@yopmail.com,Therine.Mathilde@gmail.com,firefighter,21156
21256,Ethel,Honoria,Ethel.Honoria@yopmail.com,Ethel.Honoria@gmail.com,doctor,21157
21257,Damaris,Read,Damaris.Read@yopmail.com,Damaris.Read@gmail.com,police officer,21158
21258,Marjie,Delp,Marjie.Delp@yopmail.com,Marjie.Delp@gmail.com,doctor,21159
21259,Alie,Adore,Alie.Adore@yopmail.com,Alie.Adore@gmail.com,worker,21160
21260,Sabina,Stefa,Sabina.Stefa@yopmail.com,Sabina.Stefa@gmail.com,police officer,21161
21261,Sissy,Ephrem,Sissy.Ephrem@yopmail.com,Sissy.Ephrem@gmail.com,doctor,21162
21262,Susan,Ephrem,Susan.Ephrem@yopmail.com,Susan.Ephrem@gmail.com,worker,21163
21263,Sarette,Connelly,Sarette.Connelly@yopmail.com,Sarette.Connelly@gmail.com,doctor,21164
21264,Nollie,Hepsibah,Nollie.Hepsibah@yopmail.com,Nollie.Hepsibah@gmail.com,worker,21165
21265,Caritta,Breed,Caritta.Breed@yopmail.com,Caritta.Breed@gmail.com,doctor,21166
21266,Wendi,Ledah,Wendi.Ledah@yopmail.com,Wendi.Ledah@gmail.com,police officer,21167
21267,Alisha,Hashim,Alisha.Hashim@yopmail.com,Alisha.Hashim@gmail.com,developer,21168
21268,Pollyanna,Aloise,Pollyanna.Aloise@yopmail.com,Pollyanna.Aloise@gmail.com,doctor,21169
21269,Cherilyn,Adore,Cherilyn.Adore@yopmail.com,Cherilyn.Adore@gmail.com,worker,21170
21270,Ida,Greenwald,Ida.Greenwald@yopmail.com,Ida.Greenwald@gmail.com,developer,21171
21271,Renie,Sholley,Renie.Sholley@yopmail.com,Renie.Sholley@gmail.com,worker,21172
21272,Lucille,Turne,Lucille.Turne@yopmail.com,Lucille.Turne@gmail.com,doctor,21173
21273,Gabi,Even,Gabi.Even@yopmail.com,Gabi.Even@gmail.com,police officer,21174
21274,Mariann,Stoller,Mariann.Stoller@yopmail.com,Mariann.Stoller@gmail.com,doctor,21175
21275,Hollie,Geffner,Hollie.Geffner@yopmail.com,Hollie.Geffner@gmail.com,developer,21176
21276,Emylee,Virgin,Emylee.Virgin@yopmail.com,Emylee.Virgin@gmail.com,doctor,21177
21277,Kimmy,Raychel,Kimmy.Raychel@yopmail.com,Kimmy.Raychel@gmail.com,worker,21178
21278,Xylina,Wenoa,Xylina.Wenoa@yopmail.com,Xylina.Wenoa@gmail.com,firefighter,21179
21279,Linet,Konyn,Linet.Konyn@yopmail.com,Linet.Konyn@gmail.com,doctor,21180
21280,Chloris,Edison,Chloris.Edison@yopmail.com,Chloris.Edison@gmail.com,worker,21181
21281,Candi,Cornelia,Candi.Cornelia@yopmail.com,Candi.Cornelia@gmail.com,worker,21182
21282,Ethel,Pearse,Ethel.Pearse@yopmail.com,Ethel.Pearse@gmail.com,worker,21183
21283,Linet,Mitzi,Linet.Mitzi@yopmail.com,Linet.Mitzi@gmail.com,police officer,21184
21284,Netty,Lasley,Netty.Lasley@yopmail.com,Netty.Lasley@gmail.com,worker,21185
21285,Winny,Gunn,Winny.Gunn@yopmail.com,Winny.Gunn@gmail.com,police officer,21186
21286,Lesly,Gherardo,Lesly.Gherardo@yopmail.com,Lesly.Gherardo@gmail.com,doctor,21187
21287,Alex,Croix,Alex.Croix@yopmail.com,Alex.Croix@gmail.com,developer,21188
21288,Nonnah,Fadiman,Nonnah.Fadiman@yopmail.com,Nonnah.Fadiman@gmail.com,worker,21189
21289,Harrietta,Taima,Harrietta.Taima@yopmail.com,Harrietta.Taima@gmail.com,doctor,21190
21290,Chickie,Niles,Chickie.Niles@yopmail.com,Chickie.Niles@gmail.com,doctor,21191
21291,Vevay,Berne,Vevay.Berne@yopmail.com,Vevay.Berne@gmail.com,police officer,21192
21292,Mara,Drus,Mara.Drus@yopmail.com,Mara.Drus@gmail.com,developer,21193
21293,Sidoney,Podvin,Sidoney.Podvin@yopmail.com,Sidoney.Podvin@gmail.com,worker,21194
21294,Valera,Brandice,Valera.Brandice@yopmail.com,Valera.Brandice@gmail.com,police officer,21195
21295,Marinna,O'Carroll,Marinna.O'Carroll@yopmail.com,Marinna.O'Carroll@gmail.com,developer,21196
21296,Madalyn,Haerr,Madalyn.Haerr@yopmail.com,Madalyn.Haerr@gmail.com,doctor,21197
21297,Pierette,Fax,Pierette.Fax@yopmail.com,Pierette.Fax@gmail.com,doctor,21198
21298,Micheline,Philipp,Micheline.Philipp@yopmail.com,Micheline.Philipp@gmail.com,worker,21199
21299,Marylou,Sawtelle,Marylou.Sawtelle@yopmail.com,Marylou.Sawtelle@gmail.com,developer,21200
