id,firstname,lastname,email,email2,profession,Field Name
10500,Nelle,Hilbert,Nelle.Hilbert@yopmail.com,Nelle.Hilbert@gmail.com,firefighter,10401
10501,Dorice,Sherfield,Dorice.Sherfield@yopmail.com,Dorice.Sherfield@gmail.com,worker,10402
10502,Ofilia,Hoenack,Ofilia.Hoenack@yopmail.com,Ofilia.Hoenack@gmail.com,firefighter,10403
10503,Trudie,Hepsibah,Trudie.Hepsibah@yopmail.com,Trudie.Hepsibah@gmail.com,developer,10404
10504,Florencia,Emmaline,Florencia.Emmaline@yopmail.com,Florencia.Emmaline@gmail.com,developer,10405
10505,Gretal,Weaks,Gretal.Weaks@yopmail.com,Gretal.Weaks@gmail.com,developer,10406
10506,Cyndie,Ackerley,Cyndie.Ackerley@yopmail.com,Cyndie.Ackerley@gmail.com,police officer,10407
10507,Ruthe,Lesley,Ruthe.Lesley@yopmail.com,Ruthe.Lesley@gmail.com,firefighter,10408
10508,Joane,Cohdwell,Joane.Cohdwell@yopmail.com,Joane.Cohdwell@gmail.com,worker,10409
10509,Shauna,Kussell,Shauna.Kussell@yopmail.com,Shauna.Kussell@gmail.com,doctor,10410
10510,Chastity,Chabot,Chastity.Chabot@yopmail.com,Chastity.Chabot@gmail.com,firefighter,10411
10511,Lila,Solitta,Lila.Solitta@yopmail.com,Lila.Solitta@gmail.com,firefighter,10412
10512,Phedra,Susannah,Phedra.Susannah@yopmail.com,Phedra.Susannah@gmail.com,doctor,10413
10513,Joceline,MacIntosh,Joceline.MacIntosh@yopmail.com,Joceline.MacIntosh@gmail.com,worker,10414
10514,Pierette,Edison,Pierette.Edison@yopmail.com,Pierette.Edison@gmail.com,firefighter,10415
10515,Ayn,Bates,Ayn.Bates@yopmail.com,Ayn.Bates@gmail.com,doctor,10416
10516,Taffy,Garrison,Taffy.Garrison@yopmail.com,Taffy.Garrison@gmail.com,doctor,10417
10517,Kaia,Jefferey,Kaia.Jefferey@yopmail.com,Kaia.Jefferey@gmail.com,police officer,10418
10518,Dari,Margret,Dari.Margret@yopmail.com,Dari.Margret@gmail.com,police officer,10419
10519,Marguerite,Trace,Marguerite.Trace@yopmail.com,Marguerite.Trace@gmail.com,worker,10420
10520,Maryellen,Paine,Maryellen.Paine@yopmail.com,Maryellen.Paine@gmail.com,doctor,10421
10521,Rani,Dash,Rani.Dash@yopmail.com,Rani.Dash@gmail.com,doctor,10422
10522,Hollie,Zachary,Hollie.Zachary@yopmail.com,Hollie.Zachary@gmail.com,police officer,10423
10523,Jeanna,Byrne,Jeanna.Byrne@yopmail.com,Jeanna.Byrne@gmail.com,doctor,10424
10524,Corly,Ventre,Corly.Ventre@yopmail.com,Corly.Ventre@gmail.com,worker,10425
10525,Verla,Briney,Verla.Briney@yopmail.com,Verla.Briney@gmail.com,worker,10426
10526,Linzy,Sharl,Linzy.Sharl@yopmail.com,Linzy.Sharl@gmail.com,police officer,10427
10527,Vita,Judye,Vita.Judye@yopmail.com,Vita.Judye@gmail.com,firefighter,10428
10528,Rebeca,Pettiford,Rebeca.Pettiford@yopmail.com,Rebeca.Pettiford@gmail.com,worker,10429
10529,Shel,Ader,Shel.Ader@yopmail.com,Shel.Ader@gmail.com,developer,10430
10530,Penelopa,Read,Penelopa.Read@yopmail.com,Penelopa.Read@gmail.com,doctor,10431
10531,Chandra,Olin,Chandra.Olin@yopmail.com,Chandra.Olin@gmail.com,firefighter,10432
10532,Maisey,Markman,Maisey.Markman@yopmail.com,Maisey.Markman@gmail.com,firefighter,10433
10533,Dawn,Gillan,Dawn.Gillan@yopmail.com,Dawn.Gillan@gmail.com,doctor,10434
10534,Kerrin,Tannie,Kerrin.Tannie@yopmail.com,Kerrin.Tannie@gmail.com,worker,10435
10535,Giustina,Trey,Giustina.Trey@yopmail.com,Giustina.Trey@gmail.com,police officer,10436
10536,Chandra,Mallon,Chandra.Mallon@yopmail.com,Chandra.Mallon@gmail.com,doctor,10437
10537,Mireielle,Trey,Mireielle.Trey@yopmail.com,Mireielle.Trey@gmail.com,police officer,10438
10538,Ileana,Annice,Ileana.Annice@yopmail.com,Ileana.Annice@gmail.com,worker,10439
10539,Phylis,Arvo,Phylis.Arvo@yopmail.com,Phylis.Arvo@gmail.com,police officer,10440
10540,Alyssa,Aprile,Alyssa.Aprile@yopmail.com,Alyssa.Aprile@gmail.com,doctor,10441
10541,Oona,Chandler,Oona.Chandler@yopmail.com,Oona.Chandler@gmail.com,worker,10442
10542,Kial,Knowling,Kial.Knowling@yopmail.com,Kial.Knowling@gmail.com,firefighter,10443
10543,Lucy,Schwejda,Lucy.Schwejda@yopmail.com,Lucy.Schwejda@gmail.com,worker,10444
10544,Teriann,Bahr,Teriann.Bahr@yopmail.com,Teriann.Bahr@gmail.com,doctor,10445
10545,Bee,Allina,Bee.Allina@yopmail.com,Bee.Allina@gmail.com,worker,10446
10546,Winifred,Zola,Winifred.Zola@yopmail.com,Winifred.Zola@gmail.com,worker,10447
10547,Kara-Lynn,Jaylene,Kara-Lynn.Jaylene@yopmail.com,Kara-Lynn.Jaylene@gmail.com,worker,10448
10548,Janeczka,Wenda,Janeczka.Wenda@yopmail.com,Janeczka.Wenda@gmail.com,doctor,10449
10549,Taffy,Dosia,Taffy.Dosia@yopmail.com,Taffy.Dosia@gmail.com,doctor,10450
