id,firstname,lastname,email,email2,profession,Field Name
19100,Chloris,Evvie,Chloris.Evvie@yopmail.com,Chloris.Evvie@gmail.com,doctor,19001
19101,Hallie,Wilkinson,Hallie.Wilkinson@yopmail.com,Hallie.Wilkinson@gmail.com,developer,19002
19102,Fanny,Ader,Fanny.Ader@yopmail.com,Fanny.Ader@gmail.com,worker,19003
19103,Estell,Sigfrid,Estell.Sigfrid@yopmail.com,Estell.Sigfrid@gmail.com,developer,19004
19104,Melisent,Jerold,Melisent.Jerold@yopmail.com,Melisent.Jerold@gmail.com,doctor,19005
19105,Sybille,Adore,Sybille.Adore@yopmail.com,Sybille.Adore@gmail.com,developer,19006
19106,Danika,Ries,Danika.Ries@yopmail.com,Danika.Ries@gmail.com,doctor,19007
19107,Christy,Ferino,Christy.Ferino@yopmail.com,Christy.Ferino@gmail.com,firefighter,19008
19108,Lucille,Maryanne,Lucille.Maryanne@yopmail.com,Lucille.Maryanne@gmail.com,firefighter,19009
19109,Lory,Mauer,Lory.Mauer@yopmail.com,Lory.Mauer@gmail.com,developer,19010
19110,Ingrid,Sigfrid,Ingrid.Sigfrid@yopmail.com,Ingrid.Sigfrid@gmail.com,doctor,19011
19111,Adriana,Loeb,Adriana.Loeb@yopmail.com,Adriana.Loeb@gmail.com,worker,19012
19112,Theodora,Cutlerr,Theodora.Cutlerr@yopmail.com,Theodora.Cutlerr@gmail.com,developer,19013
19113,Mignon,Barbey,Mignon.Barbey@yopmail.com,Mignon.Barbey@gmail.com,worker,19014
19114,Andeee,Carbo,Andeee.Carbo@yopmail.com,Andeee.Carbo@gmail.com,developer,19015
19115,Genevra,Esmaria,Genevra.Esmaria@yopmail.com,Genevra.Esmaria@gmail.com,worker,19016
19116,Estell,Seagraves,Estell.Seagraves@yopmail.com,Estell.Seagraves@gmail.com,doctor,19017
19117,Riannon,Kolnick,Riannon.Kolnick@yopmail.com,Riannon.Kolnick@gmail.com,developer,19018
19118,Daryl,Dorcy,Daryl.Dorcy@yopmail.com,Daryl.Dorcy@gmail.com,worker,19019
19119,Chere,Borrell,Chere.Borrell@yopmail.com,Chere.Borrell@gmail.com,worker,19020
19120,Gisela,Alrich,Gisela.Alrich@yopmail.com,Gisela.Alrich@gmail.com,firefighter,19021
19121,Jerry,Calhoun,Jerry.Calhoun@yopmail.com,Jerry.Calhoun@gmail.com,doctor,19022
19122,Aaren,Teryn,Aaren.Teryn@yopmail.com,Aaren.Teryn@gmail.com,developer,19023
19123,Meghann,Gino,Meghann.Gino@yopmail.com,Meghann.Gino@gmail.com,worker,19024
19124,Lenna,Thomasina,Lenna.Thomasina@yopmail.com,Lenna.Thomasina@gmail.com,firefighter,19025
19125,Arlena,Nickola,Arlena.Nickola@yopmail.com,Arlena.Nickola@gmail.com,firefighter,19026
19126,Leona,Bronk,Leona.Bronk@yopmail.com,Leona.Bronk@gmail.com,doctor,19027
19127,Lesly,Kendrick,Lesly.Kendrick@yopmail.com,Lesly.Kendrick@gmail.com,doctor,19028
19128,Sallie,Angelis,Sallie.Angelis@yopmail.com,Sallie.Angelis@gmail.com,worker,19029
19129,Gilligan,Korey,Gilligan.Korey@yopmail.com,Gilligan.Korey@gmail.com,worker,19030
19130,Brietta,Levey,Brietta.Levey@yopmail.com,Brietta.Levey@gmail.com,doctor,19031
19131,Almeta,Sherrie,Almeta.Sherrie@yopmail.com,Almeta.Sherrie@gmail.com,firefighter,19032
19132,Pamella,Travax,Pamella.Travax@yopmail.com,Pamella.Travax@gmail.com,doctor,19033
19133,Chloris,Edison,Chloris.Edison@yopmail.com,Chloris.Edison@gmail.com,worker,19034
19134,Nyssa,Brotherson,Nyssa.Brotherson@yopmail.com,Nyssa.Brotherson@gmail.com,police officer,19035
19135,Penelopa,Dahlia,Penelopa.Dahlia@yopmail.com,Penelopa.Dahlia@gmail.com,doctor,19036
19136,Gui,Sparhawk,Gui.Sparhawk@yopmail.com,Gui.Sparhawk@gmail.com,worker,19037
19137,Queenie,Solitta,Queenie.Solitta@yopmail.com,Queenie.Solitta@gmail.com,police officer,19038
19138,Madelle,Agle,Madelle.Agle@yopmail.com,Madelle.Agle@gmail.com,police officer,19039
19139,Tami,Kesley,Tami.Kesley@yopmail.com,Tami.Kesley@gmail.com,firefighter,19040
19140,Henriette,Cavan,Henriette.Cavan@yopmail.com,Henriette.Cavan@gmail.com,doctor,19041
19141,Maud,Marisa,Maud.Marisa@yopmail.com,Maud.Marisa@gmail.com,firefighter,19042
19142,Shauna,Azeria,Shauna.Azeria@yopmail.com,Shauna.Azeria@gmail.com,police officer,19043
19143,Oralee,Maples,Oralee.Maples@yopmail.com,Oralee.Maples@gmail.com,doctor,19044
19144,Hildegaard,Gert,Hildegaard.Gert@yopmail.com,Hildegaard.Gert@gmail.com,worker,19045
19145,Paule,Baudin,Paule.Baudin@yopmail.com,Paule.Baudin@gmail.com,developer,19046
19146,Gabriellia,Talia,Gabriellia.Talia@yopmail.com,Gabriellia.Talia@gmail.com,firefighter,19047
19147,Zia,Dimitris,Zia.Dimitris@yopmail.com,Zia.Dimitris@gmail.com,worker,19048
19148,Angelique,Howlyn,Angelique.Howlyn@yopmail.com,Angelique.Howlyn@gmail.com,developer,19049
19149,Karly,Brittani,Karly.Brittani@yopmail.com,Karly.Brittani@gmail.com,worker,19050
19150,Binny,Erich,Binny.Erich@yopmail.com,Binny.Erich@gmail.com,doctor,19051
19151,Alyda,Pascia,Alyda.Pascia@yopmail.com,Alyda.Pascia@gmail.com,police officer,19052
19152,Gilda,Ummersen,Gilda.Ummersen@yopmail.com,Gilda.Ummersen@gmail.com,developer,19053
19153,Miquela,Screens,Miquela.Screens@yopmail.com,Miquela.Screens@gmail.com,worker,19054
19154,Hildegaard,Buttaro,Hildegaard.Buttaro@yopmail.com,Hildegaard.Buttaro@gmail.com,developer,19055
19155,Jackie,Cimbura,Jackie.Cimbura@yopmail.com,Jackie.Cimbura@gmail.com,doctor,19056
19156,Gavrielle,Koziara,Gavrielle.Koziara@yopmail.com,Gavrielle.Koziara@gmail.com,developer,19057
19157,Christy,Cavan,Christy.Cavan@yopmail.com,Christy.Cavan@gmail.com,police officer,19058
19158,Roberta,Vilma,Roberta.Vilma@yopmail.com,Roberta.Vilma@gmail.com,firefighter,19059
19159,Maridel,Burnside,Maridel.Burnside@yopmail.com,Maridel.Burnside@gmail.com,police officer,19060
19160,Mariann,Durante,Mariann.Durante@yopmail.com,Mariann.Durante@gmail.com,firefighter,19061
19161,Rochette,Love,Rochette.Love@yopmail.com,Rochette.Love@gmail.com,worker,19062
19162,Noelle,Annabella,Noelle.Annabella@yopmail.com,Noelle.Annabella@gmail.com,firefighter,19063
19163,Demetris,Clara,Demetris.Clara@yopmail.com,Demetris.Clara@gmail.com,firefighter,19064
19164,Jessy,Adalbert,Jessy.Adalbert@yopmail.com,Jessy.Adalbert@gmail.com,doctor,19065
19165,Lauryn,Concha,Lauryn.Concha@yopmail.com,Lauryn.Concha@gmail.com,worker,19066
19166,Fayre,Lanita,Fayre.Lanita@yopmail.com,Fayre.Lanita@gmail.com,police officer,19067
19167,Gale,Beebe,Gale.Beebe@yopmail.com,Gale.Beebe@gmail.com,worker,19068
19168,Tarra,Rocray,Tarra.Rocray@yopmail.com,Tarra.Rocray@gmail.com,police officer,19069
19169,Aryn,Katrine,Aryn.Katrine@yopmail.com,Aryn.Katrine@gmail.com,doctor,19070
19170,Anallese,Sherfield,Anallese.Sherfield@yopmail.com,Anallese.Sherfield@gmail.com,developer,19071
19171,Arabel,Yorick,Arabel.Yorick@yopmail.com,Arabel.Yorick@gmail.com,firefighter,19072
19172,Ivett,Paine,Ivett.Paine@yopmail.com,Ivett.Paine@gmail.com,police officer,19073
19173,Chere,Kolnick,Chere.Kolnick@yopmail.com,Chere.Kolnick@gmail.com,police officer,19074
19174,Kalina,Thar,Kalina.Thar@yopmail.com,Kalina.Thar@gmail.com,doctor,19075
19175,Nessie,Macey,Nessie.Macey@yopmail.com,Nessie.Macey@gmail.com,worker,19076
19176,Leanna,Brackely,Leanna.Brackely@yopmail.com,Leanna.Brackely@gmail.com,worker,19077
19177,Bertine,Tremayne,Bertine.Tremayne@yopmail.com,Bertine.Tremayne@gmail.com,doctor,19078
19178,Kristan,Carmena,Kristan.Carmena@yopmail.com,Kristan.Carmena@gmail.com,police officer,19079
19179,Ruthe,Skell,Ruthe.Skell@yopmail.com,Ruthe.Skell@gmail.com,developer,19080
19180,Alyssa,Vittoria,Alyssa.Vittoria@yopmail.com,Alyssa.Vittoria@gmail.com,developer,19081
19181,Tonia,Heidt,Tonia.Heidt@yopmail.com,Tonia.Heidt@gmail.com,firefighter,19082
19182,Jere,Brieta,Jere.Brieta@yopmail.com,Jere.Brieta@gmail.com,firefighter,19083
19183,Elvira,McClimans,Elvira.McClimans@yopmail.com,Elvira.McClimans@gmail.com,developer,19084
19184,Shannah,Rurik,Shannah.Rurik@yopmail.com,Shannah.Rurik@gmail.com,police officer,19085
19185,Delilah,Georas,Delilah.Georas@yopmail.com,Delilah.Georas@gmail.com,developer,19086
19186,Lory,Parsaye,Lory.Parsaye@yopmail.com,Lory.Parsaye@gmail.com,doctor,19087
19187,Laure,Hailee,Laure.Hailee@yopmail.com,Laure.Hailee@gmail.com,firefighter,19088
19188,Grier,Rustice,Grier.Rustice@yopmail.com,Grier.Rustice@gmail.com,firefighter,19089
19189,Randa,Francene,Randa.Francene@yopmail.com,Randa.Francene@gmail.com,firefighter,19090
19190,Laurene,Maurine,Laurene.Maurine@yopmail.com,Laurene.Maurine@gmail.com,doctor,19091
19191,Clementine,Adore,Clementine.Adore@yopmail.com,Clementine.Adore@gmail.com,firefighter,19092
19192,Lexine,Kirbee,Lexine.Kirbee@yopmail.com,Lexine.Kirbee@gmail.com,worker,19093
19193,Gertrud,Lasley,Gertrud.Lasley@yopmail.com,Gertrud.Lasley@gmail.com,developer,19094
19194,Deane,Llovera,Deane.Llovera@yopmail.com,Deane.Llovera@gmail.com,doctor,19095
19195,Raina,Cecile,Raina.Cecile@yopmail.com,Raina.Cecile@gmail.com,firefighter,19096
19196,Almeta,Kevon,Almeta.Kevon@yopmail.com,Almeta.Kevon@gmail.com,police officer,19097
19197,Donetta,Sothena,Donetta.Sothena@yopmail.com,Donetta.Sothena@gmail.com,worker,19098
19198,Carmela,Aurelio,Carmela.Aurelio@yopmail.com,Carmela.Aurelio@gmail.com,worker,19099
19199,Delilah,Stephie,Delilah.Stephie@yopmail.com,Delilah.Stephie@gmail.com,doctor,19100
19200,Clarice,Teddman,Clarice.Teddman@yopmail.com,Clarice.Teddman@gmail.com,doctor,19101
19201,Molli,Wiener,Molli.Wiener@yopmail.com,Molli.Wiener@gmail.com,worker,19102
19202,Emilia,Keelia,Emilia.Keelia@yopmail.com,Emilia.Keelia@gmail.com,firefighter,19103
19203,Charmaine,Astra,Charmaine.Astra@yopmail.com,Charmaine.Astra@gmail.com,developer,19104
19204,Kore,Peg,Kore.Peg@yopmail.com,Kore.Peg@gmail.com,developer,19105
19205,Kaja,Celestine,Kaja.Celestine@yopmail.com,Kaja.Celestine@gmail.com,firefighter,19106
19206,Eolanda,Bach,Eolanda.Bach@yopmail.com,Eolanda.Bach@gmail.com,developer,19107
19207,Margarette,Grosz,Margarette.Grosz@yopmail.com,Margarette.Grosz@gmail.com,worker,19108
19208,Fredericka,Rurik,Fredericka.Rurik@yopmail.com,Fredericka.Rurik@gmail.com,developer,19109
19209,Karolina,Noam,Karolina.Noam@yopmail.com,Karolina.Noam@gmail.com,developer,19110
19210,Cassondra,Pandolfi,Cassondra.Pandolfi@yopmail.com,Cassondra.Pandolfi@gmail.com,worker,19111
19211,Jsandye,Darian,Jsandye.Darian@yopmail.com,Jsandye.Darian@gmail.com,police officer,19112
19212,Winny,Chem,Winny.Chem@yopmail.com,Winny.Chem@gmail.com,police officer,19113
19213,Cathie,Hewitt,Cathie.Hewitt@yopmail.com,Cathie.Hewitt@gmail.com,firefighter,19114
19214,Courtnay,Taima,Courtnay.Taima@yopmail.com,Courtnay.Taima@gmail.com,police officer,19115
19215,Barbara,Whittaker,Barbara.Whittaker@yopmail.com,Barbara.Whittaker@gmail.com,doctor,19116
19216,Susette,Zeeba,Susette.Zeeba@yopmail.com,Susette.Zeeba@gmail.com,worker,19117
19217,Jenilee,Koziara,Jenilee.Koziara@yopmail.com,Jenilee.Koziara@gmail.com,firefighter,19118
19218,Vivia,Viddah,Vivia.Viddah@yopmail.com,Vivia.Viddah@gmail.com,firefighter,19119
19219,Jennica,Madaih,Jennica.Madaih@yopmail.com,Jennica.Madaih@gmail.com,firefighter,19120
19220,Maisey,Seligman,Maisey.Seligman@yopmail.com,Maisey.Seligman@gmail.com,firefighter,19121
19221,Doro,Buckler,Doro.Buckler@yopmail.com,Doro.Buckler@gmail.com,doctor,19122
19222,Olwen,Payson,Olwen.Payson@yopmail.com,Olwen.Payson@gmail.com,worker,19123
19223,Tybie,Therine,Tybie.Therine@yopmail.com,Tybie.Therine@gmail.com,police officer,19124
19224,Kathi,Cleo,Kathi.Cleo@yopmail.com,Kathi.Cleo@gmail.com,firefighter,19125
19225,Frieda,Holtz,Frieda.Holtz@yopmail.com,Frieda.Holtz@gmail.com,doctor,19126
19226,Albertina,Philipp,Albertina.Philipp@yopmail.com,Albertina.Philipp@gmail.com,police officer,19127
19227,Tabbatha,Quinn,Tabbatha.Quinn@yopmail.com,Tabbatha.Quinn@gmail.com,developer,19128
19228,Josephine,Carlson,Josephine.Carlson@yopmail.com,Josephine.Carlson@gmail.com,worker,19129
19229,Jere,Manolo,Jere.Manolo@yopmail.com,Jere.Manolo@gmail.com,firefighter,19130
19230,Nessie,Luhe,Nessie.Luhe@yopmail.com,Nessie.Luhe@gmail.com,developer,19131
19231,Danika,Couture,Danika.Couture@yopmail.com,Danika.Couture@gmail.com,police officer,19132
19232,Ekaterina,Tound,Ekaterina.Tound@yopmail.com,Ekaterina.Tound@gmail.com,developer,19133
19233,Glynnis,Melony,Glynnis.Melony@yopmail.com,Glynnis.Melony@gmail.com,worker,19134
19234,Karolina,Kellby,Karolina.Kellby@yopmail.com,Karolina.Kellby@gmail.com,police officer,19135
19235,Alejandra,Secrest,Alejandra.Secrest@yopmail.com,Alejandra.Secrest@gmail.com,doctor,19136
19236,Marika,Ulphia,Marika.Ulphia@yopmail.com,Marika.Ulphia@gmail.com,doctor,19137
19237,Sheelagh,Daniele,Sheelagh.Daniele@yopmail.com,Sheelagh.Daniele@gmail.com,developer,19138
19238,Ana,Ietta,Ana.Ietta@yopmail.com,Ana.Ietta@gmail.com,developer,19139
19239,Damaris,Faria,Damaris.Faria@yopmail.com,Damaris.Faria@gmail.com,worker,19140
19240,Farrah,Ioab,Farrah.Ioab@yopmail.com,Farrah.Ioab@gmail.com,doctor,19141
19241,Janeczka,Zeeba,Janeczka.Zeeba@yopmail.com,Janeczka.Zeeba@gmail.com,police officer,19142
19242,Fayre,Whittaker,Fayre.Whittaker@yopmail.com,Fayre.Whittaker@gmail.com,developer,19143
19243,Tomasina,Vivle,Tomasina.Vivle@yopmail.com,Tomasina.Vivle@gmail.com,police officer,19144
19244,Anica,Candy,Anica.Candy@yopmail.com,Anica.Candy@gmail.com,police officer,19145
19245,Lanna,Skurnik,Lanna.Skurnik@yopmail.com,Lanna.Skurnik@gmail.com,firefighter,19146
19246,Noelle,Iphlgenia,Noelle.Iphlgenia@yopmail.com,Noelle.Iphlgenia@gmail.com,worker,19147
19247,Reeba,Reidar,Reeba.Reidar@yopmail.com,Reeba.Reidar@gmail.com,developer,19148
19248,Leontine,Weaks,Leontine.Weaks@yopmail.com,Leontine.Weaks@gmail.com,doctor,19149
19249,Alyda,Sperling,Alyda.Sperling@yopmail.com,Alyda.Sperling@gmail.com,police officer,19150
19250,Antonietta,Horan,Antonietta.Horan@yopmail.com,Antonietta.Horan@gmail.com,firefighter,19151
19251,Brynna,Pettiford,Brynna.Pettiford@yopmail.com,Brynna.Pettiford@gmail.com,worker,19152
19252,Fernande,Jarib,Fernande.Jarib@yopmail.com,Fernande.Jarib@gmail.com,developer,19153
19253,Concettina,Bohlin,Concettina.Bohlin@yopmail.com,Concettina.Bohlin@gmail.com,doctor,19154
19254,Valera,Vivle,Valera.Vivle@yopmail.com,Valera.Vivle@gmail.com,doctor,19155
19255,Shandie,Felecia,Shandie.Felecia@yopmail.com,Shandie.Felecia@gmail.com,doctor,19156
19256,Sheelagh,Eno,Sheelagh.Eno@yopmail.com,Sheelagh.Eno@gmail.com,worker,19157
19257,Emelina,Giule,Emelina.Giule@yopmail.com,Emelina.Giule@gmail.com,worker,19158
19258,Ermengarde,Egbert,Ermengarde.Egbert@yopmail.com,Ermengarde.Egbert@gmail.com,police officer,19159
19259,Tomasina,Fry,Tomasina.Fry@yopmail.com,Tomasina.Fry@gmail.com,police officer,19160
19260,Gabi,Lewes,Gabi.Lewes@yopmail.com,Gabi.Lewes@gmail.com,developer,19161
19261,Vivia,Johanna,Vivia.Johanna@yopmail.com,Vivia.Johanna@gmail.com,police officer,19162
19262,Teddie,Roumell,Teddie.Roumell@yopmail.com,Teddie.Roumell@gmail.com,developer,19163
19263,Vevay,Devlen,Vevay.Devlen@yopmail.com,Vevay.Devlen@gmail.com,worker,19164
19264,Lolita,Juliet,Lolita.Juliet@yopmail.com,Lolita.Juliet@gmail.com,developer,19165
19265,Dede,Ventre,Dede.Ventre@yopmail.com,Dede.Ventre@gmail.com,firefighter,19166
19266,Devina,Iphlgenia,Devina.Iphlgenia@yopmail.com,Devina.Iphlgenia@gmail.com,doctor,19167
19267,Carlie,Liebermann,Carlie.Liebermann@yopmail.com,Carlie.Liebermann@gmail.com,doctor,19168
19268,Ottilie,Alice,Ottilie.Alice@yopmail.com,Ottilie.Alice@gmail.com,developer,19169
19269,Sherrie,Alcott,Sherrie.Alcott@yopmail.com,Sherrie.Alcott@gmail.com,doctor,19170
19270,Ethel,Sikorski,Ethel.Sikorski@yopmail.com,Ethel.Sikorski@gmail.com,police officer,19171
19271,Chandra,Hermes,Chandra.Hermes@yopmail.com,Chandra.Hermes@gmail.com,worker,19172
19272,Fina,Adamsen,Fina.Adamsen@yopmail.com,Fina.Adamsen@gmail.com,doctor,19173
19273,Yolane,Flyn,Yolane.Flyn@yopmail.com,Yolane.Flyn@gmail.com,police officer,19174
19274,Gavrielle,Johnsson,Gavrielle.Johnsson@yopmail.com,Gavrielle.Johnsson@gmail.com,doctor,19175
19275,Cristine,Jotham,Cristine.Jotham@yopmail.com,Cristine.Jotham@gmail.com,developer,19176
19276,Felice,Arathorn,Felice.Arathorn@yopmail.com,Felice.Arathorn@gmail.com,firefighter,19177
19277,Siana,Wind,Siana.Wind@yopmail.com,Siana.Wind@gmail.com,developer,19178
19278,Allyce,Lewes,Allyce.Lewes@yopmail.com,Allyce.Lewes@gmail.com,developer,19179
19279,Lisette,Guildroy,Lisette.Guildroy@yopmail.com,Lisette.Guildroy@gmail.com,developer,19180
19280,Raina,Westphal,Raina.Westphal@yopmail.com,Raina.Westphal@gmail.com,firefighter,19181
19281,Stevana,Hedve,Stevana.Hedve@yopmail.com,Stevana.Hedve@gmail.com,doctor,19182
19282,Beth,Ivens,Beth.Ivens@yopmail.com,Beth.Ivens@gmail.com,worker,19183
19283,Gilligan,Ferino,Gilligan.Ferino@yopmail.com,Gilligan.Ferino@gmail.com,worker,19184
19284,Minne,Berne,Minne.Berne@yopmail.com,Minne.Berne@gmail.com,worker,19185
19285,Tilly,Astra,Tilly.Astra@yopmail.com,Tilly.Astra@gmail.com,police officer,19186
19286,Eolanda,Pearse,Eolanda.Pearse@yopmail.com,Eolanda.Pearse@gmail.com,police officer,19187
19287,Tilly,Gordon,Tilly.Gordon@yopmail.com,Tilly.Gordon@gmail.com,firefighter,19188
19288,Barbara,Yerkovich,Barbara.Yerkovich@yopmail.com,Barbara.Yerkovich@gmail.com,police officer,19189
19289,Christal,Pillsbury,Christal.Pillsbury@yopmail.com,Christal.Pillsbury@gmail.com,firefighter,19190
19290,Viviene,Adlare,Viviene.Adlare@yopmail.com,Viviene.Adlare@gmail.com,police officer,19191
19291,Goldie,Primalia,Goldie.Primalia@yopmail.com,Goldie.Primalia@gmail.com,firefighter,19192
19292,Marti,Cleo,Marti.Cleo@yopmail.com,Marti.Cleo@gmail.com,firefighter,19193
19293,Nessie,Kussell,Nessie.Kussell@yopmail.com,Nessie.Kussell@gmail.com,developer,19194
19294,Gratia,Rolf,Gratia.Rolf@yopmail.com,Gratia.Rolf@gmail.com,doctor,19195
19295,Tierney,Jotham,Tierney.Jotham@yopmail.com,Tierney.Jotham@gmail.com,worker,19196
19296,Clarice,Gherardo,Clarice.Gherardo@yopmail.com,Clarice.Gherardo@gmail.com,firefighter,19197
19297,Laurene,Orelee,Laurene.Orelee@yopmail.com,Laurene.Orelee@gmail.com,police officer,19198
19298,Coral,Seagraves,Coral.Seagraves@yopmail.com,Coral.Seagraves@gmail.com,developer,19199
19299,Lorenza,Tillford,Lorenza.Tillford@yopmail.com,Lorenza.Tillford@gmail.com,police officer,19200
19300,Mamie,Wu,Mamie.Wu@yopmail.com,Mamie.Wu@gmail.com,developer,19201
19301,Sue,Anton,Sue.Anton@yopmail.com,Sue.Anton@gmail.com,police officer,19202
19302,Gabriellia,Raama,Gabriellia.Raama@yopmail.com,Gabriellia.Raama@gmail.com,developer,19203
19303,Teddie,Joni,Teddie.Joni@yopmail.com,Teddie.Joni@gmail.com,developer,19204
19304,Allis,Wyn,Allis.Wyn@yopmail.com,Allis.Wyn@gmail.com,doctor,19205
19305,Jillayne,Francene,Jillayne.Francene@yopmail.com,Jillayne.Francene@gmail.com,doctor,19206
19306,Ruthe,Gilbertson,Ruthe.Gilbertson@yopmail.com,Ruthe.Gilbertson@gmail.com,police officer,19207
19307,Lanna,Terencio,Lanna.Terencio@yopmail.com,Lanna.Terencio@gmail.com,developer,19208
19308,Carly,Leler,Carly.Leler@yopmail.com,Carly.Leler@gmail.com,worker,19209
19309,Jessy,Myrilla,Jessy.Myrilla@yopmail.com,Jessy.Myrilla@gmail.com,developer,19210
19310,Anica,Roxanna,Anica.Roxanna@yopmail.com,Anica.Roxanna@gmail.com,police officer,19211
19311,June,Justinn,June.Justinn@yopmail.com,June.Justinn@gmail.com,firefighter,19212
19312,Laure,Cleo,Laure.Cleo@yopmail.com,Laure.Cleo@gmail.com,developer,19213
19313,Jennica,Minetta,Jennica.Minetta@yopmail.com,Jennica.Minetta@gmail.com,firefighter,19214
19314,Janey,Knowling,Janey.Knowling@yopmail.com,Janey.Knowling@gmail.com,developer,19215
19315,Imojean,Bohlin,Imojean.Bohlin@yopmail.com,Imojean.Bohlin@gmail.com,doctor,19216
19316,Ellette,Pond,Ellette.Pond@yopmail.com,Ellette.Pond@gmail.com,worker,19217
19317,Jacquetta,Buffum,Jacquetta.Buffum@yopmail.com,Jacquetta.Buffum@gmail.com,doctor,19218
19318,Calla,Vale,Calla.Vale@yopmail.com,Calla.Vale@gmail.com,firefighter,19219
19319,Meg,Katrine,Meg.Katrine@yopmail.com,Meg.Katrine@gmail.com,developer,19220
19320,Viviene,Arvo,Viviene.Arvo@yopmail.com,Viviene.Arvo@gmail.com,police officer,19221
19321,Bibby,Arvo,Bibby.Arvo@yopmail.com,Bibby.Arvo@gmail.com,police officer,19222
19322,Luci,Joseph,Luci.Joseph@yopmail.com,Luci.Joseph@gmail.com,worker,19223
19323,Berta,Middleton,Berta.Middleton@yopmail.com,Berta.Middleton@gmail.com,doctor,19224
19324,Cyb,Merell,Cyb.Merell@yopmail.com,Cyb.Merell@gmail.com,police officer,19225
19325,Renae,Amand,Renae.Amand@yopmail.com,Renae.Amand@gmail.com,police officer,19226
19326,Tera,Sparhawk,Tera.Sparhawk@yopmail.com,Tera.Sparhawk@gmail.com,doctor,19227
19327,Charmaine,Kelula,Charmaine.Kelula@yopmail.com,Charmaine.Kelula@gmail.com,doctor,19228
19328,Feliza,Jehu,Feliza.Jehu@yopmail.com,Feliza.Jehu@gmail.com,police officer,19229
19329,Devina,Rocray,Devina.Rocray@yopmail.com,Devina.Rocray@gmail.com,worker,19230
19330,Silvana,Engdahl,Silvana.Engdahl@yopmail.com,Silvana.Engdahl@gmail.com,firefighter,19231
19331,Elmira,Miru,Elmira.Miru@yopmail.com,Elmira.Miru@gmail.com,firefighter,19232
19332,Debee,Solitta,Debee.Solitta@yopmail.com,Debee.Solitta@gmail.com,worker,19233
19333,Jean,Henrie,Jean.Henrie@yopmail.com,Jean.Henrie@gmail.com,doctor,19234
19334,Marnia,Torray,Marnia.Torray@yopmail.com,Marnia.Torray@gmail.com,firefighter,19235
19335,Sean,Giff,Sean.Giff@yopmail.com,Sean.Giff@gmail.com,police officer,19236
19336,Marcelline,Merell,Marcelline.Merell@yopmail.com,Marcelline.Merell@gmail.com,firefighter,19237
19337,Di,Raseda,Di.Raseda@yopmail.com,Di.Raseda@gmail.com,firefighter,19238
19338,Jaclyn,Maroney,Jaclyn.Maroney@yopmail.com,Jaclyn.Maroney@gmail.com,worker,19239
19339,Hettie,Nunci,Hettie.Nunci@yopmail.com,Hettie.Nunci@gmail.com,firefighter,19240
19340,Letizia,Ailyn,Letizia.Ailyn@yopmail.com,Letizia.Ailyn@gmail.com,doctor,19241
19341,Tersina,Nunci,Tersina.Nunci@yopmail.com,Tersina.Nunci@gmail.com,firefighter,19242
19342,Celene,Braun,Celene.Braun@yopmail.com,Celene.Braun@gmail.com,doctor,19243
19343,Farrah,Noelyn,Farrah.Noelyn@yopmail.com,Farrah.Noelyn@gmail.com,developer,19244
19344,Lita,Sprage,Lita.Sprage@yopmail.com,Lita.Sprage@gmail.com,firefighter,19245
19345,Sabina,Lesley,Sabina.Lesley@yopmail.com,Sabina.Lesley@gmail.com,worker,19246
19346,Gloria,Means,Gloria.Means@yopmail.com,Gloria.Means@gmail.com,doctor,19247
19347,Sharai,Montgomery,Sharai.Montgomery@yopmail.com,Sharai.Montgomery@gmail.com,developer,19248
19348,Annaliese,Magdalen,Annaliese.Magdalen@yopmail.com,Annaliese.Magdalen@gmail.com,doctor,19249
19349,Ofilia,Hathaway,Ofilia.Hathaway@yopmail.com,Ofilia.Hathaway@gmail.com,firefighter,19250
