id,firstname,lastname,email,email2,profession,Field Name
16550,Glenda,Nerita,Glenda.Nerita@yopmail.com,Glenda.Nerita@gmail.com,developer,16451
16551,Lolita,Bebe,Lolita.Bebe@yopmail.com,Lolita.Bebe@gmail.com,firefighter,16452
16552,Vivia,Miru,Vivia.Miru@yopmail.com,Vivia.Miru@gmail.com,doctor,16453
16553,Audrie,Gregrory,Audrie.Gregrory@yopmail.com,Audrie.Gregrory@gmail.com,developer,16454
16554,Corry,Gaynor,Corry.Gaynor@yopmail.com,Corry.Gaynor@gmail.com,doctor,16455
16555,Raquela,Rese,Raquela.Rese@yopmail.com,Raquela.Rese@gmail.com,firefighter,16456
16556,Carly,Urias,Carly.Urias@yopmail.com,Carly.Urias@gmail.com,doctor,16457
16557,Janeczka,Prober,Janeczka.Prober@yopmail.com,Janeczka.Prober@gmail.com,developer,16458
16558,Elise,Flyn,Elise.Flyn@yopmail.com,Elise.Flyn@gmail.com,police officer,16459
16559,Benita,Edee,Benita.Edee@yopmail.com,Benita.Edee@gmail.com,firefighter,16460
16560,Iseabal,Bari,Iseabal.Bari@yopmail.com,Iseabal.Bari@gmail.com,developer,16461
16561,Tarra,Hessler,Tarra.Hessler@yopmail.com,Tarra.Hessler@gmail.com,developer,16462
16562,Christian,Ephrem,Christian.Ephrem@yopmail.com,Christian.Ephrem@gmail.com,firefighter,16463
16563,Christian,Chaing,Christian.Chaing@yopmail.com,Christian.Chaing@gmail.com,worker,16464
16564,Mignon,Myrilla,Mignon.Myrilla@yopmail.com,Mignon.Myrilla@gmail.com,worker,16465
16565,Doralynne,Socha,Doralynne.Socha@yopmail.com,Doralynne.Socha@gmail.com,firefighter,16466
16566,Ricky,Gaynor,Ricky.Gaynor@yopmail.com,Ricky.Gaynor@gmail.com,doctor,16467
16567,Grier,Imelida,Grier.Imelida@yopmail.com,Grier.Imelida@gmail.com,firefighter,16468
16568,Jobi,Gemini,Jobi.Gemini@yopmail.com,Jobi.Gemini@gmail.com,worker,16469
16569,Annecorinne,Dannye,Annecorinne.Dannye@yopmail.com,Annecorinne.Dannye@gmail.com,worker,16470
16570,Jenilee,Barbey,Jenilee.Barbey@yopmail.com,Jenilee.Barbey@gmail.com,doctor,16471
16571,Danika,Sammons,Danika.Sammons@yopmail.com,Danika.Sammons@gmail.com,police officer,16472
16572,Cissiee,Freddi,Cissiee.Freddi@yopmail.com,Cissiee.Freddi@gmail.com,worker,16473
16573,Iseabal,Buttaro,Iseabal.Buttaro@yopmail.com,Iseabal.Buttaro@gmail.com,police officer,16474
16574,Angela,Hylan,Angela.Hylan@yopmail.com,Angela.Hylan@gmail.com,firefighter,16475
16575,Eve,Bartlett,Eve.Bartlett@yopmail.com,Eve.Bartlett@gmail.com,developer,16476
16576,Jobi,Taima,Jobi.Taima@yopmail.com,Jobi.Taima@gmail.com,worker,16477
16577,Vinita,Brady,Vinita.Brady@yopmail.com,Vinita.Brady@gmail.com,developer,16478
16578,Halette,Pearse,Halette.Pearse@yopmail.com,Halette.Pearse@gmail.com,doctor,16479
16579,Feliza,Ricki,Feliza.Ricki@yopmail.com,Feliza.Ricki@gmail.com,developer,16480
16580,Libbie,Rubie,Libbie.Rubie@yopmail.com,Libbie.Rubie@gmail.com,developer,16481
16581,Ellette,My,Ellette.My@yopmail.com,Ellette.My@gmail.com,developer,16482
16582,Kore,Ruvolo,Kore.Ruvolo@yopmail.com,Kore.Ruvolo@gmail.com,doctor,16483
16583,Brietta,Macey,Brietta.Macey@yopmail.com,Brietta.Macey@gmail.com,doctor,16484
16584,Morganica,Hylan,Morganica.Hylan@yopmail.com,Morganica.Hylan@gmail.com,police officer,16485
16585,Briney,Gladstone,Briney.Gladstone@yopmail.com,Briney.Gladstone@gmail.com,police officer,16486
16586,Ariela,Si,Ariela.Si@yopmail.com,Ariela.Si@gmail.com,worker,16487
16587,Brandise,Milson,Brandise.Milson@yopmail.com,Brandise.Milson@gmail.com,doctor,16488
16588,Lindie,Xerxes,Lindie.Xerxes@yopmail.com,Lindie.Xerxes@gmail.com,developer,16489
16589,Lolita,Parsaye,Lolita.Parsaye@yopmail.com,Lolita.Parsaye@gmail.com,doctor,16490
16590,Jackie,Belldas,Jackie.Belldas@yopmail.com,Jackie.Belldas@gmail.com,firefighter,16491
16591,Vanessa,Belanger,Vanessa.Belanger@yopmail.com,Vanessa.Belanger@gmail.com,firefighter,16492
16592,Jinny,Yoko,Jinny.Yoko@yopmail.com,Jinny.Yoko@gmail.com,worker,16493
16593,Tiffie,Maryanne,Tiffie.Maryanne@yopmail.com,Tiffie.Maryanne@gmail.com,worker,16494
16594,Alie,Schwejda,Alie.Schwejda@yopmail.com,Alie.Schwejda@gmail.com,worker,16495
16595,Tierney,Wallis,Tierney.Wallis@yopmail.com,Tierney.Wallis@gmail.com,police officer,16496
16596,Anallese,Mauer,Anallese.Mauer@yopmail.com,Anallese.Mauer@gmail.com,worker,16497
16597,Jaime,Hortensia,Jaime.Hortensia@yopmail.com,Jaime.Hortensia@gmail.com,worker,16498
16598,Celestyna,Marden,Celestyna.Marden@yopmail.com,Celestyna.Marden@gmail.com,doctor,16499
16599,Cordi,Harday,Cordi.Harday@yopmail.com,Cordi.Harday@gmail.com,worker,16500
