id,firstname,lastname,email,email2,profession,Field Name
12100,Teddie,Selway,Teddie.Selway@yopmail.com,Teddie.Selway@gmail.com,developer,12001
12101,Nita,Garrison,Nita.Garrison@yopmail.com,Nita.Garrison@gmail.com,police officer,12002
12102,Celene,Bigner,Celene.Bigner@yopmail.com,Celene.Bigner@gmail.com,worker,12003
12103,Regina,Revkah,Regina.Revkah@yopmail.com,Regina.Revkah@gmail.com,doctor,12004
12104,Mady,Stacy,Mady.Stacy@yopmail.com,Mady.Stacy@gmail.com,doctor,12005
12105,Elyssa,Imelida,Elyssa.Imelida@yopmail.com,Elyssa.Imelida@gmail.com,worker,12006
12106,Kimberley,Stacy,Kimberley.Stacy@yopmail.com,Kimberley.Stacy@gmail.com,worker,12007
12107,Marjie,Tayib,Marjie.Tayib@yopmail.com,Marjie.Tayib@gmail.com,worker,12008
12108,Fanny,Pitt,Fanny.Pitt@yopmail.com,Fanny.Pitt@gmail.com,firefighter,12009
12109,Lita,Beniamino,Lita.Beniamino@yopmail.com,Lita.Beniamino@gmail.com,police officer,12010
12110,Sharlene,Mayeda,Sharlene.Mayeda@yopmail.com,Sharlene.Mayeda@gmail.com,worker,12011
12111,Annora,Ciro,Annora.Ciro@yopmail.com,Annora.Ciro@gmail.com,doctor,12012
12112,Joy,Tiffa,Joy.Tiffa@yopmail.com,Joy.Tiffa@gmail.com,firefighter,12013
12113,Lusa,Gaulin,Lusa.Gaulin@yopmail.com,Lusa.Gaulin@gmail.com,developer,12014
12114,Peri,Joeann,Peri.Joeann@yopmail.com,Peri.Joeann@gmail.com,worker,12015
12115,Suzette,Rogerio,Suzette.Rogerio@yopmail.com,Suzette.Rogerio@gmail.com,worker,12016
12116,Roberta,Clywd,Roberta.Clywd@yopmail.com,Roberta.Clywd@gmail.com,developer,12017
12117,Adriana,Ledah,Adriana.Ledah@yopmail.com,Adriana.Ledah@gmail.com,developer,12018
12118,Marita,Laurianne,Marita.Laurianne@yopmail.com,Marita.Laurianne@gmail.com,worker,12019
12119,Libbie,Kiersten,Libbie.Kiersten@yopmail.com,Libbie.Kiersten@gmail.com,firefighter,12020
12120,Chickie,Bevin,Chickie.Bevin@yopmail.com,Chickie.Bevin@gmail.com,doctor,12021
12121,Juliane,Boehike,Juliane.Boehike@yopmail.com,Juliane.Boehike@gmail.com,developer,12022
12122,Gwyneth,Bibi,Gwyneth.Bibi@yopmail.com,Gwyneth.Bibi@gmail.com,developer,12023
12123,Karena,Sherrie,Karena.Sherrie@yopmail.com,Karena.Sherrie@gmail.com,worker,12024
12124,Damaris,Ovid,Damaris.Ovid@yopmail.com,Damaris.Ovid@gmail.com,worker,12025
12125,Mignon,Kosey,Mignon.Kosey@yopmail.com,Mignon.Kosey@gmail.com,developer,12026
12126,Emilia,Hermes,Emilia.Hermes@yopmail.com,Emilia.Hermes@gmail.com,developer,12027
12127,Beverley,Alexandr,Beverley.Alexandr@yopmail.com,Beverley.Alexandr@gmail.com,developer,12028
12128,Barbara,Sawtelle,Barbara.Sawtelle@yopmail.com,Barbara.Sawtelle@gmail.com,police officer,12029
12129,Nikki,Gale,Nikki.Gale@yopmail.com,Nikki.Gale@gmail.com,firefighter,12030
12130,Georgina,Modie,Georgina.Modie@yopmail.com,Georgina.Modie@gmail.com,firefighter,12031
12131,Olivette,Gaulin,Olivette.Gaulin@yopmail.com,Olivette.Gaulin@gmail.com,police officer,12032
12132,Robinia,Scammon,Robinia.Scammon@yopmail.com,Robinia.Scammon@gmail.com,firefighter,12033
12133,Emilia,Urias,Emilia.Urias@yopmail.com,Emilia.Urias@gmail.com,doctor,12034
12134,Florencia,Faust,Florencia.Faust@yopmail.com,Florencia.Faust@gmail.com,police officer,12035
12135,Cristine,Georas,Cristine.Georas@yopmail.com,Cristine.Georas@gmail.com,developer,12036
12136,Lacie,Cosenza,Lacie.Cosenza@yopmail.com,Lacie.Cosenza@gmail.com,firefighter,12037
12137,Helsa,Reidar,Helsa.Reidar@yopmail.com,Helsa.Reidar@gmail.com,worker,12038
12138,Gavrielle,Kaete,Gavrielle.Kaete@yopmail.com,Gavrielle.Kaete@gmail.com,police officer,12039
12139,Helena,Loring,Helena.Loring@yopmail.com,Helena.Loring@gmail.com,worker,12040
12140,Celene,Agle,Celene.Agle@yopmail.com,Celene.Agle@gmail.com,doctor,12041
12141,Feliza,Howlyn,Feliza.Howlyn@yopmail.com,Feliza.Howlyn@gmail.com,doctor,12042
12142,Rosaline,Adlare,Rosaline.Adlare@yopmail.com,Rosaline.Adlare@gmail.com,firefighter,12043
12143,Marinna,Alice,Marinna.Alice@yopmail.com,Marinna.Alice@gmail.com,worker,12044
12144,Renie,Mendez,Renie.Mendez@yopmail.com,Renie.Mendez@gmail.com,doctor,12045
12145,Louella,Hermes,Louella.Hermes@yopmail.com,Louella.Hermes@gmail.com,worker,12046
12146,Consuela,Schlosser,Consuela.Schlosser@yopmail.com,Consuela.Schlosser@gmail.com,firefighter,12047
12147,Wilma,Ashely,Wilma.Ashely@yopmail.com,Wilma.Ashely@gmail.com,doctor,12048
12148,Alleen,Stacy,Alleen.Stacy@yopmail.com,Alleen.Stacy@gmail.com,doctor,12049
12149,Darlleen,Gaal,Darlleen.Gaal@yopmail.com,Darlleen.Gaal@gmail.com,worker,12050
12150,Ingrid,Gaal,Ingrid.Gaal@yopmail.com,Ingrid.Gaal@gmail.com,worker,12051
12151,Sonni,Goth,Sonni.Goth@yopmail.com,Sonni.Goth@gmail.com,worker,12052
12152,Agathe,Slifka,Agathe.Slifka@yopmail.com,Agathe.Slifka@gmail.com,doctor,12053
12153,Pierette,Mike,Pierette.Mike@yopmail.com,Pierette.Mike@gmail.com,firefighter,12054
12154,Tybie,Remmer,Tybie.Remmer@yopmail.com,Tybie.Remmer@gmail.com,doctor,12055
12155,Malina,Colp,Malina.Colp@yopmail.com,Malina.Colp@gmail.com,worker,12056
12156,Dorene,Henebry,Dorene.Henebry@yopmail.com,Dorene.Henebry@gmail.com,firefighter,12057
12157,Marika,Vale,Marika.Vale@yopmail.com,Marika.Vale@gmail.com,firefighter,12058
12158,Susette,Rossner,Susette.Rossner@yopmail.com,Susette.Rossner@gmail.com,worker,12059
12159,Bibby,Howlyn,Bibby.Howlyn@yopmail.com,Bibby.Howlyn@gmail.com,firefighter,12060
12160,Marinna,Waite,Marinna.Waite@yopmail.com,Marinna.Waite@gmail.com,worker,12061
12161,Celestyna,Waite,Celestyna.Waite@yopmail.com,Celestyna.Waite@gmail.com,police officer,12062
12162,Ninnetta,Ethban,Ninnetta.Ethban@yopmail.com,Ninnetta.Ethban@gmail.com,police officer,12063
12163,Britni,Barney,Britni.Barney@yopmail.com,Britni.Barney@gmail.com,firefighter,12064
12164,Aaren,Sisile,Aaren.Sisile@yopmail.com,Aaren.Sisile@gmail.com,doctor,12065
12165,Alex,Monaco,Alex.Monaco@yopmail.com,Alex.Monaco@gmail.com,firefighter,12066
12166,Angelique,Old,Angelique.Old@yopmail.com,Angelique.Old@gmail.com,police officer,12067
12167,Elie,Whiffen,Elie.Whiffen@yopmail.com,Elie.Whiffen@gmail.com,police officer,12068
12168,Mallory,Suanne,Mallory.Suanne@yopmail.com,Mallory.Suanne@gmail.com,developer,12069
12169,Trudie,Joseph,Trudie.Joseph@yopmail.com,Trudie.Joseph@gmail.com,developer,12070
12170,Yetty,Mayeda,Yetty.Mayeda@yopmail.com,Yetty.Mayeda@gmail.com,doctor,12071
12171,Dulcinea,Nunci,Dulcinea.Nunci@yopmail.com,Dulcinea.Nunci@gmail.com,worker,12072
12172,Ebonee,Jess,Ebonee.Jess@yopmail.com,Ebonee.Jess@gmail.com,developer,12073
12173,Lucille,Even,Lucille.Even@yopmail.com,Lucille.Even@gmail.com,worker,12074
12174,Gerianna,Alexandr,Gerianna.Alexandr@yopmail.com,Gerianna.Alexandr@gmail.com,developer,12075
12175,Annaliese,Wind,Annaliese.Wind@yopmail.com,Annaliese.Wind@gmail.com,worker,12076
12176,Corry,Hanshaw,Corry.Hanshaw@yopmail.com,Corry.Hanshaw@gmail.com,developer,12077
12177,Aaren,Stacy,Aaren.Stacy@yopmail.com,Aaren.Stacy@gmail.com,police officer,12078
12178,Hermione,Grimbly,Hermione.Grimbly@yopmail.com,Hermione.Grimbly@gmail.com,police officer,12079
12179,Kirbee,Durante,Kirbee.Durante@yopmail.com,Kirbee.Durante@gmail.com,worker,12080
12180,Kaja,Gower,Kaja.Gower@yopmail.com,Kaja.Gower@gmail.com,police officer,12081
12181,Amii,Flita,Amii.Flita@yopmail.com,Amii.Flita@gmail.com,doctor,12082
12182,Kerrin,Gavrila,Kerrin.Gavrila@yopmail.com,Kerrin.Gavrila@gmail.com,police officer,12083
12183,Tarra,Baylor,Tarra.Baylor@yopmail.com,Tarra.Baylor@gmail.com,worker,12084
12184,Kore,Erminia,Kore.Erminia@yopmail.com,Kore.Erminia@gmail.com,police officer,12085
12185,Aili,Cynar,Aili.Cynar@yopmail.com,Aili.Cynar@gmail.com,firefighter,12086
12186,Consuela,Jess,Consuela.Jess@yopmail.com,Consuela.Jess@gmail.com,worker,12087
12187,Dania,Jammal,Dania.Jammal@yopmail.com,Dania.Jammal@gmail.com,developer,12088
12188,Angela,Henrie,Angela.Henrie@yopmail.com,Angela.Henrie@gmail.com,worker,12089
12189,Lisette,Rubie,Lisette.Rubie@yopmail.com,Lisette.Rubie@gmail.com,worker,12090
12190,Charissa,Ricarda,Charissa.Ricarda@yopmail.com,Charissa.Ricarda@gmail.com,police officer,12091
12191,Neila,Kylander,Neila.Kylander@yopmail.com,Neila.Kylander@gmail.com,worker,12092
12192,Lisette,Hirsch,Lisette.Hirsch@yopmail.com,Lisette.Hirsch@gmail.com,police officer,12093
12193,Cissiee,Ailyn,Cissiee.Ailyn@yopmail.com,Cissiee.Ailyn@gmail.com,worker,12094
12194,Carol-Jean,Ventre,Carol-Jean.Ventre@yopmail.com,Carol-Jean.Ventre@gmail.com,developer,12095
12195,Christian,Aloise,Christian.Aloise@yopmail.com,Christian.Aloise@gmail.com,police officer,12096
12196,Jackie,Baudin,Jackie.Baudin@yopmail.com,Jackie.Baudin@gmail.com,worker,12097
12197,Lusa,Thunell,Lusa.Thunell@yopmail.com,Lusa.Thunell@gmail.com,police officer,12098
12198,Imojean,Marisa,Imojean.Marisa@yopmail.com,Imojean.Marisa@gmail.com,police officer,12099
12199,Tersina,Nisbet,Tersina.Nisbet@yopmail.com,Tersina.Nisbet@gmail.com,police officer,12100
12200,Annecorinne,Raffo,Annecorinne.Raffo@yopmail.com,Annecorinne.Raffo@gmail.com,doctor,12101
12201,Feliza,Donoghue,Feliza.Donoghue@yopmail.com,Feliza.Donoghue@gmail.com,firefighter,12102
12202,Tani,Magdalen,Tani.Magdalen@yopmail.com,Tani.Magdalen@gmail.com,developer,12103
12203,Lusa,Buffum,Lusa.Buffum@yopmail.com,Lusa.Buffum@gmail.com,doctor,12104
12204,Raina,Wiener,Raina.Wiener@yopmail.com,Raina.Wiener@gmail.com,worker,12105
12205,Mathilda,Barbey,Mathilda.Barbey@yopmail.com,Mathilda.Barbey@gmail.com,firefighter,12106
12206,Tera,Darian,Tera.Darian@yopmail.com,Tera.Darian@gmail.com,doctor,12107
12207,Kaja,Burnside,Kaja.Burnside@yopmail.com,Kaja.Burnside@gmail.com,doctor,12108
12208,Tarra,Alcott,Tarra.Alcott@yopmail.com,Tarra.Alcott@gmail.com,worker,12109
12209,Natka,Drus,Natka.Drus@yopmail.com,Natka.Drus@gmail.com,doctor,12110
12210,Nannie,Dorothy,Nannie.Dorothy@yopmail.com,Nannie.Dorothy@gmail.com,doctor,12111
12211,Mamie,Atonsah,Mamie.Atonsah@yopmail.com,Mamie.Atonsah@gmail.com,worker,12112
12212,Donnie,Noam,Donnie.Noam@yopmail.com,Donnie.Noam@gmail.com,worker,12113
12213,Jenda,Kaja,Jenda.Kaja@yopmail.com,Jenda.Kaja@gmail.com,developer,12114
12214,Frances,Wandie,Frances.Wandie@yopmail.com,Frances.Wandie@gmail.com,doctor,12115
12215,Cherilyn,Land,Cherilyn.Land@yopmail.com,Cherilyn.Land@gmail.com,developer,12116
12216,Barbara,McNully,Barbara.McNully@yopmail.com,Barbara.McNully@gmail.com,firefighter,12117
12217,Doralynne,Ventre,Doralynne.Ventre@yopmail.com,Doralynne.Ventre@gmail.com,worker,12118
12218,Carmencita,Pacorro,Carmencita.Pacorro@yopmail.com,Carmencita.Pacorro@gmail.com,worker,12119
12219,Oona,Lenny,Oona.Lenny@yopmail.com,Oona.Lenny@gmail.com,police officer,12120
12220,Danika,Tjon,Danika.Tjon@yopmail.com,Danika.Tjon@gmail.com,doctor,12121
12221,Jennica,Yerkovich,Jennica.Yerkovich@yopmail.com,Jennica.Yerkovich@gmail.com,worker,12122
12222,Sabina,Flita,Sabina.Flita@yopmail.com,Sabina.Flita@gmail.com,police officer,12123
12223,Lila,Lauraine,Lila.Lauraine@yopmail.com,Lila.Lauraine@gmail.com,worker,12124
12224,June,Bartlett,June.Bartlett@yopmail.com,June.Bartlett@gmail.com,worker,12125
12225,Beverley,Fink,Beverley.Fink@yopmail.com,Beverley.Fink@gmail.com,police officer,12126
12226,Goldie,Gwenore,Goldie.Gwenore@yopmail.com,Goldie.Gwenore@gmail.com,developer,12127
12227,Adriana,Rooney,Adriana.Rooney@yopmail.com,Adriana.Rooney@gmail.com,police officer,12128
12228,Amelia,Henebry,Amelia.Henebry@yopmail.com,Amelia.Henebry@gmail.com,doctor,12129
12229,Zsa Zsa,Hebner,Zsa Zsa.Hebner@yopmail.com,Zsa Zsa.Hebner@gmail.com,police officer,12130
12230,Nanete,Pitt,Nanete.Pitt@yopmail.com,Nanete.Pitt@gmail.com,firefighter,12131
12231,Carolina,Phaidra,Carolina.Phaidra@yopmail.com,Carolina.Phaidra@gmail.com,police officer,12132
12232,Kathy,Rheingold,Kathy.Rheingold@yopmail.com,Kathy.Rheingold@gmail.com,developer,12133
12233,Tani,Zitvaa,Tani.Zitvaa@yopmail.com,Tani.Zitvaa@gmail.com,doctor,12134
12234,Max,Palocz,Max.Palocz@yopmail.com,Max.Palocz@gmail.com,worker,12135
12235,Claresta,Sisile,Claresta.Sisile@yopmail.com,Claresta.Sisile@gmail.com,doctor,12136
12236,Deane,Desai,Deane.Desai@yopmail.com,Deane.Desai@gmail.com,police officer,12137
12237,Stephanie,Thomasina,Stephanie.Thomasina@yopmail.com,Stephanie.Thomasina@gmail.com,police officer,12138
12238,Isa,Cath,Isa.Cath@yopmail.com,Isa.Cath@gmail.com,developer,12139
12239,Jacquetta,Baylor,Jacquetta.Baylor@yopmail.com,Jacquetta.Baylor@gmail.com,worker,12140
12240,Lizzie,McNully,Lizzie.McNully@yopmail.com,Lizzie.McNully@gmail.com,worker,12141
12241,Damaris,Adlare,Damaris.Adlare@yopmail.com,Damaris.Adlare@gmail.com,doctor,12142
12242,Alisha,Cristi,Alisha.Cristi@yopmail.com,Alisha.Cristi@gmail.com,doctor,12143
12243,Mathilda,Dorcy,Mathilda.Dorcy@yopmail.com,Mathilda.Dorcy@gmail.com,worker,12144
12244,Lila,Gwenore,Lila.Gwenore@yopmail.com,Lila.Gwenore@gmail.com,developer,12145
12245,Lyssa,Lewes,Lyssa.Lewes@yopmail.com,Lyssa.Lewes@gmail.com,doctor,12146
12246,Jacenta,Rebecka,Jacenta.Rebecka@yopmail.com,Jacenta.Rebecka@gmail.com,developer,12147
12247,Joy,Ramona,Joy.Ramona@yopmail.com,Joy.Ramona@gmail.com,police officer,12148
12248,Janey,Bronk,Janey.Bronk@yopmail.com,Janey.Bronk@gmail.com,worker,12149
12249,Sharai,Shields,Sharai.Shields@yopmail.com,Sharai.Shields@gmail.com,developer,12150
12250,Alisha,Taam,Alisha.Taam@yopmail.com,Alisha.Taam@gmail.com,worker,12151
12251,Netty,Yuille,Netty.Yuille@yopmail.com,Netty.Yuille@gmail.com,doctor,12152
12252,Bobbi,Burnside,Bobbi.Burnside@yopmail.com,Bobbi.Burnside@gmail.com,developer,12153
12253,Patricia,Joachim,Patricia.Joachim@yopmail.com,Patricia.Joachim@gmail.com,worker,12154
12254,Judy,Alfons,Judy.Alfons@yopmail.com,Judy.Alfons@gmail.com,developer,12155
12255,Patricia,Breed,Patricia.Breed@yopmail.com,Patricia.Breed@gmail.com,doctor,12156
12256,Eugine,Capello,Eugine.Capello@yopmail.com,Eugine.Capello@gmail.com,worker,12157
12257,Meg,Stav,Meg.Stav@yopmail.com,Meg.Stav@gmail.com,police officer,12158
12258,Leeanne,Wandie,Leeanne.Wandie@yopmail.com,Leeanne.Wandie@gmail.com,police officer,12159
12259,Chandra,Kimmie,Chandra.Kimmie@yopmail.com,Chandra.Kimmie@gmail.com,police officer,12160
12260,Ernesta,Friede,Ernesta.Friede@yopmail.com,Ernesta.Friede@gmail.com,doctor,12161
12261,Edyth,Berne,Edyth.Berne@yopmail.com,Edyth.Berne@gmail.com,doctor,12162
12262,Aurore,Shanley,Aurore.Shanley@yopmail.com,Aurore.Shanley@gmail.com,worker,12163
12263,Minne,Lunsford,Minne.Lunsford@yopmail.com,Minne.Lunsford@gmail.com,doctor,12164
12264,Rhea,Forrer,Rhea.Forrer@yopmail.com,Rhea.Forrer@gmail.com,police officer,12165
12265,Maisey,Breed,Maisey.Breed@yopmail.com,Maisey.Breed@gmail.com,worker,12166
12266,Blinni,Yuille,Blinni.Yuille@yopmail.com,Blinni.Yuille@gmail.com,developer,12167
12267,Viki,Couture,Viki.Couture@yopmail.com,Viki.Couture@gmail.com,firefighter,12168
12268,Aubrie,Palocz,Aubrie.Palocz@yopmail.com,Aubrie.Palocz@gmail.com,firefighter,12169
12269,Flory,Stefa,Flory.Stefa@yopmail.com,Flory.Stefa@gmail.com,worker,12170
12270,Tatiania,Chapland,Tatiania.Chapland@yopmail.com,Tatiania.Chapland@gmail.com,police officer,12171
12271,Gloria,Leopold,Gloria.Leopold@yopmail.com,Gloria.Leopold@gmail.com,police officer,12172
12272,Inga,Alisia,Inga.Alisia@yopmail.com,Inga.Alisia@gmail.com,worker,12173
12273,Brianna,Drisko,Brianna.Drisko@yopmail.com,Brianna.Drisko@gmail.com,worker,12174
12274,Sadie,Niccolo,Sadie.Niccolo@yopmail.com,Sadie.Niccolo@gmail.com,firefighter,12175
12275,Lanna,Goode,Lanna.Goode@yopmail.com,Lanna.Goode@gmail.com,police officer,12176
12276,Dari,Honoria,Dari.Honoria@yopmail.com,Dari.Honoria@gmail.com,police officer,12177
12277,Lynde,Odell,Lynde.Odell@yopmail.com,Lynde.Odell@gmail.com,doctor,12178
12278,Dulcinea,Pelagias,Dulcinea.Pelagias@yopmail.com,Dulcinea.Pelagias@gmail.com,doctor,12179
12279,Mignon,Modie,Mignon.Modie@yopmail.com,Mignon.Modie@gmail.com,developer,12180
12280,Verla,Holtz,Verla.Holtz@yopmail.com,Verla.Holtz@gmail.com,police officer,12181
12281,Dari,Ledah,Dari.Ledah@yopmail.com,Dari.Ledah@gmail.com,developer,12182
12282,Mary,Whiffen,Mary.Whiffen@yopmail.com,Mary.Whiffen@gmail.com,developer,12183
12283,Siana,Plato,Siana.Plato@yopmail.com,Siana.Plato@gmail.com,developer,12184
12284,Jemie,Durante,Jemie.Durante@yopmail.com,Jemie.Durante@gmail.com,firefighter,12185
12285,Cordi,Jenness,Cordi.Jenness@yopmail.com,Cordi.Jenness@gmail.com,firefighter,12186
12286,Lulita,Destinee,Lulita.Destinee@yopmail.com,Lulita.Destinee@gmail.com,doctor,12187
12287,Misha,Khorma,Misha.Khorma@yopmail.com,Misha.Khorma@gmail.com,doctor,12188
12288,Hildegaard,Mintz,Hildegaard.Mintz@yopmail.com,Hildegaard.Mintz@gmail.com,doctor,12189
12289,Charlena,Ricarda,Charlena.Ricarda@yopmail.com,Charlena.Ricarda@gmail.com,doctor,12190
12290,Carree,Grosz,Carree.Grosz@yopmail.com,Carree.Grosz@gmail.com,worker,12191
12291,Kalina,Raama,Kalina.Raama@yopmail.com,Kalina.Raama@gmail.com,doctor,12192
12292,Elena,Artie,Elena.Artie@yopmail.com,Elena.Artie@gmail.com,developer,12193
12293,Shell,Marsden,Shell.Marsden@yopmail.com,Shell.Marsden@gmail.com,worker,12194
12294,Collen,Scammon,Collen.Scammon@yopmail.com,Collen.Scammon@gmail.com,police officer,12195
12295,Adore,Keelia,Adore.Keelia@yopmail.com,Adore.Keelia@gmail.com,developer,12196
12296,Merle,Fredi,Merle.Fredi@yopmail.com,Merle.Fredi@gmail.com,worker,12197
12297,Florencia,Thunell,Florencia.Thunell@yopmail.com,Florencia.Thunell@gmail.com,firefighter,12198
12298,Ethel,Ulphia,Ethel.Ulphia@yopmail.com,Ethel.Ulphia@gmail.com,firefighter,12199
12299,Regina,Vharat,Regina.Vharat@yopmail.com,Regina.Vharat@gmail.com,firefighter,12200
12300,Dulcinea,Hanshaw,Dulcinea.Hanshaw@yopmail.com,Dulcinea.Hanshaw@gmail.com,doctor,12201
12301,Roberta,Pelagias,Roberta.Pelagias@yopmail.com,Roberta.Pelagias@gmail.com,worker,12202
12302,Taffy,Phaidra,Taffy.Phaidra@yopmail.com,Taffy.Phaidra@gmail.com,worker,12203
12303,Lita,Fitzsimmons,Lita.Fitzsimmons@yopmail.com,Lita.Fitzsimmons@gmail.com,developer,12204
12304,Anica,Ciro,Anica.Ciro@yopmail.com,Anica.Ciro@gmail.com,developer,12205
12305,Winifred,Miru,Winifred.Miru@yopmail.com,Winifred.Miru@gmail.com,developer,12206
12306,Jenda,Gwenore,Jenda.Gwenore@yopmail.com,Jenda.Gwenore@gmail.com,developer,12207
12307,Tybie,Even,Tybie.Even@yopmail.com,Tybie.Even@gmail.com,worker,12208
12308,Ruthe,Reidar,Ruthe.Reidar@yopmail.com,Ruthe.Reidar@gmail.com,firefighter,12209
12309,Cissiee,Helve,Cissiee.Helve@yopmail.com,Cissiee.Helve@gmail.com,worker,12210
12310,Carolina,Kenney,Carolina.Kenney@yopmail.com,Carolina.Kenney@gmail.com,doctor,12211
12311,Ada,Ventre,Ada.Ventre@yopmail.com,Ada.Ventre@gmail.com,developer,12212
12312,Talya,Raul,Talya.Raul@yopmail.com,Talya.Raul@gmail.com,doctor,12213
12313,Diena,Catie,Diena.Catie@yopmail.com,Diena.Catie@gmail.com,firefighter,12214
12314,Bernardine,Orpah,Bernardine.Orpah@yopmail.com,Bernardine.Orpah@gmail.com,doctor,12215
12315,Bernie,Nore,Bernie.Nore@yopmail.com,Bernie.Nore@gmail.com,police officer,12216
12316,Kaia,Quinn,Kaia.Quinn@yopmail.com,Kaia.Quinn@gmail.com,developer,12217
12317,Lorne,Graig,Lorne.Graig@yopmail.com,Lorne.Graig@gmail.com,police officer,12218
12318,Cristabel,Jethro,Cristabel.Jethro@yopmail.com,Cristabel.Jethro@gmail.com,doctor,12219
12319,Dorene,Nea,Dorene.Nea@yopmail.com,Dorene.Nea@gmail.com,developer,12220
12320,Selma,Marcellus,Selma.Marcellus@yopmail.com,Selma.Marcellus@gmail.com,firefighter,12221
12321,Hayley,Ricarda,Hayley.Ricarda@yopmail.com,Hayley.Ricarda@gmail.com,developer,12222
12322,Oralee,Bari,Oralee.Bari@yopmail.com,Oralee.Bari@gmail.com,doctor,12223
12323,Jordan,Pearse,Jordan.Pearse@yopmail.com,Jordan.Pearse@gmail.com,police officer,12224
12324,Emma,Vale,Emma.Vale@yopmail.com,Emma.Vale@gmail.com,police officer,12225
12325,Mallory,Emmaline,Mallory.Emmaline@yopmail.com,Mallory.Emmaline@gmail.com,developer,12226
12326,Yetty,Ulphia,Yetty.Ulphia@yopmail.com,Yetty.Ulphia@gmail.com,doctor,12227
12327,Deedee,Valoniah,Deedee.Valoniah@yopmail.com,Deedee.Valoniah@gmail.com,doctor,12228
12328,Estell,Margret,Estell.Margret@yopmail.com,Estell.Margret@gmail.com,developer,12229
12329,Kalina,Chapland,Kalina.Chapland@yopmail.com,Kalina.Chapland@gmail.com,worker,12230
12330,Caressa,Docilla,Caressa.Docilla@yopmail.com,Caressa.Docilla@gmail.com,worker,12231
12331,Cristabel,Westphal,Cristabel.Westphal@yopmail.com,Cristabel.Westphal@gmail.com,police officer,12232
12332,Esmeralda,Giule,Esmeralda.Giule@yopmail.com,Esmeralda.Giule@gmail.com,doctor,12233
12333,Mariann,Cressida,Mariann.Cressida@yopmail.com,Mariann.Cressida@gmail.com,worker,12234
12334,Michaelina,Weaks,Michaelina.Weaks@yopmail.com,Michaelina.Weaks@gmail.com,developer,12235
12335,Kathi,Gerge,Kathi.Gerge@yopmail.com,Kathi.Gerge@gmail.com,police officer,12236
12336,Tani,Norrie,Tani.Norrie@yopmail.com,Tani.Norrie@gmail.com,firefighter,12237
12337,Chloris,Rheingold,Chloris.Rheingold@yopmail.com,Chloris.Rheingold@gmail.com,worker,12238
12338,Chickie,Chick,Chickie.Chick@yopmail.com,Chickie.Chick@gmail.com,developer,12239
12339,Bobbi,Sheedy,Bobbi.Sheedy@yopmail.com,Bobbi.Sheedy@gmail.com,developer,12240
12340,Kate,Sekofski,Kate.Sekofski@yopmail.com,Kate.Sekofski@gmail.com,worker,12241
12341,Bobbi,Rolf,Bobbi.Rolf@yopmail.com,Bobbi.Rolf@gmail.com,police officer,12242
12342,Alleen,Gwenore,Alleen.Gwenore@yopmail.com,Alleen.Gwenore@gmail.com,police officer,12243
12343,Lauryn,Flita,Lauryn.Flita@yopmail.com,Lauryn.Flita@gmail.com,doctor,12244
12344,Celestyna,Concha,Celestyna.Concha@yopmail.com,Celestyna.Concha@gmail.com,police officer,12245
12345,Kelly,Hanleigh,Kelly.Hanleigh@yopmail.com,Kelly.Hanleigh@gmail.com,police officer,12246
12346,Susan,Carmena,Susan.Carmena@yopmail.com,Susan.Carmena@gmail.com,worker,12247
12347,Glenda,Parsaye,Glenda.Parsaye@yopmail.com,Glenda.Parsaye@gmail.com,police officer,12248
12348,Bettine,Ellord,Bettine.Ellord@yopmail.com,Bettine.Ellord@gmail.com,worker,12249
12349,Dyann,Madelene,Dyann.Madelene@yopmail.com,Dyann.Madelene@gmail.com,developer,12250
12350,Eugine,Abernon,Eugine.Abernon@yopmail.com,Eugine.Abernon@gmail.com,police officer,12251
12351,Heida,Kalinda,Heida.Kalinda@yopmail.com,Heida.Kalinda@gmail.com,doctor,12252
12352,Dale,Jobi,Dale.Jobi@yopmail.com,Dale.Jobi@gmail.com,doctor,12253
12353,Lynea,Edee,Lynea.Edee@yopmail.com,Lynea.Edee@gmail.com,developer,12254
12354,Fayre,Jammal,Fayre.Jammal@yopmail.com,Fayre.Jammal@gmail.com,police officer,12255
12355,Kristan,Jagir,Kristan.Jagir@yopmail.com,Kristan.Jagir@gmail.com,firefighter,12256
12356,Jillayne,Elvyn,Jillayne.Elvyn@yopmail.com,Jillayne.Elvyn@gmail.com,doctor,12257
12357,Aurore,Swanhildas,Aurore.Swanhildas@yopmail.com,Aurore.Swanhildas@gmail.com,firefighter,12258
12358,Allyce,Gladstone,Allyce.Gladstone@yopmail.com,Allyce.Gladstone@gmail.com,worker,12259
12359,Arlena,Cottle,Arlena.Cottle@yopmail.com,Arlena.Cottle@gmail.com,doctor,12260
12360,Damaris,Medrek,Damaris.Medrek@yopmail.com,Damaris.Medrek@gmail.com,developer,12261
12361,Carlie,Donoghue,Carlie.Donoghue@yopmail.com,Carlie.Donoghue@gmail.com,police officer,12262
12362,Andree,Sundin,Andree.Sundin@yopmail.com,Andree.Sundin@gmail.com,doctor,12263
12363,Calla,Amethist,Calla.Amethist@yopmail.com,Calla.Amethist@gmail.com,developer,12264
12364,Juliane,Dahlia,Juliane.Dahlia@yopmail.com,Juliane.Dahlia@gmail.com,developer,12265
12365,Debee,Greenwald,Debee.Greenwald@yopmail.com,Debee.Greenwald@gmail.com,worker,12266
12366,Selia,Weitman,Selia.Weitman@yopmail.com,Selia.Weitman@gmail.com,police officer,12267
12367,Andeee,Hazlett,Andeee.Hazlett@yopmail.com,Andeee.Hazlett@gmail.com,doctor,12268
12368,Fanchon,Kathie,Fanchon.Kathie@yopmail.com,Fanchon.Kathie@gmail.com,developer,12269
12369,Cassandra,Stacy,Cassandra.Stacy@yopmail.com,Cassandra.Stacy@gmail.com,worker,12270
12370,Janenna,Brodench,Janenna.Brodench@yopmail.com,Janenna.Brodench@gmail.com,firefighter,12271
12371,Kenna,Fabiola,Kenna.Fabiola@yopmail.com,Kenna.Fabiola@gmail.com,police officer,12272
12372,Korrie,Lewes,Korrie.Lewes@yopmail.com,Korrie.Lewes@gmail.com,police officer,12273
12373,Shaylyn,Faria,Shaylyn.Faria@yopmail.com,Shaylyn.Faria@gmail.com,police officer,12274
12374,Melina,Ogren,Melina.Ogren@yopmail.com,Melina.Ogren@gmail.com,worker,12275
12375,Quintina,Orpah,Quintina.Orpah@yopmail.com,Quintina.Orpah@gmail.com,firefighter,12276
12376,Dorthy,Germann,Dorthy.Germann@yopmail.com,Dorthy.Germann@gmail.com,police officer,12277
12377,Rori,Marisa,Rori.Marisa@yopmail.com,Rori.Marisa@gmail.com,firefighter,12278
12378,Katleen,Neva,Katleen.Neva@yopmail.com,Katleen.Neva@gmail.com,firefighter,12279
12379,Kaia,Alisia,Kaia.Alisia@yopmail.com,Kaia.Alisia@gmail.com,firefighter,12280
12380,Louella,Strephon,Louella.Strephon@yopmail.com,Louella.Strephon@gmail.com,developer,12281
12381,Caressa,Ciro,Caressa.Ciro@yopmail.com,Caressa.Ciro@gmail.com,developer,12282
12382,Cathyleen,Natica,Cathyleen.Natica@yopmail.com,Cathyleen.Natica@gmail.com,police officer,12283
12383,Tonia,Vale,Tonia.Vale@yopmail.com,Tonia.Vale@gmail.com,worker,12284
12384,Sue,Couture,Sue.Couture@yopmail.com,Sue.Couture@gmail.com,doctor,12285
12385,Harrietta,Cullin,Harrietta.Cullin@yopmail.com,Harrietta.Cullin@gmail.com,police officer,12286
12386,Dotty,Jillane,Dotty.Jillane@yopmail.com,Dotty.Jillane@gmail.com,firefighter,12287
12387,Mary,Reinke,Mary.Reinke@yopmail.com,Mary.Reinke@gmail.com,police officer,12288
12388,Marika,Chem,Marika.Chem@yopmail.com,Marika.Chem@gmail.com,police officer,12289
12389,Louella,Emmy,Louella.Emmy@yopmail.com,Louella.Emmy@gmail.com,firefighter,12290
12390,Bobbi,Jehu,Bobbi.Jehu@yopmail.com,Bobbi.Jehu@gmail.com,worker,12291
12391,Sallie,Wind,Sallie.Wind@yopmail.com,Sallie.Wind@gmail.com,worker,12292
12392,Veda,Atonsah,Veda.Atonsah@yopmail.com,Veda.Atonsah@gmail.com,doctor,12293
12393,Karina,Smitt,Karina.Smitt@yopmail.com,Karina.Smitt@gmail.com,police officer,12294
12394,Adelle,Darian,Adelle.Darian@yopmail.com,Adelle.Darian@gmail.com,police officer,12295
12395,Linet,Artie,Linet.Artie@yopmail.com,Linet.Artie@gmail.com,worker,12296
12396,Vivia,Ricki,Vivia.Ricki@yopmail.com,Vivia.Ricki@gmail.com,doctor,12297
12397,Kimberley,Diogenes,Kimberley.Diogenes@yopmail.com,Kimberley.Diogenes@gmail.com,developer,12298
12398,Corina,Dermott,Corina.Dermott@yopmail.com,Corina.Dermott@gmail.com,firefighter,12299
12399,Amara,Hanshaw,Amara.Hanshaw@yopmail.com,Amara.Hanshaw@gmail.com,developer,12300
12400,Zondra,Lipson,Zondra.Lipson@yopmail.com,Zondra.Lipson@gmail.com,firefighter,12301
12401,Katharina,Jagir,Katharina.Jagir@yopmail.com,Katharina.Jagir@gmail.com,firefighter,12302
12402,Caressa,Corilla,Caressa.Corilla@yopmail.com,Caressa.Corilla@gmail.com,firefighter,12303
12403,Corry,Nahum,Corry.Nahum@yopmail.com,Corry.Nahum@gmail.com,police officer,12304
12404,Taffy,Kunin,Taffy.Kunin@yopmail.com,Taffy.Kunin@gmail.com,worker,12305
12405,Jaime,Lea,Jaime.Lea@yopmail.com,Jaime.Lea@gmail.com,police officer,12306
12406,Joceline,Gilmour,Joceline.Gilmour@yopmail.com,Joceline.Gilmour@gmail.com,worker,12307
12407,Rayna,Karna,Rayna.Karna@yopmail.com,Rayna.Karna@gmail.com,doctor,12308
12408,Alejandra,Ashely,Alejandra.Ashely@yopmail.com,Alejandra.Ashely@gmail.com,doctor,12309
12409,Gaylene,Delila,Gaylene.Delila@yopmail.com,Gaylene.Delila@gmail.com,firefighter,12310
12410,Robbi,Gale,Robbi.Gale@yopmail.com,Robbi.Gale@gmail.com,doctor,12311
12411,Lory,Kenney,Lory.Kenney@yopmail.com,Lory.Kenney@gmail.com,doctor,12312
12412,Gusella,Lea,Gusella.Lea@yopmail.com,Gusella.Lea@gmail.com,firefighter,12313
12413,Desirae,Land,Desirae.Land@yopmail.com,Desirae.Land@gmail.com,doctor,12314
12414,Viki,Weitman,Viki.Weitman@yopmail.com,Viki.Weitman@gmail.com,police officer,12315
12415,Brena,Ulphia,Brena.Ulphia@yopmail.com,Brena.Ulphia@gmail.com,worker,12316
12416,Aurelie,Ade,Aurelie.Ade@yopmail.com,Aurelie.Ade@gmail.com,firefighter,12317
12417,Oralee,Goldina,Oralee.Goldina@yopmail.com,Oralee.Goldina@gmail.com,firefighter,12318
12418,Kate,Leary,Kate.Leary@yopmail.com,Kate.Leary@gmail.com,developer,12319
12419,Shannah,Romelda,Shannah.Romelda@yopmail.com,Shannah.Romelda@gmail.com,police officer,12320
12420,Nyssa,Friede,Nyssa.Friede@yopmail.com,Nyssa.Friede@gmail.com,police officer,12321
12421,Clary,Genna,Clary.Genna@yopmail.com,Clary.Genna@gmail.com,worker,12322
12422,Odessa,Ulphia,Odessa.Ulphia@yopmail.com,Odessa.Ulphia@gmail.com,developer,12323
12423,Iseabal,Ursulette,Iseabal.Ursulette@yopmail.com,Iseabal.Ursulette@gmail.com,firefighter,12324
12424,Bernie,Brunell,Bernie.Brunell@yopmail.com,Bernie.Brunell@gmail.com,doctor,12325
12425,Claresta,Jary,Claresta.Jary@yopmail.com,Claresta.Jary@gmail.com,developer,12326
12426,Meriel,Joli,Meriel.Joli@yopmail.com,Meriel.Joli@gmail.com,developer,12327
12427,Clo,Seessel,Clo.Seessel@yopmail.com,Clo.Seessel@gmail.com,police officer,12328
12428,Ashlee,Mandler,Ashlee.Mandler@yopmail.com,Ashlee.Mandler@gmail.com,firefighter,12329
12429,Ardys,Shirberg,Ardys.Shirberg@yopmail.com,Ardys.Shirberg@gmail.com,developer,12330
12430,Willetta,Gladstone,Willetta.Gladstone@yopmail.com,Willetta.Gladstone@gmail.com,developer,12331
12431,Liana,Fadiman,Liana.Fadiman@yopmail.com,Liana.Fadiman@gmail.com,developer,12332
12432,Dominga,Dulciana,Dominga.Dulciana@yopmail.com,Dominga.Dulciana@gmail.com,developer,12333
12433,Annice,Weinreb,Annice.Weinreb@yopmail.com,Annice.Weinreb@gmail.com,doctor,12334
12434,Liana,Cutlerr,Liana.Cutlerr@yopmail.com,Liana.Cutlerr@gmail.com,firefighter,12335
12435,Verla,Isacco,Verla.Isacco@yopmail.com,Verla.Isacco@gmail.com,doctor,12336
12436,Jany,Winthorpe,Jany.Winthorpe@yopmail.com,Jany.Winthorpe@gmail.com,worker,12337
12437,Donetta,Salvidor,Donetta.Salvidor@yopmail.com,Donetta.Salvidor@gmail.com,police officer,12338
12438,Courtnay,Lenny,Courtnay.Lenny@yopmail.com,Courtnay.Lenny@gmail.com,worker,12339
12439,Briney,August,Briney.August@yopmail.com,Briney.August@gmail.com,police officer,12340
12440,Babita,Ochs,Babita.Ochs@yopmail.com,Babita.Ochs@gmail.com,police officer,12341
12441,Jillayne,Sadowski,Jillayne.Sadowski@yopmail.com,Jillayne.Sadowski@gmail.com,developer,12342
12442,Ursulina,Munn,Ursulina.Munn@yopmail.com,Ursulina.Munn@gmail.com,firefighter,12343
12443,Gwenneth,Kress,Gwenneth.Kress@yopmail.com,Gwenneth.Kress@gmail.com,developer,12344
12444,Ada,Auberbach,Ada.Auberbach@yopmail.com,Ada.Auberbach@gmail.com,developer,12345
12445,Tarra,Seessel,Tarra.Seessel@yopmail.com,Tarra.Seessel@gmail.com,doctor,12346
12446,Gusty,Percy,Gusty.Percy@yopmail.com,Gusty.Percy@gmail.com,police officer,12347
12447,Fernande,Joseph,Fernande.Joseph@yopmail.com,Fernande.Joseph@gmail.com,police officer,12348
12448,Chandra,Bluh,Chandra.Bluh@yopmail.com,Chandra.Bluh@gmail.com,developer,12349
12449,Jolyn,Celestine,Jolyn.Celestine@yopmail.com,Jolyn.Celestine@gmail.com,doctor,12350
12450,Frank,Lane,Frank.Lane@yopmail.com,Frank.Lane@gmail.com,firefighter,12351
12451,Latisha,Susannah,Latisha.Susannah@yopmail.com,Latisha.Susannah@gmail.com,firefighter,12352
12452,Veda,Saint,Veda.Saint@yopmail.com,Veda.Saint@gmail.com,firefighter,12353
12453,Kathi,Vilma,Kathi.Vilma@yopmail.com,Kathi.Vilma@gmail.com,doctor,12354
12454,Cristine,Melleta,Cristine.Melleta@yopmail.com,Cristine.Melleta@gmail.com,police officer,12355
12455,Merrie,Honoria,Merrie.Honoria@yopmail.com,Merrie.Honoria@gmail.com,police officer,12356
12456,Harrietta,Garrison,Harrietta.Garrison@yopmail.com,Harrietta.Garrison@gmail.com,firefighter,12357
12457,Alleen,Lytton,Alleen.Lytton@yopmail.com,Alleen.Lytton@gmail.com,doctor,12358
12458,Marylou,Jagir,Marylou.Jagir@yopmail.com,Marylou.Jagir@gmail.com,worker,12359
12459,Phedra,McLaughlin,Phedra.McLaughlin@yopmail.com,Phedra.McLaughlin@gmail.com,worker,12360
12460,Odessa,Silvan,Odessa.Silvan@yopmail.com,Odessa.Silvan@gmail.com,developer,12361
12461,Britte,Lunsford,Britte.Lunsford@yopmail.com,Britte.Lunsford@gmail.com,firefighter,12362
12462,Deloria,Daveta,Deloria.Daveta@yopmail.com,Deloria.Daveta@gmail.com,firefighter,12363
12463,Evaleen,Imelida,Evaleen.Imelida@yopmail.com,Evaleen.Imelida@gmail.com,worker,12364
12464,Gabi,Larochelle,Gabi.Larochelle@yopmail.com,Gabi.Larochelle@gmail.com,firefighter,12365
12465,Hayley,Latini,Hayley.Latini@yopmail.com,Hayley.Latini@gmail.com,police officer,12366
12466,Kerrin,Carolin,Kerrin.Carolin@yopmail.com,Kerrin.Carolin@gmail.com,doctor,12367
12467,Fredericka,Milde,Fredericka.Milde@yopmail.com,Fredericka.Milde@gmail.com,developer,12368
12468,Sidoney,Posner,Sidoney.Posner@yopmail.com,Sidoney.Posner@gmail.com,developer,12369
12469,Kimberley,Diogenes,Kimberley.Diogenes@yopmail.com,Kimberley.Diogenes@gmail.com,doctor,12370
12470,Darci,Chick,Darci.Chick@yopmail.com,Darci.Chick@gmail.com,worker,12371
12471,Kore,Ailyn,Kore.Ailyn@yopmail.com,Kore.Ailyn@gmail.com,police officer,12372
12472,Annice,Bury,Annice.Bury@yopmail.com,Annice.Bury@gmail.com,developer,12373
12473,Elbertina,Kelula,Elbertina.Kelula@yopmail.com,Elbertina.Kelula@gmail.com,doctor,12374
12474,Kaja,Bibi,Kaja.Bibi@yopmail.com,Kaja.Bibi@gmail.com,police officer,12375
12475,Melodie,Madelene,Melodie.Madelene@yopmail.com,Melodie.Madelene@gmail.com,developer,12376
12476,Gavrielle,Laurianne,Gavrielle.Laurianne@yopmail.com,Gavrielle.Laurianne@gmail.com,doctor,12377
12477,Rochette,Louanna,Rochette.Louanna@yopmail.com,Rochette.Louanna@gmail.com,developer,12378
12478,Jillayne,Weaks,Jillayne.Weaks@yopmail.com,Jillayne.Weaks@gmail.com,firefighter,12379
12479,Josephine,Wandie,Josephine.Wandie@yopmail.com,Josephine.Wandie@gmail.com,worker,12380
12480,Marika,Greenwald,Marika.Greenwald@yopmail.com,Marika.Greenwald@gmail.com,worker,12381
12481,Giustina,Nance,Giustina.Nance@yopmail.com,Giustina.Nance@gmail.com,worker,12382
12482,Iseabal,Curren,Iseabal.Curren@yopmail.com,Iseabal.Curren@gmail.com,worker,12383
12483,Brietta,Myrilla,Brietta.Myrilla@yopmail.com,Brietta.Myrilla@gmail.com,firefighter,12384
12484,Linet,Olympium,Linet.Olympium@yopmail.com,Linet.Olympium@gmail.com,developer,12385
12485,Sam,Artie,Sam.Artie@yopmail.com,Sam.Artie@gmail.com,developer,12386
12486,Ursulina,Kauppi,Ursulina.Kauppi@yopmail.com,Ursulina.Kauppi@gmail.com,developer,12387
12487,Ottilie,Emanuel,Ottilie.Emanuel@yopmail.com,Ottilie.Emanuel@gmail.com,developer,12388
12488,Lynnea,Wiener,Lynnea.Wiener@yopmail.com,Lynnea.Wiener@gmail.com,developer,12389
12489,Augustine,Iphlgenia,Augustine.Iphlgenia@yopmail.com,Augustine.Iphlgenia@gmail.com,worker,12390
12490,Alameda,Felecia,Alameda.Felecia@yopmail.com,Alameda.Felecia@gmail.com,developer,12391
12491,Helsa,Woodberry,Helsa.Woodberry@yopmail.com,Helsa.Woodberry@gmail.com,developer,12392
12492,Donetta,Rooney,Donetta.Rooney@yopmail.com,Donetta.Rooney@gmail.com,doctor,12393
12493,Fayre,Telfer,Fayre.Telfer@yopmail.com,Fayre.Telfer@gmail.com,firefighter,12394
12494,Anthia,Burnside,Anthia.Burnside@yopmail.com,Anthia.Burnside@gmail.com,developer,12395
12495,Lynnea,Gaulin,Lynnea.Gaulin@yopmail.com,Lynnea.Gaulin@gmail.com,worker,12396
12496,Heida,Solitta,Heida.Solitta@yopmail.com,Heida.Solitta@gmail.com,police officer,12397
12497,Consuela,Old,Consuela.Old@yopmail.com,Consuela.Old@gmail.com,developer,12398
12498,Ashlee,Ulphia,Ashlee.Ulphia@yopmail.com,Ashlee.Ulphia@gmail.com,doctor,12399
12499,Jsandye,Jerald,Jsandye.Jerald@yopmail.com,Jsandye.Jerald@gmail.com,police officer,12400
12500,Brietta,Cosenza,Brietta.Cosenza@yopmail.com,Brietta.Cosenza@gmail.com,doctor,12401
12501,Gilda,Monaco,Gilda.Monaco@yopmail.com,Gilda.Monaco@gmail.com,developer,12402
12502,Sam,Billye,Sam.Billye@yopmail.com,Sam.Billye@gmail.com,worker,12403
12503,Janenna,Pernick,Janenna.Pernick@yopmail.com,Janenna.Pernick@gmail.com,worker,12404
12504,Jolyn,Phaidra,Jolyn.Phaidra@yopmail.com,Jolyn.Phaidra@gmail.com,worker,12405
12505,Donnie,Wolfgram,Donnie.Wolfgram@yopmail.com,Donnie.Wolfgram@gmail.com,firefighter,12406
12506,Dede,Mayeda,Dede.Mayeda@yopmail.com,Dede.Mayeda@gmail.com,doctor,12407
12507,Corina,Naashom,Corina.Naashom@yopmail.com,Corina.Naashom@gmail.com,worker,12408
12508,Edith,Holbrook,Edith.Holbrook@yopmail.com,Edith.Holbrook@gmail.com,firefighter,12409
12509,Gerrie,Zaslow,Gerrie.Zaslow@yopmail.com,Gerrie.Zaslow@gmail.com,firefighter,12410
12510,Lusa,Dichy,Lusa.Dichy@yopmail.com,Lusa.Dichy@gmail.com,doctor,12411
12511,Charlena,Borrell,Charlena.Borrell@yopmail.com,Charlena.Borrell@gmail.com,police officer,12412
12512,Shirlee,Anderea,Shirlee.Anderea@yopmail.com,Shirlee.Anderea@gmail.com,worker,12413
12513,Robbi,Ehrman,Robbi.Ehrman@yopmail.com,Robbi.Ehrman@gmail.com,police officer,12414
12514,Sean,Raul,Sean.Raul@yopmail.com,Sean.Raul@gmail.com,doctor,12415
12515,Brena,Pozzy,Brena.Pozzy@yopmail.com,Brena.Pozzy@gmail.com,doctor,12416
12516,Barbi,Strephon,Barbi.Strephon@yopmail.com,Barbi.Strephon@gmail.com,developer,12417
12517,Blondelle,Swigart,Blondelle.Swigart@yopmail.com,Blondelle.Swigart@gmail.com,firefighter,12418
12518,Renae,Hathaway,Renae.Hathaway@yopmail.com,Renae.Hathaway@gmail.com,firefighter,12419
12519,Jessy,Richers,Jessy.Richers@yopmail.com,Jessy.Richers@gmail.com,firefighter,12420
12520,Noelle,Pitt,Noelle.Pitt@yopmail.com,Noelle.Pitt@gmail.com,worker,12421
12521,Molli,Krystle,Molli.Krystle@yopmail.com,Molli.Krystle@gmail.com,police officer,12422
12522,Sadie,Mata,Sadie.Mata@yopmail.com,Sadie.Mata@gmail.com,worker,12423
12523,Margette,Prober,Margette.Prober@yopmail.com,Margette.Prober@gmail.com,police officer,12424
12524,Mireielle,Janene,Mireielle.Janene@yopmail.com,Mireielle.Janene@gmail.com,police officer,12425
12525,Jasmina,Persse,Jasmina.Persse@yopmail.com,Jasmina.Persse@gmail.com,doctor,12426
12526,Carmela,Mich,Carmela.Mich@yopmail.com,Carmela.Mich@gmail.com,developer,12427
12527,Xylina,Pettiford,Xylina.Pettiford@yopmail.com,Xylina.Pettiford@gmail.com,firefighter,12428
12528,Theodora,Primalia,Theodora.Primalia@yopmail.com,Theodora.Primalia@gmail.com,doctor,12429
12529,Di,Myrilla,Di.Myrilla@yopmail.com,Di.Myrilla@gmail.com,worker,12430
12530,Sharlene,Colleen,Sharlene.Colleen@yopmail.com,Sharlene.Colleen@gmail.com,worker,12431
12531,Edyth,Anastatius,Edyth.Anastatius@yopmail.com,Edyth.Anastatius@gmail.com,police officer,12432
12532,Janis,Judye,Janis.Judye@yopmail.com,Janis.Judye@gmail.com,worker,12433
12533,Emylee,Tryck,Emylee.Tryck@yopmail.com,Emylee.Tryck@gmail.com,developer,12434
12534,Regina,Dash,Regina.Dash@yopmail.com,Regina.Dash@gmail.com,police officer,12435
12535,Nataline,Obed,Nataline.Obed@yopmail.com,Nataline.Obed@gmail.com,doctor,12436
12536,Ketti,Yusuk,Ketti.Yusuk@yopmail.com,Ketti.Yusuk@gmail.com,developer,12437
12537,Nataline,Judye,Nataline.Judye@yopmail.com,Nataline.Judye@gmail.com,worker,12438
12538,Lanae,Forrer,Lanae.Forrer@yopmail.com,Lanae.Forrer@gmail.com,developer,12439
12539,Tina,Willie,Tina.Willie@yopmail.com,Tina.Willie@gmail.com,firefighter,12440
12540,Lanae,Arquit,Lanae.Arquit@yopmail.com,Lanae.Arquit@gmail.com,developer,12441
12541,Jobi,Cyrie,Jobi.Cyrie@yopmail.com,Jobi.Cyrie@gmail.com,police officer,12442
12542,Nessie,Esmaria,Nessie.Esmaria@yopmail.com,Nessie.Esmaria@gmail.com,police officer,12443
12543,Kaia,Gusella,Kaia.Gusella@yopmail.com,Kaia.Gusella@gmail.com,doctor,12444
12544,Konstance,Martguerita,Konstance.Martguerita@yopmail.com,Konstance.Martguerita@gmail.com,developer,12445
12545,Zsa Zsa,Arvo,Zsa Zsa.Arvo@yopmail.com,Zsa Zsa.Arvo@gmail.com,police officer,12446
12546,Ira,Smitt,Ira.Smitt@yopmail.com,Ira.Smitt@gmail.com,firefighter,12447
12547,Gabriellia,Garek,Gabriellia.Garek@yopmail.com,Gabriellia.Garek@gmail.com,doctor,12448
12548,Melodie,Cullin,Melodie.Cullin@yopmail.com,Melodie.Cullin@gmail.com,doctor,12449
12549,Agnese,Catie,Agnese.Catie@yopmail.com,Agnese.Catie@gmail.com,developer,12450
12550,Aurore,Schlosser,Aurore.Schlosser@yopmail.com,Aurore.Schlosser@gmail.com,doctor,12451
12551,Binny,Jehu,Binny.Jehu@yopmail.com,Binny.Jehu@gmail.com,worker,12452
12552,Imojean,Paton,Imojean.Paton@yopmail.com,Imojean.Paton@gmail.com,police officer,12453
12553,Minne,Slifka,Minne.Slifka@yopmail.com,Minne.Slifka@gmail.com,doctor,12454
12554,Dyann,Lorenz,Dyann.Lorenz@yopmail.com,Dyann.Lorenz@gmail.com,worker,12455
12555,Lorenza,Brenn,Lorenza.Brenn@yopmail.com,Lorenza.Brenn@gmail.com,firefighter,12456
12556,Marguerite,Hourigan,Marguerite.Hourigan@yopmail.com,Marguerite.Hourigan@gmail.com,doctor,12457
12557,Di,Denis,Di.Denis@yopmail.com,Di.Denis@gmail.com,police officer,12458
12558,Joleen,Kaja,Joleen.Kaja@yopmail.com,Joleen.Kaja@gmail.com,doctor,12459
12559,Halette,Swigart,Halette.Swigart@yopmail.com,Halette.Swigart@gmail.com,police officer,12460
12560,Jany,Pernick,Jany.Pernick@yopmail.com,Jany.Pernick@gmail.com,worker,12461
12561,Arabel,Barney,Arabel.Barney@yopmail.com,Arabel.Barney@gmail.com,firefighter,12462
12562,Jillayne,Jenness,Jillayne.Jenness@yopmail.com,Jillayne.Jenness@gmail.com,police officer,12463
12563,Dolli,Ricki,Dolli.Ricki@yopmail.com,Dolli.Ricki@gmail.com,developer,12464
12564,Merry,Hanshaw,Merry.Hanshaw@yopmail.com,Merry.Hanshaw@gmail.com,doctor,12465
12565,Roseline,Norrie,Roseline.Norrie@yopmail.com,Roseline.Norrie@gmail.com,police officer,12466
12566,Lusa,Jethro,Lusa.Jethro@yopmail.com,Lusa.Jethro@gmail.com,firefighter,12467
12567,Eadie,Kronfeld,Eadie.Kronfeld@yopmail.com,Eadie.Kronfeld@gmail.com,worker,12468
12568,Anthia,Stoller,Anthia.Stoller@yopmail.com,Anthia.Stoller@gmail.com,police officer,12469
12569,Mureil,Angelis,Mureil.Angelis@yopmail.com,Mureil.Angelis@gmail.com,police officer,12470
12570,Emelina,Lewes,Emelina.Lewes@yopmail.com,Emelina.Lewes@gmail.com,police officer,12471
12571,Berget,Girardo,Berget.Girardo@yopmail.com,Berget.Girardo@gmail.com,doctor,12472
12572,Diena,Fax,Diena.Fax@yopmail.com,Diena.Fax@gmail.com,police officer,12473
12573,Louella,Anestassia,Louella.Anestassia@yopmail.com,Louella.Anestassia@gmail.com,firefighter,12474
12574,Frances,Rubie,Frances.Rubie@yopmail.com,Frances.Rubie@gmail.com,firefighter,12475
12575,Sallie,Calhoun,Sallie.Calhoun@yopmail.com,Sallie.Calhoun@gmail.com,firefighter,12476
12576,Rosaline,Carlson,Rosaline.Carlson@yopmail.com,Rosaline.Carlson@gmail.com,firefighter,12477
12577,Merci,Creamer,Merci.Creamer@yopmail.com,Merci.Creamer@gmail.com,police officer,12478
12578,Consuela,Lymann,Consuela.Lymann@yopmail.com,Consuela.Lymann@gmail.com,police officer,12479
12579,Emilia,Dom,Emilia.Dom@yopmail.com,Emilia.Dom@gmail.com,police officer,12480
12580,Almeta,Brittani,Almeta.Brittani@yopmail.com,Almeta.Brittani@gmail.com,developer,12481
12581,Sonni,Ellord,Sonni.Ellord@yopmail.com,Sonni.Ellord@gmail.com,doctor,12482
12582,Melina,Rozanna,Melina.Rozanna@yopmail.com,Melina.Rozanna@gmail.com,developer,12483
12583,Moyna,Scammon,Moyna.Scammon@yopmail.com,Moyna.Scammon@gmail.com,doctor,12484
12584,Lyssa,Erlandson,Lyssa.Erlandson@yopmail.com,Lyssa.Erlandson@gmail.com,police officer,12485
12585,Rosaline,Burkle,Rosaline.Burkle@yopmail.com,Rosaline.Burkle@gmail.com,police officer,12486
12586,Sharlene,Chinua,Sharlene.Chinua@yopmail.com,Sharlene.Chinua@gmail.com,doctor,12487
12587,Thalia,Poppy,Thalia.Poppy@yopmail.com,Thalia.Poppy@gmail.com,developer,12488
12588,Priscilla,Rona,Priscilla.Rona@yopmail.com,Priscilla.Rona@gmail.com,worker,12489
12589,Nollie,Erb,Nollie.Erb@yopmail.com,Nollie.Erb@gmail.com,firefighter,12490
12590,Dagmar,Louanna,Dagmar.Louanna@yopmail.com,Dagmar.Louanna@gmail.com,developer,12491
12591,Dione,Marden,Dione.Marden@yopmail.com,Dione.Marden@gmail.com,firefighter,12492
12592,Leona,Elvyn,Leona.Elvyn@yopmail.com,Leona.Elvyn@gmail.com,worker,12493
12593,Mireielle,Sadowski,Mireielle.Sadowski@yopmail.com,Mireielle.Sadowski@gmail.com,firefighter,12494
12594,Christian,Hunfredo,Christian.Hunfredo@yopmail.com,Christian.Hunfredo@gmail.com,developer,12495
12595,Brianna,Braun,Brianna.Braun@yopmail.com,Brianna.Braun@gmail.com,doctor,12496
12596,Di,Berard,Di.Berard@yopmail.com,Di.Berard@gmail.com,doctor,12497
12597,Myrtice,Sandye,Myrtice.Sandye@yopmail.com,Myrtice.Sandye@gmail.com,developer,12498
12598,Netty,Presber,Netty.Presber@yopmail.com,Netty.Presber@gmail.com,worker,12499
12599,Leia,Merna,Leia.Merna@yopmail.com,Leia.Merna@gmail.com,worker,12500
