id,firstname,lastname,email,email2,profession,Field Name
16400,Regina,Gavrila,Regina.Gavrila@yopmail.com,Regina.Gavrila@gmail.com,doctor,16301
16401,Jeanna,Schenck,Jeanna.Schenck@yopmail.com,Jeanna.Schenck@gmail.com,firefighter,16302
16402,Miquela,Rocray,Miquela.Rocray@yopmail.com,Miquela.Rocray@gmail.com,doctor,16303
16403,Donnie,Pattin,Donnie.Pattin@yopmail.com,Donnie.Pattin@gmail.com,doctor,16304
16404,Zondra,Anestassia,Zondra.Anestassia@yopmail.com,Zondra.Anestassia@gmail.com,developer,16305
16405,Ileana,Bearnard,Ileana.Bearnard@yopmail.com,Ileana.Bearnard@gmail.com,firefighter,16306
16406,Vonny,Ethban,Vonny.Ethban@yopmail.com,Vonny.Ethban@gmail.com,worker,16307
16407,Cindelyn,Kaja,Cindelyn.Kaja@yopmail.com,Cindelyn.Kaja@gmail.com,worker,16308
16408,Sashenka,Philipp,Sashenka.Philipp@yopmail.com,Sashenka.Philipp@gmail.com,firefighter,16309
16409,Jean,Giule,Jean.Giule@yopmail.com,Jean.Giule@gmail.com,worker,16310
16410,Lynea,Cyrie,Lynea.Cyrie@yopmail.com,Lynea.Cyrie@gmail.com,firefighter,16311
16411,Lenna,Heidt,Lenna.Heidt@yopmail.com,Lenna.Heidt@gmail.com,worker,16312
16412,Bee,Hazlett,Bee.Hazlett@yopmail.com,Bee.Hazlett@gmail.com,doctor,16313
16413,Rebeca,Phaidra,Rebeca.Phaidra@yopmail.com,Rebeca.Phaidra@gmail.com,developer,16314
16414,Zia,Cherianne,Zia.Cherianne@yopmail.com,Zia.Cherianne@gmail.com,police officer,16315
16415,Cassandra,Poll,Cassandra.Poll@yopmail.com,Cassandra.Poll@gmail.com,worker,16316
16416,Nickie,Leler,Nickie.Leler@yopmail.com,Nickie.Leler@gmail.com,worker,16317
16417,Cordi,Revkah,Cordi.Revkah@yopmail.com,Cordi.Revkah@gmail.com,firefighter,16318
16418,Kimberley,Yusuk,Kimberley.Yusuk@yopmail.com,Kimberley.Yusuk@gmail.com,worker,16319
16419,Aaren,Fontana,Aaren.Fontana@yopmail.com,Aaren.Fontana@gmail.com,firefighter,16320
16420,Bibby,Ursulette,Bibby.Ursulette@yopmail.com,Bibby.Ursulette@gmail.com,developer,16321
16421,Helsa,Raama,Helsa.Raama@yopmail.com,Helsa.Raama@gmail.com,developer,16322
16422,Talya,Loleta,Talya.Loleta@yopmail.com,Talya.Loleta@gmail.com,worker,16323
16423,Gabi,Mullane,Gabi.Mullane@yopmail.com,Gabi.Mullane@gmail.com,developer,16324
16424,Sheelagh,Alarise,Sheelagh.Alarise@yopmail.com,Sheelagh.Alarise@gmail.com,firefighter,16325
16425,Deloria,Beebe,Deloria.Beebe@yopmail.com,Deloria.Beebe@gmail.com,firefighter,16326
16426,Berget,Berl,Berget.Berl@yopmail.com,Berget.Berl@gmail.com,worker,16327
16427,Kaja,Bakerman,Kaja.Bakerman@yopmail.com,Kaja.Bakerman@gmail.com,developer,16328
16428,Kristan,Zina,Kristan.Zina@yopmail.com,Kristan.Zina@gmail.com,worker,16329
16429,Kaia,Hubert,Kaia.Hubert@yopmail.com,Kaia.Hubert@gmail.com,worker,16330
16430,Ninnetta,Cadmar,Ninnetta.Cadmar@yopmail.com,Ninnetta.Cadmar@gmail.com,police officer,16331
16431,Agathe,Lumbard,Agathe.Lumbard@yopmail.com,Agathe.Lumbard@gmail.com,doctor,16332
16432,Doralynne,Garlinda,Doralynne.Garlinda@yopmail.com,Doralynne.Garlinda@gmail.com,police officer,16333
16433,Tobe,Tamar,Tobe.Tamar@yopmail.com,Tobe.Tamar@gmail.com,developer,16334
16434,Gisela,Wandie,Gisela.Wandie@yopmail.com,Gisela.Wandie@gmail.com,worker,16335
16435,Jobi,Ledah,Jobi.Ledah@yopmail.com,Jobi.Ledah@gmail.com,worker,16336
16436,Ivett,Amand,Ivett.Amand@yopmail.com,Ivett.Amand@gmail.com,firefighter,16337
16437,Corly,Lanita,Corly.Lanita@yopmail.com,Corly.Lanita@gmail.com,police officer,16338
16438,Cristabel,Manolo,Cristabel.Manolo@yopmail.com,Cristabel.Manolo@gmail.com,developer,16339
16439,Bee,Rosette,Bee.Rosette@yopmail.com,Bee.Rosette@gmail.com,firefighter,16340
16440,Theodora,Curren,Theodora.Curren@yopmail.com,Theodora.Curren@gmail.com,police officer,16341
16441,Candi,Willie,Candi.Willie@yopmail.com,Candi.Willie@gmail.com,developer,16342
16442,Iseabal,Aprile,Iseabal.Aprile@yopmail.com,Iseabal.Aprile@gmail.com,developer,16343
16443,Rosaline,Lorain,Rosaline.Lorain@yopmail.com,Rosaline.Lorain@gmail.com,worker,16344
16444,Fanny,Dorothy,Fanny.Dorothy@yopmail.com,Fanny.Dorothy@gmail.com,worker,16345
16445,Charlena,Ashok,Charlena.Ashok@yopmail.com,Charlena.Ashok@gmail.com,firefighter,16346
16446,Jaime,Uird,Jaime.Uird@yopmail.com,Jaime.Uird@gmail.com,police officer,16347
16447,Lory,Cavan,Lory.Cavan@yopmail.com,Lory.Cavan@gmail.com,firefighter,16348
16448,Roxane,Fleeta,Roxane.Fleeta@yopmail.com,Roxane.Fleeta@gmail.com,doctor,16349
16449,Mariann,Raama,Mariann.Raama@yopmail.com,Mariann.Raama@gmail.com,doctor,16350
16450,Bee,Dorothy,Bee.Dorothy@yopmail.com,Bee.Dorothy@gmail.com,police officer,16351
16451,Rayna,Terrence,Rayna.Terrence@yopmail.com,Rayna.Terrence@gmail.com,police officer,16352
16452,Aili,Rubie,Aili.Rubie@yopmail.com,Aili.Rubie@gmail.com,police officer,16353
16453,Consuela,Bobbee,Consuela.Bobbee@yopmail.com,Consuela.Bobbee@gmail.com,developer,16354
16454,Donnie,Durware,Donnie.Durware@yopmail.com,Donnie.Durware@gmail.com,worker,16355
16455,Rosanne,Darrell,Rosanne.Darrell@yopmail.com,Rosanne.Darrell@gmail.com,developer,16356
16456,Konstance,Skurnik,Konstance.Skurnik@yopmail.com,Konstance.Skurnik@gmail.com,firefighter,16357
16457,Amii,Ade,Amii.Ade@yopmail.com,Amii.Ade@gmail.com,doctor,16358
16458,Henriette,Fosque,Henriette.Fosque@yopmail.com,Henriette.Fosque@gmail.com,firefighter,16359
16459,Hollie,Ajay,Hollie.Ajay@yopmail.com,Hollie.Ajay@gmail.com,doctor,16360
16460,Nita,Wind,Nita.Wind@yopmail.com,Nita.Wind@gmail.com,firefighter,16361
16461,Angelique,Greyson,Angelique.Greyson@yopmail.com,Angelique.Greyson@gmail.com,worker,16362
16462,Natka,Sherrie,Natka.Sherrie@yopmail.com,Natka.Sherrie@gmail.com,developer,16363
16463,Blinni,Jillane,Blinni.Jillane@yopmail.com,Blinni.Jillane@gmail.com,firefighter,16364
16464,Rosabelle,Ruvolo,Rosabelle.Ruvolo@yopmail.com,Rosabelle.Ruvolo@gmail.com,police officer,16365
16465,Jerry,Wesle,Jerry.Wesle@yopmail.com,Jerry.Wesle@gmail.com,developer,16366
16466,Lucille,McAdams,Lucille.McAdams@yopmail.com,Lucille.McAdams@gmail.com,developer,16367
16467,Fanchon,Fink,Fanchon.Fink@yopmail.com,Fanchon.Fink@gmail.com,doctor,16368
16468,Ada,Fry,Ada.Fry@yopmail.com,Ada.Fry@gmail.com,developer,16369
16469,Leona,Kolnick,Leona.Kolnick@yopmail.com,Leona.Kolnick@gmail.com,developer,16370
16470,Hildegaard,Kirstin,Hildegaard.Kirstin@yopmail.com,Hildegaard.Kirstin@gmail.com,doctor,16371
16471,Hannis,Munn,Hannis.Munn@yopmail.com,Hannis.Munn@gmail.com,worker,16372
16472,Lelah,Kannry,Lelah.Kannry@yopmail.com,Lelah.Kannry@gmail.com,developer,16373
16473,Lorie,Schonfeld,Lorie.Schonfeld@yopmail.com,Lorie.Schonfeld@gmail.com,firefighter,16374
16474,Tilly,Jagir,Tilly.Jagir@yopmail.com,Tilly.Jagir@gmail.com,developer,16375
16475,Catharine,Stover,Catharine.Stover@yopmail.com,Catharine.Stover@gmail.com,police officer,16376
16476,Collen,Kauppi,Collen.Kauppi@yopmail.com,Collen.Kauppi@gmail.com,worker,16377
16477,Georgina,Constancy,Georgina.Constancy@yopmail.com,Georgina.Constancy@gmail.com,developer,16378
16478,Vivia,Ashely,Vivia.Ashely@yopmail.com,Vivia.Ashely@gmail.com,doctor,16379
16479,Ricky,Ackerley,Ricky.Ackerley@yopmail.com,Ricky.Ackerley@gmail.com,firefighter,16380
16480,Leontine,Elo,Leontine.Elo@yopmail.com,Leontine.Elo@gmail.com,developer,16381
16481,Codie,Genna,Codie.Genna@yopmail.com,Codie.Genna@gmail.com,police officer,16382
16482,Shandie,Nunci,Shandie.Nunci@yopmail.com,Shandie.Nunci@gmail.com,developer,16383
16483,Meghann,Brady,Meghann.Brady@yopmail.com,Meghann.Brady@gmail.com,developer,16384
16484,Desirae,Sallyann,Desirae.Sallyann@yopmail.com,Desirae.Sallyann@gmail.com,doctor,16385
16485,Sarette,Lunsford,Sarette.Lunsford@yopmail.com,Sarette.Lunsford@gmail.com,developer,16386
16486,Roslyn,Autrey,Roslyn.Autrey@yopmail.com,Roslyn.Autrey@gmail.com,firefighter,16387
16487,Marcelline,Stelle,Marcelline.Stelle@yopmail.com,Marcelline.Stelle@gmail.com,firefighter,16388
16488,Dale,Bultman,Dale.Bultman@yopmail.com,Dale.Bultman@gmail.com,police officer,16389
16489,Barbi,Winthorpe,Barbi.Winthorpe@yopmail.com,Barbi.Winthorpe@gmail.com,police officer,16390
16490,Rochette,My,Rochette.My@yopmail.com,Rochette.My@gmail.com,worker,16391
16491,Gwyneth,Ellerey,Gwyneth.Ellerey@yopmail.com,Gwyneth.Ellerey@gmail.com,police officer,16392
16492,Trixi,Fredi,Trixi.Fredi@yopmail.com,Trixi.Fredi@gmail.com,doctor,16393
16493,Mary,Louanna,Mary.Louanna@yopmail.com,Mary.Louanna@gmail.com,police officer,16394
16494,Minda,Urania,Minda.Urania@yopmail.com,Minda.Urania@gmail.com,worker,16395
16495,Olwen,Maples,Olwen.Maples@yopmail.com,Olwen.Maples@gmail.com,doctor,16396
16496,Sindee,Letsou,Sindee.Letsou@yopmail.com,Sindee.Letsou@gmail.com,firefighter,16397
16497,Tabbatha,Mehalek,Tabbatha.Mehalek@yopmail.com,Tabbatha.Mehalek@gmail.com,doctor,16398
16498,Phylis,Mathilde,Phylis.Mathilde@yopmail.com,Phylis.Mathilde@gmail.com,worker,16399
16499,Perry,Dyche,Perry.Dyche@yopmail.com,Perry.Dyche@gmail.com,worker,16400
