id,firstname,lastname,email,email2,profession,Field Name
19750,Annabela,Loring,Annabela.Loring@yopmail.com,Annabela.Loring@gmail.com,worker,19651
19751,Inga,Berl,Inga.Berl@yopmail.com,Inga.Berl@gmail.com,firefighter,19652
19752,Yetty,Bronk,Yetty.Bronk@yopmail.com,Yetty.Bronk@gmail.com,police officer,19653
19753,Blinni,Oster,Blinni.Oster@yopmail.com,Blinni.Oster@gmail.com,developer,19654
19754,Jasmina,Mehalek,Jasmina.Mehalek@yopmail.com,Jasmina.Mehalek@gmail.com,developer,19655
19755,Sam,Beniamino,Sam.Beniamino@yopmail.com,Sam.Beniamino@gmail.com,doctor,19656
19756,Rayna,Stephie,Rayna.Stephie@yopmail.com,Rayna.Stephie@gmail.com,worker,19657
19757,Merci,Clarissa,Merci.Clarissa@yopmail.com,Merci.Clarissa@gmail.com,doctor,19658
19758,Tilly,Kronfeld,Tilly.Kronfeld@yopmail.com,Tilly.Kronfeld@gmail.com,police officer,19659
19759,Brena,Heidt,Brena.Heidt@yopmail.com,Brena.Heidt@gmail.com,police officer,19660
19760,Selia,Fontana,Selia.Fontana@yopmail.com,Selia.Fontana@gmail.com,doctor,19661
19761,Cissiee,Hailee,Cissiee.Hailee@yopmail.com,Cissiee.Hailee@gmail.com,police officer,19662
19762,Hettie,Iaverne,Hettie.Iaverne@yopmail.com,Hettie.Iaverne@gmail.com,worker,19663
19763,Kittie,MacIntosh,Kittie.MacIntosh@yopmail.com,Kittie.MacIntosh@gmail.com,developer,19664
19764,Kirbee,Edmund,Kirbee.Edmund@yopmail.com,Kirbee.Edmund@gmail.com,firefighter,19665
19765,Sara-Ann,Grobe,Sara-Ann.Grobe@yopmail.com,Sara-Ann.Grobe@gmail.com,police officer,19666
19766,Ottilie,Edison,Ottilie.Edison@yopmail.com,Ottilie.Edison@gmail.com,police officer,19667
19767,Nicoli,Colp,Nicoli.Colp@yopmail.com,Nicoli.Colp@gmail.com,developer,19668
19768,Lusa,Ajay,Lusa.Ajay@yopmail.com,Lusa.Ajay@gmail.com,firefighter,19669
19769,Tabbatha,Egbert,Tabbatha.Egbert@yopmail.com,Tabbatha.Egbert@gmail.com,worker,19670
19770,Gabi,Dituri,Gabi.Dituri@yopmail.com,Gabi.Dituri@gmail.com,developer,19671
19771,Valli,Mathilde,Valli.Mathilde@yopmail.com,Valli.Mathilde@gmail.com,developer,19672
19772,Codie,Sundin,Codie.Sundin@yopmail.com,Codie.Sundin@gmail.com,developer,19673
19773,Asia,Wenda,Asia.Wenda@yopmail.com,Asia.Wenda@gmail.com,developer,19674
19774,Beatriz,Bigner,Beatriz.Bigner@yopmail.com,Beatriz.Bigner@gmail.com,firefighter,19675
19775,Jeanna,Stacy,Jeanna.Stacy@yopmail.com,Jeanna.Stacy@gmail.com,developer,19676
19776,Riannon,Rooney,Riannon.Rooney@yopmail.com,Riannon.Rooney@gmail.com,worker,19677
19777,Brena,Lilas,Brena.Lilas@yopmail.com,Brena.Lilas@gmail.com,worker,19678
19778,Shannah,Jehu,Shannah.Jehu@yopmail.com,Shannah.Jehu@gmail.com,worker,19679
19779,Elise,Eno,Elise.Eno@yopmail.com,Elise.Eno@gmail.com,doctor,19680
19780,Tybie,Candy,Tybie.Candy@yopmail.com,Tybie.Candy@gmail.com,police officer,19681
19781,Petronia,Alva,Petronia.Alva@yopmail.com,Petronia.Alva@gmail.com,firefighter,19682
19782,Alie,Eldrid,Alie.Eldrid@yopmail.com,Alie.Eldrid@gmail.com,developer,19683
19783,Ethel,Bertold,Ethel.Bertold@yopmail.com,Ethel.Bertold@gmail.com,worker,19684
19784,Nyssa,Darrell,Nyssa.Darrell@yopmail.com,Nyssa.Darrell@gmail.com,developer,19685
19785,Jasmina,Gillan,Jasmina.Gillan@yopmail.com,Jasmina.Gillan@gmail.com,worker,19686
19786,Kelly,Pyle,Kelly.Pyle@yopmail.com,Kelly.Pyle@gmail.com,worker,19687
19787,Sindee,Anyah,Sindee.Anyah@yopmail.com,Sindee.Anyah@gmail.com,doctor,19688
19788,Hope,Anis,Hope.Anis@yopmail.com,Hope.Anis@gmail.com,worker,19689
19789,Kristina,Sholley,Kristina.Sholley@yopmail.com,Kristina.Sholley@gmail.com,police officer,19690
19790,Vinita,Cassius,Vinita.Cassius@yopmail.com,Vinita.Cassius@gmail.com,doctor,19691
19791,Jinny,Alejoa,Jinny.Alejoa@yopmail.com,Jinny.Alejoa@gmail.com,worker,19692
19792,Clementine,Jotham,Clementine.Jotham@yopmail.com,Clementine.Jotham@gmail.com,police officer,19693
19793,Linzy,Bury,Linzy.Bury@yopmail.com,Linzy.Bury@gmail.com,worker,19694
19794,Cristine,Weaks,Cristine.Weaks@yopmail.com,Cristine.Weaks@gmail.com,firefighter,19695
19795,Nerta,Hoenack,Nerta.Hoenack@yopmail.com,Nerta.Hoenack@gmail.com,worker,19696
19796,Hallie,Myrilla,Hallie.Myrilla@yopmail.com,Hallie.Myrilla@gmail.com,worker,19697
19797,Jobi,Alfons,Jobi.Alfons@yopmail.com,Jobi.Alfons@gmail.com,developer,19698
19798,Yetty,Goerke,Yetty.Goerke@yopmail.com,Yetty.Goerke@gmail.com,developer,19699
19799,Kristina,Breed,Kristina.Breed@yopmail.com,Kristina.Breed@gmail.com,developer,19700
19800,Ezmeralda,Carri,Ezmeralda.Carri@yopmail.com,Ezmeralda.Carri@gmail.com,developer,19701
19801,Stephanie,Douglass,Stephanie.Douglass@yopmail.com,Stephanie.Douglass@gmail.com,police officer,19702
19802,Aigneis,Charmine,Aigneis.Charmine@yopmail.com,Aigneis.Charmine@gmail.com,police officer,19703
19803,Olwen,Johanna,Olwen.Johanna@yopmail.com,Olwen.Johanna@gmail.com,doctor,19704
19804,Melodie,Minetta,Melodie.Minetta@yopmail.com,Melodie.Minetta@gmail.com,developer,19705
19805,Gabriellia,Travax,Gabriellia.Travax@yopmail.com,Gabriellia.Travax@gmail.com,doctor,19706
19806,Alameda,Lumbard,Alameda.Lumbard@yopmail.com,Alameda.Lumbard@gmail.com,doctor,19707
19807,Chere,Ader,Chere.Ader@yopmail.com,Chere.Ader@gmail.com,doctor,19708
19808,Heida,Breed,Heida.Breed@yopmail.com,Heida.Breed@gmail.com,police officer,19709
19809,Madelle,Merell,Madelle.Merell@yopmail.com,Madelle.Merell@gmail.com,doctor,19710
19810,Gerrie,Sprage,Gerrie.Sprage@yopmail.com,Gerrie.Sprage@gmail.com,worker,19711
19811,Rani,Christine,Rani.Christine@yopmail.com,Rani.Christine@gmail.com,doctor,19712
19812,Sheree,Roscoe,Sheree.Roscoe@yopmail.com,Sheree.Roscoe@gmail.com,police officer,19713
19813,Betta,Reinke,Betta.Reinke@yopmail.com,Betta.Reinke@gmail.com,worker,19714
19814,Micheline,Sholley,Micheline.Sholley@yopmail.com,Micheline.Sholley@gmail.com,developer,19715
19815,Lauryn,Mott,Lauryn.Mott@yopmail.com,Lauryn.Mott@gmail.com,developer,19716
19816,Karolina,Zina,Karolina.Zina@yopmail.com,Karolina.Zina@gmail.com,developer,19717
19817,Ileana,Loring,Ileana.Loring@yopmail.com,Ileana.Loring@gmail.com,worker,19718
19818,Trixi,Isidore,Trixi.Isidore@yopmail.com,Trixi.Isidore@gmail.com,police officer,19719
19819,Krystle,Jarib,Krystle.Jarib@yopmail.com,Krystle.Jarib@gmail.com,doctor,19720
19820,Mary,Mehalek,Mary.Mehalek@yopmail.com,Mary.Mehalek@gmail.com,firefighter,19721
19821,Tobe,Vins,Tobe.Vins@yopmail.com,Tobe.Vins@gmail.com,firefighter,19722
19822,Lynnea,Oriana,Lynnea.Oriana@yopmail.com,Lynnea.Oriana@gmail.com,doctor,19723
19823,Maurene,Maisey,Maurene.Maisey@yopmail.com,Maurene.Maisey@gmail.com,firefighter,19724
19824,Audrie,Ball,Audrie.Ball@yopmail.com,Audrie.Ball@gmail.com,doctor,19725
19825,Louella,Jena,Louella.Jena@yopmail.com,Louella.Jena@gmail.com,doctor,19726
19826,Queenie,Septima,Queenie.Septima@yopmail.com,Queenie.Septima@gmail.com,doctor,19727
19827,Lucille,Ruvolo,Lucille.Ruvolo@yopmail.com,Lucille.Ruvolo@gmail.com,developer,19728
19828,Almeta,Thar,Almeta.Thar@yopmail.com,Almeta.Thar@gmail.com,police officer,19729
19829,Latisha,Publia,Latisha.Publia@yopmail.com,Latisha.Publia@gmail.com,firefighter,19730
19830,Selma,Goldina,Selma.Goldina@yopmail.com,Selma.Goldina@gmail.com,doctor,19731
19831,Yvonne,Thema,Yvonne.Thema@yopmail.com,Yvonne.Thema@gmail.com,doctor,19732
19832,Fred,Esmaria,Fred.Esmaria@yopmail.com,Fred.Esmaria@gmail.com,worker,19733
19833,Gaylene,Nunci,Gaylene.Nunci@yopmail.com,Gaylene.Nunci@gmail.com,firefighter,19734
19834,Madalyn,Plato,Madalyn.Plato@yopmail.com,Madalyn.Plato@gmail.com,doctor,19735
19835,Edyth,Ball,Edyth.Ball@yopmail.com,Edyth.Ball@gmail.com,doctor,19736
19836,Shel,Bertold,Shel.Bertold@yopmail.com,Shel.Bertold@gmail.com,firefighter,19737
19837,Viki,Luhe,Viki.Luhe@yopmail.com,Viki.Luhe@gmail.com,doctor,19738
19838,Jeanna,Blisse,Jeanna.Blisse@yopmail.com,Jeanna.Blisse@gmail.com,firefighter,19739
19839,Raquela,Revkah,Raquela.Revkah@yopmail.com,Raquela.Revkah@gmail.com,firefighter,19740
19840,Frank,Tufts,Frank.Tufts@yopmail.com,Frank.Tufts@gmail.com,firefighter,19741
19841,Reeba,Weide,Reeba.Weide@yopmail.com,Reeba.Weide@gmail.com,worker,19742
19842,Ekaterina,Harl,Ekaterina.Harl@yopmail.com,Ekaterina.Harl@gmail.com,worker,19743
19843,Donetta,Greenwald,Donetta.Greenwald@yopmail.com,Donetta.Greenwald@gmail.com,worker,19744
19844,Moyna,Rurik,Moyna.Rurik@yopmail.com,Moyna.Rurik@gmail.com,firefighter,19745
19845,Willetta,Bartlett,Willetta.Bartlett@yopmail.com,Willetta.Bartlett@gmail.com,police officer,19746
19846,Steffane,Brian,Steffane.Brian@yopmail.com,Steffane.Brian@gmail.com,firefighter,19747
19847,Kimberley,Nahum,Kimberley.Nahum@yopmail.com,Kimberley.Nahum@gmail.com,police officer,19748
19848,Basia,Vary,Basia.Vary@yopmail.com,Basia.Vary@gmail.com,doctor,19749
19849,Melina,Marisa,Melina.Marisa@yopmail.com,Melina.Marisa@gmail.com,developer,19750
19850,Raf,Israeli,Raf.Israeli@yopmail.com,Raf.Israeli@gmail.com,firefighter,19751
19851,Hollie,Cottle,Hollie.Cottle@yopmail.com,Hollie.Cottle@gmail.com,police officer,19752
19852,Merle,Riva,Merle.Riva@yopmail.com,Merle.Riva@gmail.com,worker,19753
19853,Talya,Cullin,Talya.Cullin@yopmail.com,Talya.Cullin@gmail.com,developer,19754
19854,Tori,Nelsen,Tori.Nelsen@yopmail.com,Tori.Nelsen@gmail.com,developer,19755
19855,Oona,Lory,Oona.Lory@yopmail.com,Oona.Lory@gmail.com,firefighter,19756
19856,Cyndie,Penelopa,Cyndie.Penelopa@yopmail.com,Cyndie.Penelopa@gmail.com,developer,19757
19857,Barbara,Hamil,Barbara.Hamil@yopmail.com,Barbara.Hamil@gmail.com,developer,19758
19858,Rivalee,Borrell,Rivalee.Borrell@yopmail.com,Rivalee.Borrell@gmail.com,police officer,19759
19859,Corly,Lipson,Corly.Lipson@yopmail.com,Corly.Lipson@gmail.com,worker,19760
19860,Natka,Felizio,Natka.Felizio@yopmail.com,Natka.Felizio@gmail.com,worker,19761
19861,Netty,Soneson,Netty.Soneson@yopmail.com,Netty.Soneson@gmail.com,developer,19762
19862,Dulcinea,Chick,Dulcinea.Chick@yopmail.com,Dulcinea.Chick@gmail.com,firefighter,19763
19863,Carree,Valerio,Carree.Valerio@yopmail.com,Carree.Valerio@gmail.com,worker,19764
19864,Ashlee,Shuler,Ashlee.Shuler@yopmail.com,Ashlee.Shuler@gmail.com,developer,19765
19865,Marnia,Imelida,Marnia.Imelida@yopmail.com,Marnia.Imelida@gmail.com,doctor,19766
19866,Lolita,McAdams,Lolita.McAdams@yopmail.com,Lolita.McAdams@gmail.com,firefighter,19767
19867,Dulce,Cavan,Dulce.Cavan@yopmail.com,Dulce.Cavan@gmail.com,doctor,19768
19868,Kerrin,Gunn,Kerrin.Gunn@yopmail.com,Kerrin.Gunn@gmail.com,firefighter,19769
19869,Karly,Hathaway,Karly.Hathaway@yopmail.com,Karly.Hathaway@gmail.com,doctor,19770
19870,Ermengarde,Dreda,Ermengarde.Dreda@yopmail.com,Ermengarde.Dreda@gmail.com,developer,19771
19871,Winny,Trey,Winny.Trey@yopmail.com,Winny.Trey@gmail.com,police officer,19772
19872,Doro,Jerold,Doro.Jerold@yopmail.com,Doro.Jerold@gmail.com,doctor,19773
19873,Lusa,Warthman,Lusa.Warthman@yopmail.com,Lusa.Warthman@gmail.com,police officer,19774
19874,Carly,Khorma,Carly.Khorma@yopmail.com,Carly.Khorma@gmail.com,worker,19775
19875,Arlena,Thar,Arlena.Thar@yopmail.com,Arlena.Thar@gmail.com,developer,19776
19876,Linzy,Georgy,Linzy.Georgy@yopmail.com,Linzy.Georgy@gmail.com,worker,19777
19877,Ellette,Rillings,Ellette.Rillings@yopmail.com,Ellette.Rillings@gmail.com,doctor,19778
19878,Merle,Palocz,Merle.Palocz@yopmail.com,Merle.Palocz@gmail.com,developer,19779
19879,Clementine,Gladstone,Clementine.Gladstone@yopmail.com,Clementine.Gladstone@gmail.com,developer,19780
19880,Georgetta,Maurine,Georgetta.Maurine@yopmail.com,Georgetta.Maurine@gmail.com,developer,19781
19881,Nadine,Wilona,Nadine.Wilona@yopmail.com,Nadine.Wilona@gmail.com,worker,19782
19882,Carly,Ader,Carly.Ader@yopmail.com,Carly.Ader@gmail.com,developer,19783
19883,Aeriela,Frodi,Aeriela.Frodi@yopmail.com,Aeriela.Frodi@gmail.com,doctor,19784
19884,Kenna,Salchunas,Kenna.Salchunas@yopmail.com,Kenna.Salchunas@gmail.com,worker,19785
19885,Candi,Lail,Candi.Lail@yopmail.com,Candi.Lail@gmail.com,developer,19786
19886,Heddie,Bronk,Heddie.Bronk@yopmail.com,Heddie.Bronk@gmail.com,police officer,19787
19887,Tamqrah,Lareena,Tamqrah.Lareena@yopmail.com,Tamqrah.Lareena@gmail.com,firefighter,19788
19888,Lily,Taam,Lily.Taam@yopmail.com,Lily.Taam@gmail.com,police officer,19789
19889,Morganica,Gombach,Morganica.Gombach@yopmail.com,Morganica.Gombach@gmail.com,doctor,19790
19890,Ofilia,Socha,Ofilia.Socha@yopmail.com,Ofilia.Socha@gmail.com,developer,19791
19891,Karena,Hessler,Karena.Hessler@yopmail.com,Karena.Hessler@gmail.com,developer,19792
19892,Hannis,Denis,Hannis.Denis@yopmail.com,Hannis.Denis@gmail.com,police officer,19793
19893,Cecile,Dielu,Cecile.Dielu@yopmail.com,Cecile.Dielu@gmail.com,developer,19794
19894,Rayna,Screens,Rayna.Screens@yopmail.com,Rayna.Screens@gmail.com,police officer,19795
19895,Ayn,Myrilla,Ayn.Myrilla@yopmail.com,Ayn.Myrilla@gmail.com,developer,19796
19896,Vita,Sophronia,Vita.Sophronia@yopmail.com,Vita.Sophronia@gmail.com,worker,19797
19897,Marline,Euridice,Marline.Euridice@yopmail.com,Marline.Euridice@gmail.com,doctor,19798
19898,Kaia,Tippets,Kaia.Tippets@yopmail.com,Kaia.Tippets@gmail.com,worker,19799
19899,Brooks,Ilka,Brooks.Ilka@yopmail.com,Brooks.Ilka@gmail.com,doctor,19800
