id,firstname,lastname,email,email2,profession,Field Name
12600,Carmencita,Ivens,Carmencita.Ivens@yopmail.com,Carmencita.Ivens@gmail.com,police officer,12501
12601,Verla,Tound,Verla.Tound@yopmail.com,Verla.Tound@gmail.com,firefighter,12502
12602,Paulita,Forrer,Paulita.Forrer@yopmail.com,Paulita.Forrer@gmail.com,police officer,12503
12603,Shaine,Solitta,Shaine.Solitta@yopmail.com,Shaine.Solitta@gmail.com,worker,12504
12604,Jsandye,Noman,Jsandye.Noman@yopmail.com,Jsandye.Noman@gmail.com,firefighter,12505
12605,Rozele,Sparhawk,Rozele.Sparhawk@yopmail.com,Rozele.Sparhawk@gmail.com,worker,12506
12606,Cam,Wyn,Cam.Wyn@yopmail.com,Cam.Wyn@gmail.com,worker,12507
12607,Britni,Philipp,Britni.Philipp@yopmail.com,Britni.Philipp@gmail.com,worker,12508
12608,Fredericka,Tengdin,Fredericka.Tengdin@yopmail.com,Fredericka.Tengdin@gmail.com,worker,12509
12609,Audrie,Katrine,Audrie.Katrine@yopmail.com,Audrie.Katrine@gmail.com,doctor,12510
12610,Steffane,Schenck,Steffane.Schenck@yopmail.com,Steffane.Schenck@gmail.com,doctor,12511
12611,Lonnie,Hedve,Lonnie.Hedve@yopmail.com,Lonnie.Hedve@gmail.com,doctor,12512
12612,Betta,Maisey,Betta.Maisey@yopmail.com,Betta.Maisey@gmail.com,developer,12513
12613,Shell,Colleen,Shell.Colleen@yopmail.com,Shell.Colleen@gmail.com,police officer,12514
12614,Mallory,Behre,Mallory.Behre@yopmail.com,Mallory.Behre@gmail.com,police officer,12515
12615,Rebeca,Maxi,Rebeca.Maxi@yopmail.com,Rebeca.Maxi@gmail.com,firefighter,12516
12616,Marguerite,Naor,Marguerite.Naor@yopmail.com,Marguerite.Naor@gmail.com,police officer,12517
12617,Gianina,Burch,Gianina.Burch@yopmail.com,Gianina.Burch@gmail.com,firefighter,12518
12618,Loree,Montgomery,Loree.Montgomery@yopmail.com,Loree.Montgomery@gmail.com,doctor,12519
12619,Sheelagh,Byrne,Sheelagh.Byrne@yopmail.com,Sheelagh.Byrne@gmail.com,doctor,12520
12620,Ekaterina,Gaal,Ekaterina.Gaal@yopmail.com,Ekaterina.Gaal@gmail.com,police officer,12521
12621,Ada,Ventre,Ada.Ventre@yopmail.com,Ada.Ventre@gmail.com,doctor,12522
12622,Grier,Gordon,Grier.Gordon@yopmail.com,Grier.Gordon@gmail.com,firefighter,12523
12623,Belinda,Earlie,Belinda.Earlie@yopmail.com,Belinda.Earlie@gmail.com,police officer,12524
12624,Joeann,Charmine,Joeann.Charmine@yopmail.com,Joeann.Charmine@gmail.com,firefighter,12525
12625,Halette,Riordan,Halette.Riordan@yopmail.com,Halette.Riordan@gmail.com,firefighter,12526
12626,Genovera,Saint,Genovera.Saint@yopmail.com,Genovera.Saint@gmail.com,worker,12527
12627,Jan,Etom,Jan.Etom@yopmail.com,Jan.Etom@gmail.com,worker,12528
12628,Wileen,Cordi,Wileen.Cordi@yopmail.com,Wileen.Cordi@gmail.com,firefighter,12529
12629,Amalie,Rubie,Amalie.Rubie@yopmail.com,Amalie.Rubie@gmail.com,doctor,12530
12630,Fayre,Brady,Fayre.Brady@yopmail.com,Fayre.Brady@gmail.com,worker,12531
12631,Demetris,Hertzfeld,Demetris.Hertzfeld@yopmail.com,Demetris.Hertzfeld@gmail.com,police officer,12532
12632,Roxane,Brotherson,Roxane.Brotherson@yopmail.com,Roxane.Brotherson@gmail.com,firefighter,12533
12633,Nadine,Septima,Nadine.Septima@yopmail.com,Nadine.Septima@gmail.com,police officer,12534
12634,Allyce,Euridice,Allyce.Euridice@yopmail.com,Allyce.Euridice@gmail.com,police officer,12535
12635,Joelly,Hanleigh,Joelly.Hanleigh@yopmail.com,Joelly.Hanleigh@gmail.com,developer,12536
12636,Alyssa,Dominy,Alyssa.Dominy@yopmail.com,Alyssa.Dominy@gmail.com,doctor,12537
12637,Ernesta,Leonard,Ernesta.Leonard@yopmail.com,Ernesta.Leonard@gmail.com,worker,12538
12638,Sheelagh,Carey,Sheelagh.Carey@yopmail.com,Sheelagh.Carey@gmail.com,firefighter,12539
12639,Chloris,Fiester,Chloris.Fiester@yopmail.com,Chloris.Fiester@gmail.com,doctor,12540
12640,Nonnah,Henrie,Nonnah.Henrie@yopmail.com,Nonnah.Henrie@gmail.com,firefighter,12541
12641,Helena,Sprage,Helena.Sprage@yopmail.com,Helena.Sprage@gmail.com,developer,12542
12642,Janey,Nicoline,Janey.Nicoline@yopmail.com,Janey.Nicoline@gmail.com,doctor,12543
12643,Dulce,Hewitt,Dulce.Hewitt@yopmail.com,Dulce.Hewitt@gmail.com,doctor,12544
12644,Aigneis,Sadowski,Aigneis.Sadowski@yopmail.com,Aigneis.Sadowski@gmail.com,police officer,12545
12645,Marsiella,Cottle,Marsiella.Cottle@yopmail.com,Marsiella.Cottle@gmail.com,doctor,12546
12646,Carilyn,Flyn,Carilyn.Flyn@yopmail.com,Carilyn.Flyn@gmail.com,developer,12547
12647,Andree,Ethban,Andree.Ethban@yopmail.com,Andree.Ethban@gmail.com,doctor,12548
12648,Eugine,Socha,Eugine.Socha@yopmail.com,Eugine.Socha@gmail.com,police officer,12549
12649,Danny,Noman,Danny.Noman@yopmail.com,Danny.Noman@gmail.com,worker,12550
12650,Alisha,Tufts,Alisha.Tufts@yopmail.com,Alisha.Tufts@gmail.com,police officer,12551
12651,Lenna,Corilla,Lenna.Corilla@yopmail.com,Lenna.Corilla@gmail.com,developer,12552
12652,Madalyn,Elephus,Madalyn.Elephus@yopmail.com,Madalyn.Elephus@gmail.com,firefighter,12553
12653,Sophia,Warthman,Sophia.Warthman@yopmail.com,Sophia.Warthman@gmail.com,police officer,12554
12654,Clo,Eben,Clo.Eben@yopmail.com,Clo.Eben@gmail.com,worker,12555
12655,Suzette,Zitvaa,Suzette.Zitvaa@yopmail.com,Suzette.Zitvaa@gmail.com,doctor,12556
12656,Kayla,Corrine,Kayla.Corrine@yopmail.com,Kayla.Corrine@gmail.com,worker,12557
12657,Kaia,Norrie,Kaia.Norrie@yopmail.com,Kaia.Norrie@gmail.com,developer,12558
12658,Gale,Bearnard,Gale.Bearnard@yopmail.com,Gale.Bearnard@gmail.com,firefighter,12559
12659,Doro,Johanna,Doro.Johanna@yopmail.com,Doro.Johanna@gmail.com,police officer,12560
12660,Fanny,Judye,Fanny.Judye@yopmail.com,Fanny.Judye@gmail.com,police officer,12561
12661,Kelly,Knowling,Kelly.Knowling@yopmail.com,Kelly.Knowling@gmail.com,firefighter,12562
12662,Petronia,Janene,Petronia.Janene@yopmail.com,Petronia.Janene@gmail.com,doctor,12563
12663,Amii,Primalia,Amii.Primalia@yopmail.com,Amii.Primalia@gmail.com,worker,12564
12664,Dulce,Radu,Dulce.Radu@yopmail.com,Dulce.Radu@gmail.com,police officer,12565
12665,Roseline,Sikorski,Roseline.Sikorski@yopmail.com,Roseline.Sikorski@gmail.com,police officer,12566
12666,Wendi,Libna,Wendi.Libna@yopmail.com,Wendi.Libna@gmail.com,developer,12567
12667,Talya,Lilybelle,Talya.Lilybelle@yopmail.com,Talya.Lilybelle@gmail.com,police officer,12568
12668,Mamie,Carri,Mamie.Carri@yopmail.com,Mamie.Carri@gmail.com,developer,12569
12669,Marita,Cottle,Marita.Cottle@yopmail.com,Marita.Cottle@gmail.com,doctor,12570
12670,Emma,Jess,Emma.Jess@yopmail.com,Emma.Jess@gmail.com,firefighter,12571
12671,Lacie,Palocz,Lacie.Palocz@yopmail.com,Lacie.Palocz@gmail.com,doctor,12572
12672,Ursulina,Odysseus,Ursulina.Odysseus@yopmail.com,Ursulina.Odysseus@gmail.com,doctor,12573
12673,Anallese,Shanley,Anallese.Shanley@yopmail.com,Anallese.Shanley@gmail.com,worker,12574
12674,Tamqrah,Dex,Tamqrah.Dex@yopmail.com,Tamqrah.Dex@gmail.com,firefighter,12575
12675,Agathe,Obed,Agathe.Obed@yopmail.com,Agathe.Obed@gmail.com,doctor,12576
12676,Teddie,Radu,Teddie.Radu@yopmail.com,Teddie.Radu@gmail.com,doctor,12577
12677,Charmaine,Salvidor,Charmaine.Salvidor@yopmail.com,Charmaine.Salvidor@gmail.com,police officer,12578
12678,Cindelyn,Loring,Cindelyn.Loring@yopmail.com,Cindelyn.Loring@gmail.com,police officer,12579
12679,Candy,Candy,Candy.Candy@yopmail.com,Candy.Candy@gmail.com,police officer,12580
12680,Fina,Dreda,Fina.Dreda@yopmail.com,Fina.Dreda@gmail.com,doctor,12581
12681,Georgetta,Richers,Georgetta.Richers@yopmail.com,Georgetta.Richers@gmail.com,developer,12582
12682,Hayley,Japeth,Hayley.Japeth@yopmail.com,Hayley.Japeth@gmail.com,police officer,12583
12683,Ingrid,Kaja,Ingrid.Kaja@yopmail.com,Ingrid.Kaja@gmail.com,firefighter,12584
12684,Gwenneth,Whittaker,Gwenneth.Whittaker@yopmail.com,Gwenneth.Whittaker@gmail.com,police officer,12585
12685,Ardys,Gemini,Ardys.Gemini@yopmail.com,Ardys.Gemini@gmail.com,doctor,12586
12686,Ayn,Glovsky,Ayn.Glovsky@yopmail.com,Ayn.Glovsky@gmail.com,firefighter,12587
12687,Annice,Pierette,Annice.Pierette@yopmail.com,Annice.Pierette@gmail.com,doctor,12588
12688,Maud,Philipp,Maud.Philipp@yopmail.com,Maud.Philipp@gmail.com,doctor,12589
12689,Gaylene,Durante,Gaylene.Durante@yopmail.com,Gaylene.Durante@gmail.com,firefighter,12590
12690,Joelly,Zola,Joelly.Zola@yopmail.com,Joelly.Zola@gmail.com,worker,12591
12691,Charissa,Geffner,Charissa.Geffner@yopmail.com,Charissa.Geffner@gmail.com,worker,12592
12692,Meghann,Terrence,Meghann.Terrence@yopmail.com,Meghann.Terrence@gmail.com,developer,12593
12693,Meg,Charmine,Meg.Charmine@yopmail.com,Meg.Charmine@gmail.com,doctor,12594
12694,Wileen,Berl,Wileen.Berl@yopmail.com,Wileen.Berl@gmail.com,firefighter,12595
12695,Renae,Buttaro,Renae.Buttaro@yopmail.com,Renae.Buttaro@gmail.com,doctor,12596
12696,Brooks,Ogren,Brooks.Ogren@yopmail.com,Brooks.Ogren@gmail.com,firefighter,12597
12697,Layla,Alrich,Layla.Alrich@yopmail.com,Layla.Alrich@gmail.com,firefighter,12598
12698,Ninnetta,Poll,Ninnetta.Poll@yopmail.com,Ninnetta.Poll@gmail.com,developer,12599
12699,Juliane,Phaidra,Juliane.Phaidra@yopmail.com,Juliane.Phaidra@gmail.com,police officer,12600
12700,Misha,Vins,Misha.Vins@yopmail.com,Misha.Vins@gmail.com,doctor,12601
12701,Yvonne,Gilbertson,Yvonne.Gilbertson@yopmail.com,Yvonne.Gilbertson@gmail.com,worker,12602
12702,Julieta,Anton,Julieta.Anton@yopmail.com,Julieta.Anton@gmail.com,police officer,12603
12703,Nonnah,Keily,Nonnah.Keily@yopmail.com,Nonnah.Keily@gmail.com,developer,12604
12704,Aurelie,Glovsky,Aurelie.Glovsky@yopmail.com,Aurelie.Glovsky@gmail.com,police officer,12605
12705,Yvonne,Faso,Yvonne.Faso@yopmail.com,Yvonne.Faso@gmail.com,firefighter,12606
12706,Lauryn,Uird,Lauryn.Uird@yopmail.com,Lauryn.Uird@gmail.com,doctor,12607
12707,Cathie,Hourigan,Cathie.Hourigan@yopmail.com,Cathie.Hourigan@gmail.com,developer,12608
12708,Bertine,Revkah,Bertine.Revkah@yopmail.com,Bertine.Revkah@gmail.com,doctor,12609
12709,Brynna,Ackerley,Brynna.Ackerley@yopmail.com,Brynna.Ackerley@gmail.com,firefighter,12610
12710,Blondelle,Hessler,Blondelle.Hessler@yopmail.com,Blondelle.Hessler@gmail.com,developer,12611
12711,Atlanta,Ruvolo,Atlanta.Ruvolo@yopmail.com,Atlanta.Ruvolo@gmail.com,worker,12612
12712,Randa,Dalli,Randa.Dalli@yopmail.com,Randa.Dalli@gmail.com,doctor,12613
12713,Rubie,Yorick,Rubie.Yorick@yopmail.com,Rubie.Yorick@gmail.com,firefighter,12614
12714,Lorne,Dominy,Lorne.Dominy@yopmail.com,Lorne.Dominy@gmail.com,doctor,12615
12715,Ileana,Clie,Ileana.Clie@yopmail.com,Ileana.Clie@gmail.com,worker,12616
12716,Yetty,Ax,Yetty.Ax@yopmail.com,Yetty.Ax@gmail.com,firefighter,12617
12717,Aurelie,Chauncey,Aurelie.Chauncey@yopmail.com,Aurelie.Chauncey@gmail.com,worker,12618
12718,Kore,Rossner,Kore.Rossner@yopmail.com,Kore.Rossner@gmail.com,doctor,12619
12719,Karlee,Lindemann,Karlee.Lindemann@yopmail.com,Karlee.Lindemann@gmail.com,police officer,12620
12720,Rosabelle,Adrienne,Rosabelle.Adrienne@yopmail.com,Rosabelle.Adrienne@gmail.com,police officer,12621
12721,Vivia,Strephon,Vivia.Strephon@yopmail.com,Vivia.Strephon@gmail.com,firefighter,12622
12722,Gaylene,Fulmer,Gaylene.Fulmer@yopmail.com,Gaylene.Fulmer@gmail.com,doctor,12623
12723,Merci,Philoo,Merci.Philoo@yopmail.com,Merci.Philoo@gmail.com,police officer,12624
12724,Linet,Dom,Linet.Dom@yopmail.com,Linet.Dom@gmail.com,worker,12625
12725,Ira,Oriana,Ira.Oriana@yopmail.com,Ira.Oriana@gmail.com,worker,12626
12726,Neila,Weaks,Neila.Weaks@yopmail.com,Neila.Weaks@gmail.com,worker,12627
12727,Shannah,Seligman,Shannah.Seligman@yopmail.com,Shannah.Seligman@gmail.com,worker,12628
12728,Esmeralda,Gale,Esmeralda.Gale@yopmail.com,Esmeralda.Gale@gmail.com,police officer,12629
12729,Myrtice,Tacye,Myrtice.Tacye@yopmail.com,Myrtice.Tacye@gmail.com,firefighter,12630
12730,Ellette,Craggie,Ellette.Craggie@yopmail.com,Ellette.Craggie@gmail.com,police officer,12631
12731,Babita,Johanna,Babita.Johanna@yopmail.com,Babita.Johanna@gmail.com,doctor,12632
12732,Marcelline,Bebe,Marcelline.Bebe@yopmail.com,Marcelline.Bebe@gmail.com,developer,12633
12733,Louella,Gusella,Louella.Gusella@yopmail.com,Louella.Gusella@gmail.com,police officer,12634
12734,Ira,Corrine,Ira.Corrine@yopmail.com,Ira.Corrine@gmail.com,worker,12635
12735,Collen,Geffner,Collen.Geffner@yopmail.com,Collen.Geffner@gmail.com,doctor,12636
12736,Nickie,Dalli,Nickie.Dalli@yopmail.com,Nickie.Dalli@gmail.com,developer,12637
12737,Miquela,Lauraine,Miquela.Lauraine@yopmail.com,Miquela.Lauraine@gmail.com,worker,12638
12738,Margarette,Dichy,Margarette.Dichy@yopmail.com,Margarette.Dichy@gmail.com,worker,12639
12739,Nataline,Peonir,Nataline.Peonir@yopmail.com,Nataline.Peonir@gmail.com,police officer,12640
12740,Riannon,Marijo,Riannon.Marijo@yopmail.com,Riannon.Marijo@gmail.com,doctor,12641
12741,Ottilie,Lutero,Ottilie.Lutero@yopmail.com,Ottilie.Lutero@gmail.com,police officer,12642
12742,Sharlene,Soneson,Sharlene.Soneson@yopmail.com,Sharlene.Soneson@gmail.com,police officer,12643
12743,Emilia,Ammann,Emilia.Ammann@yopmail.com,Emilia.Ammann@gmail.com,developer,12644
12744,Glynnis,Wiener,Glynnis.Wiener@yopmail.com,Glynnis.Wiener@gmail.com,worker,12645
12745,June,Klotz,June.Klotz@yopmail.com,June.Klotz@gmail.com,firefighter,12646
12746,Louella,Stanwood,Louella.Stanwood@yopmail.com,Louella.Stanwood@gmail.com,doctor,12647
12747,Jillayne,Santoro,Jillayne.Santoro@yopmail.com,Jillayne.Santoro@gmail.com,firefighter,12648
12748,Moyna,Jacobah,Moyna.Jacobah@yopmail.com,Moyna.Jacobah@gmail.com,developer,12649
12749,Dagmar,Neils,Dagmar.Neils@yopmail.com,Dagmar.Neils@gmail.com,police officer,12650
12750,Arabel,Roumell,Arabel.Roumell@yopmail.com,Arabel.Roumell@gmail.com,doctor,12651
12751,Corene,Afton,Corene.Afton@yopmail.com,Corene.Afton@gmail.com,developer,12652
12752,Cissiee,Bluh,Cissiee.Bluh@yopmail.com,Cissiee.Bluh@gmail.com,worker,12653
12753,Therine,Marcellus,Therine.Marcellus@yopmail.com,Therine.Marcellus@gmail.com,worker,12654
12754,Bernardine,Arquit,Bernardine.Arquit@yopmail.com,Bernardine.Arquit@gmail.com,worker,12655
12755,Wendi,Aaberg,Wendi.Aaberg@yopmail.com,Wendi.Aaberg@gmail.com,firefighter,12656
12756,Augustine,Bennie,Augustine.Bennie@yopmail.com,Augustine.Bennie@gmail.com,doctor,12657
12757,Mallory,Sherrie,Mallory.Sherrie@yopmail.com,Mallory.Sherrie@gmail.com,firefighter,12658
12758,Albertina,Ashely,Albertina.Ashely@yopmail.com,Albertina.Ashely@gmail.com,police officer,12659
12759,Tori,Pandolfi,Tori.Pandolfi@yopmail.com,Tori.Pandolfi@gmail.com,firefighter,12660
12760,Marika,Gaynor,Marika.Gaynor@yopmail.com,Marika.Gaynor@gmail.com,doctor,12661
12761,Linet,Martguerita,Linet.Martguerita@yopmail.com,Linet.Martguerita@gmail.com,doctor,12662
12762,Kittie,Colyer,Kittie.Colyer@yopmail.com,Kittie.Colyer@gmail.com,developer,12663
12763,Lenna,Brunell,Lenna.Brunell@yopmail.com,Lenna.Brunell@gmail.com,worker,12664
12764,Blondelle,Ashok,Blondelle.Ashok@yopmail.com,Blondelle.Ashok@gmail.com,doctor,12665
12765,Tomasina,Lamoree,Tomasina.Lamoree@yopmail.com,Tomasina.Lamoree@gmail.com,firefighter,12666
12766,Sara-Ann,Zrike,Sara-Ann.Zrike@yopmail.com,Sara-Ann.Zrike@gmail.com,doctor,12667
12767,Mady,Guthrie,Mady.Guthrie@yopmail.com,Mady.Guthrie@gmail.com,worker,12668
12768,Dorene,Jacinda,Dorene.Jacinda@yopmail.com,Dorene.Jacinda@gmail.com,police officer,12669
12769,Ketti,Bobbee,Ketti.Bobbee@yopmail.com,Ketti.Bobbee@gmail.com,doctor,12670
12770,Collen,Olympium,Collen.Olympium@yopmail.com,Collen.Olympium@gmail.com,police officer,12671
12771,Shannah,Jacinda,Shannah.Jacinda@yopmail.com,Shannah.Jacinda@gmail.com,firefighter,12672
12772,Tonia,Borrell,Tonia.Borrell@yopmail.com,Tonia.Borrell@gmail.com,doctor,12673
12773,Selma,Tryck,Selma.Tryck@yopmail.com,Selma.Tryck@gmail.com,developer,12674
12774,Shell,Cherianne,Shell.Cherianne@yopmail.com,Shell.Cherianne@gmail.com,developer,12675
12775,Hermione,Naashom,Hermione.Naashom@yopmail.com,Hermione.Naashom@gmail.com,police officer,12676
12776,Aubrie,Septima,Aubrie.Septima@yopmail.com,Aubrie.Septima@gmail.com,firefighter,12677
12777,Atlanta,Nester,Atlanta.Nester@yopmail.com,Atlanta.Nester@gmail.com,doctor,12678
12778,Vere,Land,Vere.Land@yopmail.com,Vere.Land@gmail.com,worker,12679
12779,Robinia,Faro,Robinia.Faro@yopmail.com,Robinia.Faro@gmail.com,firefighter,12680
12780,Helena,Travax,Helena.Travax@yopmail.com,Helena.Travax@gmail.com,firefighter,12681
12781,Georgina,Simmonds,Georgina.Simmonds@yopmail.com,Georgina.Simmonds@gmail.com,developer,12682
12782,Augustine,Salchunas,Augustine.Salchunas@yopmail.com,Augustine.Salchunas@gmail.com,developer,12683
12783,Nelle,Loeb,Nelle.Loeb@yopmail.com,Nelle.Loeb@gmail.com,worker,12684
12784,Roxane,Aloise,Roxane.Aloise@yopmail.com,Roxane.Aloise@gmail.com,police officer,12685
12785,Mallory,Ashok,Mallory.Ashok@yopmail.com,Mallory.Ashok@gmail.com,doctor,12686
12786,Deloria,Oster,Deloria.Oster@yopmail.com,Deloria.Oster@gmail.com,police officer,12687
12787,Glenda,Sasnett,Glenda.Sasnett@yopmail.com,Glenda.Sasnett@gmail.com,police officer,12688
12788,Celene,Eldrid,Celene.Eldrid@yopmail.com,Celene.Eldrid@gmail.com,firefighter,12689
12789,Annora,Wilona,Annora.Wilona@yopmail.com,Annora.Wilona@gmail.com,firefighter,12690
12790,Lanna,Stanwood,Lanna.Stanwood@yopmail.com,Lanna.Stanwood@gmail.com,worker,12691
12791,Frances,Rolf,Frances.Rolf@yopmail.com,Frances.Rolf@gmail.com,police officer,12692
12792,Shaylyn,Roxanna,Shaylyn.Roxanna@yopmail.com,Shaylyn.Roxanna@gmail.com,worker,12693
12793,Emelina,Tamsky,Emelina.Tamsky@yopmail.com,Emelina.Tamsky@gmail.com,developer,12694
12794,Mariann,Munn,Mariann.Munn@yopmail.com,Mariann.Munn@gmail.com,developer,12695
12795,Maurene,Reinke,Maurene.Reinke@yopmail.com,Maurene.Reinke@gmail.com,developer,12696
12796,Aimil,Agle,Aimil.Agle@yopmail.com,Aimil.Agle@gmail.com,police officer,12697
12797,Veda,Bibi,Veda.Bibi@yopmail.com,Veda.Bibi@gmail.com,worker,12698
12798,Netty,Aloise,Netty.Aloise@yopmail.com,Netty.Aloise@gmail.com,police officer,12699
12799,Teddie,Brady,Teddie.Brady@yopmail.com,Teddie.Brady@gmail.com,firefighter,12700
12800,Aigneis,Tiffa,Aigneis.Tiffa@yopmail.com,Aigneis.Tiffa@gmail.com,worker,12701
12801,Grier,Guildroy,Grier.Guildroy@yopmail.com,Grier.Guildroy@gmail.com,firefighter,12702
12802,Shannah,Colleen,Shannah.Colleen@yopmail.com,Shannah.Colleen@gmail.com,worker,12703
12803,Yetty,Meli,Yetty.Meli@yopmail.com,Yetty.Meli@gmail.com,developer,12704
12804,Hyacinthe,Cassius,Hyacinthe.Cassius@yopmail.com,Hyacinthe.Cassius@gmail.com,police officer,12705
12805,Christy,Niles,Christy.Niles@yopmail.com,Christy.Niles@gmail.com,police officer,12706
12806,Pollyanna,Tacye,Pollyanna.Tacye@yopmail.com,Pollyanna.Tacye@gmail.com,police officer,12707
12807,Hermione,Larochelle,Hermione.Larochelle@yopmail.com,Hermione.Larochelle@gmail.com,developer,12708
12808,Phedra,Moina,Phedra.Moina@yopmail.com,Phedra.Moina@gmail.com,worker,12709
12809,Delilah,Thilda,Delilah.Thilda@yopmail.com,Delilah.Thilda@gmail.com,developer,12710
12810,Hyacinthe,Killigrew,Hyacinthe.Killigrew@yopmail.com,Hyacinthe.Killigrew@gmail.com,police officer,12711
12811,Cissiee,Flita,Cissiee.Flita@yopmail.com,Cissiee.Flita@gmail.com,doctor,12712
12812,Stephanie,Rudolph,Stephanie.Rudolph@yopmail.com,Stephanie.Rudolph@gmail.com,doctor,12713
12813,Ekaterina,Allina,Ekaterina.Allina@yopmail.com,Ekaterina.Allina@gmail.com,worker,12714
12814,Sonni,Lumbard,Sonni.Lumbard@yopmail.com,Sonni.Lumbard@gmail.com,developer,12715
12815,Selia,Concha,Selia.Concha@yopmail.com,Selia.Concha@gmail.com,worker,12716
12816,Corly,Poppy,Corly.Poppy@yopmail.com,Corly.Poppy@gmail.com,developer,12717
12817,Emylee,Clywd,Emylee.Clywd@yopmail.com,Emylee.Clywd@gmail.com,worker,12718
12818,Tonia,Fiann,Tonia.Fiann@yopmail.com,Tonia.Fiann@gmail.com,firefighter,12719
12819,Susan,Xerxes,Susan.Xerxes@yopmail.com,Susan.Xerxes@gmail.com,firefighter,12720
12820,Kathi,Glovsky,Kathi.Glovsky@yopmail.com,Kathi.Glovsky@gmail.com,worker,12721
12821,Leontine,Peonir,Leontine.Peonir@yopmail.com,Leontine.Peonir@gmail.com,firefighter,12722
12822,Olwen,Earlie,Olwen.Earlie@yopmail.com,Olwen.Earlie@gmail.com,police officer,12723
12823,Karena,Parette,Karena.Parette@yopmail.com,Karena.Parette@gmail.com,worker,12724
12824,Bobbi,Anastatius,Bobbi.Anastatius@yopmail.com,Bobbi.Anastatius@gmail.com,firefighter,12725
12825,Lulita,Ochs,Lulita.Ochs@yopmail.com,Lulita.Ochs@gmail.com,developer,12726
12826,Rani,Cristi,Rani.Cristi@yopmail.com,Rani.Cristi@gmail.com,doctor,12727
12827,Aryn,Ricarda,Aryn.Ricarda@yopmail.com,Aryn.Ricarda@gmail.com,firefighter,12728
12828,Magdalena,Ehrman,Magdalena.Ehrman@yopmail.com,Magdalena.Ehrman@gmail.com,police officer,12729
12829,Karlee,Zola,Karlee.Zola@yopmail.com,Karlee.Zola@gmail.com,police officer,12730
12830,Queenie,Vale,Queenie.Vale@yopmail.com,Queenie.Vale@gmail.com,firefighter,12731
12831,Philis,Delp,Philis.Delp@yopmail.com,Philis.Delp@gmail.com,doctor,12732
12832,Kerrin,Johanna,Kerrin.Johanna@yopmail.com,Kerrin.Johanna@gmail.com,firefighter,12733
12833,Shandie,Timon,Shandie.Timon@yopmail.com,Shandie.Timon@gmail.com,doctor,12734
12834,Elie,Konyn,Elie.Konyn@yopmail.com,Elie.Konyn@gmail.com,doctor,12735
12835,Inga,Margarete,Inga.Margarete@yopmail.com,Inga.Margarete@gmail.com,police officer,12736
12836,Kristina,Goode,Kristina.Goode@yopmail.com,Kristina.Goode@gmail.com,developer,12737
12837,Amalie,Bevin,Amalie.Bevin@yopmail.com,Amalie.Bevin@gmail.com,worker,12738
12838,Anthia,Cynar,Anthia.Cynar@yopmail.com,Anthia.Cynar@gmail.com,worker,12739
12839,Flo,Iphlgenia,Flo.Iphlgenia@yopmail.com,Flo.Iphlgenia@gmail.com,doctor,12740
12840,Amalie,Graig,Amalie.Graig@yopmail.com,Amalie.Graig@gmail.com,developer,12741
12841,Jacenta,Frodi,Jacenta.Frodi@yopmail.com,Jacenta.Frodi@gmail.com,developer,12742
12842,Dagmar,Fulmer,Dagmar.Fulmer@yopmail.com,Dagmar.Fulmer@gmail.com,firefighter,12743
12843,Dulcinea,Georas,Dulcinea.Georas@yopmail.com,Dulcinea.Georas@gmail.com,developer,12744
12844,Queenie,Franza,Queenie.Franza@yopmail.com,Queenie.Franza@gmail.com,developer,12745
12845,Isa,Randene,Isa.Randene@yopmail.com,Isa.Randene@gmail.com,doctor,12746
12846,Tybie,Mozelle,Tybie.Mozelle@yopmail.com,Tybie.Mozelle@gmail.com,developer,12747
12847,Bobinette,Guildroy,Bobinette.Guildroy@yopmail.com,Bobinette.Guildroy@gmail.com,doctor,12748
12848,Lanna,Payson,Lanna.Payson@yopmail.com,Lanna.Payson@gmail.com,doctor,12749
12849,Winny,Ephrem,Winny.Ephrem@yopmail.com,Winny.Ephrem@gmail.com,firefighter,12750
12850,Sean,Natica,Sean.Natica@yopmail.com,Sean.Natica@gmail.com,developer,12751
12851,Sissy,Maurine,Sissy.Maurine@yopmail.com,Sissy.Maurine@gmail.com,doctor,12752
12852,Shirlee,Valoniah,Shirlee.Valoniah@yopmail.com,Shirlee.Valoniah@gmail.com,worker,12753
12853,Tonia,Raseda,Tonia.Raseda@yopmail.com,Tonia.Raseda@gmail.com,worker,12754
12854,Karolina,Tyson,Karolina.Tyson@yopmail.com,Karolina.Tyson@gmail.com,developer,12755
12855,Yolane,Kylander,Yolane.Kylander@yopmail.com,Yolane.Kylander@gmail.com,developer,12756
12856,Tersina,Bethany,Tersina.Bethany@yopmail.com,Tersina.Bethany@gmail.com,developer,12757
12857,Doralynne,Carbo,Doralynne.Carbo@yopmail.com,Doralynne.Carbo@gmail.com,doctor,12758
12858,Sonni,Suk,Sonni.Suk@yopmail.com,Sonni.Suk@gmail.com,doctor,12759
12859,Hope,Sothena,Hope.Sothena@yopmail.com,Hope.Sothena@gmail.com,doctor,12760
12860,Emmey,Yam,Emmey.Yam@yopmail.com,Emmey.Yam@gmail.com,developer,12761
12861,Taffy,Guthrie,Taffy.Guthrie@yopmail.com,Taffy.Guthrie@gmail.com,doctor,12762
12862,Carmencita,Vastah,Carmencita.Vastah@yopmail.com,Carmencita.Vastah@gmail.com,police officer,12763
12863,Joy,Blake,Joy.Blake@yopmail.com,Joy.Blake@gmail.com,firefighter,12764
12864,Marline,Florina,Marline.Florina@yopmail.com,Marline.Florina@gmail.com,worker,12765
12865,Quintina,Kimmie,Quintina.Kimmie@yopmail.com,Quintina.Kimmie@gmail.com,doctor,12766
12866,Jaclyn,Janith,Jaclyn.Janith@yopmail.com,Jaclyn.Janith@gmail.com,firefighter,12767
12867,Goldie,Cohdwell,Goldie.Cohdwell@yopmail.com,Goldie.Cohdwell@gmail.com,firefighter,12768
12868,Veda,Saint,Veda.Saint@yopmail.com,Veda.Saint@gmail.com,firefighter,12769
12869,Cam,Camden,Cam.Camden@yopmail.com,Cam.Camden@gmail.com,firefighter,12770
12870,Gianina,Leifeste,Gianina.Leifeste@yopmail.com,Gianina.Leifeste@gmail.com,doctor,12771
12871,Sandie,Aurelio,Sandie.Aurelio@yopmail.com,Sandie.Aurelio@gmail.com,worker,12772
12872,Dyann,Gilbertson,Dyann.Gilbertson@yopmail.com,Dyann.Gilbertson@gmail.com,police officer,12773
12873,Catrina,Standing,Catrina.Standing@yopmail.com,Catrina.Standing@gmail.com,doctor,12774
12874,Rosaline,Allina,Rosaline.Allina@yopmail.com,Rosaline.Allina@gmail.com,developer,12775
12875,Carilyn,Ciapas,Carilyn.Ciapas@yopmail.com,Carilyn.Ciapas@gmail.com,developer,12776
12876,Clementine,Stoller,Clementine.Stoller@yopmail.com,Clementine.Stoller@gmail.com,police officer,12777
12877,Roseline,Aida,Roseline.Aida@yopmail.com,Roseline.Aida@gmail.com,police officer,12778
12878,Roxane,Chick,Roxane.Chick@yopmail.com,Roxane.Chick@gmail.com,worker,12779
12879,Emmey,Obed,Emmey.Obed@yopmail.com,Emmey.Obed@gmail.com,doctor,12780
12880,Gabi,Calhoun,Gabi.Calhoun@yopmail.com,Gabi.Calhoun@gmail.com,worker,12781
12881,Alyssa,Fairweather,Alyssa.Fairweather@yopmail.com,Alyssa.Fairweather@gmail.com,worker,12782
12882,Marita,Yam,Marita.Yam@yopmail.com,Marita.Yam@gmail.com,firefighter,12783
12883,Fidelia,Bandeen,Fidelia.Bandeen@yopmail.com,Fidelia.Bandeen@gmail.com,police officer,12784
12884,Adelle,Craggie,Adelle.Craggie@yopmail.com,Adelle.Craggie@gmail.com,firefighter,12785
12885,Doralynne,Chinua,Doralynne.Chinua@yopmail.com,Doralynne.Chinua@gmail.com,doctor,12786
12886,Consuela,Penelopa,Consuela.Penelopa@yopmail.com,Consuela.Penelopa@gmail.com,worker,12787
12887,Celestyna,Wenoa,Celestyna.Wenoa@yopmail.com,Celestyna.Wenoa@gmail.com,firefighter,12788
12888,Elise,Linehan,Elise.Linehan@yopmail.com,Elise.Linehan@gmail.com,developer,12789
12889,Trixi,Cornelia,Trixi.Cornelia@yopmail.com,Trixi.Cornelia@gmail.com,doctor,12790
12890,Claudina,Ricki,Claudina.Ricki@yopmail.com,Claudina.Ricki@gmail.com,firefighter,12791
12891,Miquela,Strephon,Miquela.Strephon@yopmail.com,Miquela.Strephon@gmail.com,doctor,12792
12892,Wynne,Fabiola,Wynne.Fabiola@yopmail.com,Wynne.Fabiola@gmail.com,police officer,12793
12893,Annice,Chapland,Annice.Chapland@yopmail.com,Annice.Chapland@gmail.com,developer,12794
12894,Celisse,Nester,Celisse.Nester@yopmail.com,Celisse.Nester@gmail.com,worker,12795
12895,Gui,Shuler,Gui.Shuler@yopmail.com,Gui.Shuler@gmail.com,worker,12796
12896,Concettina,Killigrew,Concettina.Killigrew@yopmail.com,Concettina.Killigrew@gmail.com,developer,12797
12897,Chickie,Secrest,Chickie.Secrest@yopmail.com,Chickie.Secrest@gmail.com,firefighter,12798
12898,Hildegaard,Juan,Hildegaard.Juan@yopmail.com,Hildegaard.Juan@gmail.com,doctor,12799
12899,Lynde,Rodmann,Lynde.Rodmann@yopmail.com,Lynde.Rodmann@gmail.com,firefighter,12800
12900,Elise,Gibbeon,Elise.Gibbeon@yopmail.com,Elise.Gibbeon@gmail.com,firefighter,12801
12901,Nikki,Swigart,Nikki.Swigart@yopmail.com,Nikki.Swigart@gmail.com,developer,12802
12902,Roberta,Nickola,Roberta.Nickola@yopmail.com,Roberta.Nickola@gmail.com,police officer,12803
12903,Olwen,Vharat,Olwen.Vharat@yopmail.com,Olwen.Vharat@gmail.com,worker,12804
12904,Iseabal,Rurik,Iseabal.Rurik@yopmail.com,Iseabal.Rurik@gmail.com,worker,12805
12905,Aurore,Jefferey,Aurore.Jefferey@yopmail.com,Aurore.Jefferey@gmail.com,firefighter,12806
12906,Lory,Denis,Lory.Denis@yopmail.com,Lory.Denis@gmail.com,developer,12807
12907,Alexine,Saint,Alexine.Saint@yopmail.com,Alexine.Saint@gmail.com,developer,12808
12908,Nerta,Bendick,Nerta.Bendick@yopmail.com,Nerta.Bendick@gmail.com,police officer,12809
12909,Madelle,Miru,Madelle.Miru@yopmail.com,Madelle.Miru@gmail.com,firefighter,12810
12910,Asia,Dimitris,Asia.Dimitris@yopmail.com,Asia.Dimitris@gmail.com,worker,12811
12911,Kary,Guthrie,Kary.Guthrie@yopmail.com,Kary.Guthrie@gmail.com,developer,12812
12912,Tani,Irmine,Tani.Irmine@yopmail.com,Tani.Irmine@gmail.com,doctor,12813
12913,Pollyanna,Martsen,Pollyanna.Martsen@yopmail.com,Pollyanna.Martsen@gmail.com,doctor,12814
12914,Nadine,Rossner,Nadine.Rossner@yopmail.com,Nadine.Rossner@gmail.com,worker,12815
12915,Gwyneth,Muriel,Gwyneth.Muriel@yopmail.com,Gwyneth.Muriel@gmail.com,developer,12816
12916,Lucille,Oster,Lucille.Oster@yopmail.com,Lucille.Oster@gmail.com,police officer,12817
12917,Jaclyn,Bahr,Jaclyn.Bahr@yopmail.com,Jaclyn.Bahr@gmail.com,doctor,12818
12918,Cacilie,Bennie,Cacilie.Bennie@yopmail.com,Cacilie.Bennie@gmail.com,police officer,12819
12919,Jenilee,Armanda,Jenilee.Armanda@yopmail.com,Jenilee.Armanda@gmail.com,doctor,12820
12920,Trudie,Tamsky,Trudie.Tamsky@yopmail.com,Trudie.Tamsky@gmail.com,worker,12821
12921,Margalo,Talia,Margalo.Talia@yopmail.com,Margalo.Talia@gmail.com,firefighter,12822
12922,Leanna,Mike,Leanna.Mike@yopmail.com,Leanna.Mike@gmail.com,developer,12823
12923,Clo,Fillbert,Clo.Fillbert@yopmail.com,Clo.Fillbert@gmail.com,developer,12824
12924,Leeanne,Evvie,Leeanne.Evvie@yopmail.com,Leeanne.Evvie@gmail.com,worker,12825
12925,Sara-Ann,Chaing,Sara-Ann.Chaing@yopmail.com,Sara-Ann.Chaing@gmail.com,police officer,12826
12926,Layla,Rocray,Layla.Rocray@yopmail.com,Layla.Rocray@gmail.com,developer,12827
12927,Steffane,Earlie,Steffane.Earlie@yopmail.com,Steffane.Earlie@gmail.com,worker,12828
12928,Rosene,Felizio,Rosene.Felizio@yopmail.com,Rosene.Felizio@gmail.com,doctor,12829
12929,Shaine,Rocray,Shaine.Rocray@yopmail.com,Shaine.Rocray@gmail.com,worker,12830
12930,Kassey,Hortensia,Kassey.Hortensia@yopmail.com,Kassey.Hortensia@gmail.com,doctor,12831
12931,Rhea,Campball,Rhea.Campball@yopmail.com,Rhea.Campball@gmail.com,firefighter,12832
12932,Angela,Nelsen,Angela.Nelsen@yopmail.com,Angela.Nelsen@gmail.com,police officer,12833
12933,Pearline,Wu,Pearline.Wu@yopmail.com,Pearline.Wu@gmail.com,worker,12834
12934,Annice,Blisse,Annice.Blisse@yopmail.com,Annice.Blisse@gmail.com,police officer,12835
12935,Dianemarie,Noelyn,Dianemarie.Noelyn@yopmail.com,Dianemarie.Noelyn@gmail.com,doctor,12836
12936,Kylynn,Anis,Kylynn.Anis@yopmail.com,Kylynn.Anis@gmail.com,doctor,12837
12937,Brianna,O'Rourke,Brianna.O'Rourke@yopmail.com,Brianna.O'Rourke@gmail.com,doctor,12838
12938,Evita,Devlen,Evita.Devlen@yopmail.com,Evita.Devlen@gmail.com,developer,12839
12939,Rozele,Trey,Rozele.Trey@yopmail.com,Rozele.Trey@gmail.com,police officer,12840
12940,Gavrielle,Dunkin,Gavrielle.Dunkin@yopmail.com,Gavrielle.Dunkin@gmail.com,developer,12841
12941,Leeanne,Christal,Leeanne.Christal@yopmail.com,Leeanne.Christal@gmail.com,developer,12842
12942,Josephine,Tound,Josephine.Tound@yopmail.com,Josephine.Tound@gmail.com,developer,12843
12943,Theodora,Hortensia,Theodora.Hortensia@yopmail.com,Theodora.Hortensia@gmail.com,worker,12844
12944,Konstance,Sholley,Konstance.Sholley@yopmail.com,Konstance.Sholley@gmail.com,developer,12845
12945,Meg,Lauraine,Meg.Lauraine@yopmail.com,Meg.Lauraine@gmail.com,firefighter,12846
12946,Kaja,Dituri,Kaja.Dituri@yopmail.com,Kaja.Dituri@gmail.com,police officer,12847
12947,Jordan,Ioab,Jordan.Ioab@yopmail.com,Jordan.Ioab@gmail.com,doctor,12848
12948,Annice,Kamaria,Annice.Kamaria@yopmail.com,Annice.Kamaria@gmail.com,worker,12849
12949,Rozele,Chem,Rozele.Chem@yopmail.com,Rozele.Chem@gmail.com,police officer,12850
12950,Dyann,Darbie,Dyann.Darbie@yopmail.com,Dyann.Darbie@gmail.com,doctor,12851
12951,Tomasina,Monaco,Tomasina.Monaco@yopmail.com,Tomasina.Monaco@gmail.com,police officer,12852
12952,Perry,Glovsky,Perry.Glovsky@yopmail.com,Perry.Glovsky@gmail.com,developer,12853
12953,Bettine,Hartnett,Bettine.Hartnett@yopmail.com,Bettine.Hartnett@gmail.com,doctor,12854
12954,Mary,Simmonds,Mary.Simmonds@yopmail.com,Mary.Simmonds@gmail.com,doctor,12855
12955,Krystle,Adalbert,Krystle.Adalbert@yopmail.com,Krystle.Adalbert@gmail.com,doctor,12856
12956,Sharlene,Haerr,Sharlene.Haerr@yopmail.com,Sharlene.Haerr@gmail.com,firefighter,12857
12957,Gale,Stoller,Gale.Stoller@yopmail.com,Gale.Stoller@gmail.com,developer,12858
12958,Emma,Joseph,Emma.Joseph@yopmail.com,Emma.Joseph@gmail.com,developer,12859
12959,Valeda,Lareena,Valeda.Lareena@yopmail.com,Valeda.Lareena@gmail.com,developer,12860
12960,Tomasina,Soneson,Tomasina.Soneson@yopmail.com,Tomasina.Soneson@gmail.com,police officer,12861
12961,Carol-Jean,Valerio,Carol-Jean.Valerio@yopmail.com,Carol-Jean.Valerio@gmail.com,police officer,12862
12962,Elyssa,Demitria,Elyssa.Demitria@yopmail.com,Elyssa.Demitria@gmail.com,developer,12863
12963,Ashlee,Wesle,Ashlee.Wesle@yopmail.com,Ashlee.Wesle@gmail.com,firefighter,12864
12964,Sam,Harned,Sam.Harned@yopmail.com,Sam.Harned@gmail.com,doctor,12865
12965,Sallie,Berne,Sallie.Berne@yopmail.com,Sallie.Berne@gmail.com,worker,12866
12966,Bobinette,Croix,Bobinette.Croix@yopmail.com,Bobinette.Croix@gmail.com,firefighter,12867
12967,Fanchon,Marden,Fanchon.Marden@yopmail.com,Fanchon.Marden@gmail.com,developer,12868
12968,Gretal,Katrine,Gretal.Katrine@yopmail.com,Gretal.Katrine@gmail.com,firefighter,12869
12969,Adele,Raama,Adele.Raama@yopmail.com,Adele.Raama@gmail.com,developer,12870
12970,Molli,Hylan,Molli.Hylan@yopmail.com,Molli.Hylan@gmail.com,police officer,12871
12971,Lindie,Guthrie,Lindie.Guthrie@yopmail.com,Lindie.Guthrie@gmail.com,worker,12872
12972,Ekaterina,Vins,Ekaterina.Vins@yopmail.com,Ekaterina.Vins@gmail.com,police officer,12873
12973,Cassondra,Presber,Cassondra.Presber@yopmail.com,Cassondra.Presber@gmail.com,doctor,12874
12974,Brianna,Stuart,Brianna.Stuart@yopmail.com,Brianna.Stuart@gmail.com,doctor,12875
12975,Debee,Cullin,Debee.Cullin@yopmail.com,Debee.Cullin@gmail.com,police officer,12876
12976,Frieda,Eben,Frieda.Eben@yopmail.com,Frieda.Eben@gmail.com,firefighter,12877
12977,Emma,Letsou,Emma.Letsou@yopmail.com,Emma.Letsou@gmail.com,worker,12878
12978,Caryl,Joli,Caryl.Joli@yopmail.com,Caryl.Joli@gmail.com,firefighter,12879
12979,Vivia,Zenas,Vivia.Zenas@yopmail.com,Vivia.Zenas@gmail.com,worker,12880
12980,Kate,Tiffa,Kate.Tiffa@yopmail.com,Kate.Tiffa@gmail.com,firefighter,12881
12981,Mariele,Fleeta,Mariele.Fleeta@yopmail.com,Mariele.Fleeta@gmail.com,worker,12882
12982,Veda,Hanleigh,Veda.Hanleigh@yopmail.com,Veda.Hanleigh@gmail.com,worker,12883
12983,Regina,Oneida,Regina.Oneida@yopmail.com,Regina.Oneida@gmail.com,police officer,12884
12984,Aryn,Paine,Aryn.Paine@yopmail.com,Aryn.Paine@gmail.com,developer,12885
12985,Mary,Toni,Mary.Toni@yopmail.com,Mary.Toni@gmail.com,developer,12886
12986,Trixi,Ochs,Trixi.Ochs@yopmail.com,Trixi.Ochs@gmail.com,developer,12887
12987,Glenda,Jethro,Glenda.Jethro@yopmail.com,Glenda.Jethro@gmail.com,worker,12888
12988,Micheline,Barbey,Micheline.Barbey@yopmail.com,Micheline.Barbey@gmail.com,police officer,12889
12989,Nataline,Podvin,Nataline.Podvin@yopmail.com,Nataline.Podvin@gmail.com,developer,12890
12990,Celestyna,Voletta,Celestyna.Voletta@yopmail.com,Celestyna.Voletta@gmail.com,doctor,12891
12991,Giustina,Lasley,Giustina.Lasley@yopmail.com,Giustina.Lasley@gmail.com,police officer,12892
12992,Dede,Engdahl,Dede.Engdahl@yopmail.com,Dede.Engdahl@gmail.com,firefighter,12893
12993,Betta,Bertold,Betta.Bertold@yopmail.com,Betta.Bertold@gmail.com,developer,12894
12994,Ayn,Matthew,Ayn.Matthew@yopmail.com,Ayn.Matthew@gmail.com,firefighter,12895
12995,Carly,Orlene,Carly.Orlene@yopmail.com,Carly.Orlene@gmail.com,doctor,12896
12996,Janis,Jethro,Janis.Jethro@yopmail.com,Janis.Jethro@gmail.com,firefighter,12897
12997,Berget,My,Berget.My@yopmail.com,Berget.My@gmail.com,police officer,12898
12998,Rosaline,Jillane,Rosaline.Jillane@yopmail.com,Rosaline.Jillane@gmail.com,worker,12899
12999,Dania,Screens,Dania.Screens@yopmail.com,Dania.Screens@gmail.com,doctor,12900
13000,Nicoli,Dowski,Nicoli.Dowski@yopmail.com,Nicoli.Dowski@gmail.com,developer,12901
13001,Dania,Sperling,Dania.Sperling@yopmail.com,Dania.Sperling@gmail.com,firefighter,12902
13002,Ricky,Edvard,Ricky.Edvard@yopmail.com,Ricky.Edvard@gmail.com,worker,12903
13003,Kary,Syd,Kary.Syd@yopmail.com,Kary.Syd@gmail.com,firefighter,12904
13004,Jeanna,Rozanna,Jeanna.Rozanna@yopmail.com,Jeanna.Rozanna@gmail.com,firefighter,12905
13005,Joeann,Schwejda,Joeann.Schwejda@yopmail.com,Joeann.Schwejda@gmail.com,firefighter,12906
13006,Cassondra,Moseley,Cassondra.Moseley@yopmail.com,Cassondra.Moseley@gmail.com,firefighter,12907
13007,Aigneis,Himelman,Aigneis.Himelman@yopmail.com,Aigneis.Himelman@gmail.com,developer,12908
13008,Fredericka,Sawtelle,Fredericka.Sawtelle@yopmail.com,Fredericka.Sawtelle@gmail.com,worker,12909
13009,Babita,Swigart,Babita.Swigart@yopmail.com,Babita.Swigart@gmail.com,developer,12910
13010,Fernande,Hewitt,Fernande.Hewitt@yopmail.com,Fernande.Hewitt@gmail.com,worker,12911
13011,Caressa,Felecia,Caressa.Felecia@yopmail.com,Caressa.Felecia@gmail.com,firefighter,12912
13012,Ivett,Cimbura,Ivett.Cimbura@yopmail.com,Ivett.Cimbura@gmail.com,doctor,12913
13013,Loree,Brittani,Loree.Brittani@yopmail.com,Loree.Brittani@gmail.com,developer,12914
13014,Phylis,Elsinore,Phylis.Elsinore@yopmail.com,Phylis.Elsinore@gmail.com,firefighter,12915
13015,Angela,Mich,Angela.Mich@yopmail.com,Angela.Mich@gmail.com,firefighter,12916
13016,Leontine,Sheng,Leontine.Sheng@yopmail.com,Leontine.Sheng@gmail.com,police officer,12917
13017,Dari,Gusella,Dari.Gusella@yopmail.com,Dari.Gusella@gmail.com,developer,12918
13018,Daphne,Pearse,Daphne.Pearse@yopmail.com,Daphne.Pearse@gmail.com,doctor,12919
13019,Karena,Francene,Karena.Francene@yopmail.com,Karena.Francene@gmail.com,worker,12920
13020,Maridel,Thunell,Maridel.Thunell@yopmail.com,Maridel.Thunell@gmail.com,police officer,12921
13021,Cassondra,Rhu,Cassondra.Rhu@yopmail.com,Cassondra.Rhu@gmail.com,doctor,12922
13022,Winifred,Mehalek,Winifred.Mehalek@yopmail.com,Winifred.Mehalek@gmail.com,police officer,12923
13023,Devina,Bendick,Devina.Bendick@yopmail.com,Devina.Bendick@gmail.com,developer,12924
13024,Annora,Isidore,Annora.Isidore@yopmail.com,Annora.Isidore@gmail.com,doctor,12925
13025,Kate,Israeli,Kate.Israeli@yopmail.com,Kate.Israeli@gmail.com,worker,12926
13026,Elie,August,Elie.August@yopmail.com,Elie.August@gmail.com,worker,12927
13027,Jacenta,Grobe,Jacenta.Grobe@yopmail.com,Jacenta.Grobe@gmail.com,firefighter,12928
13028,Adore,Goth,Adore.Goth@yopmail.com,Adore.Goth@gmail.com,police officer,12929
13029,Robinia,Vharat,Robinia.Vharat@yopmail.com,Robinia.Vharat@gmail.com,police officer,12930
13030,Alia,Claudine,Alia.Claudine@yopmail.com,Alia.Claudine@gmail.com,firefighter,12931
13031,Penelopa,Cavan,Penelopa.Cavan@yopmail.com,Penelopa.Cavan@gmail.com,worker,12932
13032,Angela,Annice,Angela.Annice@yopmail.com,Angela.Annice@gmail.com,developer,12933
13033,Anica,Taima,Anica.Taima@yopmail.com,Anica.Taima@gmail.com,developer,12934
13034,Tierney,Lunsford,Tierney.Lunsford@yopmail.com,Tierney.Lunsford@gmail.com,doctor,12935
13035,Darci,Avi,Darci.Avi@yopmail.com,Darci.Avi@gmail.com,worker,12936
13036,Lyssa,Dyche,Lyssa.Dyche@yopmail.com,Lyssa.Dyche@gmail.com,developer,12937
13037,Lilith,Chick,Lilith.Chick@yopmail.com,Lilith.Chick@gmail.com,firefighter,12938
13038,Brietta,McGrody,Brietta.McGrody@yopmail.com,Brietta.McGrody@gmail.com,doctor,12939
13039,Elvira,Roscoe,Elvira.Roscoe@yopmail.com,Elvira.Roscoe@gmail.com,firefighter,12940
13040,Dorthy,Urias,Dorthy.Urias@yopmail.com,Dorthy.Urias@gmail.com,police officer,12941
13041,Emylee,Regan,Emylee.Regan@yopmail.com,Emylee.Regan@gmail.com,developer,12942
13042,Jany,Willie,Jany.Willie@yopmail.com,Jany.Willie@gmail.com,worker,12943
13043,Meg,Silvan,Meg.Silvan@yopmail.com,Meg.Silvan@gmail.com,doctor,12944
13044,Celene,Colyer,Celene.Colyer@yopmail.com,Celene.Colyer@gmail.com,developer,12945
13045,Kore,Niles,Kore.Niles@yopmail.com,Kore.Niles@gmail.com,police officer,12946
13046,Harrietta,Marsden,Harrietta.Marsden@yopmail.com,Harrietta.Marsden@gmail.com,firefighter,12947
13047,Laurene,Keily,Laurene.Keily@yopmail.com,Laurene.Keily@gmail.com,doctor,12948
13048,Karena,Shields,Karena.Shields@yopmail.com,Karena.Shields@gmail.com,police officer,12949
13049,Feliza,Gert,Feliza.Gert@yopmail.com,Feliza.Gert@gmail.com,police officer,12950
13050,Antonietta,Chick,Antonietta.Chick@yopmail.com,Antonietta.Chick@gmail.com,developer,12951
13051,Nannie,Chesna,Nannie.Chesna@yopmail.com,Nannie.Chesna@gmail.com,developer,12952
13052,Peri,Hubert,Peri.Hubert@yopmail.com,Peri.Hubert@gmail.com,doctor,12953
13053,Konstance,Zuzana,Konstance.Zuzana@yopmail.com,Konstance.Zuzana@gmail.com,developer,12954
13054,Thalia,Tacye,Thalia.Tacye@yopmail.com,Thalia.Tacye@gmail.com,firefighter,12955
13055,Chastity,Martsen,Chastity.Martsen@yopmail.com,Chastity.Martsen@gmail.com,doctor,12956
13056,Amii,Arquit,Amii.Arquit@yopmail.com,Amii.Arquit@gmail.com,developer,12957
13057,Janey,Gaspard,Janey.Gaspard@yopmail.com,Janey.Gaspard@gmail.com,developer,12958
13058,Wendi,Maurine,Wendi.Maurine@yopmail.com,Wendi.Maurine@gmail.com,developer,12959
13059,Ariela,Demitria,Ariela.Demitria@yopmail.com,Ariela.Demitria@gmail.com,police officer,12960
13060,Pamella,Caitlin,Pamella.Caitlin@yopmail.com,Pamella.Caitlin@gmail.com,firefighter,12961
13061,Magdalena,Ruvolo,Magdalena.Ruvolo@yopmail.com,Magdalena.Ruvolo@gmail.com,police officer,12962
13062,Viviene,Dearborn,Viviene.Dearborn@yopmail.com,Viviene.Dearborn@gmail.com,doctor,12963
13063,Lusa,Roche,Lusa.Roche@yopmail.com,Lusa.Roche@gmail.com,doctor,12964
13064,Orelia,Wildermuth,Orelia.Wildermuth@yopmail.com,Orelia.Wildermuth@gmail.com,developer,12965
13065,Lynea,Noman,Lynea.Noman@yopmail.com,Lynea.Noman@gmail.com,developer,12966
13066,Charmaine,Gombach,Charmaine.Gombach@yopmail.com,Charmaine.Gombach@gmail.com,worker,12967
13067,Helsa,Kellby,Helsa.Kellby@yopmail.com,Helsa.Kellby@gmail.com,developer,12968
13068,Vivia,Chick,Vivia.Chick@yopmail.com,Vivia.Chick@gmail.com,firefighter,12969
13069,Bibby,Phaidra,Bibby.Phaidra@yopmail.com,Bibby.Phaidra@gmail.com,firefighter,12970
13070,Winifred,Thilda,Winifred.Thilda@yopmail.com,Winifred.Thilda@gmail.com,firefighter,12971
13071,Orelia,Gibbeon,Orelia.Gibbeon@yopmail.com,Orelia.Gibbeon@gmail.com,firefighter,12972
13072,Alejandra,Berard,Alejandra.Berard@yopmail.com,Alejandra.Berard@gmail.com,doctor,12973
13073,Alyda,Lalitta,Alyda.Lalitta@yopmail.com,Alyda.Lalitta@gmail.com,developer,12974
13074,Kayla,Hortensia,Kayla.Hortensia@yopmail.com,Kayla.Hortensia@gmail.com,firefighter,12975
13075,Orelia,Harned,Orelia.Harned@yopmail.com,Orelia.Harned@gmail.com,worker,12976
13076,Valeda,Croix,Valeda.Croix@yopmail.com,Valeda.Croix@gmail.com,doctor,12977
13077,Jinny,Dunkin,Jinny.Dunkin@yopmail.com,Jinny.Dunkin@gmail.com,police officer,12978
13078,Violet,Korey,Violet.Korey@yopmail.com,Violet.Korey@gmail.com,developer,12979
13079,Caressa,Radu,Caressa.Radu@yopmail.com,Caressa.Radu@gmail.com,worker,12980
13080,Nyssa,Faust,Nyssa.Faust@yopmail.com,Nyssa.Faust@gmail.com,developer,12981
13081,Bertine,Baptlsta,Bertine.Baptlsta@yopmail.com,Bertine.Baptlsta@gmail.com,worker,12982
13082,Evita,Gabrielli,Evita.Gabrielli@yopmail.com,Evita.Gabrielli@gmail.com,doctor,12983
13083,Hannis,Sherrie,Hannis.Sherrie@yopmail.com,Hannis.Sherrie@gmail.com,developer,12984
13084,Shauna,Beebe,Shauna.Beebe@yopmail.com,Shauna.Beebe@gmail.com,firefighter,12985
13085,Melodie,Karna,Melodie.Karna@yopmail.com,Melodie.Karna@gmail.com,police officer,12986
13086,Inga,Leifeste,Inga.Leifeste@yopmail.com,Inga.Leifeste@gmail.com,developer,12987
13087,Melodie,Dulciana,Melodie.Dulciana@yopmail.com,Melodie.Dulciana@gmail.com,police officer,12988
13088,Nickie,O'Rourke,Nickie.O'Rourke@yopmail.com,Nickie.O'Rourke@gmail.com,firefighter,12989
13089,Danny,Carlson,Danny.Carlson@yopmail.com,Danny.Carlson@gmail.com,worker,12990
13090,Jemie,Thornburg,Jemie.Thornburg@yopmail.com,Jemie.Thornburg@gmail.com,developer,12991
13091,Gaylene,Gwenore,Gaylene.Gwenore@yopmail.com,Gaylene.Gwenore@gmail.com,police officer,12992
13092,Tarra,Soneson,Tarra.Soneson@yopmail.com,Tarra.Soneson@gmail.com,police officer,12993
13093,Liana,Baudin,Liana.Baudin@yopmail.com,Liana.Baudin@gmail.com,firefighter,12994
13094,Madalyn,Zenas,Madalyn.Zenas@yopmail.com,Madalyn.Zenas@gmail.com,developer,12995
13095,Adriana,Katrine,Adriana.Katrine@yopmail.com,Adriana.Katrine@gmail.com,worker,12996
13096,Audrie,Cherianne,Audrie.Cherianne@yopmail.com,Audrie.Cherianne@gmail.com,police officer,12997
13097,Rebeca,Leler,Rebeca.Leler@yopmail.com,Rebeca.Leler@gmail.com,doctor,12998
13098,Ira,Taam,Ira.Taam@yopmail.com,Ira.Taam@gmail.com,firefighter,12999
13099,Emmey,Alva,Emmey.Alva@yopmail.com,Emmey.Alva@gmail.com,doctor,13000
