id,firstname,lastname,email,email2,profession,Field Name
12600,Zia,Blase,Zia.Blase@yopmail.com,Zia.Blase@gmail.com,firefighter,12501
12601,Selia,Burch,Selia.Burch@yopmail.com,Selia.Burch@gmail.com,developer,12502
12602,Marline,Horan,Marline.Horan@yopmail.com,Marline.Horan@gmail.com,developer,12503
12603,Alejandra,Pacorro,Alejandra.Pacorro@yopmail.com,Alejandra.Pacorro@gmail.com,developer,12504
12604,Sindee,Allare,Sindee.Allare@yopmail.com,Sindee.Allare@gmail.com,worker,12505
12605,Fawne,Jalbert,Fawne.Jalbert@yopmail.com,Fawne.Jalbert@gmail.com,worker,12506
12606,Delilah,Olin,Delilah.Olin@yopmail.com,Delilah.Olin@gmail.com,doctor,12507
12607,Gui,Skurnik,Gui.Skurnik@yopmail.com,Gui.Skurnik@gmail.com,doctor,12508
12608,Ginnie,Faria,Ginnie.Faria@yopmail.com,Ginnie.Faria@gmail.com,worker,12509
12609,Ninnetta,Jacobah,Ninnetta.Jacobah@yopmail.com,Ninnetta.Jacobah@gmail.com,firefighter,12510
12610,Cyb,Jerald,Cyb.Jerald@yopmail.com,Cyb.Jerald@gmail.com,police officer,12511
12611,Krystle,Eckblad,Krystle.Eckblad@yopmail.com,Krystle.Eckblad@gmail.com,doctor,12512
12612,Wilma,Viddah,Wilma.Viddah@yopmail.com,Wilma.Viddah@gmail.com,firefighter,12513
12613,Clo,Hoenack,Clo.Hoenack@yopmail.com,Clo.Hoenack@gmail.com,developer,12514
12614,Justinn,Giff,Justinn.Giff@yopmail.com,Justinn.Giff@gmail.com,worker,12515
12615,Tracey,Goth,Tracey.Goth@yopmail.com,Tracey.Goth@gmail.com,firefighter,12516
12616,Corene,Thad,Corene.Thad@yopmail.com,Corene.Thad@gmail.com,worker,12517
12617,Annora,Aurelio,Annora.Aurelio@yopmail.com,Annora.Aurelio@gmail.com,developer,12518
12618,Arabel,Bury,Arabel.Bury@yopmail.com,Arabel.Bury@gmail.com,firefighter,12519
12619,Fred,Colyer,Fred.Colyer@yopmail.com,Fred.Colyer@gmail.com,worker,12520
12620,Wynne,Donell,Wynne.Donell@yopmail.com,Wynne.Donell@gmail.com,firefighter,12521
12621,Kimmy,Velick,Kimmy.Velick@yopmail.com,Kimmy.Velick@gmail.com,doctor,12522
12622,Bettine,Sprage,Bettine.Sprage@yopmail.com,Bettine.Sprage@gmail.com,doctor,12523
12623,Sidoney,Franza,Sidoney.Franza@yopmail.com,Sidoney.Franza@gmail.com,developer,12524
12624,Cathie,Suk,Cathie.Suk@yopmail.com,Cathie.Suk@gmail.com,developer,12525
12625,Kaia,Sandye,Kaia.Sandye@yopmail.com,Kaia.Sandye@gmail.com,doctor,12526
12626,Drucie,Baudin,Drucie.Baudin@yopmail.com,Drucie.Baudin@gmail.com,developer,12527
12627,Sidoney,Jary,Sidoney.Jary@yopmail.com,Sidoney.Jary@gmail.com,doctor,12528
12628,Fred,Kristi,Fred.Kristi@yopmail.com,Fred.Kristi@gmail.com,worker,12529
12629,Inga,Edvard,Inga.Edvard@yopmail.com,Inga.Edvard@gmail.com,firefighter,12530
12630,Belinda,Maxi,Belinda.Maxi@yopmail.com,Belinda.Maxi@gmail.com,developer,12531
12631,Antonietta,Raychel,Antonietta.Raychel@yopmail.com,Antonietta.Raychel@gmail.com,worker,12532
12632,Selia,Maryanne,Selia.Maryanne@yopmail.com,Selia.Maryanne@gmail.com,police officer,12533
12633,Lanae,Sprage,Lanae.Sprage@yopmail.com,Lanae.Sprage@gmail.com,developer,12534
12634,Amalie,Telfer,Amalie.Telfer@yopmail.com,Amalie.Telfer@gmail.com,police officer,12535
12635,Janeczka,Ledah,Janeczka.Ledah@yopmail.com,Janeczka.Ledah@gmail.com,police officer,12536
12636,Cam,Billye,Cam.Billye@yopmail.com,Cam.Billye@gmail.com,police officer,12537
12637,Leona,Noam,Leona.Noam@yopmail.com,Leona.Noam@gmail.com,developer,12538
12638,Norine,Cyrie,Norine.Cyrie@yopmail.com,Norine.Cyrie@gmail.com,doctor,12539
12639,Codie,Izaak,Codie.Izaak@yopmail.com,Codie.Izaak@gmail.com,worker,12540
12640,Pamella,Yerkovich,Pamella.Yerkovich@yopmail.com,Pamella.Yerkovich@gmail.com,doctor,12541
12641,Shell,Fontana,Shell.Fontana@yopmail.com,Shell.Fontana@gmail.com,firefighter,12542
12642,Margalo,Skell,Margalo.Skell@yopmail.com,Margalo.Skell@gmail.com,firefighter,12543
12643,Correy,Capello,Correy.Capello@yopmail.com,Correy.Capello@gmail.com,police officer,12544
12644,Lucille,Catie,Lucille.Catie@yopmail.com,Lucille.Catie@gmail.com,firefighter,12545
12645,Janey,Mintz,Janey.Mintz@yopmail.com,Janey.Mintz@gmail.com,developer,12546
12646,Oralee,Penelopa,Oralee.Penelopa@yopmail.com,Oralee.Penelopa@gmail.com,worker,12547
12647,Ermengarde,Clarissa,Ermengarde.Clarissa@yopmail.com,Ermengarde.Clarissa@gmail.com,doctor,12548
12648,Gwenneth,Doig,Gwenneth.Doig@yopmail.com,Gwenneth.Doig@gmail.com,doctor,12549
12649,Therine,Rozanna,Therine.Rozanna@yopmail.com,Therine.Rozanna@gmail.com,doctor,12550
12650,Dale,Pacorro,Dale.Pacorro@yopmail.com,Dale.Pacorro@gmail.com,police officer,12551
12651,Ezmeralda,Bultman,Ezmeralda.Bultman@yopmail.com,Ezmeralda.Bultman@gmail.com,firefighter,12552
12652,Kirbee,Burch,Kirbee.Burch@yopmail.com,Kirbee.Burch@gmail.com,firefighter,12553
12653,Fawne,Libna,Fawne.Libna@yopmail.com,Fawne.Libna@gmail.com,police officer,12554
12654,Helena,Lauraine,Helena.Lauraine@yopmail.com,Helena.Lauraine@gmail.com,doctor,12555
12655,Yolane,Durante,Yolane.Durante@yopmail.com,Yolane.Durante@gmail.com,developer,12556
12656,Nonnah,Dorothy,Nonnah.Dorothy@yopmail.com,Nonnah.Dorothy@gmail.com,developer,12557
12657,Tilly,Rodmann,Tilly.Rodmann@yopmail.com,Tilly.Rodmann@gmail.com,developer,12558
12658,Iseabal,Wooster,Iseabal.Wooster@yopmail.com,Iseabal.Wooster@gmail.com,police officer,12559
12659,Corly,Sherrie,Corly.Sherrie@yopmail.com,Corly.Sherrie@gmail.com,doctor,12560
12660,Rayna,Boycey,Rayna.Boycey@yopmail.com,Rayna.Boycey@gmail.com,firefighter,12561
12661,Abbie,Dunkin,Abbie.Dunkin@yopmail.com,Abbie.Dunkin@gmail.com,developer,12562
12662,Netty,Dimitris,Netty.Dimitris@yopmail.com,Netty.Dimitris@gmail.com,worker,12563
12663,Kassey,Durante,Kassey.Durante@yopmail.com,Kassey.Durante@gmail.com,worker,12564
12664,Wilma,Barbey,Wilma.Barbey@yopmail.com,Wilma.Barbey@gmail.com,firefighter,12565
12665,Olwen,Sperling,Olwen.Sperling@yopmail.com,Olwen.Sperling@gmail.com,doctor,12566
12666,Ayn,Clarissa,Ayn.Clarissa@yopmail.com,Ayn.Clarissa@gmail.com,police officer,12567
12667,Eadie,Tatianas,Eadie.Tatianas@yopmail.com,Eadie.Tatianas@gmail.com,firefighter,12568
12668,Helsa,Thornburg,Helsa.Thornburg@yopmail.com,Helsa.Thornburg@gmail.com,worker,12569
12669,Charmaine,Darbie,Charmaine.Darbie@yopmail.com,Charmaine.Darbie@gmail.com,worker,12570
12670,Evita,Dielu,Evita.Dielu@yopmail.com,Evita.Dielu@gmail.com,firefighter,12571
12671,Britni,Nerita,Britni.Nerita@yopmail.com,Britni.Nerita@gmail.com,worker,12572
12672,Allyce,Erminia,Allyce.Erminia@yopmail.com,Allyce.Erminia@gmail.com,developer,12573
12673,Marika,Shirberg,Marika.Shirberg@yopmail.com,Marika.Shirberg@gmail.com,worker,12574
12674,Kore,Tice,Kore.Tice@yopmail.com,Kore.Tice@gmail.com,worker,12575
12675,Cassondra,Wu,Cassondra.Wu@yopmail.com,Cassondra.Wu@gmail.com,police officer,12576
12676,Millie,Esmaria,Millie.Esmaria@yopmail.com,Millie.Esmaria@gmail.com,doctor,12577
12677,Raf,Lissi,Raf.Lissi@yopmail.com,Raf.Lissi@gmail.com,worker,12578
12678,Rhea,Ardra,Rhea.Ardra@yopmail.com,Rhea.Ardra@gmail.com,doctor,12579
12679,Glenda,Cressida,Glenda.Cressida@yopmail.com,Glenda.Cressida@gmail.com,worker,12580
12680,Desirae,Henrie,Desirae.Henrie@yopmail.com,Desirae.Henrie@gmail.com,firefighter,12581
12681,Ilse,Aloise,Ilse.Aloise@yopmail.com,Ilse.Aloise@gmail.com,doctor,12582
12682,Cissiee,Lewes,Cissiee.Lewes@yopmail.com,Cissiee.Lewes@gmail.com,doctor,12583
12683,Gusella,Sibyls,Gusella.Sibyls@yopmail.com,Gusella.Sibyls@gmail.com,doctor,12584
12684,Ottilie,Gualtiero,Ottilie.Gualtiero@yopmail.com,Ottilie.Gualtiero@gmail.com,police officer,12585
12685,Rochette,Masao,Rochette.Masao@yopmail.com,Rochette.Masao@gmail.com,firefighter,12586
12686,Selia,Seagraves,Selia.Seagraves@yopmail.com,Selia.Seagraves@gmail.com,worker,12587
12687,Jaclyn,Modie,Jaclyn.Modie@yopmail.com,Jaclyn.Modie@gmail.com,developer,12588
12688,Kerrin,Cyrie,Kerrin.Cyrie@yopmail.com,Kerrin.Cyrie@gmail.com,doctor,12589
12689,Christian,Waite,Christian.Waite@yopmail.com,Christian.Waite@gmail.com,worker,12590
12690,Joleen,Johanna,Joleen.Johanna@yopmail.com,Joleen.Johanna@gmail.com,police officer,12591
12691,Kerrin,Dituri,Kerrin.Dituri@yopmail.com,Kerrin.Dituri@gmail.com,developer,12592
12692,Henriette,Rudolph,Henriette.Rudolph@yopmail.com,Henriette.Rudolph@gmail.com,doctor,12593
12693,Latisha,Ogren,Latisha.Ogren@yopmail.com,Latisha.Ogren@gmail.com,worker,12594
12694,Florencia,Ashely,Florencia.Ashely@yopmail.com,Florencia.Ashely@gmail.com,worker,12595
12695,Tierney,Evangelia,Tierney.Evangelia@yopmail.com,Tierney.Evangelia@gmail.com,doctor,12596
12696,Addia,Philoo,Addia.Philoo@yopmail.com,Addia.Philoo@gmail.com,worker,12597
12697,Carolina,Schroth,Carolina.Schroth@yopmail.com,Carolina.Schroth@gmail.com,firefighter,12598
12698,Emma,Zitvaa,Emma.Zitvaa@yopmail.com,Emma.Zitvaa@gmail.com,doctor,12599
12699,Bettine,Joni,Bettine.Joni@yopmail.com,Bettine.Joni@gmail.com,developer,12600
12700,Lesly,Amand,Lesly.Amand@yopmail.com,Lesly.Amand@gmail.com,firefighter,12601
12701,Edith,Wenoa,Edith.Wenoa@yopmail.com,Edith.Wenoa@gmail.com,firefighter,12602
12702,Latisha,Buttaro,Latisha.Buttaro@yopmail.com,Latisha.Buttaro@gmail.com,doctor,12603
12703,Bibby,Faria,Bibby.Faria@yopmail.com,Bibby.Faria@gmail.com,doctor,12604
12704,Edyth,Cristi,Edyth.Cristi@yopmail.com,Edyth.Cristi@gmail.com,doctor,12605
12705,Jordan,Ethban,Jordan.Ethban@yopmail.com,Jordan.Ethban@gmail.com,worker,12606
12706,Myriam,Lanita,Myriam.Lanita@yopmail.com,Myriam.Lanita@gmail.com,developer,12607
12707,Joelly,Tyson,Joelly.Tyson@yopmail.com,Joelly.Tyson@gmail.com,firefighter,12608
12708,Britni,Rillings,Britni.Rillings@yopmail.com,Britni.Rillings@gmail.com,worker,12609
12709,Veda,Cullin,Veda.Cullin@yopmail.com,Veda.Cullin@gmail.com,doctor,12610
12710,Kristina,Iphlgenia,Kristina.Iphlgenia@yopmail.com,Kristina.Iphlgenia@gmail.com,developer,12611
12711,Kittie,Ethban,Kittie.Ethban@yopmail.com,Kittie.Ethban@gmail.com,firefighter,12612
12712,Mildrid,Corilla,Mildrid.Corilla@yopmail.com,Mildrid.Corilla@gmail.com,worker,12613
12713,Ardeen,Edison,Ardeen.Edison@yopmail.com,Ardeen.Edison@gmail.com,doctor,12614
12714,Riannon,Alarise,Riannon.Alarise@yopmail.com,Riannon.Alarise@gmail.com,firefighter,12615
12715,Tiffie,Eliathas,Tiffie.Eliathas@yopmail.com,Tiffie.Eliathas@gmail.com,firefighter,12616
12716,Sheelagh,Myrilla,Sheelagh.Myrilla@yopmail.com,Sheelagh.Myrilla@gmail.com,worker,12617
12717,Corry,Brandice,Corry.Brandice@yopmail.com,Corry.Brandice@gmail.com,worker,12618
12718,Sheree,Rosette,Sheree.Rosette@yopmail.com,Sheree.Rosette@gmail.com,doctor,12619
12719,Viki,Gert,Viki.Gert@yopmail.com,Viki.Gert@gmail.com,firefighter,12620
12720,Regina,Latini,Regina.Latini@yopmail.com,Regina.Latini@gmail.com,developer,12621
12721,Oona,Syd,Oona.Syd@yopmail.com,Oona.Syd@gmail.com,developer,12622
12722,Jsandye,Ephrem,Jsandye.Ephrem@yopmail.com,Jsandye.Ephrem@gmail.com,firefighter,12623
12723,Marline,Giff,Marline.Giff@yopmail.com,Marline.Giff@gmail.com,worker,12624
12724,Blondelle,Keelia,Blondelle.Keelia@yopmail.com,Blondelle.Keelia@gmail.com,doctor,12625
12725,Minda,Teddman,Minda.Teddman@yopmail.com,Minda.Teddman@gmail.com,doctor,12626
12726,Amara,Destinee,Amara.Destinee@yopmail.com,Amara.Destinee@gmail.com,firefighter,12627
12727,Fidelia,Hutchison,Fidelia.Hutchison@yopmail.com,Fidelia.Hutchison@gmail.com,worker,12628
12728,Ira,Lorain,Ira.Lorain@yopmail.com,Ira.Lorain@gmail.com,worker,12629
12729,Constance,Payson,Constance.Payson@yopmail.com,Constance.Payson@gmail.com,worker,12630
12730,Bee,Eugenia,Bee.Eugenia@yopmail.com,Bee.Eugenia@gmail.com,doctor,12631
12731,Ethel,Kenwood,Ethel.Kenwood@yopmail.com,Ethel.Kenwood@gmail.com,firefighter,12632
12732,Fayre,Ellord,Fayre.Ellord@yopmail.com,Fayre.Ellord@gmail.com,firefighter,12633
12733,Vonny,Maroney,Vonny.Maroney@yopmail.com,Vonny.Maroney@gmail.com,worker,12634
12734,Heida,Parsaye,Heida.Parsaye@yopmail.com,Heida.Parsaye@gmail.com,worker,12635
12735,Giustina,Roche,Giustina.Roche@yopmail.com,Giustina.Roche@gmail.com,doctor,12636
12736,Codie,Sidonius,Codie.Sidonius@yopmail.com,Codie.Sidonius@gmail.com,worker,12637
12737,Nariko,Hewitt,Nariko.Hewitt@yopmail.com,Nariko.Hewitt@gmail.com,developer,12638
12738,Susette,Gibbeon,Susette.Gibbeon@yopmail.com,Susette.Gibbeon@gmail.com,police officer,12639
12739,Charissa,Suanne,Charissa.Suanne@yopmail.com,Charissa.Suanne@gmail.com,worker,12640
12740,Orelia,Lareena,Orelia.Lareena@yopmail.com,Orelia.Lareena@gmail.com,doctor,12641
12741,Nita,Zuzana,Nita.Zuzana@yopmail.com,Nita.Zuzana@gmail.com,doctor,12642
12742,Arlena,Berl,Arlena.Berl@yopmail.com,Arlena.Berl@gmail.com,firefighter,12643
12743,Allyce,Elo,Allyce.Elo@yopmail.com,Allyce.Elo@gmail.com,developer,12644
12744,Hyacinthe,Sadowski,Hyacinthe.Sadowski@yopmail.com,Hyacinthe.Sadowski@gmail.com,worker,12645
12745,Annecorinne,Fink,Annecorinne.Fink@yopmail.com,Annecorinne.Fink@gmail.com,firefighter,12646
12746,Amalie,Kimmie,Amalie.Kimmie@yopmail.com,Amalie.Kimmie@gmail.com,developer,12647
12747,Fayre,Riordan,Fayre.Riordan@yopmail.com,Fayre.Riordan@gmail.com,police officer,12648
12748,Celisse,Sothena,Celisse.Sothena@yopmail.com,Celisse.Sothena@gmail.com,doctor,12649
12749,Alameda,Avi,Alameda.Avi@yopmail.com,Alameda.Avi@gmail.com,developer,12650
12750,Rozele,Penelopa,Rozele.Penelopa@yopmail.com,Rozele.Penelopa@gmail.com,worker,12651
12751,Mary,Halla,Mary.Halla@yopmail.com,Mary.Halla@gmail.com,firefighter,12652
12752,Lexine,Shields,Lexine.Shields@yopmail.com,Lexine.Shields@gmail.com,worker,12653
12753,Mariann,Halsey,Mariann.Halsey@yopmail.com,Mariann.Halsey@gmail.com,firefighter,12654
12754,Roz,McNully,Roz.McNully@yopmail.com,Roz.McNully@gmail.com,doctor,12655
12755,Wilma,Loeb,Wilma.Loeb@yopmail.com,Wilma.Loeb@gmail.com,doctor,12656
12756,Fanny,Marcellus,Fanny.Marcellus@yopmail.com,Fanny.Marcellus@gmail.com,worker,12657
12757,Dorice,Hazlett,Dorice.Hazlett@yopmail.com,Dorice.Hazlett@gmail.com,developer,12658
12758,Yvonne,Durware,Yvonne.Durware@yopmail.com,Yvonne.Durware@gmail.com,developer,12659
12759,Mildrid,Merell,Mildrid.Merell@yopmail.com,Mildrid.Merell@gmail.com,doctor,12660
12760,Juliane,Berriman,Juliane.Berriman@yopmail.com,Juliane.Berriman@gmail.com,firefighter,12661
12761,Johna,Emerson,Johna.Emerson@yopmail.com,Johna.Emerson@gmail.com,worker,12662
12762,Moyna,Lauraine,Moyna.Lauraine@yopmail.com,Moyna.Lauraine@gmail.com,developer,12663
12763,Eolanda,Sekofski,Eolanda.Sekofski@yopmail.com,Eolanda.Sekofski@gmail.com,police officer,12664
12764,Roxane,Keelia,Roxane.Keelia@yopmail.com,Roxane.Keelia@gmail.com,worker,12665
12765,Fawne,Barney,Fawne.Barney@yopmail.com,Fawne.Barney@gmail.com,firefighter,12666
12766,Elfreda,Socha,Elfreda.Socha@yopmail.com,Elfreda.Socha@gmail.com,worker,12667
12767,Renie,Boycey,Renie.Boycey@yopmail.com,Renie.Boycey@gmail.com,developer,12668
12768,Janenna,Emmaline,Janenna.Emmaline@yopmail.com,Janenna.Emmaline@gmail.com,doctor,12669
12769,Dorene,Thema,Dorene.Thema@yopmail.com,Dorene.Thema@gmail.com,firefighter,12670
12770,Robbi,Fancie,Robbi.Fancie@yopmail.com,Robbi.Fancie@gmail.com,doctor,12671
12771,Verla,Bryna,Verla.Bryna@yopmail.com,Verla.Bryna@gmail.com,developer,12672
12772,Zsa Zsa,Edmund,Zsa Zsa.Edmund@yopmail.com,Zsa Zsa.Edmund@gmail.com,firefighter,12673
12773,Wileen,Nunci,Wileen.Nunci@yopmail.com,Wileen.Nunci@gmail.com,doctor,12674
12774,Glynnis,Leifeste,Glynnis.Leifeste@yopmail.com,Glynnis.Leifeste@gmail.com,developer,12675
12775,Donnie,Oster,Donnie.Oster@yopmail.com,Donnie.Oster@gmail.com,developer,12676
12776,Ardeen,Marisa,Ardeen.Marisa@yopmail.com,Ardeen.Marisa@gmail.com,worker,12677
12777,Paulita,Ramona,Paulita.Ramona@yopmail.com,Paulita.Ramona@gmail.com,worker,12678
12778,Janey,Read,Janey.Read@yopmail.com,Janey.Read@gmail.com,police officer,12679
12779,Frank,Koehler,Frank.Koehler@yopmail.com,Frank.Koehler@gmail.com,police officer,12680
12780,Viviene,Mandler,Viviene.Mandler@yopmail.com,Viviene.Mandler@gmail.com,police officer,12681
12781,Joleen,Nester,Joleen.Nester@yopmail.com,Joleen.Nester@gmail.com,police officer,12682
12782,Gratia,Arvo,Gratia.Arvo@yopmail.com,Gratia.Arvo@gmail.com,firefighter,12683
12783,Jerry,Marijo,Jerry.Marijo@yopmail.com,Jerry.Marijo@gmail.com,police officer,12684
12784,Clary,Friede,Clary.Friede@yopmail.com,Clary.Friede@gmail.com,doctor,12685
12785,Beatriz,Bow,Beatriz.Bow@yopmail.com,Beatriz.Bow@gmail.com,police officer,12686
12786,Chere,Meli,Chere.Meli@yopmail.com,Chere.Meli@gmail.com,developer,12687
12787,Stevana,Darrell,Stevana.Darrell@yopmail.com,Stevana.Darrell@gmail.com,firefighter,12688
12788,Heida,Nickola,Heida.Nickola@yopmail.com,Heida.Nickola@gmail.com,police officer,12689
12789,Selma,Byrne,Selma.Byrne@yopmail.com,Selma.Byrne@gmail.com,developer,12690
12790,Kristan,Kellby,Kristan.Kellby@yopmail.com,Kristan.Kellby@gmail.com,firefighter,12691
12791,Daphne,Othilia,Daphne.Othilia@yopmail.com,Daphne.Othilia@gmail.com,police officer,12692
12792,Fidelia,Leopold,Fidelia.Leopold@yopmail.com,Fidelia.Leopold@gmail.com,doctor,12693
12793,Marjie,Campball,Marjie.Campball@yopmail.com,Marjie.Campball@gmail.com,doctor,12694
12794,Maud,Amethist,Maud.Amethist@yopmail.com,Maud.Amethist@gmail.com,doctor,12695
12795,Lorne,Rheingold,Lorne.Rheingold@yopmail.com,Lorne.Rheingold@gmail.com,police officer,12696
12796,Inga,Ruvolo,Inga.Ruvolo@yopmail.com,Inga.Ruvolo@gmail.com,police officer,12697
12797,Belinda,Dermott,Belinda.Dermott@yopmail.com,Belinda.Dermott@gmail.com,doctor,12698
12798,Marinna,Charmine,Marinna.Charmine@yopmail.com,Marinna.Charmine@gmail.com,police officer,12699
12799,Lorie,Rugen,Lorie.Rugen@yopmail.com,Lorie.Rugen@gmail.com,firefighter,12700
12800,Delilah,Aida,Delilah.Aida@yopmail.com,Delilah.Aida@gmail.com,doctor,12701
12801,Gale,Alice,Gale.Alice@yopmail.com,Gale.Alice@gmail.com,police officer,12702
12802,Dianemarie,Shuler,Dianemarie.Shuler@yopmail.com,Dianemarie.Shuler@gmail.com,police officer,12703
12803,Latisha,Israeli,Latisha.Israeli@yopmail.com,Latisha.Israeli@gmail.com,worker,12704
12804,Ilse,Allys,Ilse.Allys@yopmail.com,Ilse.Allys@gmail.com,firefighter,12705
12805,Elie,Helfand,Elie.Helfand@yopmail.com,Elie.Helfand@gmail.com,worker,12706
12806,Charmaine,Riordan,Charmaine.Riordan@yopmail.com,Charmaine.Riordan@gmail.com,worker,12707
12807,Halette,Hanleigh,Halette.Hanleigh@yopmail.com,Halette.Hanleigh@gmail.com,firefighter,12708
12808,Betta,Vacuva,Betta.Vacuva@yopmail.com,Betta.Vacuva@gmail.com,worker,12709
12809,Andeee,Cyrie,Andeee.Cyrie@yopmail.com,Andeee.Cyrie@gmail.com,police officer,12710
12810,Roseline,Raul,Roseline.Raul@yopmail.com,Roseline.Raul@gmail.com,developer,12711
12811,Tera,Gillan,Tera.Gillan@yopmail.com,Tera.Gillan@gmail.com,developer,12712
12812,Abbie,Georgy,Abbie.Georgy@yopmail.com,Abbie.Georgy@gmail.com,doctor,12713
12813,Harmonia,Zachary,Harmonia.Zachary@yopmail.com,Harmonia.Zachary@gmail.com,police officer,12714
12814,Gusty,Dermott,Gusty.Dermott@yopmail.com,Gusty.Dermott@gmail.com,developer,12715
12815,Merle,Concha,Merle.Concha@yopmail.com,Merle.Concha@gmail.com,police officer,12716
12816,Misha,Cristi,Misha.Cristi@yopmail.com,Misha.Cristi@gmail.com,doctor,12717
12817,Katharina,Kathie,Katharina.Kathie@yopmail.com,Katharina.Kathie@gmail.com,police officer,12718
12818,Melisent,Elsinore,Melisent.Elsinore@yopmail.com,Melisent.Elsinore@gmail.com,developer,12719
12819,Annaliese,Hedve,Annaliese.Hedve@yopmail.com,Annaliese.Hedve@gmail.com,developer,12720
12820,Bertine,Stanwood,Bertine.Stanwood@yopmail.com,Bertine.Stanwood@gmail.com,developer,12721
12821,Edee,Elisha,Edee.Elisha@yopmail.com,Edee.Elisha@gmail.com,police officer,12722
12822,Nananne,Keelia,Nananne.Keelia@yopmail.com,Nananne.Keelia@gmail.com,firefighter,12723
12823,Ida,Jefferey,Ida.Jefferey@yopmail.com,Ida.Jefferey@gmail.com,police officer,12724
12824,Clo,Mullane,Clo.Mullane@yopmail.com,Clo.Mullane@gmail.com,police officer,12725
12825,Teriann,Irmine,Teriann.Irmine@yopmail.com,Teriann.Irmine@gmail.com,developer,12726
12826,Riannon,Mayeda,Riannon.Mayeda@yopmail.com,Riannon.Mayeda@gmail.com,worker,12727
12827,Emmey,Afton,Emmey.Afton@yopmail.com,Emmey.Afton@gmail.com,worker,12728
12828,Brynna,Gombach,Brynna.Gombach@yopmail.com,Brynna.Gombach@gmail.com,firefighter,12729
12829,Althea,Madox,Althea.Madox@yopmail.com,Althea.Madox@gmail.com,developer,12730
12830,Lenna,Parette,Lenna.Parette@yopmail.com,Lenna.Parette@gmail.com,police officer,12731
12831,Lucille,Dowski,Lucille.Dowski@yopmail.com,Lucille.Dowski@gmail.com,firefighter,12732
12832,Anthia,Fadiman,Anthia.Fadiman@yopmail.com,Anthia.Fadiman@gmail.com,firefighter,12733
12833,Ellette,Atonsah,Ellette.Atonsah@yopmail.com,Ellette.Atonsah@gmail.com,developer,12734
12834,Shel,Doig,Shel.Doig@yopmail.com,Shel.Doig@gmail.com,police officer,12735
12835,Alyda,Maryanne,Alyda.Maryanne@yopmail.com,Alyda.Maryanne@gmail.com,police officer,12736
12836,Karina,Halla,Karina.Halla@yopmail.com,Karina.Halla@gmail.com,police officer,12737
12837,Annaliese,Tjon,Annaliese.Tjon@yopmail.com,Annaliese.Tjon@gmail.com,doctor,12738
12838,Farrah,Belldas,Farrah.Belldas@yopmail.com,Farrah.Belldas@gmail.com,worker,12739
12839,Justinn,Zenas,Justinn.Zenas@yopmail.com,Justinn.Zenas@gmail.com,firefighter,12740
12840,Karlee,Ortrude,Karlee.Ortrude@yopmail.com,Karlee.Ortrude@gmail.com,police officer,12741
12841,Donetta,Lacombe,Donetta.Lacombe@yopmail.com,Donetta.Lacombe@gmail.com,developer,12742
12842,Myrtice,McAdams,Myrtice.McAdams@yopmail.com,Myrtice.McAdams@gmail.com,doctor,12743
12843,Mariann,Gabrielli,Mariann.Gabrielli@yopmail.com,Mariann.Gabrielli@gmail.com,developer,12744
12844,Georgetta,Rogerio,Georgetta.Rogerio@yopmail.com,Georgetta.Rogerio@gmail.com,worker,12745
12845,Hettie,Howlyn,Hettie.Howlyn@yopmail.com,Hettie.Howlyn@gmail.com,doctor,12746
12846,Felice,Gilbertson,Felice.Gilbertson@yopmail.com,Felice.Gilbertson@gmail.com,police officer,12747
12847,Vivia,Bendick,Vivia.Bendick@yopmail.com,Vivia.Bendick@gmail.com,police officer,12748
12848,Marline,Morehouse,Marline.Morehouse@yopmail.com,Marline.Morehouse@gmail.com,firefighter,12749
12849,Nataline,Buckler,Nataline.Buckler@yopmail.com,Nataline.Buckler@gmail.com,developer,12750
12850,Mureil,Allare,Mureil.Allare@yopmail.com,Mureil.Allare@gmail.com,police officer,12751
12851,Dede,Abram,Dede.Abram@yopmail.com,Dede.Abram@gmail.com,worker,12752
12852,Adele,Leonard,Adele.Leonard@yopmail.com,Adele.Leonard@gmail.com,doctor,12753
12853,Charlena,Robertson,Charlena.Robertson@yopmail.com,Charlena.Robertson@gmail.com,firefighter,12754
12854,Emma,Briney,Emma.Briney@yopmail.com,Emma.Briney@gmail.com,firefighter,12755
12855,Chandra,Carolin,Chandra.Carolin@yopmail.com,Chandra.Carolin@gmail.com,worker,12756
12856,Gaylene,Sharl,Gaylene.Sharl@yopmail.com,Gaylene.Sharl@gmail.com,doctor,12757
12857,Lilith,Gordon,Lilith.Gordon@yopmail.com,Lilith.Gordon@gmail.com,developer,12758
12858,Nickie,Deegan,Nickie.Deegan@yopmail.com,Nickie.Deegan@gmail.com,doctor,12759
12859,Merry,Carri,Merry.Carri@yopmail.com,Merry.Carri@gmail.com,police officer,12760
12860,Arlina,Stefa,Arlina.Stefa@yopmail.com,Arlina.Stefa@gmail.com,police officer,12761
12861,Myriam,Norrie,Myriam.Norrie@yopmail.com,Myriam.Norrie@gmail.com,doctor,12762
12862,Ariela,Francene,Ariela.Francene@yopmail.com,Ariela.Francene@gmail.com,developer,12763
12863,Carmela,Berard,Carmela.Berard@yopmail.com,Carmela.Berard@gmail.com,doctor,12764
12864,Carree,Publia,Carree.Publia@yopmail.com,Carree.Publia@gmail.com,worker,12765
12865,Daphne,Jobi,Daphne.Jobi@yopmail.com,Daphne.Jobi@gmail.com,developer,12766
12866,Helena,Jerald,Helena.Jerald@yopmail.com,Helena.Jerald@gmail.com,firefighter,12767
12867,Felice,Rosemary,Felice.Rosemary@yopmail.com,Felice.Rosemary@gmail.com,firefighter,12768
12868,Desirae,Minetta,Desirae.Minetta@yopmail.com,Desirae.Minetta@gmail.com,police officer,12769
12869,Tabbatha,Alice,Tabbatha.Alice@yopmail.com,Tabbatha.Alice@gmail.com,police officer,12770
12870,Lynde,Giule,Lynde.Giule@yopmail.com,Lynde.Giule@gmail.com,firefighter,12771
12871,Ebonee,Gaspard,Ebonee.Gaspard@yopmail.com,Ebonee.Gaspard@gmail.com,firefighter,12772
12872,Latisha,Eiser,Latisha.Eiser@yopmail.com,Latisha.Eiser@gmail.com,police officer,12773
12873,Iseabal,Stav,Iseabal.Stav@yopmail.com,Iseabal.Stav@gmail.com,worker,12774
12874,Cristabel,Seligman,Cristabel.Seligman@yopmail.com,Cristabel.Seligman@gmail.com,doctor,12775
12875,Hollie,Clarissa,Hollie.Clarissa@yopmail.com,Hollie.Clarissa@gmail.com,doctor,12776
12876,Lucille,Ventre,Lucille.Ventre@yopmail.com,Lucille.Ventre@gmail.com,firefighter,12777
12877,Dagmar,Jaylene,Dagmar.Jaylene@yopmail.com,Dagmar.Jaylene@gmail.com,developer,12778
12878,Clarice,Milson,Clarice.Milson@yopmail.com,Clarice.Milson@gmail.com,developer,12779
12879,Tamqrah,Loleta,Tamqrah.Loleta@yopmail.com,Tamqrah.Loleta@gmail.com,worker,12780
12880,Chastity,Wyn,Chastity.Wyn@yopmail.com,Chastity.Wyn@gmail.com,worker,12781
12881,Juliane,Saree,Juliane.Saree@yopmail.com,Juliane.Saree@gmail.com,developer,12782
12882,Charlena,Fontana,Charlena.Fontana@yopmail.com,Charlena.Fontana@gmail.com,worker,12783
12883,Lory,Capello,Lory.Capello@yopmail.com,Lory.Capello@gmail.com,doctor,12784
12884,Betta,Sherrie,Betta.Sherrie@yopmail.com,Betta.Sherrie@gmail.com,worker,12785
12885,Beverley,Hurley,Beverley.Hurley@yopmail.com,Beverley.Hurley@gmail.com,worker,12786
12886,Sashenka,Pauly,Sashenka.Pauly@yopmail.com,Sashenka.Pauly@gmail.com,doctor,12787
12887,Kial,Ball,Kial.Ball@yopmail.com,Kial.Ball@gmail.com,worker,12788
12888,Halette,Mullane,Halette.Mullane@yopmail.com,Halette.Mullane@gmail.com,developer,12789
12889,Aurore,Baylor,Aurore.Baylor@yopmail.com,Aurore.Baylor@gmail.com,developer,12790
12890,Ann-Marie,Lucienne,Ann-Marie.Lucienne@yopmail.com,Ann-Marie.Lucienne@gmail.com,worker,12791
12891,Gerianna,Jethro,Gerianna.Jethro@yopmail.com,Gerianna.Jethro@gmail.com,police officer,12792
12892,Jerry,Gabrielli,Jerry.Gabrielli@yopmail.com,Jerry.Gabrielli@gmail.com,doctor,12793
12893,Flo,Arley,Flo.Arley@yopmail.com,Flo.Arley@gmail.com,worker,12794
12894,Micheline,Amand,Micheline.Amand@yopmail.com,Micheline.Amand@gmail.com,doctor,12795
12895,Ida,Melan,Ida.Melan@yopmail.com,Ida.Melan@gmail.com,police officer,12796
12896,Liana,Rogerio,Liana.Rogerio@yopmail.com,Liana.Rogerio@gmail.com,worker,12797
12897,Calla,Cohdwell,Calla.Cohdwell@yopmail.com,Calla.Cohdwell@gmail.com,doctor,12798
12898,Flory,Zina,Flory.Zina@yopmail.com,Flory.Zina@gmail.com,doctor,12799
12899,Meg,Faso,Meg.Faso@yopmail.com,Meg.Faso@gmail.com,police officer,12800
12900,Raina,Idelia,Raina.Idelia@yopmail.com,Raina.Idelia@gmail.com,developer,12801
12901,Netty,Nickola,Netty.Nickola@yopmail.com,Netty.Nickola@gmail.com,developer,12802
12902,Emilia,Jacinda,Emilia.Jacinda@yopmail.com,Emilia.Jacinda@gmail.com,worker,12803
12903,Collen,Hermes,Collen.Hermes@yopmail.com,Collen.Hermes@gmail.com,firefighter,12804
12904,Alameda,Shelba,Alameda.Shelba@yopmail.com,Alameda.Shelba@gmail.com,doctor,12805
12905,Tarra,Colyer,Tarra.Colyer@yopmail.com,Tarra.Colyer@gmail.com,doctor,12806
12906,Barbi,Fiester,Barbi.Fiester@yopmail.com,Barbi.Fiester@gmail.com,doctor,12807
12907,Ayn,Ader,Ayn.Ader@yopmail.com,Ayn.Ader@gmail.com,developer,12808
12908,Feliza,Kylander,Feliza.Kylander@yopmail.com,Feliza.Kylander@gmail.com,developer,12809
12909,Jany,Manolo,Jany.Manolo@yopmail.com,Jany.Manolo@gmail.com,worker,12810
12910,Sandie,Gherardo,Sandie.Gherardo@yopmail.com,Sandie.Gherardo@gmail.com,firefighter,12811
12911,Tabbatha,Oneida,Tabbatha.Oneida@yopmail.com,Tabbatha.Oneida@gmail.com,police officer,12812
12912,Catharine,Lytton,Catharine.Lytton@yopmail.com,Catharine.Lytton@gmail.com,doctor,12813
12913,Tiffie,Slifka,Tiffie.Slifka@yopmail.com,Tiffie.Slifka@gmail.com,worker,12814
12914,Mellicent,Deny,Mellicent.Deny@yopmail.com,Mellicent.Deny@gmail.com,worker,12815
12915,Minda,Norrie,Minda.Norrie@yopmail.com,Minda.Norrie@gmail.com,developer,12816
12916,Pamella,Cimbura,Pamella.Cimbura@yopmail.com,Pamella.Cimbura@gmail.com,worker,12817
12917,Dione,Pattin,Dione.Pattin@yopmail.com,Dione.Pattin@gmail.com,doctor,12818
12918,Emelina,Hirsch,Emelina.Hirsch@yopmail.com,Emelina.Hirsch@gmail.com,firefighter,12819
12919,Theodora,August,Theodora.August@yopmail.com,Theodora.August@gmail.com,developer,12820
12920,Lorenza,Craggie,Lorenza.Craggie@yopmail.com,Lorenza.Craggie@gmail.com,doctor,12821
12921,Jsandye,Cloris,Jsandye.Cloris@yopmail.com,Jsandye.Cloris@gmail.com,doctor,12822
12922,Ardys,Ophelia,Ardys.Ophelia@yopmail.com,Ardys.Ophelia@gmail.com,worker,12823
12923,Bettine,Isacco,Bettine.Isacco@yopmail.com,Bettine.Isacco@gmail.com,worker,12824
12924,Jorry,Monaco,Jorry.Monaco@yopmail.com,Jorry.Monaco@gmail.com,worker,12825
12925,Pollyanna,Yorick,Pollyanna.Yorick@yopmail.com,Pollyanna.Yorick@gmail.com,worker,12826
12926,Ayn,Cecile,Ayn.Cecile@yopmail.com,Ayn.Cecile@gmail.com,firefighter,12827
12927,Damaris,Schwejda,Damaris.Schwejda@yopmail.com,Damaris.Schwejda@gmail.com,doctor,12828
12928,Chloris,Kat,Chloris.Kat@yopmail.com,Chloris.Kat@gmail.com,doctor,12829
12929,Kylynn,Mullane,Kylynn.Mullane@yopmail.com,Kylynn.Mullane@gmail.com,police officer,12830
12930,Ruthe,Sparhawk,Ruthe.Sparhawk@yopmail.com,Ruthe.Sparhawk@gmail.com,police officer,12831
12931,Yetty,Paton,Yetty.Paton@yopmail.com,Yetty.Paton@gmail.com,firefighter,12832
12932,Ofilia,Darrell,Ofilia.Darrell@yopmail.com,Ofilia.Darrell@gmail.com,firefighter,12833
12933,Trixi,Penelopa,Trixi.Penelopa@yopmail.com,Trixi.Penelopa@gmail.com,police officer,12834
12934,Kore,Wittie,Kore.Wittie@yopmail.com,Kore.Wittie@gmail.com,developer,12835
12935,Britte,Mike,Britte.Mike@yopmail.com,Britte.Mike@gmail.com,doctor,12836
12936,Tami,Gillan,Tami.Gillan@yopmail.com,Tami.Gillan@gmail.com,police officer,12837
12937,Marti,Bohlin,Marti.Bohlin@yopmail.com,Marti.Bohlin@gmail.com,doctor,12838
12938,Imojean,Dominy,Imojean.Dominy@yopmail.com,Imojean.Dominy@gmail.com,worker,12839
12939,Jordan,Shuler,Jordan.Shuler@yopmail.com,Jordan.Shuler@gmail.com,doctor,12840
12940,Perry,Azeria,Perry.Azeria@yopmail.com,Perry.Azeria@gmail.com,worker,12841
12941,Tabbatha,Oscar,Tabbatha.Oscar@yopmail.com,Tabbatha.Oscar@gmail.com,firefighter,12842
12942,Lanae,Nunci,Lanae.Nunci@yopmail.com,Lanae.Nunci@gmail.com,developer,12843
12943,Leeanne,Barney,Leeanne.Barney@yopmail.com,Leeanne.Barney@gmail.com,firefighter,12844
12944,Joeann,Briney,Joeann.Briney@yopmail.com,Joeann.Briney@gmail.com,developer,12845
12945,Audrie,Tippets,Audrie.Tippets@yopmail.com,Audrie.Tippets@gmail.com,police officer,12846
12946,Pierette,Sallyann,Pierette.Sallyann@yopmail.com,Pierette.Sallyann@gmail.com,worker,12847
12947,Susan,Billye,Susan.Billye@yopmail.com,Susan.Billye@gmail.com,developer,12848
12948,Sibella,Valoniah,Sibella.Valoniah@yopmail.com,Sibella.Valoniah@gmail.com,worker,12849
12949,Frances,Jeanne,Frances.Jeanne@yopmail.com,Frances.Jeanne@gmail.com,developer,12850
12950,Chastity,Ammann,Chastity.Ammann@yopmail.com,Chastity.Ammann@gmail.com,developer,12851
12951,Adele,Johanna,Adele.Johanna@yopmail.com,Adele.Johanna@gmail.com,police officer,12852
12952,Rayna,Meter,Rayna.Meter@yopmail.com,Rayna.Meter@gmail.com,doctor,12853
12953,Roz,Vernier,Roz.Vernier@yopmail.com,Roz.Vernier@gmail.com,firefighter,12854
12954,Vere,Chauncey,Vere.Chauncey@yopmail.com,Vere.Chauncey@gmail.com,worker,12855
12955,Modestia,Germann,Modestia.Germann@yopmail.com,Modestia.Germann@gmail.com,firefighter,12856
12956,Celestyna,Buckler,Celestyna.Buckler@yopmail.com,Celestyna.Buckler@gmail.com,worker,12857
12957,Mariann,Ranjiv,Mariann.Ranjiv@yopmail.com,Mariann.Ranjiv@gmail.com,doctor,12858
12958,Caritta,Dermott,Caritta.Dermott@yopmail.com,Caritta.Dermott@gmail.com,doctor,12859
12959,Jaime,Mathilde,Jaime.Mathilde@yopmail.com,Jaime.Mathilde@gmail.com,police officer,12860
12960,Joane,Alejoa,Joane.Alejoa@yopmail.com,Joane.Alejoa@gmail.com,firefighter,12861
12961,Ottilie,Vilma,Ottilie.Vilma@yopmail.com,Ottilie.Vilma@gmail.com,police officer,12862
12962,Eolanda,Hanleigh,Eolanda.Hanleigh@yopmail.com,Eolanda.Hanleigh@gmail.com,developer,12863
12963,Minne,Reinke,Minne.Reinke@yopmail.com,Minne.Reinke@gmail.com,developer,12864
12964,Dotty,Frendel,Dotty.Frendel@yopmail.com,Dotty.Frendel@gmail.com,developer,12865
12965,Gerianna,Jethro,Gerianna.Jethro@yopmail.com,Gerianna.Jethro@gmail.com,police officer,12866
12966,Oralee,Wittie,Oralee.Wittie@yopmail.com,Oralee.Wittie@gmail.com,police officer,12867
12967,Florie,Sheng,Florie.Sheng@yopmail.com,Florie.Sheng@gmail.com,police officer,12868
12968,Nariko,Llovera,Nariko.Llovera@yopmail.com,Nariko.Llovera@gmail.com,worker,12869
12969,Mathilda,Holtz,Mathilda.Holtz@yopmail.com,Mathilda.Holtz@gmail.com,firefighter,12870
12970,Stacey,Brieta,Stacey.Brieta@yopmail.com,Stacey.Brieta@gmail.com,firefighter,12871
12971,Annecorinne,Estella,Annecorinne.Estella@yopmail.com,Annecorinne.Estella@gmail.com,developer,12872
12972,Wendi,Parsaye,Wendi.Parsaye@yopmail.com,Wendi.Parsaye@gmail.com,police officer,12873
12973,Cherilyn,Obed,Cherilyn.Obed@yopmail.com,Cherilyn.Obed@gmail.com,firefighter,12874
12974,Gratia,Brackely,Gratia.Brackely@yopmail.com,Gratia.Brackely@gmail.com,firefighter,12875
12975,Emilia,Jotham,Emilia.Jotham@yopmail.com,Emilia.Jotham@gmail.com,doctor,12876
12976,Oona,Schroth,Oona.Schroth@yopmail.com,Oona.Schroth@gmail.com,police officer,12877
12977,Sadie,Harday,Sadie.Harday@yopmail.com,Sadie.Harday@gmail.com,worker,12878
12978,Taffy,Leonard,Taffy.Leonard@yopmail.com,Taffy.Leonard@gmail.com,police officer,12879
12979,Sissy,Cynar,Sissy.Cynar@yopmail.com,Sissy.Cynar@gmail.com,doctor,12880
12980,Clarice,Nedrud,Clarice.Nedrud@yopmail.com,Clarice.Nedrud@gmail.com,worker,12881
12981,Belva,Zitvaa,Belva.Zitvaa@yopmail.com,Belva.Zitvaa@gmail.com,developer,12882
12982,Eugine,Leary,Eugine.Leary@yopmail.com,Eugine.Leary@gmail.com,developer,12883
12983,Augustine,Tamar,Augustine.Tamar@yopmail.com,Augustine.Tamar@gmail.com,developer,12884
12984,Edyth,Hermes,Edyth.Hermes@yopmail.com,Edyth.Hermes@gmail.com,worker,12885
12985,Robinia,Ivens,Robinia.Ivens@yopmail.com,Robinia.Ivens@gmail.com,firefighter,12886
12986,Deloria,Dash,Deloria.Dash@yopmail.com,Deloria.Dash@gmail.com,developer,12887
12987,Deloria,Erb,Deloria.Erb@yopmail.com,Deloria.Erb@gmail.com,worker,12888
12988,Nessie,Seligman,Nessie.Seligman@yopmail.com,Nessie.Seligman@gmail.com,firefighter,12889
12989,Alie,Cloris,Alie.Cloris@yopmail.com,Alie.Cloris@gmail.com,doctor,12890
12990,Kimmy,Kolnick,Kimmy.Kolnick@yopmail.com,Kimmy.Kolnick@gmail.com,police officer,12891
12991,Vinita,Minetta,Vinita.Minetta@yopmail.com,Vinita.Minetta@gmail.com,doctor,12892
12992,Frieda,Erminia,Frieda.Erminia@yopmail.com,Frieda.Erminia@gmail.com,doctor,12893
12993,Annecorinne,Fillbert,Annecorinne.Fillbert@yopmail.com,Annecorinne.Fillbert@gmail.com,police officer,12894
12994,Sharai,Monk,Sharai.Monk@yopmail.com,Sharai.Monk@gmail.com,doctor,12895
12995,Natka,Bouchard,Natka.Bouchard@yopmail.com,Natka.Bouchard@gmail.com,worker,12896
12996,Rayna,Decato,Rayna.Decato@yopmail.com,Rayna.Decato@gmail.com,firefighter,12897
12997,Abbie,Lea,Abbie.Lea@yopmail.com,Abbie.Lea@gmail.com,doctor,12898
12998,Justinn,Curren,Justinn.Curren@yopmail.com,Justinn.Curren@gmail.com,developer,12899
12999,Susan,Kirstin,Susan.Kirstin@yopmail.com,Susan.Kirstin@gmail.com,firefighter,12900
13000,Paule,Mayeda,Paule.Mayeda@yopmail.com,Paule.Mayeda@gmail.com,doctor,12901
13001,Kathi,Tryck,Kathi.Tryck@yopmail.com,Kathi.Tryck@gmail.com,worker,12902
13002,Arlena,Jobi,Arlena.Jobi@yopmail.com,Arlena.Jobi@gmail.com,firefighter,12903
13003,Willetta,Christal,Willetta.Christal@yopmail.com,Willetta.Christal@gmail.com,doctor,12904
13004,Jenilee,Ochs,Jenilee.Ochs@yopmail.com,Jenilee.Ochs@gmail.com,worker,12905
13005,Dacia,Monk,Dacia.Monk@yopmail.com,Dacia.Monk@gmail.com,doctor,12906
13006,Ardys,Codding,Ardys.Codding@yopmail.com,Ardys.Codding@gmail.com,worker,12907
13007,Johna,Bohlin,Johna.Bohlin@yopmail.com,Johna.Bohlin@gmail.com,police officer,12908
13008,Marguerite,Vernier,Marguerite.Vernier@yopmail.com,Marguerite.Vernier@gmail.com,firefighter,12909
13009,Mary,Killigrew,Mary.Killigrew@yopmail.com,Mary.Killigrew@gmail.com,firefighter,12910
13010,Mara,Kamaria,Mara.Kamaria@yopmail.com,Mara.Kamaria@gmail.com,developer,12911
13011,Orelia,Erich,Orelia.Erich@yopmail.com,Orelia.Erich@gmail.com,police officer,12912
13012,Berta,Loeb,Berta.Loeb@yopmail.com,Berta.Loeb@gmail.com,police officer,12913
13013,Kristan,Sheng,Kristan.Sheng@yopmail.com,Kristan.Sheng@gmail.com,firefighter,12914
13014,Ingrid,Presber,Ingrid.Presber@yopmail.com,Ingrid.Presber@gmail.com,firefighter,12915
13015,Juliane,Alabaster,Juliane.Alabaster@yopmail.com,Juliane.Alabaster@gmail.com,developer,12916
13016,Calla,Bates,Calla.Bates@yopmail.com,Calla.Bates@gmail.com,firefighter,12917
13017,Harrietta,Bevin,Harrietta.Bevin@yopmail.com,Harrietta.Bevin@gmail.com,police officer,12918
13018,Reeba,Loring,Reeba.Loring@yopmail.com,Reeba.Loring@gmail.com,doctor,12919
13019,Maridel,Slifka,Maridel.Slifka@yopmail.com,Maridel.Slifka@gmail.com,doctor,12920
13020,Bernardine,Louanna,Bernardine.Louanna@yopmail.com,Bernardine.Louanna@gmail.com,police officer,12921
13021,Vinita,Kamaria,Vinita.Kamaria@yopmail.com,Vinita.Kamaria@gmail.com,developer,12922
13022,Mildrid,Goerke,Mildrid.Goerke@yopmail.com,Mildrid.Goerke@gmail.com,developer,12923
13023,Raquela,Kolnick,Raquela.Kolnick@yopmail.com,Raquela.Kolnick@gmail.com,developer,12924
13024,Elena,McAdams,Elena.McAdams@yopmail.com,Elena.McAdams@gmail.com,developer,12925
13025,Amii,Schwejda,Amii.Schwejda@yopmail.com,Amii.Schwejda@gmail.com,firefighter,12926
13026,Tarra,Kosey,Tarra.Kosey@yopmail.com,Tarra.Kosey@gmail.com,police officer,12927
13027,Elmira,Wadell,Elmira.Wadell@yopmail.com,Elmira.Wadell@gmail.com,firefighter,12928
13028,Nannie,Brenn,Nannie.Brenn@yopmail.com,Nannie.Brenn@gmail.com,developer,12929
13029,Cristine,Dunkin,Cristine.Dunkin@yopmail.com,Cristine.Dunkin@gmail.com,police officer,12930
13030,Jordan,Allina,Jordan.Allina@yopmail.com,Jordan.Allina@gmail.com,doctor,12931
13031,Harrietta,Verger,Harrietta.Verger@yopmail.com,Harrietta.Verger@gmail.com,police officer,12932
13032,Trudie,Ethban,Trudie.Ethban@yopmail.com,Trudie.Ethban@gmail.com,police officer,12933
13033,Ottilie,Simmonds,Ottilie.Simmonds@yopmail.com,Ottilie.Simmonds@gmail.com,worker,12934
13034,Tatiania,Alrich,Tatiania.Alrich@yopmail.com,Tatiania.Alrich@gmail.com,worker,12935
13035,Karena,Izaak,Karena.Izaak@yopmail.com,Karena.Izaak@gmail.com,police officer,12936
13036,Demetris,Doig,Demetris.Doig@yopmail.com,Demetris.Doig@gmail.com,police officer,12937
13037,Deane,Kylander,Deane.Kylander@yopmail.com,Deane.Kylander@gmail.com,developer,12938
13038,Marleah,Brady,Marleah.Brady@yopmail.com,Marleah.Brady@gmail.com,developer,12939
13039,Lonnie,Pandolfi,Lonnie.Pandolfi@yopmail.com,Lonnie.Pandolfi@gmail.com,doctor,12940
13040,Carree,Melan,Carree.Melan@yopmail.com,Carree.Melan@gmail.com,police officer,12941
13041,Isa,Lenny,Isa.Lenny@yopmail.com,Isa.Lenny@gmail.com,police officer,12942
13042,Althea,Kesley,Althea.Kesley@yopmail.com,Althea.Kesley@gmail.com,police officer,12943
13043,Inga,Ashely,Inga.Ashely@yopmail.com,Inga.Ashely@gmail.com,worker,12944
13044,Ingrid,Tyson,Ingrid.Tyson@yopmail.com,Ingrid.Tyson@gmail.com,police officer,12945
13045,Madalyn,Tillford,Madalyn.Tillford@yopmail.com,Madalyn.Tillford@gmail.com,worker,12946
13046,Marinna,Read,Marinna.Read@yopmail.com,Marinna.Read@gmail.com,firefighter,12947
13047,Ethel,Lorenz,Ethel.Lorenz@yopmail.com,Ethel.Lorenz@gmail.com,police officer,12948
13048,Ofilia,Xerxes,Ofilia.Xerxes@yopmail.com,Ofilia.Xerxes@gmail.com,police officer,12949
13049,Paulita,Claudine,Paulita.Claudine@yopmail.com,Paulita.Claudine@gmail.com,worker,12950
13050,Marcy,Milde,Marcy.Milde@yopmail.com,Marcy.Milde@gmail.com,worker,12951
13051,Marika,Marijo,Marika.Marijo@yopmail.com,Marika.Marijo@gmail.com,doctor,12952
13052,Melina,Paine,Melina.Paine@yopmail.com,Melina.Paine@gmail.com,developer,12953
13053,Joane,Mathilde,Joane.Mathilde@yopmail.com,Joane.Mathilde@gmail.com,police officer,12954
13054,Stephanie,Manolo,Stephanie.Manolo@yopmail.com,Stephanie.Manolo@gmail.com,police officer,12955
13055,Raf,Cleavland,Raf.Cleavland@yopmail.com,Raf.Cleavland@gmail.com,police officer,12956
13056,Tersina,Frendel,Tersina.Frendel@yopmail.com,Tersina.Frendel@gmail.com,firefighter,12957
13057,Janenna,Kamaria,Janenna.Kamaria@yopmail.com,Janenna.Kamaria@gmail.com,firefighter,12958
13058,Jorry,Morgun,Jorry.Morgun@yopmail.com,Jorry.Morgun@gmail.com,worker,12959
13059,Janenna,Noam,Janenna.Noam@yopmail.com,Janenna.Noam@gmail.com,doctor,12960
13060,Blake,Carey,Blake.Carey@yopmail.com,Blake.Carey@gmail.com,police officer,12961
13061,Gaylene,McAdams,Gaylene.McAdams@yopmail.com,Gaylene.McAdams@gmail.com,worker,12962
13062,Aurore,Stav,Aurore.Stav@yopmail.com,Aurore.Stav@gmail.com,developer,12963
13063,Rhea,Gaal,Rhea.Gaal@yopmail.com,Rhea.Gaal@gmail.com,firefighter,12964
13064,Mathilda,Medrek,Mathilda.Medrek@yopmail.com,Mathilda.Medrek@gmail.com,doctor,12965
13065,Brooks,Durware,Brooks.Durware@yopmail.com,Brooks.Durware@gmail.com,doctor,12966
13066,Elbertina,Wareing,Elbertina.Wareing@yopmail.com,Elbertina.Wareing@gmail.com,developer,12967
13067,Catharine,Strephon,Catharine.Strephon@yopmail.com,Catharine.Strephon@gmail.com,doctor,12968
13068,Dawn,Egbert,Dawn.Egbert@yopmail.com,Dawn.Egbert@gmail.com,doctor,12969
13069,Violet,Dulciana,Violet.Dulciana@yopmail.com,Violet.Dulciana@gmail.com,worker,12970
13070,Meriel,Nester,Meriel.Nester@yopmail.com,Meriel.Nester@gmail.com,doctor,12971
13071,Estell,Isacco,Estell.Isacco@yopmail.com,Estell.Isacco@gmail.com,doctor,12972
13072,Catrina,Vary,Catrina.Vary@yopmail.com,Catrina.Vary@gmail.com,police officer,12973
13073,Petronia,Vary,Petronia.Vary@yopmail.com,Petronia.Vary@gmail.com,firefighter,12974
13074,Dari,Wildermuth,Dari.Wildermuth@yopmail.com,Dari.Wildermuth@gmail.com,police officer,12975
13075,Gale,Tybald,Gale.Tybald@yopmail.com,Gale.Tybald@gmail.com,firefighter,12976
13076,Cyb,Cleo,Cyb.Cleo@yopmail.com,Cyb.Cleo@gmail.com,worker,12977
13077,Anallese,Mitzi,Anallese.Mitzi@yopmail.com,Anallese.Mitzi@gmail.com,developer,12978
13078,Sam,Dominy,Sam.Dominy@yopmail.com,Sam.Dominy@gmail.com,developer,12979
13079,Gerianna,Kathie,Gerianna.Kathie@yopmail.com,Gerianna.Kathie@gmail.com,firefighter,12980
13080,Anallese,Suzetta,Anallese.Suzetta@yopmail.com,Anallese.Suzetta@gmail.com,worker,12981
13081,Dominga,Zina,Dominga.Zina@yopmail.com,Dominga.Zina@gmail.com,doctor,12982
13082,Marti,Hillel,Marti.Hillel@yopmail.com,Marti.Hillel@gmail.com,police officer,12983
13083,Pierette,Bigner,Pierette.Bigner@yopmail.com,Pierette.Bigner@gmail.com,developer,12984
13084,Neila,Odell,Neila.Odell@yopmail.com,Neila.Odell@gmail.com,police officer,12985
13085,Annora,Cleavland,Annora.Cleavland@yopmail.com,Annora.Cleavland@gmail.com,police officer,12986
13086,Jemie,Kendrick,Jemie.Kendrick@yopmail.com,Jemie.Kendrick@gmail.com,firefighter,12987
13087,Belinda,Geffner,Belinda.Geffner@yopmail.com,Belinda.Geffner@gmail.com,doctor,12988
13088,Corly,Gerge,Corly.Gerge@yopmail.com,Corly.Gerge@gmail.com,doctor,12989
13089,Mary,Paine,Mary.Paine@yopmail.com,Mary.Paine@gmail.com,police officer,12990
13090,Kara-Lynn,Norvol,Kara-Lynn.Norvol@yopmail.com,Kara-Lynn.Norvol@gmail.com,doctor,12991
13091,Deedee,Orpah,Deedee.Orpah@yopmail.com,Deedee.Orpah@gmail.com,doctor,12992
13092,Penelopa,Terencio,Penelopa.Terencio@yopmail.com,Penelopa.Terencio@gmail.com,doctor,12993
13093,Alameda,Azeria,Alameda.Azeria@yopmail.com,Alameda.Azeria@gmail.com,developer,12994
13094,Hermione,Bobbee,Hermione.Bobbee@yopmail.com,Hermione.Bobbee@gmail.com,firefighter,12995
13095,Therine,Olin,Therine.Olin@yopmail.com,Therine.Olin@gmail.com,police officer,12996
13096,Gilligan,Lubin,Gilligan.Lubin@yopmail.com,Gilligan.Lubin@gmail.com,police officer,12997
13097,Ardeen,Bertold,Ardeen.Bertold@yopmail.com,Ardeen.Bertold@gmail.com,doctor,12998
13098,Juliane,Soneson,Juliane.Soneson@yopmail.com,Juliane.Soneson@gmail.com,worker,12999
13099,Jean,Daveta,Jean.Daveta@yopmail.com,Jean.Daveta@gmail.com,worker,13000
