id,firstname,lastname,email,email2,profession,Field Name
12100,Lolita,Gilmour,Lolita.Gilmour@yopmail.com,Lolita.Gilmour@gmail.com,police officer,12001
12101,Latisha,Verger,Latisha.Verger@yopmail.com,Latisha.Verger@gmail.com,police officer,12002
12102,Jenda,Jerald,Jenda.Jerald@yopmail.com,Jenda.Jerald@gmail.com,worker,12003
12103,Rosanne,Joli,Rosanne.Joli@yopmail.com,Rosanne.Joli@gmail.com,doctor,12004
12104,Annaliese,Dannye,Annaliese.Dannye@yopmail.com,Annaliese.Dannye@gmail.com,police officer,12005
12105,Mellicent,Niccolo,Mellicent.Niccolo@yopmail.com,Mellicent.Niccolo@gmail.com,worker,12006
12106,Corry,Aprile,Corry.Aprile@yopmail.com,Corry.Aprile@gmail.com,firefighter,12007
12107,Ronna,Evvie,Ronna.Evvie@yopmail.com,Ronna.Evvie@gmail.com,doctor,12008
12108,Lynnea,Gibbeon,Lynnea.Gibbeon@yopmail.com,Lynnea.Gibbeon@gmail.com,doctor,12009
12109,Tomasina,Cressida,Tomasina.Cressida@yopmail.com,Tomasina.Cressida@gmail.com,developer,12010
12110,Jemie,Hailee,Jemie.Hailee@yopmail.com,Jemie.Hailee@gmail.com,worker,12011
12111,Meg,Albertine,Meg.Albertine@yopmail.com,Meg.Albertine@gmail.com,doctor,12012
12112,Catharine,Dalli,Catharine.Dalli@yopmail.com,Catharine.Dalli@gmail.com,doctor,12013
12113,Marsiella,Wilona,Marsiella.Wilona@yopmail.com,Marsiella.Wilona@gmail.com,firefighter,12014
12114,Merry,Muriel,Merry.Muriel@yopmail.com,Merry.Muriel@gmail.com,firefighter,12015
12115,Chastity,Elbertina,Chastity.Elbertina@yopmail.com,Chastity.Elbertina@gmail.com,developer,12016
12116,Alex,Gavrila,Alex.Gavrila@yopmail.com,Alex.Gavrila@gmail.com,worker,12017
12117,Charissa,Mott,Charissa.Mott@yopmail.com,Charissa.Mott@gmail.com,police officer,12018
12118,Juliane,Barrus,Juliane.Barrus@yopmail.com,Juliane.Barrus@gmail.com,developer,12019
12119,Natka,Reneta,Natka.Reneta@yopmail.com,Natka.Reneta@gmail.com,developer,12020
12120,Zsa Zsa,Yusuk,Zsa Zsa.Yusuk@yopmail.com,Zsa Zsa.Yusuk@gmail.com,developer,12021
12121,Barbara,Brunell,Barbara.Brunell@yopmail.com,Barbara.Brunell@gmail.com,worker,12022
12122,Carilyn,Arne,Carilyn.Arne@yopmail.com,Carilyn.Arne@gmail.com,firefighter,12023
12123,Marylou,Chick,Marylou.Chick@yopmail.com,Marylou.Chick@gmail.com,firefighter,12024
12124,Alameda,Sperling,Alameda.Sperling@yopmail.com,Alameda.Sperling@gmail.com,worker,12025
12125,Harrietta,Diann,Harrietta.Diann@yopmail.com,Harrietta.Diann@gmail.com,doctor,12026
12126,Letizia,Raseda,Letizia.Raseda@yopmail.com,Letizia.Raseda@gmail.com,doctor,12027
12127,Flory,Aaberg,Flory.Aaberg@yopmail.com,Flory.Aaberg@gmail.com,police officer,12028
12128,Nannie,Abram,Nannie.Abram@yopmail.com,Nannie.Abram@gmail.com,developer,12029
12129,Annabela,Lacombe,Annabela.Lacombe@yopmail.com,Annabela.Lacombe@gmail.com,developer,12030
12130,Kellen,Ashok,Kellen.Ashok@yopmail.com,Kellen.Ashok@gmail.com,doctor,12031
12131,Phedra,Zola,Phedra.Zola@yopmail.com,Phedra.Zola@gmail.com,worker,12032
12132,Jany,Moina,Jany.Moina@yopmail.com,Jany.Moina@gmail.com,doctor,12033
12133,Cacilie,Auberbach,Cacilie.Auberbach@yopmail.com,Cacilie.Auberbach@gmail.com,police officer,12034
12134,Alleen,Darbie,Alleen.Darbie@yopmail.com,Alleen.Darbie@gmail.com,firefighter,12035
12135,Kamilah,Bevin,Kamilah.Bevin@yopmail.com,Kamilah.Bevin@gmail.com,worker,12036
12136,Frank,Cristi,Frank.Cristi@yopmail.com,Frank.Cristi@gmail.com,worker,12037
12137,Aryn,Gale,Aryn.Gale@yopmail.com,Aryn.Gale@gmail.com,developer,12038
12138,Nananne,Ardeha,Nananne.Ardeha@yopmail.com,Nananne.Ardeha@gmail.com,firefighter,12039
12139,Dode,Liva,Dode.Liva@yopmail.com,Dode.Liva@gmail.com,doctor,12040
12140,Corly,Cynar,Corly.Cynar@yopmail.com,Corly.Cynar@gmail.com,firefighter,12041
12141,Fidelia,Hourigan,Fidelia.Hourigan@yopmail.com,Fidelia.Hourigan@gmail.com,doctor,12042
12142,Elise,O'Rourke,Elise.O'Rourke@yopmail.com,Elise.O'Rourke@gmail.com,developer,12043
12143,Mignon,Tremayne,Mignon.Tremayne@yopmail.com,Mignon.Tremayne@gmail.com,police officer,12044
12144,Ekaterina,Martguerita,Ekaterina.Martguerita@yopmail.com,Ekaterina.Martguerita@gmail.com,police officer,12045
12145,Penelopa,Gilmour,Penelopa.Gilmour@yopmail.com,Penelopa.Gilmour@gmail.com,police officer,12046
12146,Tina,Quent,Tina.Quent@yopmail.com,Tina.Quent@gmail.com,developer,12047
12147,Katuscha,Brandice,Katuscha.Brandice@yopmail.com,Katuscha.Brandice@gmail.com,firefighter,12048
12148,Aigneis,Tayib,Aigneis.Tayib@yopmail.com,Aigneis.Tayib@gmail.com,doctor,12049
12149,Ivett,Darrell,Ivett.Darrell@yopmail.com,Ivett.Darrell@gmail.com,firefighter,12050
12150,Xylina,Alfons,Xylina.Alfons@yopmail.com,Xylina.Alfons@gmail.com,worker,12051
12151,Coral,Bryna,Coral.Bryna@yopmail.com,Coral.Bryna@gmail.com,police officer,12052
12152,Dennie,Ashely,Dennie.Ashely@yopmail.com,Dennie.Ashely@gmail.com,developer,12053
12153,Daphne,Halsey,Daphne.Halsey@yopmail.com,Daphne.Halsey@gmail.com,firefighter,12054
12154,Beatriz,Zitvaa,Beatriz.Zitvaa@yopmail.com,Beatriz.Zitvaa@gmail.com,firefighter,12055
12155,Correy,Hunfredo,Correy.Hunfredo@yopmail.com,Correy.Hunfredo@gmail.com,developer,12056
12156,Ulrike,Garrison,Ulrike.Garrison@yopmail.com,Ulrike.Garrison@gmail.com,worker,12057
12157,Steffane,Bandeen,Steffane.Bandeen@yopmail.com,Steffane.Bandeen@gmail.com,worker,12058
12158,Desirae,Romelda,Desirae.Romelda@yopmail.com,Desirae.Romelda@gmail.com,doctor,12059
12159,Elvira,Jalbert,Elvira.Jalbert@yopmail.com,Elvira.Jalbert@gmail.com,firefighter,12060
12160,Meriel,Sperling,Meriel.Sperling@yopmail.com,Meriel.Sperling@gmail.com,worker,12061
12161,Odessa,Couture,Odessa.Couture@yopmail.com,Odessa.Couture@gmail.com,worker,12062
12162,Libbie,Maiah,Libbie.Maiah@yopmail.com,Libbie.Maiah@gmail.com,doctor,12063
12163,Karlee,Emmaline,Karlee.Emmaline@yopmail.com,Karlee.Emmaline@gmail.com,firefighter,12064
12164,Raf,Angelis,Raf.Angelis@yopmail.com,Raf.Angelis@gmail.com,firefighter,12065
12165,Mureil,Belanger,Mureil.Belanger@yopmail.com,Mureil.Belanger@gmail.com,doctor,12066
12166,Marline,Chapland,Marline.Chapland@yopmail.com,Marline.Chapland@gmail.com,worker,12067
12167,Feliza,Linskey,Feliza.Linskey@yopmail.com,Feliza.Linskey@gmail.com,developer,12068
12168,Deirdre,Newell,Deirdre.Newell@yopmail.com,Deirdre.Newell@gmail.com,doctor,12069
12169,Jennica,Heidt,Jennica.Heidt@yopmail.com,Jennica.Heidt@gmail.com,doctor,12070
12170,Charlena,Miru,Charlena.Miru@yopmail.com,Charlena.Miru@gmail.com,developer,12071
12171,Glynnis,Libna,Glynnis.Libna@yopmail.com,Glynnis.Libna@gmail.com,firefighter,12072
12172,Christal,Lutero,Christal.Lutero@yopmail.com,Christal.Lutero@gmail.com,worker,12073
12173,Marguerite,Jehu,Marguerite.Jehu@yopmail.com,Marguerite.Jehu@gmail.com,worker,12074
12174,Claresta,Ardra,Claresta.Ardra@yopmail.com,Claresta.Ardra@gmail.com,developer,12075
12175,Karly,Neva,Karly.Neva@yopmail.com,Karly.Neva@gmail.com,police officer,12076
12176,Roz,Harday,Roz.Harday@yopmail.com,Roz.Harday@gmail.com,worker,12077
12177,Doralynne,Cassius,Doralynne.Cassius@yopmail.com,Doralynne.Cassius@gmail.com,worker,12078
12178,Patricia,Dorcy,Patricia.Dorcy@yopmail.com,Patricia.Dorcy@gmail.com,police officer,12079
12179,Amara,Papageno,Amara.Papageno@yopmail.com,Amara.Papageno@gmail.com,worker,12080
12180,Margalo,Willie,Margalo.Willie@yopmail.com,Margalo.Willie@gmail.com,firefighter,12081
12181,Eadie,Nerita,Eadie.Nerita@yopmail.com,Eadie.Nerita@gmail.com,doctor,12082
12182,Shel,Ashok,Shel.Ashok@yopmail.com,Shel.Ashok@gmail.com,police officer,12083
12183,Sabina,Gaynor,Sabina.Gaynor@yopmail.com,Sabina.Gaynor@gmail.com,firefighter,12084
12184,Melanie,Talia,Melanie.Talia@yopmail.com,Melanie.Talia@gmail.com,firefighter,12085
12185,Valera,Velick,Valera.Velick@yopmail.com,Valera.Velick@gmail.com,doctor,12086
12186,Aili,Goode,Aili.Goode@yopmail.com,Aili.Goode@gmail.com,firefighter,12087
12187,Leanna,Mitzi,Leanna.Mitzi@yopmail.com,Leanna.Mitzi@gmail.com,worker,12088
12188,Carly,Fancie,Carly.Fancie@yopmail.com,Carly.Fancie@gmail.com,police officer,12089
12189,Linzy,Pascia,Linzy.Pascia@yopmail.com,Linzy.Pascia@gmail.com,worker,12090
12190,Kimberley,Weitman,Kimberley.Weitman@yopmail.com,Kimberley.Weitman@gmail.com,doctor,12091
12191,Ekaterina,Ludewig,Ekaterina.Ludewig@yopmail.com,Ekaterina.Ludewig@gmail.com,firefighter,12092
12192,Blake,Fiann,Blake.Fiann@yopmail.com,Blake.Fiann@gmail.com,developer,12093
12193,Diena,Dannye,Diena.Dannye@yopmail.com,Diena.Dannye@gmail.com,police officer,12094
12194,Alleen,Chauncey,Alleen.Chauncey@yopmail.com,Alleen.Chauncey@gmail.com,firefighter,12095
12195,Fawne,Teryn,Fawne.Teryn@yopmail.com,Fawne.Teryn@gmail.com,police officer,12096
12196,Louella,Kathie,Louella.Kathie@yopmail.com,Louella.Kathie@gmail.com,firefighter,12097
12197,Merry,Greenwald,Merry.Greenwald@yopmail.com,Merry.Greenwald@gmail.com,developer,12098
12198,Dagmar,Tarrant,Dagmar.Tarrant@yopmail.com,Dagmar.Tarrant@gmail.com,worker,12099
12199,Hettie,Margarete,Hettie.Margarete@yopmail.com,Hettie.Margarete@gmail.com,police officer,12100
12200,Gwyneth,Tiffa,Gwyneth.Tiffa@yopmail.com,Gwyneth.Tiffa@gmail.com,firefighter,12101
12201,Jillayne,Kathie,Jillayne.Kathie@yopmail.com,Jillayne.Kathie@gmail.com,doctor,12102
12202,Mady,Idelia,Mady.Idelia@yopmail.com,Mady.Idelia@gmail.com,worker,12103
12203,Nelle,Erich,Nelle.Erich@yopmail.com,Nelle.Erich@gmail.com,worker,12104
12204,Aili,Ludewig,Aili.Ludewig@yopmail.com,Aili.Ludewig@gmail.com,firefighter,12105
12205,Ermengarde,Doig,Ermengarde.Doig@yopmail.com,Ermengarde.Doig@gmail.com,developer,12106
12206,Jessy,Sigfrid,Jessy.Sigfrid@yopmail.com,Jessy.Sigfrid@gmail.com,developer,12107
12207,Jenilee,Adlare,Jenilee.Adlare@yopmail.com,Jenilee.Adlare@gmail.com,doctor,12108
12208,Micheline,Jacinda,Micheline.Jacinda@yopmail.com,Micheline.Jacinda@gmail.com,firefighter,12109
12209,Phedra,Persse,Phedra.Persse@yopmail.com,Phedra.Persse@gmail.com,police officer,12110
12210,Viki,McAdams,Viki.McAdams@yopmail.com,Viki.McAdams@gmail.com,firefighter,12111
12211,Kimberley,Wiener,Kimberley.Wiener@yopmail.com,Kimberley.Wiener@gmail.com,worker,12112
12212,Caryl,Thunell,Caryl.Thunell@yopmail.com,Caryl.Thunell@gmail.com,firefighter,12113
12213,Shirlee,Kunin,Shirlee.Kunin@yopmail.com,Shirlee.Kunin@gmail.com,worker,12114
12214,Desirae,Catie,Desirae.Catie@yopmail.com,Desirae.Catie@gmail.com,police officer,12115
12215,Cissiee,Mandler,Cissiee.Mandler@yopmail.com,Cissiee.Mandler@gmail.com,developer,12116
12216,Allyce,Lia,Allyce.Lia@yopmail.com,Allyce.Lia@gmail.com,developer,12117
12217,Rubie,Urania,Rubie.Urania@yopmail.com,Rubie.Urania@gmail.com,doctor,12118
12218,Jobi,Urania,Jobi.Urania@yopmail.com,Jobi.Urania@gmail.com,police officer,12119
12219,Pierette,Brian,Pierette.Brian@yopmail.com,Pierette.Brian@gmail.com,worker,12120
12220,Claudina,Lilas,Claudina.Lilas@yopmail.com,Claudina.Lilas@gmail.com,worker,12121
12221,Lauryn,Gusella,Lauryn.Gusella@yopmail.com,Lauryn.Gusella@gmail.com,developer,12122
12222,Donetta,Eckblad,Donetta.Eckblad@yopmail.com,Donetta.Eckblad@gmail.com,police officer,12123
12223,Linet,Dearborn,Linet.Dearborn@yopmail.com,Linet.Dearborn@gmail.com,developer,12124
12224,Nannie,Edee,Nannie.Edee@yopmail.com,Nannie.Edee@gmail.com,firefighter,12125
12225,Annabela,Charmine,Annabela.Charmine@yopmail.com,Annabela.Charmine@gmail.com,worker,12126
12226,Jorry,Zamora,Jorry.Zamora@yopmail.com,Jorry.Zamora@gmail.com,worker,12127
12227,Nerta,Brodench,Nerta.Brodench@yopmail.com,Nerta.Brodench@gmail.com,police officer,12128
12228,Rochette,Hashim,Rochette.Hashim@yopmail.com,Rochette.Hashim@gmail.com,developer,12129
12229,Suzette,Ries,Suzette.Ries@yopmail.com,Suzette.Ries@gmail.com,firefighter,12130
12230,Brandise,Idelia,Brandise.Idelia@yopmail.com,Brandise.Idelia@gmail.com,doctor,12131
12231,Doro,Harday,Doro.Harday@yopmail.com,Doro.Harday@gmail.com,developer,12132
12232,Collen,Pauly,Collen.Pauly@yopmail.com,Collen.Pauly@gmail.com,worker,12133
12233,Sindee,Fleeta,Sindee.Fleeta@yopmail.com,Sindee.Fleeta@gmail.com,police officer,12134
12234,Roxane,Ezar,Roxane.Ezar@yopmail.com,Roxane.Ezar@gmail.com,firefighter,12135
12235,Cecile,Lalitta,Cecile.Lalitta@yopmail.com,Cecile.Lalitta@gmail.com,developer,12136
12236,Elie,Anyah,Elie.Anyah@yopmail.com,Elie.Anyah@gmail.com,worker,12137
12237,Giustina,Ardra,Giustina.Ardra@yopmail.com,Giustina.Ardra@gmail.com,police officer,12138
12238,Ayn,Alva,Ayn.Alva@yopmail.com,Ayn.Alva@gmail.com,police officer,12139
12239,Chastity,Stefa,Chastity.Stefa@yopmail.com,Chastity.Stefa@gmail.com,worker,12140
12240,Kylynn,Edmund,Kylynn.Edmund@yopmail.com,Kylynn.Edmund@gmail.com,developer,12141
12241,Chloris,Mauer,Chloris.Mauer@yopmail.com,Chloris.Mauer@gmail.com,developer,12142
12242,Ira,Letsou,Ira.Letsou@yopmail.com,Ira.Letsou@gmail.com,doctor,12143
12243,Drucie,Elvyn,Drucie.Elvyn@yopmail.com,Drucie.Elvyn@gmail.com,firefighter,12144
12244,Sissy,Faust,Sissy.Faust@yopmail.com,Sissy.Faust@gmail.com,doctor,12145
12245,Kirstin,Malanie,Kirstin.Malanie@yopmail.com,Kirstin.Malanie@gmail.com,police officer,12146
12246,Rhoda,Uund,Rhoda.Uund@yopmail.com,Rhoda.Uund@gmail.com,police officer,12147
12247,Sabina,Hirsch,Sabina.Hirsch@yopmail.com,Sabina.Hirsch@gmail.com,doctor,12148
12248,Jillayne,Nunci,Jillayne.Nunci@yopmail.com,Jillayne.Nunci@gmail.com,police officer,12149
12249,Rhea,Philoo,Rhea.Philoo@yopmail.com,Rhea.Philoo@gmail.com,worker,12150
12250,Caressa,Dex,Caressa.Dex@yopmail.com,Caressa.Dex@gmail.com,worker,12151
12251,Helsa,Behre,Helsa.Behre@yopmail.com,Helsa.Behre@gmail.com,police officer,12152
12252,Vanessa,Goode,Vanessa.Goode@yopmail.com,Vanessa.Goode@gmail.com,police officer,12153
12253,Concettina,Wyn,Concettina.Wyn@yopmail.com,Concettina.Wyn@gmail.com,police officer,12154
12254,Gui,Fitzsimmons,Gui.Fitzsimmons@yopmail.com,Gui.Fitzsimmons@gmail.com,worker,12155
12255,Gerrie,Olnee,Gerrie.Olnee@yopmail.com,Gerrie.Olnee@gmail.com,firefighter,12156
12256,Cyb,Colyer,Cyb.Colyer@yopmail.com,Cyb.Colyer@gmail.com,firefighter,12157
12257,Susan,Eno,Susan.Eno@yopmail.com,Susan.Eno@gmail.com,doctor,12158
12258,Ninnetta,Milde,Ninnetta.Milde@yopmail.com,Ninnetta.Milde@gmail.com,developer,12159
12259,Gratia,Heisel,Gratia.Heisel@yopmail.com,Gratia.Heisel@gmail.com,firefighter,12160
12260,Genevra,Norrie,Genevra.Norrie@yopmail.com,Genevra.Norrie@gmail.com,developer,12161
12261,Darlleen,Damarra,Darlleen.Damarra@yopmail.com,Darlleen.Damarra@gmail.com,police officer,12162
12262,Jan,Terrence,Jan.Terrence@yopmail.com,Jan.Terrence@gmail.com,doctor,12163
12263,Gabi,Faust,Gabi.Faust@yopmail.com,Gabi.Faust@gmail.com,doctor,12164
12264,Paola,Gunn,Paola.Gunn@yopmail.com,Paola.Gunn@gmail.com,firefighter,12165
12265,Raf,Lorenz,Raf.Lorenz@yopmail.com,Raf.Lorenz@gmail.com,firefighter,12166
12266,Lolita,Nore,Lolita.Nore@yopmail.com,Lolita.Nore@gmail.com,developer,12167
12267,Jeanna,Callista,Jeanna.Callista@yopmail.com,Jeanna.Callista@gmail.com,developer,12168
12268,Valli,Azeria,Valli.Azeria@yopmail.com,Valli.Azeria@gmail.com,worker,12169
12269,Rhoda,Kirbee,Rhoda.Kirbee@yopmail.com,Rhoda.Kirbee@gmail.com,worker,12170
12270,Elise,Zenas,Elise.Zenas@yopmail.com,Elise.Zenas@gmail.com,worker,12171
12271,Katuscha,Sammons,Katuscha.Sammons@yopmail.com,Katuscha.Sammons@gmail.com,police officer,12172
12272,Elka,Imelida,Elka.Imelida@yopmail.com,Elka.Imelida@gmail.com,doctor,12173
12273,Corry,Erskine,Corry.Erskine@yopmail.com,Corry.Erskine@gmail.com,police officer,12174
12274,Agathe,Nadia,Agathe.Nadia@yopmail.com,Agathe.Nadia@gmail.com,doctor,12175
12275,Mary,Marsden,Mary.Marsden@yopmail.com,Mary.Marsden@gmail.com,police officer,12176
12276,Bobbi,Aldric,Bobbi.Aldric@yopmail.com,Bobbi.Aldric@gmail.com,police officer,12177
12277,Roberta,Fink,Roberta.Fink@yopmail.com,Roberta.Fink@gmail.com,firefighter,12178
12278,Merle,McLaughlin,Merle.McLaughlin@yopmail.com,Merle.McLaughlin@gmail.com,worker,12179
12279,Ulrike,Fancie,Ulrike.Fancie@yopmail.com,Ulrike.Fancie@gmail.com,developer,12180
12280,Ebonee,Cath,Ebonee.Cath@yopmail.com,Ebonee.Cath@gmail.com,worker,12181
12281,Emylee,Suzetta,Emylee.Suzetta@yopmail.com,Emylee.Suzetta@gmail.com,firefighter,12182
12282,Bill,Melleta,Bill.Melleta@yopmail.com,Bill.Melleta@gmail.com,worker,12183
12283,Gabriellia,Posner,Gabriellia.Posner@yopmail.com,Gabriellia.Posner@gmail.com,developer,12184
12284,Jennica,Kirbee,Jennica.Kirbee@yopmail.com,Jennica.Kirbee@gmail.com,worker,12185
12285,Corly,My,Corly.My@yopmail.com,Corly.My@gmail.com,firefighter,12186
12286,Kimmy,Terrence,Kimmy.Terrence@yopmail.com,Kimmy.Terrence@gmail.com,worker,12187
12287,Christal,Ietta,Christal.Ietta@yopmail.com,Christal.Ietta@gmail.com,firefighter,12188
12288,Sabina,Hurley,Sabina.Hurley@yopmail.com,Sabina.Hurley@gmail.com,developer,12189
12289,Codie,Abernon,Codie.Abernon@yopmail.com,Codie.Abernon@gmail.com,developer,12190
12290,Dode,Dorothy,Dode.Dorothy@yopmail.com,Dode.Dorothy@gmail.com,worker,12191
12291,Aryn,Winthorpe,Aryn.Winthorpe@yopmail.com,Aryn.Winthorpe@gmail.com,doctor,12192
12292,Anallese,Lytton,Anallese.Lytton@yopmail.com,Anallese.Lytton@gmail.com,worker,12193
12293,Inga,Colyer,Inga.Colyer@yopmail.com,Inga.Colyer@gmail.com,police officer,12194
12294,Sibella,Beebe,Sibella.Beebe@yopmail.com,Sibella.Beebe@gmail.com,police officer,12195
12295,Gwenneth,Bashemeth,Gwenneth.Bashemeth@yopmail.com,Gwenneth.Bashemeth@gmail.com,police officer,12196
12296,Rhea,Pozzy,Rhea.Pozzy@yopmail.com,Rhea.Pozzy@gmail.com,firefighter,12197
12297,Ermengarde,Hoban,Ermengarde.Hoban@yopmail.com,Ermengarde.Hoban@gmail.com,developer,12198
12298,Netty,Carmena,Netty.Carmena@yopmail.com,Netty.Carmena@gmail.com,firefighter,12199
12299,Zia,Cimbura,Zia.Cimbura@yopmail.com,Zia.Cimbura@gmail.com,worker,12200
12300,Millie,Granoff,Millie.Granoff@yopmail.com,Millie.Granoff@gmail.com,worker,12201
12301,Marita,Laverne,Marita.Laverne@yopmail.com,Marita.Laverne@gmail.com,firefighter,12202
12302,Orsola,Torray,Orsola.Torray@yopmail.com,Orsola.Torray@gmail.com,worker,12203
12303,Meghann,Elephus,Meghann.Elephus@yopmail.com,Meghann.Elephus@gmail.com,doctor,12204
12304,Laure,Brian,Laure.Brian@yopmail.com,Laure.Brian@gmail.com,developer,12205
12305,Beth,Cherianne,Beth.Cherianne@yopmail.com,Beth.Cherianne@gmail.com,firefighter,12206
12306,Alleen,Winthorpe,Alleen.Winthorpe@yopmail.com,Alleen.Winthorpe@gmail.com,police officer,12207
12307,Vinita,Buttaro,Vinita.Buttaro@yopmail.com,Vinita.Buttaro@gmail.com,firefighter,12208
12308,Roslyn,Hillel,Roslyn.Hillel@yopmail.com,Roslyn.Hillel@gmail.com,developer,12209
12309,Nanete,Liva,Nanete.Liva@yopmail.com,Nanete.Liva@gmail.com,doctor,12210
12310,Nyssa,Rurik,Nyssa.Rurik@yopmail.com,Nyssa.Rurik@gmail.com,doctor,12211
12311,Daryl,Kolnick,Daryl.Kolnick@yopmail.com,Daryl.Kolnick@gmail.com,doctor,12212
12312,Aili,Hutchison,Aili.Hutchison@yopmail.com,Aili.Hutchison@gmail.com,doctor,12213
12313,Alyssa,Horan,Alyssa.Horan@yopmail.com,Alyssa.Horan@gmail.com,worker,12214
12314,Katuscha,Billye,Katuscha.Billye@yopmail.com,Katuscha.Billye@gmail.com,worker,12215
12315,Cherilyn,Chauncey,Cherilyn.Chauncey@yopmail.com,Cherilyn.Chauncey@gmail.com,developer,12216
12316,Farrah,Sallyann,Farrah.Sallyann@yopmail.com,Farrah.Sallyann@gmail.com,worker,12217
12317,Demetris,Felecia,Demetris.Felecia@yopmail.com,Demetris.Felecia@gmail.com,firefighter,12218
12318,Sashenka,Braun,Sashenka.Braun@yopmail.com,Sashenka.Braun@gmail.com,worker,12219
12319,Daryl,Argus,Daryl.Argus@yopmail.com,Daryl.Argus@gmail.com,worker,12220
12320,Roseline,Halla,Roseline.Halla@yopmail.com,Roseline.Halla@gmail.com,doctor,12221
12321,Shirlee,Saunderson,Shirlee.Saunderson@yopmail.com,Shirlee.Saunderson@gmail.com,doctor,12222
12322,Nonnah,Sherfield,Nonnah.Sherfield@yopmail.com,Nonnah.Sherfield@gmail.com,doctor,12223
12323,Shauna,Rebecka,Shauna.Rebecka@yopmail.com,Shauna.Rebecka@gmail.com,police officer,12224
12324,Sibella,Buffum,Sibella.Buffum@yopmail.com,Sibella.Buffum@gmail.com,police officer,12225
12325,Arabel,Wildermuth,Arabel.Wildermuth@yopmail.com,Arabel.Wildermuth@gmail.com,firefighter,12226
12326,Emilia,Pernick,Emilia.Pernick@yopmail.com,Emilia.Pernick@gmail.com,firefighter,12227
12327,Sallie,Zaslow,Sallie.Zaslow@yopmail.com,Sallie.Zaslow@gmail.com,doctor,12228
12328,Roberta,Burnside,Roberta.Burnside@yopmail.com,Roberta.Burnside@gmail.com,doctor,12229
12329,Konstance,Chandler,Konstance.Chandler@yopmail.com,Konstance.Chandler@gmail.com,worker,12230
12330,Courtnay,Zuzana,Courtnay.Zuzana@yopmail.com,Courtnay.Zuzana@gmail.com,developer,12231
12331,Meghann,Edvard,Meghann.Edvard@yopmail.com,Meghann.Edvard@gmail.com,developer,12232
12332,Elora,Tillford,Elora.Tillford@yopmail.com,Elora.Tillford@gmail.com,worker,12233
12333,Concettina,Tillford,Concettina.Tillford@yopmail.com,Concettina.Tillford@gmail.com,doctor,12234
12334,Konstance,Posner,Konstance.Posner@yopmail.com,Konstance.Posner@gmail.com,firefighter,12235
12335,Micheline,Gombach,Micheline.Gombach@yopmail.com,Micheline.Gombach@gmail.com,police officer,12236
12336,Lauryn,Jarib,Lauryn.Jarib@yopmail.com,Lauryn.Jarib@gmail.com,doctor,12237
12337,Leontine,Calhoun,Leontine.Calhoun@yopmail.com,Leontine.Calhoun@gmail.com,police officer,12238
12338,Violet,Killigrew,Violet.Killigrew@yopmail.com,Violet.Killigrew@gmail.com,firefighter,12239
12339,Elbertina,Wilona,Elbertina.Wilona@yopmail.com,Elbertina.Wilona@gmail.com,worker,12240
12340,Cassandra,Leifeste,Cassandra.Leifeste@yopmail.com,Cassandra.Leifeste@gmail.com,developer,12241
12341,Tybie,Neva,Tybie.Neva@yopmail.com,Tybie.Neva@gmail.com,doctor,12242
12342,Minda,Nerita,Minda.Nerita@yopmail.com,Minda.Nerita@gmail.com,firefighter,12243
12343,Pierette,Lumbard,Pierette.Lumbard@yopmail.com,Pierette.Lumbard@gmail.com,firefighter,12244
12344,Cassondra,Ophelia,Cassondra.Ophelia@yopmail.com,Cassondra.Ophelia@gmail.com,developer,12245
12345,Ekaterina,Mehalek,Ekaterina.Mehalek@yopmail.com,Ekaterina.Mehalek@gmail.com,developer,12246
12346,Sue,Israeli,Sue.Israeli@yopmail.com,Sue.Israeli@gmail.com,police officer,12247
12347,Darci,Kronfeld,Darci.Kronfeld@yopmail.com,Darci.Kronfeld@gmail.com,developer,12248
12348,Oralee,Harday,Oralee.Harday@yopmail.com,Oralee.Harday@gmail.com,doctor,12249
12349,Gavrielle,Bow,Gavrielle.Bow@yopmail.com,Gavrielle.Bow@gmail.com,doctor,12250
12350,Caritta,Longfellow,Caritta.Longfellow@yopmail.com,Caritta.Longfellow@gmail.com,doctor,12251
12351,Clementine,Ailyn,Clementine.Ailyn@yopmail.com,Clementine.Ailyn@gmail.com,doctor,12252
12352,Mary,Fulmer,Mary.Fulmer@yopmail.com,Mary.Fulmer@gmail.com,developer,12253
12353,Bettine,Hepsibah,Bettine.Hepsibah@yopmail.com,Bettine.Hepsibah@gmail.com,doctor,12254
12354,Petronia,Aaberg,Petronia.Aaberg@yopmail.com,Petronia.Aaberg@gmail.com,developer,12255
12355,Jolyn,Hewitt,Jolyn.Hewitt@yopmail.com,Jolyn.Hewitt@gmail.com,developer,12256
12356,Caryl,Nahum,Caryl.Nahum@yopmail.com,Caryl.Nahum@gmail.com,developer,12257
12357,Raf,Jillane,Raf.Jillane@yopmail.com,Raf.Jillane@gmail.com,firefighter,12258
12358,Bee,Georgy,Bee.Georgy@yopmail.com,Bee.Georgy@gmail.com,worker,12259
12359,Cissiee,Rhu,Cissiee.Rhu@yopmail.com,Cissiee.Rhu@gmail.com,firefighter,12260
12360,Gilda,McGrody,Gilda.McGrody@yopmail.com,Gilda.McGrody@gmail.com,firefighter,12261
12361,Lila,Travax,Lila.Travax@yopmail.com,Lila.Travax@gmail.com,firefighter,12262
12362,Cassondra,Masao,Cassondra.Masao@yopmail.com,Cassondra.Masao@gmail.com,worker,12263
12363,Suzette,Hutchison,Suzette.Hutchison@yopmail.com,Suzette.Hutchison@gmail.com,worker,12264
12364,Rhea,Fadiman,Rhea.Fadiman@yopmail.com,Rhea.Fadiman@gmail.com,police officer,12265
12365,Nadine,Jotham,Nadine.Jotham@yopmail.com,Nadine.Jotham@gmail.com,police officer,12266
12366,Katleen,Dreda,Katleen.Dreda@yopmail.com,Katleen.Dreda@gmail.com,developer,12267
12367,Taffy,Rogerio,Taffy.Rogerio@yopmail.com,Taffy.Rogerio@gmail.com,police officer,12268
12368,Di,Septima,Di.Septima@yopmail.com,Di.Septima@gmail.com,developer,12269
12369,Giustina,Arley,Giustina.Arley@yopmail.com,Giustina.Arley@gmail.com,police officer,12270
12370,Ardeen,Norvol,Ardeen.Norvol@yopmail.com,Ardeen.Norvol@gmail.com,doctor,12271
12371,Alisha,Selway,Alisha.Selway@yopmail.com,Alisha.Selway@gmail.com,developer,12272
12372,Cathyleen,Horan,Cathyleen.Horan@yopmail.com,Cathyleen.Horan@gmail.com,police officer,12273
12373,Minne,Lail,Minne.Lail@yopmail.com,Minne.Lail@gmail.com,doctor,12274
12374,Atlanta,Ulphia,Atlanta.Ulphia@yopmail.com,Atlanta.Ulphia@gmail.com,developer,12275
12375,Hollie,Ailyn,Hollie.Ailyn@yopmail.com,Hollie.Ailyn@gmail.com,developer,12276
12376,Cherrita,Ummersen,Cherrita.Ummersen@yopmail.com,Cherrita.Ummersen@gmail.com,developer,12277
12377,Mady,Bobbee,Mady.Bobbee@yopmail.com,Mady.Bobbee@gmail.com,firefighter,12278
12378,Tilly,Ardeha,Tilly.Ardeha@yopmail.com,Tilly.Ardeha@gmail.com,firefighter,12279
12379,Lauryn,Croix,Lauryn.Croix@yopmail.com,Lauryn.Croix@gmail.com,firefighter,12280
12380,Hope,Virgin,Hope.Virgin@yopmail.com,Hope.Virgin@gmail.com,police officer,12281
12381,Jordan,Tice,Jordan.Tice@yopmail.com,Jordan.Tice@gmail.com,police officer,12282
12382,Ricky,Joeann,Ricky.Joeann@yopmail.com,Ricky.Joeann@gmail.com,doctor,12283
12383,Hallie,Merna,Hallie.Merna@yopmail.com,Hallie.Merna@gmail.com,firefighter,12284
12384,Roberta,Love,Roberta.Love@yopmail.com,Roberta.Love@gmail.com,worker,12285
12385,Fidelia,Adlare,Fidelia.Adlare@yopmail.com,Fidelia.Adlare@gmail.com,worker,12286
12386,Katharina,Tremayne,Katharina.Tremayne@yopmail.com,Katharina.Tremayne@gmail.com,police officer,12287
12387,Deedee,McAdams,Deedee.McAdams@yopmail.com,Deedee.McAdams@gmail.com,developer,12288
12388,Malina,Magdalen,Malina.Magdalen@yopmail.com,Malina.Magdalen@gmail.com,police officer,12289
12389,Desirae,Madelene,Desirae.Madelene@yopmail.com,Desirae.Madelene@gmail.com,developer,12290
12390,Maryellen,Bultman,Maryellen.Bultman@yopmail.com,Maryellen.Bultman@gmail.com,worker,12291
12391,Annice,Bonucci,Annice.Bonucci@yopmail.com,Annice.Bonucci@gmail.com,firefighter,12292
12392,Brietta,Carbo,Brietta.Carbo@yopmail.com,Brietta.Carbo@gmail.com,firefighter,12293
12393,Fina,Gahl,Fina.Gahl@yopmail.com,Fina.Gahl@gmail.com,firefighter,12294
12394,Halette,Lenny,Halette.Lenny@yopmail.com,Halette.Lenny@gmail.com,police officer,12295
12395,Bill,Bartlett,Bill.Bartlett@yopmail.com,Bill.Bartlett@gmail.com,worker,12296
12396,Marnia,Madelene,Marnia.Madelene@yopmail.com,Marnia.Madelene@gmail.com,doctor,12297
12397,Jobi,Sharl,Jobi.Sharl@yopmail.com,Jobi.Sharl@gmail.com,developer,12298
12398,Tami,Kathie,Tami.Kathie@yopmail.com,Tami.Kathie@gmail.com,police officer,12299
12399,Gusella,Magdalen,Gusella.Magdalen@yopmail.com,Gusella.Magdalen@gmail.com,police officer,12300
12400,Rosaline,Brodench,Rosaline.Brodench@yopmail.com,Rosaline.Brodench@gmail.com,worker,12301
12401,Ulrike,Zitvaa,Ulrike.Zitvaa@yopmail.com,Ulrike.Zitvaa@gmail.com,firefighter,12302
12402,Gwyneth,Salchunas,Gwyneth.Salchunas@yopmail.com,Gwyneth.Salchunas@gmail.com,developer,12303
12403,Molli,Joachim,Molli.Joachim@yopmail.com,Molli.Joachim@gmail.com,developer,12304
12404,Talya,Lail,Talya.Lail@yopmail.com,Talya.Lail@gmail.com,doctor,12305
12405,Kimmy,Bord,Kimmy.Bord@yopmail.com,Kimmy.Bord@gmail.com,police officer,12306
12406,Justinn,Pitt,Justinn.Pitt@yopmail.com,Justinn.Pitt@gmail.com,doctor,12307
12407,Catrina,Grimbly,Catrina.Grimbly@yopmail.com,Catrina.Grimbly@gmail.com,police officer,12308
12408,Belinda,Ovid,Belinda.Ovid@yopmail.com,Belinda.Ovid@gmail.com,police officer,12309
12409,Jacenta,Faria,Jacenta.Faria@yopmail.com,Jacenta.Faria@gmail.com,doctor,12310
12410,Rubie,Artie,Rubie.Artie@yopmail.com,Rubie.Artie@gmail.com,police officer,12311
12411,Frieda,McLaughlin,Frieda.McLaughlin@yopmail.com,Frieda.McLaughlin@gmail.com,police officer,12312
12412,Rivalee,Brieta,Rivalee.Brieta@yopmail.com,Rivalee.Brieta@gmail.com,developer,12313
12413,Rosanne,Marlie,Rosanne.Marlie@yopmail.com,Rosanne.Marlie@gmail.com,developer,12314
12414,Kathy,Dreda,Kathy.Dreda@yopmail.com,Kathy.Dreda@gmail.com,police officer,12315
12415,Lynnea,Chauncey,Lynnea.Chauncey@yopmail.com,Lynnea.Chauncey@gmail.com,police officer,12316
12416,Gui,Justinn,Gui.Justinn@yopmail.com,Gui.Justinn@gmail.com,worker,12317
12417,Elyssa,Eno,Elyssa.Eno@yopmail.com,Elyssa.Eno@gmail.com,police officer,12318
12418,Ariela,Monk,Ariela.Monk@yopmail.com,Ariela.Monk@gmail.com,firefighter,12319
12419,Wendi,Georgy,Wendi.Georgy@yopmail.com,Wendi.Georgy@gmail.com,developer,12320
12420,Doro,Eliathas,Doro.Eliathas@yopmail.com,Doro.Eliathas@gmail.com,firefighter,12321
12421,Lulita,Alwin,Lulita.Alwin@yopmail.com,Lulita.Alwin@gmail.com,developer,12322
12422,Selia,Terrence,Selia.Terrence@yopmail.com,Selia.Terrence@gmail.com,doctor,12323
12423,Suzette,Faso,Suzette.Faso@yopmail.com,Suzette.Faso@gmail.com,firefighter,12324
12424,Sindee,Zuzana,Sindee.Zuzana@yopmail.com,Sindee.Zuzana@gmail.com,doctor,12325
12425,Nikki,Elsinore,Nikki.Elsinore@yopmail.com,Nikki.Elsinore@gmail.com,police officer,12326
12426,Ashlee,Gino,Ashlee.Gino@yopmail.com,Ashlee.Gino@gmail.com,police officer,12327
12427,Shauna,Argus,Shauna.Argus@yopmail.com,Shauna.Argus@gmail.com,police officer,12328
12428,Mildrid,Harl,Mildrid.Harl@yopmail.com,Mildrid.Harl@gmail.com,police officer,12329
12429,Ingrid,Sisile,Ingrid.Sisile@yopmail.com,Ingrid.Sisile@gmail.com,worker,12330
12430,Althea,Rillings,Althea.Rillings@yopmail.com,Althea.Rillings@gmail.com,firefighter,12331
12431,Ira,Loleta,Ira.Loleta@yopmail.com,Ira.Loleta@gmail.com,worker,12332
12432,Edith,Carlson,Edith.Carlson@yopmail.com,Edith.Carlson@gmail.com,doctor,12333
12433,Raquela,Mallon,Raquela.Mallon@yopmail.com,Raquela.Mallon@gmail.com,firefighter,12334
12434,Audrie,Dorothy,Audrie.Dorothy@yopmail.com,Audrie.Dorothy@gmail.com,firefighter,12335
12435,Catrina,Munn,Catrina.Munn@yopmail.com,Catrina.Munn@gmail.com,doctor,12336
12436,Misha,Obed,Misha.Obed@yopmail.com,Misha.Obed@gmail.com,worker,12337
12437,Noelle,Goerke,Noelle.Goerke@yopmail.com,Noelle.Goerke@gmail.com,police officer,12338
12438,Tilly,Lumbard,Tilly.Lumbard@yopmail.com,Tilly.Lumbard@gmail.com,worker,12339
12439,Charissa,Alisia,Charissa.Alisia@yopmail.com,Charissa.Alisia@gmail.com,developer,12340
12440,Georgetta,Seumas,Georgetta.Seumas@yopmail.com,Georgetta.Seumas@gmail.com,police officer,12341
12441,Jere,Hebner,Jere.Hebner@yopmail.com,Jere.Hebner@gmail.com,firefighter,12342
12442,Sam,Gunn,Sam.Gunn@yopmail.com,Sam.Gunn@gmail.com,worker,12343
12443,Paulita,Felecia,Paulita.Felecia@yopmail.com,Paulita.Felecia@gmail.com,firefighter,12344
12444,Misha,Atonsah,Misha.Atonsah@yopmail.com,Misha.Atonsah@gmail.com,worker,12345
12445,Willetta,Teryn,Willetta.Teryn@yopmail.com,Willetta.Teryn@gmail.com,police officer,12346
12446,Andree,Arley,Andree.Arley@yopmail.com,Andree.Arley@gmail.com,firefighter,12347
12447,Livvyy,Croix,Livvyy.Croix@yopmail.com,Livvyy.Croix@gmail.com,doctor,12348
12448,Rosanne,Raychel,Rosanne.Raychel@yopmail.com,Rosanne.Raychel@gmail.com,police officer,12349
12449,Jackie,Rurik,Jackie.Rurik@yopmail.com,Jackie.Rurik@gmail.com,firefighter,12350
12450,Sheelagh,Cordi,Sheelagh.Cordi@yopmail.com,Sheelagh.Cordi@gmail.com,developer,12351
12451,Katleen,Harned,Katleen.Harned@yopmail.com,Katleen.Harned@gmail.com,police officer,12352
12452,Leontine,Madox,Leontine.Madox@yopmail.com,Leontine.Madox@gmail.com,worker,12353
12453,Paulita,Cloris,Paulita.Cloris@yopmail.com,Paulita.Cloris@gmail.com,firefighter,12354
12454,Jan,Yam,Jan.Yam@yopmail.com,Jan.Yam@gmail.com,developer,12355
12455,Maud,Longfellow,Maud.Longfellow@yopmail.com,Maud.Longfellow@gmail.com,developer,12356
12456,Aurelie,Anton,Aurelie.Anton@yopmail.com,Aurelie.Anton@gmail.com,worker,12357
12457,Grier,Simmonds,Grier.Simmonds@yopmail.com,Grier.Simmonds@gmail.com,doctor,12358
12458,Sonni,Honoria,Sonni.Honoria@yopmail.com,Sonni.Honoria@gmail.com,doctor,12359
12459,Marylou,Adore,Marylou.Adore@yopmail.com,Marylou.Adore@gmail.com,police officer,12360
12460,Carlie,Arley,Carlie.Arley@yopmail.com,Carlie.Arley@gmail.com,police officer,12361
12461,Albertina,Seumas,Albertina.Seumas@yopmail.com,Albertina.Seumas@gmail.com,worker,12362
12462,Alleen,Persse,Alleen.Persse@yopmail.com,Alleen.Persse@gmail.com,firefighter,12363
12463,Jobi,Leopold,Jobi.Leopold@yopmail.com,Jobi.Leopold@gmail.com,doctor,12364
12464,Eve,Penelopa,Eve.Penelopa@yopmail.com,Eve.Penelopa@gmail.com,firefighter,12365
12465,Mallory,Stuart,Mallory.Stuart@yopmail.com,Mallory.Stuart@gmail.com,doctor,12366
12466,Carol-Jean,Arvo,Carol-Jean.Arvo@yopmail.com,Carol-Jean.Arvo@gmail.com,firefighter,12367
12467,Wendi,Juliet,Wendi.Juliet@yopmail.com,Wendi.Juliet@gmail.com,worker,12368
12468,Dari,Blake,Dari.Blake@yopmail.com,Dari.Blake@gmail.com,doctor,12369
12469,Glenda,Nester,Glenda.Nester@yopmail.com,Glenda.Nester@gmail.com,worker,12370
12470,Mallory,Fry,Mallory.Fry@yopmail.com,Mallory.Fry@gmail.com,worker,12371
12471,Aurelie,Lamoree,Aurelie.Lamoree@yopmail.com,Aurelie.Lamoree@gmail.com,police officer,12372
12472,Allis,Rosemary,Allis.Rosemary@yopmail.com,Allis.Rosemary@gmail.com,developer,12373
12473,Candy,Mike,Candy.Mike@yopmail.com,Candy.Mike@gmail.com,police officer,12374
12474,Rebeca,Rubie,Rebeca.Rubie@yopmail.com,Rebeca.Rubie@gmail.com,firefighter,12375
12475,Bee,Gherardo,Bee.Gherardo@yopmail.com,Bee.Gherardo@gmail.com,police officer,12376
12476,Annice,Cassius,Annice.Cassius@yopmail.com,Annice.Cassius@gmail.com,developer,12377
12477,Cristine,Bennie,Cristine.Bennie@yopmail.com,Cristine.Bennie@gmail.com,doctor,12378
12478,Florencia,Ietta,Florencia.Ietta@yopmail.com,Florencia.Ietta@gmail.com,worker,12379
12479,Doro,Vernier,Doro.Vernier@yopmail.com,Doro.Vernier@gmail.com,police officer,12380
12480,Frank,Ardeha,Frank.Ardeha@yopmail.com,Frank.Ardeha@gmail.com,doctor,12381
12481,Maisey,Maiah,Maisey.Maiah@yopmail.com,Maisey.Maiah@gmail.com,doctor,12382
12482,Dorice,Timon,Dorice.Timon@yopmail.com,Dorice.Timon@gmail.com,police officer,12383
12483,Riannon,Vorster,Riannon.Vorster@yopmail.com,Riannon.Vorster@gmail.com,firefighter,12384
12484,Maryellen,Hertzfeld,Maryellen.Hertzfeld@yopmail.com,Maryellen.Hertzfeld@gmail.com,worker,12385
12485,Rubie,Ricarda,Rubie.Ricarda@yopmail.com,Rubie.Ricarda@gmail.com,developer,12386
12486,Myriam,Simmonds,Myriam.Simmonds@yopmail.com,Myriam.Simmonds@gmail.com,firefighter,12387
12487,Danika,Holtz,Danika.Holtz@yopmail.com,Danika.Holtz@gmail.com,firefighter,12388
12488,Consuela,Gower,Consuela.Gower@yopmail.com,Consuela.Gower@gmail.com,developer,12389
12489,Leanna,Sharl,Leanna.Sharl@yopmail.com,Leanna.Sharl@gmail.com,police officer,12390
12490,Sheree,Ajay,Sheree.Ajay@yopmail.com,Sheree.Ajay@gmail.com,worker,12391
12491,Tori,Danby,Tori.Danby@yopmail.com,Tori.Danby@gmail.com,developer,12392
12492,Pollyanna,Zrike,Pollyanna.Zrike@yopmail.com,Pollyanna.Zrike@gmail.com,firefighter,12393
12493,Maud,Harned,Maud.Harned@yopmail.com,Maud.Harned@gmail.com,doctor,12394
12494,Ninnetta,Azeria,Ninnetta.Azeria@yopmail.com,Ninnetta.Azeria@gmail.com,developer,12395
12495,Jessamyn,Allys,Jessamyn.Allys@yopmail.com,Jessamyn.Allys@gmail.com,worker,12396
12496,Orelia,Teddman,Orelia.Teddman@yopmail.com,Orelia.Teddman@gmail.com,doctor,12397
12497,Roslyn,Brieta,Roslyn.Brieta@yopmail.com,Roslyn.Brieta@gmail.com,police officer,12398
12498,Marcelline,Toor,Marcelline.Toor@yopmail.com,Marcelline.Toor@gmail.com,doctor,12399
12499,Emilia,Stav,Emilia.Stav@yopmail.com,Emilia.Stav@gmail.com,doctor,12400
12500,Karena,Pauly,Karena.Pauly@yopmail.com,Karena.Pauly@gmail.com,worker,12401
12501,Meghann,Tremayne,Meghann.Tremayne@yopmail.com,Meghann.Tremayne@gmail.com,firefighter,12402
12502,Alex,Beniamino,Alex.Beniamino@yopmail.com,Alex.Beniamino@gmail.com,police officer,12403
12503,Viviene,Berne,Viviene.Berne@yopmail.com,Viviene.Berne@gmail.com,firefighter,12404
12504,Gloria,Durware,Gloria.Durware@yopmail.com,Gloria.Durware@gmail.com,doctor,12405
12505,Wendi,Rubie,Wendi.Rubie@yopmail.com,Wendi.Rubie@gmail.com,doctor,12406
12506,Sallie,Zina,Sallie.Zina@yopmail.com,Sallie.Zina@gmail.com,police officer,12407
12507,Nyssa,Berard,Nyssa.Berard@yopmail.com,Nyssa.Berard@gmail.com,worker,12408
12508,Kimberley,Blisse,Kimberley.Blisse@yopmail.com,Kimberley.Blisse@gmail.com,developer,12409
12509,Kirstin,Maples,Kirstin.Maples@yopmail.com,Kirstin.Maples@gmail.com,firefighter,12410
12510,Lanna,Gaulin,Lanna.Gaulin@yopmail.com,Lanna.Gaulin@gmail.com,developer,12411
12511,Darlleen,Brandice,Darlleen.Brandice@yopmail.com,Darlleen.Brandice@gmail.com,developer,12412
12512,Maud,Kamaria,Maud.Kamaria@yopmail.com,Maud.Kamaria@gmail.com,doctor,12413
12513,Kellen,Koziara,Kellen.Koziara@yopmail.com,Kellen.Koziara@gmail.com,developer,12414
12514,Beverley,Raimondo,Beverley.Raimondo@yopmail.com,Beverley.Raimondo@gmail.com,developer,12415
12515,Helena,Irmine,Helena.Irmine@yopmail.com,Helena.Irmine@gmail.com,police officer,12416
12516,Rebeca,Felecia,Rebeca.Felecia@yopmail.com,Rebeca.Felecia@gmail.com,doctor,12417
12517,Cherilyn,Halsey,Cherilyn.Halsey@yopmail.com,Cherilyn.Halsey@gmail.com,firefighter,12418
12518,Heddie,Chaing,Heddie.Chaing@yopmail.com,Heddie.Chaing@gmail.com,police officer,12419
12519,Miquela,Colleen,Miquela.Colleen@yopmail.com,Miquela.Colleen@gmail.com,worker,12420
12520,Aimil,Parsaye,Aimil.Parsaye@yopmail.com,Aimil.Parsaye@gmail.com,doctor,12421
12521,Janenna,Greenwald,Janenna.Greenwald@yopmail.com,Janenna.Greenwald@gmail.com,firefighter,12422
12522,Tabbatha,Barney,Tabbatha.Barney@yopmail.com,Tabbatha.Barney@gmail.com,worker,12423
12523,Sam,Erminia,Sam.Erminia@yopmail.com,Sam.Erminia@gmail.com,firefighter,12424
12524,Karlee,Diann,Karlee.Diann@yopmail.com,Karlee.Diann@gmail.com,police officer,12425
12525,Anthia,Redmond,Anthia.Redmond@yopmail.com,Anthia.Redmond@gmail.com,firefighter,12426
12526,Sheelagh,Calhoun,Sheelagh.Calhoun@yopmail.com,Sheelagh.Calhoun@gmail.com,worker,12427
12527,Benita,Corabella,Benita.Corabella@yopmail.com,Benita.Corabella@gmail.com,doctor,12428
12528,Maye,Rooney,Maye.Rooney@yopmail.com,Maye.Rooney@gmail.com,firefighter,12429
12529,Loree,Tyson,Loree.Tyson@yopmail.com,Loree.Tyson@gmail.com,developer,12430
12530,Babita,Vanni,Babita.Vanni@yopmail.com,Babita.Vanni@gmail.com,worker,12431
12531,Joleen,Elo,Joleen.Elo@yopmail.com,Joleen.Elo@gmail.com,firefighter,12432
12532,Corina,Lilybelle,Corina.Lilybelle@yopmail.com,Corina.Lilybelle@gmail.com,developer,12433
12533,Lindie,Beebe,Lindie.Beebe@yopmail.com,Lindie.Beebe@gmail.com,police officer,12434
12534,Jinny,Kiersten,Jinny.Kiersten@yopmail.com,Jinny.Kiersten@gmail.com,police officer,12435
12535,Anestassia,Secrest,Anestassia.Secrest@yopmail.com,Anestassia.Secrest@gmail.com,doctor,12436
12536,Ana,Oscar,Ana.Oscar@yopmail.com,Ana.Oscar@gmail.com,developer,12437
12537,Krystle,Buttaro,Krystle.Buttaro@yopmail.com,Krystle.Buttaro@gmail.com,doctor,12438
12538,Michaelina,Ludewig,Michaelina.Ludewig@yopmail.com,Michaelina.Ludewig@gmail.com,firefighter,12439
12539,Celestyna,Sidonius,Celestyna.Sidonius@yopmail.com,Celestyna.Sidonius@gmail.com,worker,12440
12540,Yetty,Wiener,Yetty.Wiener@yopmail.com,Yetty.Wiener@gmail.com,firefighter,12441
12541,Joelly,Old,Joelly.Old@yopmail.com,Joelly.Old@gmail.com,worker,12442
12542,Carilyn,Baptlsta,Carilyn.Baptlsta@yopmail.com,Carilyn.Baptlsta@gmail.com,firefighter,12443
12543,Danika,Pip,Danika.Pip@yopmail.com,Danika.Pip@gmail.com,doctor,12444
12544,Ulrike,Nadia,Ulrike.Nadia@yopmail.com,Ulrike.Nadia@gmail.com,doctor,12445
12545,Karlee,Paton,Karlee.Paton@yopmail.com,Karlee.Paton@gmail.com,doctor,12446
12546,Petronia,Lemuela,Petronia.Lemuela@yopmail.com,Petronia.Lemuela@gmail.com,police officer,12447
12547,Tonia,Gino,Tonia.Gino@yopmail.com,Tonia.Gino@gmail.com,worker,12448
12548,Dennie,Adalbert,Dennie.Adalbert@yopmail.com,Dennie.Adalbert@gmail.com,doctor,12449
12549,Roslyn,Khorma,Roslyn.Khorma@yopmail.com,Roslyn.Khorma@gmail.com,developer,12450
12550,Danika,Kronfeld,Danika.Kronfeld@yopmail.com,Danika.Kronfeld@gmail.com,police officer,12451
12551,Latisha,Firmin,Latisha.Firmin@yopmail.com,Latisha.Firmin@gmail.com,doctor,12452
12552,Emilia,Lytton,Emilia.Lytton@yopmail.com,Emilia.Lytton@gmail.com,firefighter,12453
12553,Lynde,Poppy,Lynde.Poppy@yopmail.com,Lynde.Poppy@gmail.com,worker,12454
12554,Rochette,Socha,Rochette.Socha@yopmail.com,Rochette.Socha@gmail.com,firefighter,12455
12555,Deedee,Millda,Deedee.Millda@yopmail.com,Deedee.Millda@gmail.com,developer,12456
12556,Tressa,Sholley,Tressa.Sholley@yopmail.com,Tressa.Sholley@gmail.com,firefighter,12457
12557,Karlee,Newell,Karlee.Newell@yopmail.com,Karlee.Newell@gmail.com,developer,12458
12558,Heddie,Greyson,Heddie.Greyson@yopmail.com,Heddie.Greyson@gmail.com,firefighter,12459
12559,Kimberley,Grosz,Kimberley.Grosz@yopmail.com,Kimberley.Grosz@gmail.com,police officer,12460
12560,Paola,Douglass,Paola.Douglass@yopmail.com,Paola.Douglass@gmail.com,police officer,12461
12561,Marjie,Poppy,Marjie.Poppy@yopmail.com,Marjie.Poppy@gmail.com,firefighter,12462
12562,Halette,Palocz,Halette.Palocz@yopmail.com,Halette.Palocz@gmail.com,doctor,12463
12563,Zondra,Nea,Zondra.Nea@yopmail.com,Zondra.Nea@gmail.com,worker,12464
12564,Gianina,Phyllis,Gianina.Phyllis@yopmail.com,Gianina.Phyllis@gmail.com,worker,12465
12565,Marsiella,Linehan,Marsiella.Linehan@yopmail.com,Marsiella.Linehan@gmail.com,doctor,12466
12566,Christian,Celestine,Christian.Celestine@yopmail.com,Christian.Celestine@gmail.com,doctor,12467
12567,Alyssa,Harl,Alyssa.Harl@yopmail.com,Alyssa.Harl@gmail.com,developer,12468
12568,Ilse,Papageno,Ilse.Papageno@yopmail.com,Ilse.Papageno@gmail.com,firefighter,12469
12569,Celisse,Nickola,Celisse.Nickola@yopmail.com,Celisse.Nickola@gmail.com,police officer,12470
12570,Esmeralda,Lea,Esmeralda.Lea@yopmail.com,Esmeralda.Lea@gmail.com,police officer,12471
12571,Aubrie,Pernick,Aubrie.Pernick@yopmail.com,Aubrie.Pernick@gmail.com,police officer,12472
12572,Merrie,Lorain,Merrie.Lorain@yopmail.com,Merrie.Lorain@gmail.com,doctor,12473
12573,Eugine,Amethist,Eugine.Amethist@yopmail.com,Eugine.Amethist@gmail.com,police officer,12474
12574,Vivia,Center,Vivia.Center@yopmail.com,Vivia.Center@gmail.com,worker,12475
12575,Gerrie,Yoko,Gerrie.Yoko@yopmail.com,Gerrie.Yoko@gmail.com,doctor,12476
12576,Bobbi,Suzetta,Bobbi.Suzetta@yopmail.com,Bobbi.Suzetta@gmail.com,firefighter,12477
12577,Rozele,Telfer,Rozele.Telfer@yopmail.com,Rozele.Telfer@gmail.com,firefighter,12478
12578,Dagmar,Cressida,Dagmar.Cressida@yopmail.com,Dagmar.Cressida@gmail.com,firefighter,12479
12579,Amii,Elsinore,Amii.Elsinore@yopmail.com,Amii.Elsinore@gmail.com,firefighter,12480
12580,Stevana,Tarrant,Stevana.Tarrant@yopmail.com,Stevana.Tarrant@gmail.com,doctor,12481
12581,Cherrita,Wyn,Cherrita.Wyn@yopmail.com,Cherrita.Wyn@gmail.com,doctor,12482
12582,Jasmina,Pierette,Jasmina.Pierette@yopmail.com,Jasmina.Pierette@gmail.com,developer,12483
12583,Shirlee,Garlinda,Shirlee.Garlinda@yopmail.com,Shirlee.Garlinda@gmail.com,police officer,12484
12584,Dennie,Raychel,Dennie.Raychel@yopmail.com,Dennie.Raychel@gmail.com,developer,12485
12585,Margalo,Cohdwell,Margalo.Cohdwell@yopmail.com,Margalo.Cohdwell@gmail.com,worker,12486
12586,Collen,Durante,Collen.Durante@yopmail.com,Collen.Durante@gmail.com,firefighter,12487
12587,Loree,Lea,Loree.Lea@yopmail.com,Loree.Lea@gmail.com,police officer,12488
12588,Roz,Lucienne,Roz.Lucienne@yopmail.com,Roz.Lucienne@gmail.com,police officer,12489
12589,Tersina,Grosz,Tersina.Grosz@yopmail.com,Tersina.Grosz@gmail.com,worker,12490
12590,Bettine,Santoro,Bettine.Santoro@yopmail.com,Bettine.Santoro@gmail.com,worker,12491
12591,Marita,Rona,Marita.Rona@yopmail.com,Marita.Rona@gmail.com,worker,12492
12592,Kirstin,Swanhildas,Kirstin.Swanhildas@yopmail.com,Kirstin.Swanhildas@gmail.com,police officer,12493
12593,Nicoli,Raychel,Nicoli.Raychel@yopmail.com,Nicoli.Raychel@gmail.com,worker,12494
12594,Rosabelle,Ledah,Rosabelle.Ledah@yopmail.com,Rosabelle.Ledah@gmail.com,worker,12495
12595,Evaleen,Harday,Evaleen.Harday@yopmail.com,Evaleen.Harday@gmail.com,police officer,12496
12596,Kimberley,Quinn,Kimberley.Quinn@yopmail.com,Kimberley.Quinn@gmail.com,developer,12497
12597,Dianemarie,Salchunas,Dianemarie.Salchunas@yopmail.com,Dianemarie.Salchunas@gmail.com,firefighter,12498
12598,Deane,Lauraine,Deane.Lauraine@yopmail.com,Deane.Lauraine@gmail.com,doctor,12499
12599,Sandie,McAdams,Sandie.McAdams@yopmail.com,Sandie.McAdams@gmail.com,doctor,12500
