id,firstname,lastname,email,email2,profession,Field Name
37200,Karly,Schenck,Karly.Schenck@yopmail.com,Karly.Schenck@gmail.com,worker,37101
37201,Dorice,Cleavland,Dorice.Cleavland@yopmail.com,Dorice.Cleavland@gmail.com,developer,37102
37202,Delilah,Zamora,Delilah.Zamora@yopmail.com,Delilah.Zamora@gmail.com,doctor,37103
37203,Jillayne,Kunin,Jillayne.Kunin@yopmail.com,Jillayne.Kunin@gmail.com,doctor,37104
37204,Berta,Zaslow,Berta.Zaslow@yopmail.com,Berta.Zaslow@gmail.com,worker,37105
37205,Jacenta,Shanley,Jacenta.Shanley@yopmail.com,Jacenta.Shanley@gmail.com,police officer,37106
37206,Barbara,Mintz,Barbara.Mintz@yopmail.com,Barbara.Mintz@gmail.com,firefighter,37107
37207,Cacilie,Mauer,Cacilie.Mauer@yopmail.com,Cacilie.Mauer@gmail.com,doctor,37108
37208,Arlena,Truc,Arlena.Truc@yopmail.com,Arlena.Truc@gmail.com,doctor,37109
37209,Sibella,Belanger,Sibella.Belanger@yopmail.com,Sibella.Belanger@gmail.com,doctor,37110
37210,Nannie,Rona,Nannie.Rona@yopmail.com,Nannie.Rona@gmail.com,developer,37111
37211,Lelah,Pond,Lelah.Pond@yopmail.com,Lelah.Pond@gmail.com,police officer,37112
37212,Gertrud,Cohdwell,Gertrud.Cohdwell@yopmail.com,Gertrud.Cohdwell@gmail.com,worker,37113
37213,Cindelyn,Frodi,Cindelyn.Frodi@yopmail.com,Cindelyn.Frodi@gmail.com,developer,37114
37214,Grier,McCutcheon,Grier.McCutcheon@yopmail.com,Grier.McCutcheon@gmail.com,worker,37115
37215,Madeleine,Soneson,Madeleine.Soneson@yopmail.com,Madeleine.Soneson@gmail.com,firefighter,37116
37216,Melodie,Stacy,Melodie.Stacy@yopmail.com,Melodie.Stacy@gmail.com,doctor,37117
37217,Elmira,Fiann,Elmira.Fiann@yopmail.com,Elmira.Fiann@gmail.com,worker,37118
37218,Emilia,Klemperer,Emilia.Klemperer@yopmail.com,Emilia.Klemperer@gmail.com,doctor,37119
37219,Shel,Bigner,Shel.Bigner@yopmail.com,Shel.Bigner@gmail.com,developer,37120
37220,Amara,Bertold,Amara.Bertold@yopmail.com,Amara.Bertold@gmail.com,doctor,37121
37221,Rubie,Viddah,Rubie.Viddah@yopmail.com,Rubie.Viddah@gmail.com,doctor,37122
37222,Shirlee,Henebry,Shirlee.Henebry@yopmail.com,Shirlee.Henebry@gmail.com,worker,37123
37223,Marleah,Hirsch,Marleah.Hirsch@yopmail.com,Marleah.Hirsch@gmail.com,doctor,37124
37224,Jan,Meli,Jan.Meli@yopmail.com,Jan.Meli@gmail.com,developer,37125
37225,Sonni,Mehalek,Sonni.Mehalek@yopmail.com,Sonni.Mehalek@gmail.com,firefighter,37126
37226,Melanie,Byrne,Melanie.Byrne@yopmail.com,Melanie.Byrne@gmail.com,developer,37127
37227,Lorie,Jillane,Lorie.Jillane@yopmail.com,Lorie.Jillane@gmail.com,developer,37128
37228,Lexine,Duwalt,Lexine.Duwalt@yopmail.com,Lexine.Duwalt@gmail.com,doctor,37129
37229,Alameda,Himelman,Alameda.Himelman@yopmail.com,Alameda.Himelman@gmail.com,developer,37130
37230,Gui,Prober,Gui.Prober@yopmail.com,Gui.Prober@gmail.com,firefighter,37131
37231,Steffane,Faro,Steffane.Faro@yopmail.com,Steffane.Faro@gmail.com,developer,37132
37232,Starla,Libna,Starla.Libna@yopmail.com,Starla.Libna@gmail.com,firefighter,37133
37233,Cherilyn,Uund,Cherilyn.Uund@yopmail.com,Cherilyn.Uund@gmail.com,worker,37134
37234,Fawne,Hanshaw,Fawne.Hanshaw@yopmail.com,Fawne.Hanshaw@gmail.com,firefighter,37135
37235,Madeleine,Read,Madeleine.Read@yopmail.com,Madeleine.Read@gmail.com,police officer,37136
37236,Viviene,Callista,Viviene.Callista@yopmail.com,Viviene.Callista@gmail.com,police officer,37137
37237,Britni,Doig,Britni.Doig@yopmail.com,Britni.Doig@gmail.com,developer,37138
37238,Kerrin,Tice,Kerrin.Tice@yopmail.com,Kerrin.Tice@gmail.com,doctor,37139
37239,Magdalena,Blase,Magdalena.Blase@yopmail.com,Magdalena.Blase@gmail.com,doctor,37140
37240,Linet,Douglass,Linet.Douglass@yopmail.com,Linet.Douglass@gmail.com,firefighter,37141
37241,Drucie,Ammann,Drucie.Ammann@yopmail.com,Drucie.Ammann@gmail.com,developer,37142
37242,Alie,Harriman,Alie.Harriman@yopmail.com,Alie.Harriman@gmail.com,developer,37143
37243,Esmeralda,Bertold,Esmeralda.Bertold@yopmail.com,Esmeralda.Bertold@gmail.com,police officer,37144
37244,Jere,Even,Jere.Even@yopmail.com,Jere.Even@gmail.com,police officer,37145
37245,Dotty,Loring,Dotty.Loring@yopmail.com,Dotty.Loring@gmail.com,doctor,37146
37246,Claudina,Longfellow,Claudina.Longfellow@yopmail.com,Claudina.Longfellow@gmail.com,doctor,37147
37247,Carilyn,Federica,Carilyn.Federica@yopmail.com,Carilyn.Federica@gmail.com,doctor,37148
37248,Shell,Telfer,Shell.Telfer@yopmail.com,Shell.Telfer@gmail.com,worker,37149
37249,Ernesta,Geffner,Ernesta.Geffner@yopmail.com,Ernesta.Geffner@gmail.com,firefighter,37150
37250,Kassey,Stoller,Kassey.Stoller@yopmail.com,Kassey.Stoller@gmail.com,doctor,37151
37251,Dagmar,Wilkinson,Dagmar.Wilkinson@yopmail.com,Dagmar.Wilkinson@gmail.com,worker,37152
37252,Bee,Francene,Bee.Francene@yopmail.com,Bee.Francene@gmail.com,doctor,37153
37253,Jessy,Rodmann,Jessy.Rodmann@yopmail.com,Jessy.Rodmann@gmail.com,firefighter,37154
37254,Marjie,Eben,Marjie.Eben@yopmail.com,Marjie.Eben@gmail.com,firefighter,37155
37255,Ursulina,Barney,Ursulina.Barney@yopmail.com,Ursulina.Barney@gmail.com,police officer,37156
37256,Merrie,Rozanna,Merrie.Rozanna@yopmail.com,Merrie.Rozanna@gmail.com,worker,37157
37257,Bernie,Pauly,Bernie.Pauly@yopmail.com,Bernie.Pauly@gmail.com,police officer,37158
37258,Brandise,Braun,Brandise.Braun@yopmail.com,Brandise.Braun@gmail.com,doctor,37159
37259,Shaylyn,Yerkovich,Shaylyn.Yerkovich@yopmail.com,Shaylyn.Yerkovich@gmail.com,developer,37160
37260,Josephine,Alarise,Josephine.Alarise@yopmail.com,Josephine.Alarise@gmail.com,worker,37161
37261,Dulce,Gaspard,Dulce.Gaspard@yopmail.com,Dulce.Gaspard@gmail.com,police officer,37162
37262,Alleen,Greenwald,Alleen.Greenwald@yopmail.com,Alleen.Greenwald@gmail.com,police officer,37163
37263,Blinni,Andrel,Blinni.Andrel@yopmail.com,Blinni.Andrel@gmail.com,developer,37164
37264,Georgetta,Dannye,Georgetta.Dannye@yopmail.com,Georgetta.Dannye@gmail.com,doctor,37165
37265,Susan,Holtz,Susan.Holtz@yopmail.com,Susan.Holtz@gmail.com,developer,37166
37266,Kenna,Ietta,Kenna.Ietta@yopmail.com,Kenna.Ietta@gmail.com,police officer,37167
37267,Aubrie,Quent,Aubrie.Quent@yopmail.com,Aubrie.Quent@gmail.com,developer,37168
37268,Nananne,Catie,Nananne.Catie@yopmail.com,Nananne.Catie@gmail.com,doctor,37169
37269,Justinn,Israeli,Justinn.Israeli@yopmail.com,Justinn.Israeli@gmail.com,firefighter,37170
37270,Doro,Gaal,Doro.Gaal@yopmail.com,Doro.Gaal@gmail.com,firefighter,37171
37271,Philis,Elo,Philis.Elo@yopmail.com,Philis.Elo@gmail.com,developer,37172
37272,Ulrike,Suk,Ulrike.Suk@yopmail.com,Ulrike.Suk@gmail.com,worker,37173
37273,Ann-Marie,Thad,Ann-Marie.Thad@yopmail.com,Ann-Marie.Thad@gmail.com,firefighter,37174
37274,Sidoney,Roche,Sidoney.Roche@yopmail.com,Sidoney.Roche@gmail.com,doctor,37175
37275,Roberta,Pauly,Roberta.Pauly@yopmail.com,Roberta.Pauly@gmail.com,doctor,37176
37276,Eve,Sisile,Eve.Sisile@yopmail.com,Eve.Sisile@gmail.com,worker,37177
37277,Bill,Ephrem,Bill.Ephrem@yopmail.com,Bill.Ephrem@gmail.com,developer,37178
37278,Roxane,Deegan,Roxane.Deegan@yopmail.com,Roxane.Deegan@gmail.com,firefighter,37179
37279,Joceline,Medrek,Joceline.Medrek@yopmail.com,Joceline.Medrek@gmail.com,worker,37180
37280,Christal,Latini,Christal.Latini@yopmail.com,Christal.Latini@gmail.com,worker,37181
37281,Ruthe,Ariella,Ruthe.Ariella@yopmail.com,Ruthe.Ariella@gmail.com,worker,37182
37282,Hope,Valerio,Hope.Valerio@yopmail.com,Hope.Valerio@gmail.com,worker,37183
37283,Robinia,Edison,Robinia.Edison@yopmail.com,Robinia.Edison@gmail.com,police officer,37184
37284,Ketti,Klemperer,Ketti.Klemperer@yopmail.com,Ketti.Klemperer@gmail.com,firefighter,37185
37285,Annice,Nikaniki,Annice.Nikaniki@yopmail.com,Annice.Nikaniki@gmail.com,doctor,37186
37286,Brena,Granoff,Brena.Granoff@yopmail.com,Brena.Granoff@gmail.com,firefighter,37187
37287,Priscilla,Ferrell,Priscilla.Ferrell@yopmail.com,Priscilla.Ferrell@gmail.com,worker,37188
37288,Gisela,Flyn,Gisela.Flyn@yopmail.com,Gisela.Flyn@gmail.com,doctor,37189
37289,Penelopa,Rona,Penelopa.Rona@yopmail.com,Penelopa.Rona@gmail.com,police officer,37190
37290,Hollie,Regan,Hollie.Regan@yopmail.com,Hollie.Regan@gmail.com,police officer,37191
37291,Leeanne,Girardo,Leeanne.Girardo@yopmail.com,Leeanne.Girardo@gmail.com,police officer,37192
37292,Deane,Cordi,Deane.Cordi@yopmail.com,Deane.Cordi@gmail.com,worker,37193
37293,Melodie,Harned,Melodie.Harned@yopmail.com,Melodie.Harned@gmail.com,worker,37194
37294,Maurene,Chinua,Maurene.Chinua@yopmail.com,Maurene.Chinua@gmail.com,police officer,37195
37295,Kylynn,Caitlin,Kylynn.Caitlin@yopmail.com,Kylynn.Caitlin@gmail.com,police officer,37196
37296,Brooks,Rona,Brooks.Rona@yopmail.com,Brooks.Rona@gmail.com,developer,37197
37297,Nyssa,Charmine,Nyssa.Charmine@yopmail.com,Nyssa.Charmine@gmail.com,developer,37198
37298,Julieta,Chrystel,Julieta.Chrystel@yopmail.com,Julieta.Chrystel@gmail.com,worker,37199
37299,Mara,Blake,Mara.Blake@yopmail.com,Mara.Blake@gmail.com,firefighter,37200
