id,firstname,lastname,email,email2,profession,Field Name
19100,Viki,Graig,Viki.Graig@yopmail.com,Viki.Graig@gmail.com,firefighter,19001
19101,Marguerite,Letsou,Marguerite.Letsou@yopmail.com,Marguerite.Letsou@gmail.com,police officer,19002
19102,Elise,Nikaniki,Elise.Nikaniki@yopmail.com,Elise.Nikaniki@gmail.com,police officer,19003
19103,Laurene,Lunsford,Laurene.Lunsford@yopmail.com,Laurene.Lunsford@gmail.com,worker,19004
19104,Steffane,Fredi,Steffane.Fredi@yopmail.com,Steffane.Fredi@gmail.com,worker,19005
19105,Aurore,Waite,Aurore.Waite@yopmail.com,Aurore.Waite@gmail.com,doctor,19006
19106,Ann-Marie,Lail,Ann-Marie.Lail@yopmail.com,Ann-Marie.Lail@gmail.com,developer,19007
19107,Max,Roarke,Max.Roarke@yopmail.com,Max.Roarke@gmail.com,developer,19008
19108,Tina,Secrest,Tina.Secrest@yopmail.com,Tina.Secrest@gmail.com,worker,19009
19109,Paulita,Ashok,Paulita.Ashok@yopmail.com,Paulita.Ashok@gmail.com,police officer,19010
19110,Riannon,Briney,Riannon.Briney@yopmail.com,Riannon.Briney@gmail.com,firefighter,19011
19111,Katuscha,Dulciana,Katuscha.Dulciana@yopmail.com,Katuscha.Dulciana@gmail.com,doctor,19012
19112,Cordi,Shuler,Cordi.Shuler@yopmail.com,Cordi.Shuler@gmail.com,doctor,19013
19113,Beth,Yorick,Beth.Yorick@yopmail.com,Beth.Yorick@gmail.com,developer,19014
19114,Ardenia,Darrell,Ardenia.Darrell@yopmail.com,Ardenia.Darrell@gmail.com,developer,19015
19115,Clarice,Jacinda,Clarice.Jacinda@yopmail.com,Clarice.Jacinda@gmail.com,doctor,19016
19116,Aimil,Tjon,Aimil.Tjon@yopmail.com,Aimil.Tjon@gmail.com,developer,19017
19117,Averyl,Erskine,Averyl.Erskine@yopmail.com,Averyl.Erskine@gmail.com,doctor,19018
19118,Margalo,Pip,Margalo.Pip@yopmail.com,Margalo.Pip@gmail.com,developer,19019
19119,Veda,Felecia,Veda.Felecia@yopmail.com,Veda.Felecia@gmail.com,firefighter,19020
19120,Dianemarie,Gemini,Dianemarie.Gemini@yopmail.com,Dianemarie.Gemini@gmail.com,firefighter,19021
19121,Moyna,Bahr,Moyna.Bahr@yopmail.com,Moyna.Bahr@gmail.com,firefighter,19022
19122,Courtnay,Forrer,Courtnay.Forrer@yopmail.com,Courtnay.Forrer@gmail.com,developer,19023
19123,Oona,Olin,Oona.Olin@yopmail.com,Oona.Olin@gmail.com,worker,19024
19124,Pearline,Helfand,Pearline.Helfand@yopmail.com,Pearline.Helfand@gmail.com,police officer,19025
19125,Bee,Sasnett,Bee.Sasnett@yopmail.com,Bee.Sasnett@gmail.com,developer,19026
19126,Brandise,Fosque,Brandise.Fosque@yopmail.com,Brandise.Fosque@gmail.com,police officer,19027
19127,Nannie,Fontana,Nannie.Fontana@yopmail.com,Nannie.Fontana@gmail.com,developer,19028
19128,Berget,Frendel,Berget.Frendel@yopmail.com,Berget.Frendel@gmail.com,police officer,19029
19129,Gwenneth,Boehike,Gwenneth.Boehike@yopmail.com,Gwenneth.Boehike@gmail.com,doctor,19030
19130,Harmonia,Cohdwell,Harmonia.Cohdwell@yopmail.com,Harmonia.Cohdwell@gmail.com,developer,19031
19131,Dyann,Eckblad,Dyann.Eckblad@yopmail.com,Dyann.Eckblad@gmail.com,firefighter,19032
19132,Josephine,Donell,Josephine.Donell@yopmail.com,Josephine.Donell@gmail.com,police officer,19033
19133,Wendi,Hortensia,Wendi.Hortensia@yopmail.com,Wendi.Hortensia@gmail.com,firefighter,19034
19134,Paule,Richers,Paule.Richers@yopmail.com,Paule.Richers@gmail.com,police officer,19035
19135,Ingrid,Raseda,Ingrid.Raseda@yopmail.com,Ingrid.Raseda@gmail.com,worker,19036
19136,Odessa,Candy,Odessa.Candy@yopmail.com,Odessa.Candy@gmail.com,firefighter,19037
19137,Ebonee,Annabella,Ebonee.Annabella@yopmail.com,Ebonee.Annabella@gmail.com,doctor,19038
19138,Chere,Iphlgenia,Chere.Iphlgenia@yopmail.com,Chere.Iphlgenia@gmail.com,firefighter,19039
19139,Kristina,Screens,Kristina.Screens@yopmail.com,Kristina.Screens@gmail.com,doctor,19040
19140,Deirdre,Modie,Deirdre.Modie@yopmail.com,Deirdre.Modie@gmail.com,doctor,19041
19141,Coral,Ariella,Coral.Ariella@yopmail.com,Coral.Ariella@gmail.com,firefighter,19042
19142,Jordan,Azeria,Jordan.Azeria@yopmail.com,Jordan.Azeria@gmail.com,doctor,19043
19143,Nannie,Mich,Nannie.Mich@yopmail.com,Nannie.Mich@gmail.com,police officer,19044
19144,Clo,Karna,Clo.Karna@yopmail.com,Clo.Karna@gmail.com,worker,19045
19145,Korrie,Socha,Korrie.Socha@yopmail.com,Korrie.Socha@gmail.com,developer,19046
19146,Margalo,Adamsen,Margalo.Adamsen@yopmail.com,Margalo.Adamsen@gmail.com,doctor,19047
19147,Frieda,Percy,Frieda.Percy@yopmail.com,Frieda.Percy@gmail.com,doctor,19048
19148,Emilia,Maiah,Emilia.Maiah@yopmail.com,Emilia.Maiah@gmail.com,worker,19049
19149,Yolane,Bakerman,Yolane.Bakerman@yopmail.com,Yolane.Bakerman@gmail.com,doctor,19050
19150,Cathyleen,Hachmin,Cathyleen.Hachmin@yopmail.com,Cathyleen.Hachmin@gmail.com,police officer,19051
19151,Sarette,Bury,Sarette.Bury@yopmail.com,Sarette.Bury@gmail.com,developer,19052
19152,Annabela,Chaing,Annabela.Chaing@yopmail.com,Annabela.Chaing@gmail.com,police officer,19053
19153,Sarette,Means,Sarette.Means@yopmail.com,Sarette.Means@gmail.com,police officer,19054
19154,Tiffie,Peonir,Tiffie.Peonir@yopmail.com,Tiffie.Peonir@gmail.com,firefighter,19055
19155,Sonni,Wolfgram,Sonni.Wolfgram@yopmail.com,Sonni.Wolfgram@gmail.com,firefighter,19056
19156,Noelle,Klotz,Noelle.Klotz@yopmail.com,Noelle.Klotz@gmail.com,developer,19057
19157,Hallie,Mayeda,Hallie.Mayeda@yopmail.com,Hallie.Mayeda@gmail.com,doctor,19058
19158,Sybille,Chinua,Sybille.Chinua@yopmail.com,Sybille.Chinua@gmail.com,firefighter,19059
19159,Ursulina,Swigart,Ursulina.Swigart@yopmail.com,Ursulina.Swigart@gmail.com,police officer,19060
19160,Wileen,Gemini,Wileen.Gemini@yopmail.com,Wileen.Gemini@gmail.com,worker,19061
19161,Courtnay,Halla,Courtnay.Halla@yopmail.com,Courtnay.Halla@gmail.com,developer,19062
19162,Lucy,Bohlin,Lucy.Bohlin@yopmail.com,Lucy.Bohlin@gmail.com,developer,19063
19163,Dyann,Colp,Dyann.Colp@yopmail.com,Dyann.Colp@gmail.com,doctor,19064
19164,Jaclyn,Ehrman,Jaclyn.Ehrman@yopmail.com,Jaclyn.Ehrman@gmail.com,doctor,19065
19165,Dorice,Beniamino,Dorice.Beniamino@yopmail.com,Dorice.Beniamino@gmail.com,firefighter,19066
19166,Jeanna,Rosalba,Jeanna.Rosalba@yopmail.com,Jeanna.Rosalba@gmail.com,doctor,19067
19167,Jean,Bevin,Jean.Bevin@yopmail.com,Jean.Bevin@gmail.com,firefighter,19068
19168,Dione,Florina,Dione.Florina@yopmail.com,Dione.Florina@gmail.com,worker,19069
19169,Desirae,Havens,Desirae.Havens@yopmail.com,Desirae.Havens@gmail.com,doctor,19070
19170,Queenie,Herrera,Queenie.Herrera@yopmail.com,Queenie.Herrera@gmail.com,firefighter,19071
19171,Renie,Arley,Renie.Arley@yopmail.com,Renie.Arley@gmail.com,worker,19072
19172,Stacey,Ackerley,Stacey.Ackerley@yopmail.com,Stacey.Ackerley@gmail.com,police officer,19073
19173,Latisha,Norvol,Latisha.Norvol@yopmail.com,Latisha.Norvol@gmail.com,firefighter,19074
19174,Addia,Jefferey,Addia.Jefferey@yopmail.com,Addia.Jefferey@gmail.com,firefighter,19075
19175,Raf,Standing,Raf.Standing@yopmail.com,Raf.Standing@gmail.com,developer,19076
19176,Gusty,Sammons,Gusty.Sammons@yopmail.com,Gusty.Sammons@gmail.com,worker,19077
19177,Madelle,Chabot,Madelle.Chabot@yopmail.com,Madelle.Chabot@gmail.com,police officer,19078
19178,Dolli,Adore,Dolli.Adore@yopmail.com,Dolli.Adore@gmail.com,police officer,19079
19179,Rani,Germann,Rani.Germann@yopmail.com,Rani.Germann@gmail.com,firefighter,19080
19180,Fredericka,Marlie,Fredericka.Marlie@yopmail.com,Fredericka.Marlie@gmail.com,worker,19081
19181,Stacey,Connelly,Stacey.Connelly@yopmail.com,Stacey.Connelly@gmail.com,doctor,19082
19182,Melisent,Gualtiero,Melisent.Gualtiero@yopmail.com,Melisent.Gualtiero@gmail.com,worker,19083
19183,Tarra,Ilka,Tarra.Ilka@yopmail.com,Tarra.Ilka@gmail.com,worker,19084
19184,Lynde,Ax,Lynde.Ax@yopmail.com,Lynde.Ax@gmail.com,doctor,19085
19185,Felice,Noman,Felice.Noman@yopmail.com,Felice.Noman@gmail.com,firefighter,19086
19186,Candy,Donell,Candy.Donell@yopmail.com,Candy.Donell@gmail.com,doctor,19087
19187,Dione,Noam,Dione.Noam@yopmail.com,Dione.Noam@gmail.com,developer,19088
19188,Josephine,Nelsen,Josephine.Nelsen@yopmail.com,Josephine.Nelsen@gmail.com,police officer,19089
19189,Jobi,Sprage,Jobi.Sprage@yopmail.com,Jobi.Sprage@gmail.com,worker,19090
19190,Antonietta,Dosia,Antonietta.Dosia@yopmail.com,Antonietta.Dosia@gmail.com,developer,19091
19191,Christy,Adlare,Christy.Adlare@yopmail.com,Christy.Adlare@gmail.com,police officer,19092
19192,Flory,Wadell,Flory.Wadell@yopmail.com,Flory.Wadell@gmail.com,worker,19093
19193,Audrie,Berne,Audrie.Berne@yopmail.com,Audrie.Berne@gmail.com,developer,19094
19194,Kelly,Gert,Kelly.Gert@yopmail.com,Kelly.Gert@gmail.com,doctor,19095
19195,Wilma,Malanie,Wilma.Malanie@yopmail.com,Wilma.Malanie@gmail.com,worker,19096
19196,Teriann,Gusella,Teriann.Gusella@yopmail.com,Teriann.Gusella@gmail.com,developer,19097
19197,Annaliese,Pozzy,Annaliese.Pozzy@yopmail.com,Annaliese.Pozzy@gmail.com,developer,19098
19198,Gusella,Nicoline,Gusella.Nicoline@yopmail.com,Gusella.Nicoline@gmail.com,developer,19099
19199,Aryn,Wareing,Aryn.Wareing@yopmail.com,Aryn.Wareing@gmail.com,police officer,19100
19200,Liana,Linehan,Liana.Linehan@yopmail.com,Liana.Linehan@gmail.com,doctor,19101
19201,Giustina,Leifeste,Giustina.Leifeste@yopmail.com,Giustina.Leifeste@gmail.com,police officer,19102
19202,Annaliese,Forrer,Annaliese.Forrer@yopmail.com,Annaliese.Forrer@gmail.com,doctor,19103
19203,Jinny,Fleeta,Jinny.Fleeta@yopmail.com,Jinny.Fleeta@gmail.com,firefighter,19104
19204,Tressa,Firmin,Tressa.Firmin@yopmail.com,Tressa.Firmin@gmail.com,doctor,19105
19205,Farrah,Lasley,Farrah.Lasley@yopmail.com,Farrah.Lasley@gmail.com,doctor,19106
19206,Vonny,Lewes,Vonny.Lewes@yopmail.com,Vonny.Lewes@gmail.com,developer,19107
19207,Audrie,Destinee,Audrie.Destinee@yopmail.com,Audrie.Destinee@gmail.com,firefighter,19108
19208,Renie,Merriott,Renie.Merriott@yopmail.com,Renie.Merriott@gmail.com,firefighter,19109
19209,Hollie,Kylander,Hollie.Kylander@yopmail.com,Hollie.Kylander@gmail.com,firefighter,19110
19210,Fanchon,Gladstone,Fanchon.Gladstone@yopmail.com,Fanchon.Gladstone@gmail.com,firefighter,19111
19211,Myrtice,O'Carroll,Myrtice.O'Carroll@yopmail.com,Myrtice.O'Carroll@gmail.com,police officer,19112
19212,Nollie,Carlson,Nollie.Carlson@yopmail.com,Nollie.Carlson@gmail.com,police officer,19113
19213,Brana,Vanni,Brana.Vanni@yopmail.com,Brana.Vanni@gmail.com,developer,19114
19214,Kenna,Chrystel,Kenna.Chrystel@yopmail.com,Kenna.Chrystel@gmail.com,worker,19115
19215,Rivalee,Ricarda,Rivalee.Ricarda@yopmail.com,Rivalee.Ricarda@gmail.com,doctor,19116
19216,Angela,Tannie,Angela.Tannie@yopmail.com,Angela.Tannie@gmail.com,developer,19117
19217,Candy,Obed,Candy.Obed@yopmail.com,Candy.Obed@gmail.com,worker,19118
19218,Alyda,Tiffa,Alyda.Tiffa@yopmail.com,Alyda.Tiffa@gmail.com,doctor,19119
19219,Di,Sancho,Di.Sancho@yopmail.com,Di.Sancho@gmail.com,police officer,19120
19220,Gavrielle,Jaylene,Gavrielle.Jaylene@yopmail.com,Gavrielle.Jaylene@gmail.com,worker,19121
19221,Raina,Persse,Raina.Persse@yopmail.com,Raina.Persse@gmail.com,police officer,19122
19222,Paola,Decato,Paola.Decato@yopmail.com,Paola.Decato@gmail.com,developer,19123
19223,Lorie,Gordon,Lorie.Gordon@yopmail.com,Lorie.Gordon@gmail.com,police officer,19124
19224,Teddie,Ammann,Teddie.Ammann@yopmail.com,Teddie.Ammann@gmail.com,firefighter,19125
19225,Suzette,Kinnard,Suzette.Kinnard@yopmail.com,Suzette.Kinnard@gmail.com,doctor,19126
19226,Briney,Wenoa,Briney.Wenoa@yopmail.com,Briney.Wenoa@gmail.com,police officer,19127
19227,Danny,Ortrude,Danny.Ortrude@yopmail.com,Danny.Ortrude@gmail.com,worker,19128
19228,Fred,Mandler,Fred.Mandler@yopmail.com,Fred.Mandler@gmail.com,doctor,19129
19229,Lily,Stuart,Lily.Stuart@yopmail.com,Lily.Stuart@gmail.com,police officer,19130
19230,Fanny,Damarra,Fanny.Damarra@yopmail.com,Fanny.Damarra@gmail.com,doctor,19131
19231,Carree,Dahlia,Carree.Dahlia@yopmail.com,Carree.Dahlia@gmail.com,firefighter,19132
19232,Ulrike,Monaco,Ulrike.Monaco@yopmail.com,Ulrike.Monaco@gmail.com,worker,19133
19233,Briney,Vilma,Briney.Vilma@yopmail.com,Briney.Vilma@gmail.com,police officer,19134
19234,Emma,O'Rourke,Emma.O'Rourke@yopmail.com,Emma.O'Rourke@gmail.com,worker,19135
19235,Harmonia,Moina,Harmonia.Moina@yopmail.com,Harmonia.Moina@gmail.com,developer,19136
19236,Libbie,Ellord,Libbie.Ellord@yopmail.com,Libbie.Ellord@gmail.com,worker,19137
19237,Bernie,Ruvolo,Bernie.Ruvolo@yopmail.com,Bernie.Ruvolo@gmail.com,police officer,19138
19238,Donetta,Rozanna,Donetta.Rozanna@yopmail.com,Donetta.Rozanna@gmail.com,police officer,19139
19239,Caritta,Audly,Caritta.Audly@yopmail.com,Caritta.Audly@gmail.com,worker,19140
19240,Damaris,Zeeba,Damaris.Zeeba@yopmail.com,Damaris.Zeeba@gmail.com,police officer,19141
19241,Oralee,Rugen,Oralee.Rugen@yopmail.com,Oralee.Rugen@gmail.com,doctor,19142
19242,Belva,Yorick,Belva.Yorick@yopmail.com,Belva.Yorick@gmail.com,police officer,19143
19243,Angelique,Melleta,Angelique.Melleta@yopmail.com,Angelique.Melleta@gmail.com,police officer,19144
19244,Gui,McGrody,Gui.McGrody@yopmail.com,Gui.McGrody@gmail.com,firefighter,19145
19245,Therine,Ammann,Therine.Ammann@yopmail.com,Therine.Ammann@gmail.com,doctor,19146
19246,Christy,Darrell,Christy.Darrell@yopmail.com,Christy.Darrell@gmail.com,worker,19147
19247,Tracey,Shama,Tracey.Shama@yopmail.com,Tracey.Shama@gmail.com,firefighter,19148
19248,Millie,Moina,Millie.Moina@yopmail.com,Millie.Moina@gmail.com,worker,19149
19249,Sara-Ann,Lilas,Sara-Ann.Lilas@yopmail.com,Sara-Ann.Lilas@gmail.com,firefighter,19150
19250,Adriana,Croix,Adriana.Croix@yopmail.com,Adriana.Croix@gmail.com,doctor,19151
19251,Daune,Seagraves,Daune.Seagraves@yopmail.com,Daune.Seagraves@gmail.com,firefighter,19152
19252,Alameda,Means,Alameda.Means@yopmail.com,Alameda.Means@gmail.com,worker,19153
19253,Orsola,Hashim,Orsola.Hashim@yopmail.com,Orsola.Hashim@gmail.com,developer,19154
19254,Monika,Dosia,Monika.Dosia@yopmail.com,Monika.Dosia@gmail.com,worker,19155
19255,Merci,Arne,Merci.Arne@yopmail.com,Merci.Arne@gmail.com,worker,19156
19256,Natka,Bebe,Natka.Bebe@yopmail.com,Natka.Bebe@gmail.com,developer,19157
19257,Binny,Holbrook,Binny.Holbrook@yopmail.com,Binny.Holbrook@gmail.com,firefighter,19158
19258,Willetta,Kylander,Willetta.Kylander@yopmail.com,Willetta.Kylander@gmail.com,police officer,19159
19259,Nelle,Madox,Nelle.Madox@yopmail.com,Nelle.Madox@gmail.com,doctor,19160
19260,Allyce,An,Allyce.An@yopmail.com,Allyce.An@gmail.com,doctor,19161
19261,Henriette,Rodmann,Henriette.Rodmann@yopmail.com,Henriette.Rodmann@gmail.com,developer,19162
19262,Charmaine,Weide,Charmaine.Weide@yopmail.com,Charmaine.Weide@gmail.com,worker,19163
19263,Alyssa,Rodmann,Alyssa.Rodmann@yopmail.com,Alyssa.Rodmann@gmail.com,worker,19164
19264,Marsiella,Terrence,Marsiella.Terrence@yopmail.com,Marsiella.Terrence@gmail.com,firefighter,19165
19265,Amalie,Couture,Amalie.Couture@yopmail.com,Amalie.Couture@gmail.com,worker,19166
19266,Carlie,Alva,Carlie.Alva@yopmail.com,Carlie.Alva@gmail.com,developer,19167
19267,Chrystel,Grobe,Chrystel.Grobe@yopmail.com,Chrystel.Grobe@gmail.com,developer,19168
19268,Harmonia,Maroney,Harmonia.Maroney@yopmail.com,Harmonia.Maroney@gmail.com,doctor,19169
19269,Rhea,Warthman,Rhea.Warthman@yopmail.com,Rhea.Warthman@gmail.com,doctor,19170
19270,Jessamyn,Schenck,Jessamyn.Schenck@yopmail.com,Jessamyn.Schenck@gmail.com,police officer,19171
19271,Coral,Bonucci,Coral.Bonucci@yopmail.com,Coral.Bonucci@gmail.com,firefighter,19172
19272,Wileen,Toni,Wileen.Toni@yopmail.com,Wileen.Toni@gmail.com,police officer,19173
19273,Pamella,Vivle,Pamella.Vivle@yopmail.com,Pamella.Vivle@gmail.com,police officer,19174
19274,Allyce,Hoban,Allyce.Hoban@yopmail.com,Allyce.Hoban@gmail.com,developer,19175
19275,Violet,Monaco,Violet.Monaco@yopmail.com,Violet.Monaco@gmail.com,firefighter,19176
19276,Adriana,Plato,Adriana.Plato@yopmail.com,Adriana.Plato@gmail.com,police officer,19177
19277,Alisha,Cherianne,Alisha.Cherianne@yopmail.com,Alisha.Cherianne@gmail.com,worker,19178
19278,Jorry,Rillings,Jorry.Rillings@yopmail.com,Jorry.Rillings@gmail.com,firefighter,19179
19279,Correy,Aida,Correy.Aida@yopmail.com,Correy.Aida@gmail.com,police officer,19180
19280,Minda,Mathilde,Minda.Mathilde@yopmail.com,Minda.Mathilde@gmail.com,worker,19181
19281,Bobbi,Mullane,Bobbi.Mullane@yopmail.com,Bobbi.Mullane@gmail.com,doctor,19182
19282,Gwyneth,Hillel,Gwyneth.Hillel@yopmail.com,Gwyneth.Hillel@gmail.com,doctor,19183
19283,Kayla,Podvin,Kayla.Podvin@yopmail.com,Kayla.Podvin@gmail.com,doctor,19184
19284,Ginnie,Ivens,Ginnie.Ivens@yopmail.com,Ginnie.Ivens@gmail.com,doctor,19185
19285,Tami,Sacken,Tami.Sacken@yopmail.com,Tami.Sacken@gmail.com,firefighter,19186
19286,Tarra,Horan,Tarra.Horan@yopmail.com,Tarra.Horan@gmail.com,firefighter,19187
19287,Margalo,Wenda,Margalo.Wenda@yopmail.com,Margalo.Wenda@gmail.com,police officer,19188
19288,Cassondra,Felecia,Cassondra.Felecia@yopmail.com,Cassondra.Felecia@gmail.com,developer,19189
19289,Fred,Grimbly,Fred.Grimbly@yopmail.com,Fred.Grimbly@gmail.com,firefighter,19190
19290,Claresta,Raychel,Claresta.Raychel@yopmail.com,Claresta.Raychel@gmail.com,police officer,19191
19291,Margalo,Euridice,Margalo.Euridice@yopmail.com,Margalo.Euridice@gmail.com,doctor,19192
19292,Sandie,Secrest,Sandie.Secrest@yopmail.com,Sandie.Secrest@gmail.com,worker,19193
19293,Lynea,Ricarda,Lynea.Ricarda@yopmail.com,Lynea.Ricarda@gmail.com,police officer,19194
19294,Ursulina,Geffner,Ursulina.Geffner@yopmail.com,Ursulina.Geffner@gmail.com,firefighter,19195
19295,Carly,Urania,Carly.Urania@yopmail.com,Carly.Urania@gmail.com,firefighter,19196
19296,Anica,Brieta,Anica.Brieta@yopmail.com,Anica.Brieta@gmail.com,developer,19197
19297,Imojean,Zaslow,Imojean.Zaslow@yopmail.com,Imojean.Zaslow@gmail.com,developer,19198
19298,Cassandra,Kat,Cassandra.Kat@yopmail.com,Cassandra.Kat@gmail.com,police officer,19199
19299,Alejandra,Terrence,Alejandra.Terrence@yopmail.com,Alejandra.Terrence@gmail.com,firefighter,19200
19300,Ulrike,Gabrielli,Ulrike.Gabrielli@yopmail.com,Ulrike.Gabrielli@gmail.com,police officer,19201
19301,Emelina,Ethban,Emelina.Ethban@yopmail.com,Emelina.Ethban@gmail.com,worker,19202
19302,Brandise,Libna,Brandise.Libna@yopmail.com,Brandise.Libna@gmail.com,developer,19203
19303,Coral,Carolin,Coral.Carolin@yopmail.com,Coral.Carolin@gmail.com,doctor,19204
19304,Belva,Drus,Belva.Drus@yopmail.com,Belva.Drus@gmail.com,firefighter,19205
19305,Adele,Darbie,Adele.Darbie@yopmail.com,Adele.Darbie@gmail.com,worker,19206
19306,Estell,Amand,Estell.Amand@yopmail.com,Estell.Amand@gmail.com,developer,19207
19307,Frieda,Lorenz,Frieda.Lorenz@yopmail.com,Frieda.Lorenz@gmail.com,firefighter,19208
19308,Jenda,Dichy,Jenda.Dichy@yopmail.com,Jenda.Dichy@gmail.com,worker,19209
19309,Doralynne,Toffic,Doralynne.Toffic@yopmail.com,Doralynne.Toffic@gmail.com,worker,19210
19310,Anallese,Connelly,Anallese.Connelly@yopmail.com,Anallese.Connelly@gmail.com,firefighter,19211
19311,Atlanta,Vernier,Atlanta.Vernier@yopmail.com,Atlanta.Vernier@gmail.com,developer,19212
19312,Arabel,Vins,Arabel.Vins@yopmail.com,Arabel.Vins@gmail.com,police officer,19213
19313,Genevra,Girardo,Genevra.Girardo@yopmail.com,Genevra.Girardo@gmail.com,worker,19214
19314,Atlanta,Esmaria,Atlanta.Esmaria@yopmail.com,Atlanta.Esmaria@gmail.com,firefighter,19215
19315,Dennie,Markman,Dennie.Markman@yopmail.com,Dennie.Markman@gmail.com,developer,19216
19316,Karolina,Gamaliel,Karolina.Gamaliel@yopmail.com,Karolina.Gamaliel@gmail.com,doctor,19217
19317,Helsa,Marsden,Helsa.Marsden@yopmail.com,Helsa.Marsden@gmail.com,doctor,19218
19318,Estell,Nerita,Estell.Nerita@yopmail.com,Estell.Nerita@gmail.com,firefighter,19219
19319,Vevay,Nunci,Vevay.Nunci@yopmail.com,Vevay.Nunci@gmail.com,police officer,19220
19320,Nerta,Chinua,Nerta.Chinua@yopmail.com,Nerta.Chinua@gmail.com,police officer,19221
19321,Aurelie,Eben,Aurelie.Eben@yopmail.com,Aurelie.Eben@gmail.com,doctor,19222
19322,Gratia,Reidar,Gratia.Reidar@yopmail.com,Gratia.Reidar@gmail.com,doctor,19223
19323,Danny,Tamsky,Danny.Tamsky@yopmail.com,Danny.Tamsky@gmail.com,doctor,19224
19324,Raf,Herrera,Raf.Herrera@yopmail.com,Raf.Herrera@gmail.com,firefighter,19225
19325,Luci,Kosey,Luci.Kosey@yopmail.com,Luci.Kosey@gmail.com,firefighter,19226
19326,Rani,Vivle,Rani.Vivle@yopmail.com,Rani.Vivle@gmail.com,doctor,19227
19327,Loree,Ashok,Loree.Ashok@yopmail.com,Loree.Ashok@gmail.com,worker,19228
19328,Drucie,Desai,Drucie.Desai@yopmail.com,Drucie.Desai@gmail.com,worker,19229
19329,Pamella,Amasa,Pamella.Amasa@yopmail.com,Pamella.Amasa@gmail.com,worker,19230
19330,Corene,Maurine,Corene.Maurine@yopmail.com,Corene.Maurine@gmail.com,worker,19231
19331,Marcy,Salvidor,Marcy.Salvidor@yopmail.com,Marcy.Salvidor@gmail.com,worker,19232
19332,Gerrie,Lucienne,Gerrie.Lucienne@yopmail.com,Gerrie.Lucienne@gmail.com,firefighter,19233
19333,Correy,Pandolfi,Correy.Pandolfi@yopmail.com,Correy.Pandolfi@gmail.com,worker,19234
19334,Antonietta,Kendrick,Antonietta.Kendrick@yopmail.com,Antonietta.Kendrick@gmail.com,developer,19235
19335,Orelia,Maxi,Orelia.Maxi@yopmail.com,Orelia.Maxi@gmail.com,worker,19236
19336,Alyda,Tryck,Alyda.Tryck@yopmail.com,Alyda.Tryck@gmail.com,developer,19237
19337,Tobe,Flyn,Tobe.Flyn@yopmail.com,Tobe.Flyn@gmail.com,firefighter,19238
19338,Lyssa,Argus,Lyssa.Argus@yopmail.com,Lyssa.Argus@gmail.com,firefighter,19239
19339,Kylynn,Simmonds,Kylynn.Simmonds@yopmail.com,Kylynn.Simmonds@gmail.com,firefighter,19240
19340,Bernie,Truc,Bernie.Truc@yopmail.com,Bernie.Truc@gmail.com,firefighter,19241
19341,Paule,Rudolph,Paule.Rudolph@yopmail.com,Paule.Rudolph@gmail.com,worker,19242
19342,Concettina,Francyne,Concettina.Francyne@yopmail.com,Concettina.Francyne@gmail.com,firefighter,19243
19343,Bernardine,Ventre,Bernardine.Ventre@yopmail.com,Bernardine.Ventre@gmail.com,developer,19244
19344,Katharina,Wallis,Katharina.Wallis@yopmail.com,Katharina.Wallis@gmail.com,doctor,19245
19345,Aimil,Flita,Aimil.Flita@yopmail.com,Aimil.Flita@gmail.com,doctor,19246
19346,Gisela,Kare,Gisela.Kare@yopmail.com,Gisela.Kare@gmail.com,firefighter,19247
19347,Dorthy,Bandeen,Dorthy.Bandeen@yopmail.com,Dorthy.Bandeen@gmail.com,firefighter,19248
19348,Briney,Friede,Briney.Friede@yopmail.com,Briney.Friede@gmail.com,police officer,19249
19349,Fayre,Henrie,Fayre.Henrie@yopmail.com,Fayre.Henrie@gmail.com,worker,19250
19350,Sean,Neils,Sean.Neils@yopmail.com,Sean.Neils@gmail.com,doctor,19251
19351,Deedee,Trey,Deedee.Trey@yopmail.com,Deedee.Trey@gmail.com,developer,19252
19352,Olwen,Colbert,Olwen.Colbert@yopmail.com,Olwen.Colbert@gmail.com,doctor,19253
19353,Harmonia,Tremayne,Harmonia.Tremayne@yopmail.com,Harmonia.Tremayne@gmail.com,developer,19254
19354,Ottilie,Madox,Ottilie.Madox@yopmail.com,Ottilie.Madox@gmail.com,firefighter,19255
19355,Briney,Raama,Briney.Raama@yopmail.com,Briney.Raama@gmail.com,developer,19256
19356,Marcelline,Gino,Marcelline.Gino@yopmail.com,Marcelline.Gino@gmail.com,doctor,19257
19357,Gratia,Pauly,Gratia.Pauly@yopmail.com,Gratia.Pauly@gmail.com,firefighter,19258
19358,Ginnie,Hirsch,Ginnie.Hirsch@yopmail.com,Ginnie.Hirsch@gmail.com,firefighter,19259
19359,Roslyn,Pelagias,Roslyn.Pelagias@yopmail.com,Roslyn.Pelagias@gmail.com,developer,19260
19360,Althea,Beniamino,Althea.Beniamino@yopmail.com,Althea.Beniamino@gmail.com,developer,19261
19361,Annora,Raimondo,Annora.Raimondo@yopmail.com,Annora.Raimondo@gmail.com,developer,19262
19362,Jsandye,Dermott,Jsandye.Dermott@yopmail.com,Jsandye.Dermott@gmail.com,worker,19263
19363,Marylou,Aprile,Marylou.Aprile@yopmail.com,Marylou.Aprile@gmail.com,police officer,19264
19364,Cindelyn,Holbrook,Cindelyn.Holbrook@yopmail.com,Cindelyn.Holbrook@gmail.com,worker,19265
19365,Nananne,Allina,Nananne.Allina@yopmail.com,Nananne.Allina@gmail.com,worker,19266
19366,Estell,Alarise,Estell.Alarise@yopmail.com,Estell.Alarise@gmail.com,worker,19267
19367,Chandra,Aaberg,Chandra.Aaberg@yopmail.com,Chandra.Aaberg@gmail.com,police officer,19268
19368,Cristabel,Tufts,Cristabel.Tufts@yopmail.com,Cristabel.Tufts@gmail.com,developer,19269
19369,Nyssa,Dichy,Nyssa.Dichy@yopmail.com,Nyssa.Dichy@gmail.com,worker,19270
19370,Dione,Goode,Dione.Goode@yopmail.com,Dione.Goode@gmail.com,doctor,19271
19371,Queenie,Tippets,Queenie.Tippets@yopmail.com,Queenie.Tippets@gmail.com,police officer,19272
19372,Ellette,Pulsifer,Ellette.Pulsifer@yopmail.com,Ellette.Pulsifer@gmail.com,developer,19273
19373,Charissa,Sancho,Charissa.Sancho@yopmail.com,Charissa.Sancho@gmail.com,developer,19274
19374,Stevana,Catie,Stevana.Catie@yopmail.com,Stevana.Catie@gmail.com,doctor,19275
19375,Stephanie,Trey,Stephanie.Trey@yopmail.com,Stephanie.Trey@gmail.com,worker,19276
19376,Kary,Old,Kary.Old@yopmail.com,Kary.Old@gmail.com,police officer,19277
19377,Ana,Even,Ana.Even@yopmail.com,Ana.Even@gmail.com,police officer,19278
19378,Hallie,Genna,Hallie.Genna@yopmail.com,Hallie.Genna@gmail.com,doctor,19279
19379,Agathe,Trace,Agathe.Trace@yopmail.com,Agathe.Trace@gmail.com,police officer,19280
19380,Kristan,Freddi,Kristan.Freddi@yopmail.com,Kristan.Freddi@gmail.com,police officer,19281
19381,Henriette,Lenny,Henriette.Lenny@yopmail.com,Henriette.Lenny@gmail.com,developer,19282
19382,Nerta,Eiser,Nerta.Eiser@yopmail.com,Nerta.Eiser@gmail.com,police officer,19283
19383,Suzette,Nicoline,Suzette.Nicoline@yopmail.com,Suzette.Nicoline@gmail.com,firefighter,19284
19384,Philis,Cressida,Philis.Cressida@yopmail.com,Philis.Cressida@gmail.com,firefighter,19285
19385,Karly,Blisse,Karly.Blisse@yopmail.com,Karly.Blisse@gmail.com,worker,19286
19386,Berta,Florina,Berta.Florina@yopmail.com,Berta.Florina@gmail.com,police officer,19287
19387,Ardys,Sidonius,Ardys.Sidonius@yopmail.com,Ardys.Sidonius@gmail.com,firefighter,19288
19388,Starla,Georgy,Starla.Georgy@yopmail.com,Starla.Georgy@gmail.com,worker,19289
19389,Desirae,Meter,Desirae.Meter@yopmail.com,Desirae.Meter@gmail.com,doctor,19290
19390,Arlina,Egbert,Arlina.Egbert@yopmail.com,Arlina.Egbert@gmail.com,worker,19291
19391,Dorothy,Garbe,Dorothy.Garbe@yopmail.com,Dorothy.Garbe@gmail.com,developer,19292
19392,Drucie,Loleta,Drucie.Loleta@yopmail.com,Drucie.Loleta@gmail.com,worker,19293
19393,Averyl,Krystle,Averyl.Krystle@yopmail.com,Averyl.Krystle@gmail.com,worker,19294
19394,Britni,Justinn,Britni.Justinn@yopmail.com,Britni.Justinn@gmail.com,police officer,19295
19395,Hayley,Cath,Hayley.Cath@yopmail.com,Hayley.Cath@gmail.com,developer,19296
19396,Joelly,Kannry,Joelly.Kannry@yopmail.com,Joelly.Kannry@gmail.com,police officer,19297
19397,Therine,Burch,Therine.Burch@yopmail.com,Therine.Burch@gmail.com,developer,19298
19398,Sharlene,Lemuela,Sharlene.Lemuela@yopmail.com,Sharlene.Lemuela@gmail.com,firefighter,19299
19399,Perry,Chem,Perry.Chem@yopmail.com,Perry.Chem@gmail.com,developer,19300
19400,Lisette,Peonir,Lisette.Peonir@yopmail.com,Lisette.Peonir@gmail.com,doctor,19301
19401,Coral,Suk,Coral.Suk@yopmail.com,Coral.Suk@gmail.com,worker,19302
19402,Christal,Garbe,Christal.Garbe@yopmail.com,Christal.Garbe@gmail.com,firefighter,19303
19403,Lolita,Behre,Lolita.Behre@yopmail.com,Lolita.Behre@gmail.com,doctor,19304
19404,Desirae,Jalbert,Desirae.Jalbert@yopmail.com,Desirae.Jalbert@gmail.com,firefighter,19305
19405,Basia,Lynn,Basia.Lynn@yopmail.com,Basia.Lynn@gmail.com,police officer,19306
19406,Fayre,Allys,Fayre.Allys@yopmail.com,Fayre.Allys@gmail.com,doctor,19307
19407,Carly,Smitt,Carly.Smitt@yopmail.com,Carly.Smitt@gmail.com,police officer,19308
19408,Viki,Georas,Viki.Georas@yopmail.com,Viki.Georas@gmail.com,firefighter,19309
19409,Nonnah,Lissi,Nonnah.Lissi@yopmail.com,Nonnah.Lissi@gmail.com,firefighter,19310
19410,Elie,Tomasina,Elie.Tomasina@yopmail.com,Elie.Tomasina@gmail.com,police officer,19311
19411,Merry,Hathaway,Merry.Hathaway@yopmail.com,Merry.Hathaway@gmail.com,firefighter,19312
19412,Chastity,Evangelia,Chastity.Evangelia@yopmail.com,Chastity.Evangelia@gmail.com,doctor,19313
19413,Arlina,Faria,Arlina.Faria@yopmail.com,Arlina.Faria@gmail.com,developer,19314
19414,Belinda,Garbe,Belinda.Garbe@yopmail.com,Belinda.Garbe@gmail.com,firefighter,19315
19415,Pamella,Hewitt,Pamella.Hewitt@yopmail.com,Pamella.Hewitt@gmail.com,doctor,19316
19416,Pamella,Fennessy,Pamella.Fennessy@yopmail.com,Pamella.Fennessy@gmail.com,doctor,19317
19417,Celestyna,Ajay,Celestyna.Ajay@yopmail.com,Celestyna.Ajay@gmail.com,firefighter,19318
19418,Lisette,Leary,Lisette.Leary@yopmail.com,Lisette.Leary@gmail.com,firefighter,19319
19419,Gisela,Kravits,Gisela.Kravits@yopmail.com,Gisela.Kravits@gmail.com,firefighter,19320
19420,Lynde,Zetta,Lynde.Zetta@yopmail.com,Lynde.Zetta@gmail.com,firefighter,19321
19421,Verla,Daveta,Verla.Daveta@yopmail.com,Verla.Daveta@gmail.com,doctor,19322
19422,Viki,Ilka,Viki.Ilka@yopmail.com,Viki.Ilka@gmail.com,worker,19323
19423,Kelly,Gert,Kelly.Gert@yopmail.com,Kelly.Gert@gmail.com,firefighter,19324
19424,Ginnie,Morehouse,Ginnie.Morehouse@yopmail.com,Ginnie.Morehouse@gmail.com,firefighter,19325
19425,Rosabelle,Virgin,Rosabelle.Virgin@yopmail.com,Rosabelle.Virgin@gmail.com,worker,19326
19426,Deane,Carlson,Deane.Carlson@yopmail.com,Deane.Carlson@gmail.com,developer,19327
19427,Kathi,Shuler,Kathi.Shuler@yopmail.com,Kathi.Shuler@gmail.com,police officer,19328
19428,Lelah,Kauppi,Lelah.Kauppi@yopmail.com,Lelah.Kauppi@gmail.com,doctor,19329
19429,Claudina,Lail,Claudina.Lail@yopmail.com,Claudina.Lail@gmail.com,police officer,19330
19430,Betta,Bartlett,Betta.Bartlett@yopmail.com,Betta.Bartlett@gmail.com,firefighter,19331
19431,Tina,Alcott,Tina.Alcott@yopmail.com,Tina.Alcott@gmail.com,doctor,19332
19432,Shirlee,Elo,Shirlee.Elo@yopmail.com,Shirlee.Elo@gmail.com,developer,19333
19433,Lulita,Carvey,Lulita.Carvey@yopmail.com,Lulita.Carvey@gmail.com,developer,19334
19434,Caressa,Lasley,Caressa.Lasley@yopmail.com,Caressa.Lasley@gmail.com,doctor,19335
19435,Allyce,Konyn,Allyce.Konyn@yopmail.com,Allyce.Konyn@gmail.com,worker,19336
19436,Elmira,Payson,Elmira.Payson@yopmail.com,Elmira.Payson@gmail.com,doctor,19337
19437,Magdalena,Lewes,Magdalena.Lewes@yopmail.com,Magdalena.Lewes@gmail.com,worker,19338
19438,Marika,Tacye,Marika.Tacye@yopmail.com,Marika.Tacye@gmail.com,police officer,19339
19439,Ashlee,Mendez,Ashlee.Mendez@yopmail.com,Ashlee.Mendez@gmail.com,police officer,19340
19440,Tamqrah,Arquit,Tamqrah.Arquit@yopmail.com,Tamqrah.Arquit@gmail.com,developer,19341
19441,Ruthe,Rosemary,Ruthe.Rosemary@yopmail.com,Ruthe.Rosemary@gmail.com,worker,19342
19442,Sibella,Crudden,Sibella.Crudden@yopmail.com,Sibella.Crudden@gmail.com,police officer,19343
19443,Glenda,Sherfield,Glenda.Sherfield@yopmail.com,Glenda.Sherfield@gmail.com,police officer,19344
19444,Elka,MacIntosh,Elka.MacIntosh@yopmail.com,Elka.MacIntosh@gmail.com,firefighter,19345
19445,Shannah,An,Shannah.An@yopmail.com,Shannah.An@gmail.com,firefighter,19346
19446,Berta,Dielu,Berta.Dielu@yopmail.com,Berta.Dielu@gmail.com,worker,19347
19447,Ebonee,August,Ebonee.August@yopmail.com,Ebonee.August@gmail.com,developer,19348
19448,Maridel,Christine,Maridel.Christine@yopmail.com,Maridel.Christine@gmail.com,developer,19349
19449,Patricia,Gower,Patricia.Gower@yopmail.com,Patricia.Gower@gmail.com,firefighter,19350
19450,Janeczka,Killigrew,Janeczka.Killigrew@yopmail.com,Janeczka.Killigrew@gmail.com,worker,19351
19451,Sharlene,Xerxes,Sharlene.Xerxes@yopmail.com,Sharlene.Xerxes@gmail.com,police officer,19352
19452,Clarice,Lamoree,Clarice.Lamoree@yopmail.com,Clarice.Lamoree@gmail.com,developer,19353
19453,Jemie,Raimondo,Jemie.Raimondo@yopmail.com,Jemie.Raimondo@gmail.com,developer,19354
19454,Jenilee,Timon,Jenilee.Timon@yopmail.com,Jenilee.Timon@gmail.com,firefighter,19355
19455,Bobinette,Diogenes,Bobinette.Diogenes@yopmail.com,Bobinette.Diogenes@gmail.com,worker,19356
19456,Sophia,Goerke,Sophia.Goerke@yopmail.com,Sophia.Goerke@gmail.com,developer,19357
19457,Letizia,Sibyls,Letizia.Sibyls@yopmail.com,Letizia.Sibyls@gmail.com,worker,19358
19458,Mady,Bebe,Mady.Bebe@yopmail.com,Mady.Bebe@gmail.com,worker,19359
19459,Allis,Yorick,Allis.Yorick@yopmail.com,Allis.Yorick@gmail.com,developer,19360
19460,Beatriz,Harl,Beatriz.Harl@yopmail.com,Beatriz.Harl@gmail.com,doctor,19361
19461,Meghann,Alcott,Meghann.Alcott@yopmail.com,Meghann.Alcott@gmail.com,firefighter,19362
19462,Dorice,Darbie,Dorice.Darbie@yopmail.com,Dorice.Darbie@gmail.com,firefighter,19363
19463,Roseline,Dominy,Roseline.Dominy@yopmail.com,Roseline.Dominy@gmail.com,worker,19364
19464,Susette,Vittoria,Susette.Vittoria@yopmail.com,Susette.Vittoria@gmail.com,police officer,19365
19465,Patricia,Anis,Patricia.Anis@yopmail.com,Patricia.Anis@gmail.com,worker,19366
19466,Livvyy,Francyne,Livvyy.Francyne@yopmail.com,Livvyy.Francyne@gmail.com,developer,19367
19467,Rani,Baudin,Rani.Baudin@yopmail.com,Rani.Baudin@gmail.com,worker,19368
19468,Yetty,Kolnick,Yetty.Kolnick@yopmail.com,Yetty.Kolnick@gmail.com,police officer,19369
19469,Quintina,Dearborn,Quintina.Dearborn@yopmail.com,Quintina.Dearborn@gmail.com,developer,19370
19470,Caritta,Olnee,Caritta.Olnee@yopmail.com,Caritta.Olnee@gmail.com,worker,19371
19471,Jan,Casimir,Jan.Casimir@yopmail.com,Jan.Casimir@gmail.com,worker,19372
19472,Orsola,Loleta,Orsola.Loleta@yopmail.com,Orsola.Loleta@gmail.com,developer,19373
19473,Althea,Brian,Althea.Brian@yopmail.com,Althea.Brian@gmail.com,worker,19374
19474,Belva,Thunell,Belva.Thunell@yopmail.com,Belva.Thunell@gmail.com,worker,19375
19475,Cherrita,Cutlerr,Cherrita.Cutlerr@yopmail.com,Cherrita.Cutlerr@gmail.com,police officer,19376
19476,Zaria,Grimbly,Zaria.Grimbly@yopmail.com,Zaria.Grimbly@gmail.com,police officer,19377
19477,Mathilda,Stephie,Mathilda.Stephie@yopmail.com,Mathilda.Stephie@gmail.com,developer,19378
19478,Mignon,Marlie,Mignon.Marlie@yopmail.com,Mignon.Marlie@gmail.com,developer,19379
19479,Stephanie,Joachim,Stephanie.Joachim@yopmail.com,Stephanie.Joachim@gmail.com,worker,19380
19480,Charissa,Jillane,Charissa.Jillane@yopmail.com,Charissa.Jillane@gmail.com,developer,19381
19481,Shandie,Brenn,Shandie.Brenn@yopmail.com,Shandie.Brenn@gmail.com,firefighter,19382
19482,Linzy,Dimitris,Linzy.Dimitris@yopmail.com,Linzy.Dimitris@gmail.com,worker,19383
19483,Chloris,Felizio,Chloris.Felizio@yopmail.com,Chloris.Felizio@gmail.com,firefighter,19384
19484,Renie,Peonir,Renie.Peonir@yopmail.com,Renie.Peonir@gmail.com,developer,19385
19485,Joceline,Hortensia,Joceline.Hortensia@yopmail.com,Joceline.Hortensia@gmail.com,firefighter,19386
19486,Eadie,Rurik,Eadie.Rurik@yopmail.com,Eadie.Rurik@gmail.com,doctor,19387
19487,Imojean,Arathorn,Imojean.Arathorn@yopmail.com,Imojean.Arathorn@gmail.com,doctor,19388
19488,Magdalena,Amand,Magdalena.Amand@yopmail.com,Magdalena.Amand@gmail.com,doctor,19389
19489,Kore,Burch,Kore.Burch@yopmail.com,Kore.Burch@gmail.com,police officer,19390
19490,Clo,Rozanna,Clo.Rozanna@yopmail.com,Clo.Rozanna@gmail.com,police officer,19391
19491,Fredericka,Joseph,Fredericka.Joseph@yopmail.com,Fredericka.Joseph@gmail.com,worker,19392
19492,Lelah,Virgin,Lelah.Virgin@yopmail.com,Lelah.Virgin@gmail.com,worker,19393
19493,Gloria,Fry,Gloria.Fry@yopmail.com,Gloria.Fry@gmail.com,developer,19394
19494,Jenda,Schroth,Jenda.Schroth@yopmail.com,Jenda.Schroth@gmail.com,worker,19395
19495,Beth,Santoro,Beth.Santoro@yopmail.com,Beth.Santoro@gmail.com,worker,19396
19496,Bobbi,Bury,Bobbi.Bury@yopmail.com,Bobbi.Bury@gmail.com,doctor,19397
19497,Hayley,Nickola,Hayley.Nickola@yopmail.com,Hayley.Nickola@gmail.com,firefighter,19398
19498,Nariko,Margret,Nariko.Margret@yopmail.com,Nariko.Margret@gmail.com,worker,19399
19499,Zia,Faso,Zia.Faso@yopmail.com,Zia.Faso@gmail.com,worker,19400
19500,Susan,Ephrem,Susan.Ephrem@yopmail.com,Susan.Ephrem@gmail.com,doctor,19401
19501,Elka,Khorma,Elka.Khorma@yopmail.com,Elka.Khorma@gmail.com,firefighter,19402
19502,Caressa,Gherardo,Caressa.Gherardo@yopmail.com,Caressa.Gherardo@gmail.com,developer,19403
19503,Sheree,Ailyn,Sheree.Ailyn@yopmail.com,Sheree.Ailyn@gmail.com,firefighter,19404
19504,Nariko,Rurik,Nariko.Rurik@yopmail.com,Nariko.Rurik@gmail.com,firefighter,19405
19505,Bernie,Imelida,Bernie.Imelida@yopmail.com,Bernie.Imelida@gmail.com,worker,19406
19506,Deane,Hermes,Deane.Hermes@yopmail.com,Deane.Hermes@gmail.com,firefighter,19407
19507,Nannie,Karl,Nannie.Karl@yopmail.com,Nannie.Karl@gmail.com,worker,19408
19508,Glynnis,Dominy,Glynnis.Dominy@yopmail.com,Glynnis.Dominy@gmail.com,firefighter,19409
19509,Eadie,Clara,Eadie.Clara@yopmail.com,Eadie.Clara@gmail.com,police officer,19410
19510,Deirdre,Pierette,Deirdre.Pierette@yopmail.com,Deirdre.Pierette@gmail.com,developer,19411
19511,Andeee,Shirberg,Andeee.Shirberg@yopmail.com,Andeee.Shirberg@gmail.com,police officer,19412
19512,Ottilie,Fabiola,Ottilie.Fabiola@yopmail.com,Ottilie.Fabiola@gmail.com,police officer,19413
19513,Gilda,Larochelle,Gilda.Larochelle@yopmail.com,Gilda.Larochelle@gmail.com,police officer,19414
19514,Chloris,Haldas,Chloris.Haldas@yopmail.com,Chloris.Haldas@gmail.com,firefighter,19415
19515,Andree,Nore,Andree.Nore@yopmail.com,Andree.Nore@gmail.com,doctor,19416
19516,Vonny,Wyn,Vonny.Wyn@yopmail.com,Vonny.Wyn@gmail.com,police officer,19417
19517,Antonietta,Firmin,Antonietta.Firmin@yopmail.com,Antonietta.Firmin@gmail.com,doctor,19418
19518,Trixi,Faso,Trixi.Faso@yopmail.com,Trixi.Faso@gmail.com,doctor,19419
19519,Sibella,Darrell,Sibella.Darrell@yopmail.com,Sibella.Darrell@gmail.com,firefighter,19420
19520,Tilly,Laverne,Tilly.Laverne@yopmail.com,Tilly.Laverne@gmail.com,developer,19421
19521,Tatiania,Beebe,Tatiania.Beebe@yopmail.com,Tatiania.Beebe@gmail.com,doctor,19422
19522,Dulce,Abernon,Dulce.Abernon@yopmail.com,Dulce.Abernon@gmail.com,doctor,19423
19523,Doralynne,Dominy,Doralynne.Dominy@yopmail.com,Doralynne.Dominy@gmail.com,developer,19424
19524,Tamqrah,Kevon,Tamqrah.Kevon@yopmail.com,Tamqrah.Kevon@gmail.com,developer,19425
19525,Veda,Lucienne,Veda.Lucienne@yopmail.com,Veda.Lucienne@gmail.com,police officer,19426
19526,Stacey,Jefferey,Stacey.Jefferey@yopmail.com,Stacey.Jefferey@gmail.com,doctor,19427
19527,Flo,Anderea,Flo.Anderea@yopmail.com,Flo.Anderea@gmail.com,developer,19428
19528,Elora,Melony,Elora.Melony@yopmail.com,Elora.Melony@gmail.com,doctor,19429
19529,Cindelyn,Allina,Cindelyn.Allina@yopmail.com,Cindelyn.Allina@gmail.com,worker,19430
19530,Carlie,Emerson,Carlie.Emerson@yopmail.com,Carlie.Emerson@gmail.com,firefighter,19431
19531,Silvana,Cristi,Silvana.Cristi@yopmail.com,Silvana.Cristi@gmail.com,worker,19432
19532,Perry,Decato,Perry.Decato@yopmail.com,Perry.Decato@gmail.com,firefighter,19433
19533,Dyann,Kamaria,Dyann.Kamaria@yopmail.com,Dyann.Kamaria@gmail.com,firefighter,19434
19534,Madelle,Arley,Madelle.Arley@yopmail.com,Madelle.Arley@gmail.com,firefighter,19435
19535,Marguerite,Autrey,Marguerite.Autrey@yopmail.com,Marguerite.Autrey@gmail.com,doctor,19436
19536,Ebonee,Mauer,Ebonee.Mauer@yopmail.com,Ebonee.Mauer@gmail.com,police officer,19437
19537,Sashenka,Thilda,Sashenka.Thilda@yopmail.com,Sashenka.Thilda@gmail.com,doctor,19438
19538,Viviene,Uund,Viviene.Uund@yopmail.com,Viviene.Uund@gmail.com,developer,19439
19539,Dari,Seagraves,Dari.Seagraves@yopmail.com,Dari.Seagraves@gmail.com,developer,19440
19540,Annecorinne,Koehler,Annecorinne.Koehler@yopmail.com,Annecorinne.Koehler@gmail.com,police officer,19441
19541,Sherrie,Nance,Sherrie.Nance@yopmail.com,Sherrie.Nance@gmail.com,developer,19442
19542,Glenda,Kirstin,Glenda.Kirstin@yopmail.com,Glenda.Kirstin@gmail.com,doctor,19443
19543,Verla,Knowling,Verla.Knowling@yopmail.com,Verla.Knowling@gmail.com,doctor,19444
19544,Clary,Mott,Clary.Mott@yopmail.com,Clary.Mott@gmail.com,worker,19445
19545,Corry,Means,Corry.Means@yopmail.com,Corry.Means@gmail.com,police officer,19446
19546,Sam,Ruvolo,Sam.Ruvolo@yopmail.com,Sam.Ruvolo@gmail.com,doctor,19447
19547,Chere,Trey,Chere.Trey@yopmail.com,Chere.Trey@gmail.com,doctor,19448
19548,Jemie,Lacombe,Jemie.Lacombe@yopmail.com,Jemie.Lacombe@gmail.com,police officer,19449
19549,Mariele,Francyne,Mariele.Francyne@yopmail.com,Mariele.Francyne@gmail.com,developer,19450
19550,Micheline,Pelagias,Micheline.Pelagias@yopmail.com,Micheline.Pelagias@gmail.com,police officer,19451
19551,Vinita,Gladstone,Vinita.Gladstone@yopmail.com,Vinita.Gladstone@gmail.com,worker,19452
19552,Atlanta,Corilla,Atlanta.Corilla@yopmail.com,Atlanta.Corilla@gmail.com,firefighter,19453
19553,Larine,Cherianne,Larine.Cherianne@yopmail.com,Larine.Cherianne@gmail.com,police officer,19454
19554,Leona,Rosette,Leona.Rosette@yopmail.com,Leona.Rosette@gmail.com,developer,19455
19555,Jackie,Mallon,Jackie.Mallon@yopmail.com,Jackie.Mallon@gmail.com,firefighter,19456
19556,Henriette,Crudden,Henriette.Crudden@yopmail.com,Henriette.Crudden@gmail.com,doctor,19457
19557,Felice,Clie,Felice.Clie@yopmail.com,Felice.Clie@gmail.com,police officer,19458
19558,Julieta,Tayib,Julieta.Tayib@yopmail.com,Julieta.Tayib@gmail.com,doctor,19459
19559,Phedra,Minetta,Phedra.Minetta@yopmail.com,Phedra.Minetta@gmail.com,developer,19460
19560,Corene,Freddi,Corene.Freddi@yopmail.com,Corene.Freddi@gmail.com,police officer,19461
19561,Tilly,Erminia,Tilly.Erminia@yopmail.com,Tilly.Erminia@gmail.com,doctor,19462
19562,Fanny,McLaughlin,Fanny.McLaughlin@yopmail.com,Fanny.McLaughlin@gmail.com,doctor,19463
19563,Ashlee,Norvol,Ashlee.Norvol@yopmail.com,Ashlee.Norvol@gmail.com,doctor,19464
19564,Maryellen,Anis,Maryellen.Anis@yopmail.com,Maryellen.Anis@gmail.com,doctor,19465
19565,Gwenneth,Edison,Gwenneth.Edison@yopmail.com,Gwenneth.Edison@gmail.com,police officer,19466
19566,Lisette,Elisha,Lisette.Elisha@yopmail.com,Lisette.Elisha@gmail.com,police officer,19467
19567,Dacia,Henebry,Dacia.Henebry@yopmail.com,Dacia.Henebry@gmail.com,developer,19468
19568,Kathi,Faust,Kathi.Faust@yopmail.com,Kathi.Faust@gmail.com,firefighter,19469
19569,Libbie,Reneta,Libbie.Reneta@yopmail.com,Libbie.Reneta@gmail.com,police officer,19470
19570,Pearline,Christine,Pearline.Christine@yopmail.com,Pearline.Christine@gmail.com,developer,19471
19571,Brena,Mallon,Brena.Mallon@yopmail.com,Brena.Mallon@gmail.com,worker,19472
19572,Berta,Othilia,Berta.Othilia@yopmail.com,Berta.Othilia@gmail.com,doctor,19473
19573,Joeann,Kimmie,Joeann.Kimmie@yopmail.com,Joeann.Kimmie@gmail.com,police officer,19474
19574,Maye,Zachary,Maye.Zachary@yopmail.com,Maye.Zachary@gmail.com,worker,19475
19575,Constance,Kauppi,Constance.Kauppi@yopmail.com,Constance.Kauppi@gmail.com,police officer,19476
19576,Christian,Posner,Christian.Posner@yopmail.com,Christian.Posner@gmail.com,police officer,19477
19577,Aimil,Dulciana,Aimil.Dulciana@yopmail.com,Aimil.Dulciana@gmail.com,police officer,19478
19578,Maurene,Damarra,Maurene.Damarra@yopmail.com,Maurene.Damarra@gmail.com,doctor,19479
19579,Margette,Sallyann,Margette.Sallyann@yopmail.com,Margette.Sallyann@gmail.com,police officer,19480
19580,Kylynn,Turne,Kylynn.Turne@yopmail.com,Kylynn.Turne@gmail.com,worker,19481
19581,Katharina,Belldas,Katharina.Belldas@yopmail.com,Katharina.Belldas@gmail.com,developer,19482
19582,Sharai,Zeeba,Sharai.Zeeba@yopmail.com,Sharai.Zeeba@gmail.com,firefighter,19483
19583,Allyce,Corrine,Allyce.Corrine@yopmail.com,Allyce.Corrine@gmail.com,firefighter,19484
19584,Yvonne,Bandeen,Yvonne.Bandeen@yopmail.com,Yvonne.Bandeen@gmail.com,developer,19485
19585,Candy,Mandler,Candy.Mandler@yopmail.com,Candy.Mandler@gmail.com,developer,19486
19586,Gretal,Federica,Gretal.Federica@yopmail.com,Gretal.Federica@gmail.com,doctor,19487
19587,Stevana,Shelba,Stevana.Shelba@yopmail.com,Stevana.Shelba@gmail.com,doctor,19488
19588,Molli,Kenney,Molli.Kenney@yopmail.com,Molli.Kenney@gmail.com,police officer,19489
19589,Sidoney,Atcliffe,Sidoney.Atcliffe@yopmail.com,Sidoney.Atcliffe@gmail.com,doctor,19490
19590,Aili,Wilona,Aili.Wilona@yopmail.com,Aili.Wilona@gmail.com,developer,19491
19591,Leeanne,Peonir,Leeanne.Peonir@yopmail.com,Leeanne.Peonir@gmail.com,developer,19492
19592,Olivette,Syd,Olivette.Syd@yopmail.com,Olivette.Syd@gmail.com,police officer,19493
19593,Pierette,Ferino,Pierette.Ferino@yopmail.com,Pierette.Ferino@gmail.com,doctor,19494
19594,Alie,Annabella,Alie.Annabella@yopmail.com,Alie.Annabella@gmail.com,firefighter,19495
19595,Emilia,Harday,Emilia.Harday@yopmail.com,Emilia.Harday@gmail.com,police officer,19496
19596,Roseline,Randene,Roseline.Randene@yopmail.com,Roseline.Randene@gmail.com,doctor,19497
19597,Tomasina,Remmer,Tomasina.Remmer@yopmail.com,Tomasina.Remmer@gmail.com,police officer,19498
19598,Zaria,Konyn,Zaria.Konyn@yopmail.com,Zaria.Konyn@gmail.com,firefighter,19499
19599,Codie,Erskine,Codie.Erskine@yopmail.com,Codie.Erskine@gmail.com,developer,19500
