id,firstname,lastname,email,email2,profession,Field Name
20100,Flory,Kalinda,Flory.Kalinda@yopmail.com,Flory.Kalinda@gmail.com,worker,20001
20101,Vita,Rad,Vita.Rad@yopmail.com,Vita.Rad@gmail.com,police officer,20002
20102,Agnese,Jacobah,Agnese.Jacobah@yopmail.com,Agnese.Jacobah@gmail.com,doctor,20003
20103,Latisha,Weitman,Latisha.Weitman@yopmail.com,Latisha.Weitman@gmail.com,firefighter,20004
20104,Juliane,Ophelia,Juliane.Ophelia@yopmail.com,Juliane.Ophelia@gmail.com,doctor,20005
20105,Marnia,Dichy,Marnia.Dichy@yopmail.com,Marnia.Dichy@gmail.com,police officer,20006
20106,Cyndie,Rugen,Cyndie.Rugen@yopmail.com,Cyndie.Rugen@gmail.com,police officer,20007
20107,Michaelina,Monaco,Michaelina.Monaco@yopmail.com,Michaelina.Monaco@gmail.com,firefighter,20008
20108,Gerrie,Byrne,Gerrie.Byrne@yopmail.com,Gerrie.Byrne@gmail.com,firefighter,20009
20109,Georgetta,Screens,Georgetta.Screens@yopmail.com,Georgetta.Screens@gmail.com,police officer,20010
20110,Shauna,Toor,Shauna.Toor@yopmail.com,Shauna.Toor@gmail.com,firefighter,20011
20111,Deane,Maribeth,Deane.Maribeth@yopmail.com,Deane.Maribeth@gmail.com,doctor,20012
20112,Glynnis,Geffner,Glynnis.Geffner@yopmail.com,Glynnis.Geffner@gmail.com,worker,20013
20113,Rori,Kathie,Rori.Kathie@yopmail.com,Rori.Kathie@gmail.com,firefighter,20014
20114,Jasmina,Harned,Jasmina.Harned@yopmail.com,Jasmina.Harned@gmail.com,doctor,20015
20115,Charissa,Donell,Charissa.Donell@yopmail.com,Charissa.Donell@gmail.com,developer,20016
20116,Dolli,Grosz,Dolli.Grosz@yopmail.com,Dolli.Grosz@gmail.com,police officer,20017
20117,Ruthe,Screens,Ruthe.Screens@yopmail.com,Ruthe.Screens@gmail.com,developer,20018
20118,Robbi,Ellerey,Robbi.Ellerey@yopmail.com,Robbi.Ellerey@gmail.com,firefighter,20019
20119,Raquela,Ammann,Raquela.Ammann@yopmail.com,Raquela.Ammann@gmail.com,police officer,20020
20120,Dania,Lory,Dania.Lory@yopmail.com,Dania.Lory@gmail.com,developer,20021
20121,Lynnea,Jotham,Lynnea.Jotham@yopmail.com,Lynnea.Jotham@gmail.com,developer,20022
20122,Ebonee,Janith,Ebonee.Janith@yopmail.com,Ebonee.Janith@gmail.com,police officer,20023
20123,Lynea,Tannie,Lynea.Tannie@yopmail.com,Lynea.Tannie@gmail.com,firefighter,20024
20124,Maisey,Shields,Maisey.Shields@yopmail.com,Maisey.Shields@gmail.com,police officer,20025
20125,Vinita,Mott,Vinita.Mott@yopmail.com,Vinita.Mott@gmail.com,worker,20026
20126,Kelly,Radu,Kelly.Radu@yopmail.com,Kelly.Radu@gmail.com,developer,20027
20127,Clary,Woodberry,Clary.Woodberry@yopmail.com,Clary.Woodberry@gmail.com,worker,20028
20128,Noelle,Eldrid,Noelle.Eldrid@yopmail.com,Noelle.Eldrid@gmail.com,police officer,20029
20129,Rozele,Carleen,Rozele.Carleen@yopmail.com,Rozele.Carleen@gmail.com,police officer,20030
20130,Lynnea,Amand,Lynnea.Amand@yopmail.com,Lynnea.Amand@gmail.com,worker,20031
20131,Rayna,Niles,Rayna.Niles@yopmail.com,Rayna.Niles@gmail.com,firefighter,20032
20132,Melodie,Septima,Melodie.Septima@yopmail.com,Melodie.Septima@gmail.com,worker,20033
20133,Myrtice,Pozzy,Myrtice.Pozzy@yopmail.com,Myrtice.Pozzy@gmail.com,worker,20034
20134,Karena,Larochelle,Karena.Larochelle@yopmail.com,Karena.Larochelle@gmail.com,doctor,20035
20135,Edee,Tristram,Edee.Tristram@yopmail.com,Edee.Tristram@gmail.com,developer,20036
20136,Sam,Dichy,Sam.Dichy@yopmail.com,Sam.Dichy@gmail.com,firefighter,20037
20137,Sidoney,Adore,Sidoney.Adore@yopmail.com,Sidoney.Adore@gmail.com,doctor,20038
20138,Ira,Cosenza,Ira.Cosenza@yopmail.com,Ira.Cosenza@gmail.com,worker,20039
20139,Celisse,Yusuk,Celisse.Yusuk@yopmail.com,Celisse.Yusuk@gmail.com,firefighter,20040
20140,Maurene,Burkle,Maurene.Burkle@yopmail.com,Maurene.Burkle@gmail.com,developer,20041
20141,Brooks,Kiyoshi,Brooks.Kiyoshi@yopmail.com,Brooks.Kiyoshi@gmail.com,worker,20042
20142,Carmela,Seumas,Carmela.Seumas@yopmail.com,Carmela.Seumas@gmail.com,firefighter,20043
20143,Marguerite,Fabiola,Marguerite.Fabiola@yopmail.com,Marguerite.Fabiola@gmail.com,developer,20044
20144,Rosaline,Rebecka,Rosaline.Rebecka@yopmail.com,Rosaline.Rebecka@gmail.com,worker,20045
20145,Barbara,Barbey,Barbara.Barbey@yopmail.com,Barbara.Barbey@gmail.com,police officer,20046
20146,Blinni,Yuille,Blinni.Yuille@yopmail.com,Blinni.Yuille@gmail.com,police officer,20047
20147,Olivette,Saree,Olivette.Saree@yopmail.com,Olivette.Saree@gmail.com,firefighter,20048
20148,Stephanie,Lory,Stephanie.Lory@yopmail.com,Stephanie.Lory@gmail.com,firefighter,20049
20149,Addia,Jess,Addia.Jess@yopmail.com,Addia.Jess@gmail.com,police officer,20050
20150,Danika,Kendrick,Danika.Kendrick@yopmail.com,Danika.Kendrick@gmail.com,doctor,20051
20151,Doro,Waite,Doro.Waite@yopmail.com,Doro.Waite@gmail.com,developer,20052
20152,Jinny,Garek,Jinny.Garek@yopmail.com,Jinny.Garek@gmail.com,police officer,20053
20153,Georgetta,Daniele,Georgetta.Daniele@yopmail.com,Georgetta.Daniele@gmail.com,developer,20054
20154,Dawn,Milde,Dawn.Milde@yopmail.com,Dawn.Milde@gmail.com,firefighter,20055
20155,Robbi,Elo,Robbi.Elo@yopmail.com,Robbi.Elo@gmail.com,doctor,20056
20156,Blinni,Tufts,Blinni.Tufts@yopmail.com,Blinni.Tufts@gmail.com,doctor,20057
20157,Kore,Sparhawk,Kore.Sparhawk@yopmail.com,Kore.Sparhawk@gmail.com,police officer,20058
20158,Diena,Jehu,Diena.Jehu@yopmail.com,Diena.Jehu@gmail.com,police officer,20059
20159,Livvyy,Minetta,Livvyy.Minetta@yopmail.com,Livvyy.Minetta@gmail.com,firefighter,20060
20160,Florie,Dimitris,Florie.Dimitris@yopmail.com,Florie.Dimitris@gmail.com,developer,20061
20161,Malina,Monk,Malina.Monk@yopmail.com,Malina.Monk@gmail.com,worker,20062
20162,Angelique,Woodberry,Angelique.Woodberry@yopmail.com,Angelique.Woodberry@gmail.com,worker,20063
20163,Liana,Turne,Liana.Turne@yopmail.com,Liana.Turne@gmail.com,firefighter,20064
20164,Peri,Jobi,Peri.Jobi@yopmail.com,Peri.Jobi@gmail.com,firefighter,20065
20165,Audrie,Sekofski,Audrie.Sekofski@yopmail.com,Audrie.Sekofski@gmail.com,developer,20066
20166,Lusa,Vittoria,Lusa.Vittoria@yopmail.com,Lusa.Vittoria@gmail.com,worker,20067
20167,Blinni,Fiester,Blinni.Fiester@yopmail.com,Blinni.Fiester@gmail.com,police officer,20068
20168,Edee,Mayeda,Edee.Mayeda@yopmail.com,Edee.Mayeda@gmail.com,police officer,20069
20169,Gusella,Autrey,Gusella.Autrey@yopmail.com,Gusella.Autrey@gmail.com,developer,20070
20170,Angela,Paine,Angela.Paine@yopmail.com,Angela.Paine@gmail.com,developer,20071
20171,Lynde,Dunkin,Lynde.Dunkin@yopmail.com,Lynde.Dunkin@gmail.com,firefighter,20072
20172,Nananne,Chem,Nananne.Chem@yopmail.com,Nananne.Chem@gmail.com,developer,20073
20173,Korrie,Emmaline,Korrie.Emmaline@yopmail.com,Korrie.Emmaline@gmail.com,firefighter,20074
20174,Lexine,Doig,Lexine.Doig@yopmail.com,Lexine.Doig@gmail.com,firefighter,20075
20175,Chandra,Daegal,Chandra.Daegal@yopmail.com,Chandra.Daegal@gmail.com,developer,20076
20176,Brena,Dash,Brena.Dash@yopmail.com,Brena.Dash@gmail.com,firefighter,20077
20177,Augustine,Moseley,Augustine.Moseley@yopmail.com,Augustine.Moseley@gmail.com,firefighter,20078
20178,Linzy,Bronk,Linzy.Bronk@yopmail.com,Linzy.Bronk@gmail.com,developer,20079
20179,Codie,Tamsky,Codie.Tamsky@yopmail.com,Codie.Tamsky@gmail.com,doctor,20080
20180,Gale,Colbert,Gale.Colbert@yopmail.com,Gale.Colbert@gmail.com,worker,20081
20181,Bernardine,Dunkin,Bernardine.Dunkin@yopmail.com,Bernardine.Dunkin@gmail.com,police officer,20082
20182,Jolyn,Toor,Jolyn.Toor@yopmail.com,Jolyn.Toor@gmail.com,police officer,20083
20183,Angela,Liva,Angela.Liva@yopmail.com,Angela.Liva@gmail.com,doctor,20084
20184,Tilly,Lissi,Tilly.Lissi@yopmail.com,Tilly.Lissi@gmail.com,firefighter,20085
20185,Merry,Hortensia,Merry.Hortensia@yopmail.com,Merry.Hortensia@gmail.com,police officer,20086
20186,Kamilah,Sperling,Kamilah.Sperling@yopmail.com,Kamilah.Sperling@gmail.com,firefighter,20087
20187,Mamie,Iaverne,Mamie.Iaverne@yopmail.com,Mamie.Iaverne@gmail.com,police officer,20088
20188,Nelle,Bigner,Nelle.Bigner@yopmail.com,Nelle.Bigner@gmail.com,police officer,20089
20189,Babita,Jary,Babita.Jary@yopmail.com,Babita.Jary@gmail.com,doctor,20090
20190,Marti,Afton,Marti.Afton@yopmail.com,Marti.Afton@gmail.com,police officer,20091
20191,Modestia,Schalles,Modestia.Schalles@yopmail.com,Modestia.Schalles@gmail.com,firefighter,20092
20192,Riannon,Eckblad,Riannon.Eckblad@yopmail.com,Riannon.Eckblad@gmail.com,firefighter,20093
20193,Jobi,Afton,Jobi.Afton@yopmail.com,Jobi.Afton@gmail.com,developer,20094
20194,Theodora,Papageno,Theodora.Papageno@yopmail.com,Theodora.Papageno@gmail.com,firefighter,20095
20195,Caritta,Devlen,Caritta.Devlen@yopmail.com,Caritta.Devlen@gmail.com,developer,20096
20196,Farrah,Jethro,Farrah.Jethro@yopmail.com,Farrah.Jethro@gmail.com,developer,20097
20197,Calla,Terrence,Calla.Terrence@yopmail.com,Calla.Terrence@gmail.com,developer,20098
20198,Ileana,Larochelle,Ileana.Larochelle@yopmail.com,Ileana.Larochelle@gmail.com,police officer,20099
20199,Annecorinne,Stacy,Annecorinne.Stacy@yopmail.com,Annecorinne.Stacy@gmail.com,developer,20100
20200,Anestassia,Alfons,Anestassia.Alfons@yopmail.com,Anestassia.Alfons@gmail.com,developer,20101
20201,Nollie,Damarra,Nollie.Damarra@yopmail.com,Nollie.Damarra@gmail.com,police officer,20102
20202,Maurene,Bartlett,Maurene.Bartlett@yopmail.com,Maurene.Bartlett@gmail.com,police officer,20103
20203,Lisette,Hoenack,Lisette.Hoenack@yopmail.com,Lisette.Hoenack@gmail.com,police officer,20104
20204,Ofilia,Morrill,Ofilia.Morrill@yopmail.com,Ofilia.Morrill@gmail.com,firefighter,20105
20205,Riannon,Garek,Riannon.Garek@yopmail.com,Riannon.Garek@gmail.com,police officer,20106
20206,Carmencita,Persse,Carmencita.Persse@yopmail.com,Carmencita.Persse@gmail.com,worker,20107
20207,Taffy,Dex,Taffy.Dex@yopmail.com,Taffy.Dex@gmail.com,police officer,20108
20208,Latisha,Germann,Latisha.Germann@yopmail.com,Latisha.Germann@gmail.com,worker,20109
20209,Margette,Neva,Margette.Neva@yopmail.com,Margette.Neva@gmail.com,police officer,20110
20210,Valli,Herrera,Valli.Herrera@yopmail.com,Valli.Herrera@gmail.com,doctor,20111
20211,Thalia,Allina,Thalia.Allina@yopmail.com,Thalia.Allina@gmail.com,worker,20112
20212,Meghann,Hoenack,Meghann.Hoenack@yopmail.com,Meghann.Hoenack@gmail.com,doctor,20113
20213,Rayna,Claudine,Rayna.Claudine@yopmail.com,Rayna.Claudine@gmail.com,firefighter,20114
20214,Maud,Philipp,Maud.Philipp@yopmail.com,Maud.Philipp@gmail.com,police officer,20115
20215,Georgina,Raffo,Georgina.Raffo@yopmail.com,Georgina.Raffo@gmail.com,doctor,20116
20216,Valera,Toffic,Valera.Toffic@yopmail.com,Valera.Toffic@gmail.com,firefighter,20117
20217,Kamilah,Pyle,Kamilah.Pyle@yopmail.com,Kamilah.Pyle@gmail.com,developer,20118
20218,Cherilyn,Merell,Cherilyn.Merell@yopmail.com,Cherilyn.Merell@gmail.com,worker,20119
20219,Leontine,Kaete,Leontine.Kaete@yopmail.com,Leontine.Kaete@gmail.com,firefighter,20120
20220,Halette,Leopold,Halette.Leopold@yopmail.com,Halette.Leopold@gmail.com,firefighter,20121
20221,Peri,Celestine,Peri.Celestine@yopmail.com,Peri.Celestine@gmail.com,developer,20122
20222,Gilligan,Codding,Gilligan.Codding@yopmail.com,Gilligan.Codding@gmail.com,doctor,20123
20223,Isa,Wildermuth,Isa.Wildermuth@yopmail.com,Isa.Wildermuth@gmail.com,firefighter,20124
20224,Ilse,Weaks,Ilse.Weaks@yopmail.com,Ilse.Weaks@gmail.com,developer,20125
20225,Ana,Danby,Ana.Danby@yopmail.com,Ana.Danby@gmail.com,doctor,20126
20226,Yetty,Raychel,Yetty.Raychel@yopmail.com,Yetty.Raychel@gmail.com,firefighter,20127
20227,Josephine,Gaynor,Josephine.Gaynor@yopmail.com,Josephine.Gaynor@gmail.com,police officer,20128
20228,Berta,Vacuva,Berta.Vacuva@yopmail.com,Berta.Vacuva@gmail.com,worker,20129
20229,Sashenka,Freddi,Sashenka.Freddi@yopmail.com,Sashenka.Freddi@gmail.com,firefighter,20130
20230,Consuela,Dosia,Consuela.Dosia@yopmail.com,Consuela.Dosia@gmail.com,doctor,20131
20231,Stephanie,Shelba,Stephanie.Shelba@yopmail.com,Stephanie.Shelba@gmail.com,firefighter,20132
20232,Katharina,Willie,Katharina.Willie@yopmail.com,Katharina.Willie@gmail.com,doctor,20133
20233,Alyda,Dex,Alyda.Dex@yopmail.com,Alyda.Dex@gmail.com,worker,20134
20234,Stephanie,Niccolo,Stephanie.Niccolo@yopmail.com,Stephanie.Niccolo@gmail.com,worker,20135
20235,Zsa Zsa,Olin,Zsa Zsa.Olin@yopmail.com,Zsa Zsa.Olin@gmail.com,police officer,20136
20236,Marcy,Kalinda,Marcy.Kalinda@yopmail.com,Marcy.Kalinda@gmail.com,doctor,20137
20237,Gaylene,Mozelle,Gaylene.Mozelle@yopmail.com,Gaylene.Mozelle@gmail.com,developer,20138
20238,Lizzie,Chobot,Lizzie.Chobot@yopmail.com,Lizzie.Chobot@gmail.com,worker,20139
20239,Babita,Morehouse,Babita.Morehouse@yopmail.com,Babita.Morehouse@gmail.com,firefighter,20140
20240,Ursulina,Hoban,Ursulina.Hoban@yopmail.com,Ursulina.Hoban@gmail.com,firefighter,20141
20241,Lorenza,Juliet,Lorenza.Juliet@yopmail.com,Lorenza.Juliet@gmail.com,doctor,20142
20242,Libbie,Cosenza,Libbie.Cosenza@yopmail.com,Libbie.Cosenza@gmail.com,police officer,20143
20243,Fayre,Middleton,Fayre.Middleton@yopmail.com,Fayre.Middleton@gmail.com,doctor,20144
20244,Aimil,Sparhawk,Aimil.Sparhawk@yopmail.com,Aimil.Sparhawk@gmail.com,developer,20145
20245,Lucille,Hutchison,Lucille.Hutchison@yopmail.com,Lucille.Hutchison@gmail.com,firefighter,20146
20246,Edith,Vernier,Edith.Vernier@yopmail.com,Edith.Vernier@gmail.com,firefighter,20147
20247,Lita,Raama,Lita.Raama@yopmail.com,Lita.Raama@gmail.com,doctor,20148
20248,Judy,Niccolo,Judy.Niccolo@yopmail.com,Judy.Niccolo@gmail.com,police officer,20149
20249,Demetris,Gregrory,Demetris.Gregrory@yopmail.com,Demetris.Gregrory@gmail.com,worker,20150
20250,Orelia,Helve,Orelia.Helve@yopmail.com,Orelia.Helve@gmail.com,police officer,20151
20251,Georgetta,Ramona,Georgetta.Ramona@yopmail.com,Georgetta.Ramona@gmail.com,doctor,20152
20252,Jaime,Earlie,Jaime.Earlie@yopmail.com,Jaime.Earlie@gmail.com,doctor,20153
20253,Valli,Skurnik,Valli.Skurnik@yopmail.com,Valli.Skurnik@gmail.com,doctor,20154
20254,Morganica,Andrel,Morganica.Andrel@yopmail.com,Morganica.Andrel@gmail.com,police officer,20155
20255,Lesly,Delila,Lesly.Delila@yopmail.com,Lesly.Delila@gmail.com,worker,20156
20256,Jenilee,Haldas,Jenilee.Haldas@yopmail.com,Jenilee.Haldas@gmail.com,firefighter,20157
20257,Darci,Lorenz,Darci.Lorenz@yopmail.com,Darci.Lorenz@gmail.com,firefighter,20158
20258,Halette,Lumbard,Halette.Lumbard@yopmail.com,Halette.Lumbard@gmail.com,doctor,20159
20259,Amelia,Jacobah,Amelia.Jacobah@yopmail.com,Amelia.Jacobah@gmail.com,doctor,20160
20260,Amii,Dahlia,Amii.Dahlia@yopmail.com,Amii.Dahlia@gmail.com,developer,20161
20261,Valli,Emanuel,Valli.Emanuel@yopmail.com,Valli.Emanuel@gmail.com,police officer,20162
20262,Tonia,Rhu,Tonia.Rhu@yopmail.com,Tonia.Rhu@gmail.com,firefighter,20163
20263,Harmonia,Maples,Harmonia.Maples@yopmail.com,Harmonia.Maples@gmail.com,developer,20164
20264,Lynea,Deny,Lynea.Deny@yopmail.com,Lynea.Deny@gmail.com,worker,20165
20265,Eadie,McCutcheon,Eadie.McCutcheon@yopmail.com,Eadie.McCutcheon@gmail.com,police officer,20166
20266,Karly,Alarise,Karly.Alarise@yopmail.com,Karly.Alarise@gmail.com,firefighter,20167
20267,Shel,Ariella,Shel.Ariella@yopmail.com,Shel.Ariella@gmail.com,police officer,20168
20268,Eadie,Cosenza,Eadie.Cosenza@yopmail.com,Eadie.Cosenza@gmail.com,worker,20169
20269,Oralee,Shaver,Oralee.Shaver@yopmail.com,Oralee.Shaver@gmail.com,worker,20170
20270,Ayn,Suzetta,Ayn.Suzetta@yopmail.com,Ayn.Suzetta@gmail.com,worker,20171
20271,Dale,Pascia,Dale.Pascia@yopmail.com,Dale.Pascia@gmail.com,firefighter,20172
20272,Madalyn,Shama,Madalyn.Shama@yopmail.com,Madalyn.Shama@gmail.com,developer,20173
20273,Cassondra,Darian,Cassondra.Darian@yopmail.com,Cassondra.Darian@gmail.com,worker,20174
20274,Blinni,Garbe,Blinni.Garbe@yopmail.com,Blinni.Garbe@gmail.com,police officer,20175
20275,Sashenka,Goerke,Sashenka.Goerke@yopmail.com,Sashenka.Goerke@gmail.com,police officer,20176
20276,Constance,Baylor,Constance.Baylor@yopmail.com,Constance.Baylor@gmail.com,firefighter,20177
20277,Rozele,Konyn,Rozele.Konyn@yopmail.com,Rozele.Konyn@gmail.com,police officer,20178
20278,Estell,Roxanna,Estell.Roxanna@yopmail.com,Estell.Roxanna@gmail.com,developer,20179
20279,Rayna,Margret,Rayna.Margret@yopmail.com,Rayna.Margret@gmail.com,developer,20180
20280,Wendi,Oscar,Wendi.Oscar@yopmail.com,Wendi.Oscar@gmail.com,firefighter,20181
20281,Lexine,Wilona,Lexine.Wilona@yopmail.com,Lexine.Wilona@gmail.com,police officer,20182
20282,Myriam,Berne,Myriam.Berne@yopmail.com,Myriam.Berne@gmail.com,developer,20183
20283,Roberta,Syd,Roberta.Syd@yopmail.com,Roberta.Syd@gmail.com,police officer,20184
20284,Juliane,Infield,Juliane.Infield@yopmail.com,Juliane.Infield@gmail.com,developer,20185
20285,Helsa,Tiffa,Helsa.Tiffa@yopmail.com,Helsa.Tiffa@gmail.com,developer,20186
20286,Sashenka,Vernier,Sashenka.Vernier@yopmail.com,Sashenka.Vernier@gmail.com,developer,20187
20287,Dulcinea,Destinee,Dulcinea.Destinee@yopmail.com,Dulcinea.Destinee@gmail.com,doctor,20188
20288,Eadie,Pelagias,Eadie.Pelagias@yopmail.com,Eadie.Pelagias@gmail.com,worker,20189
20289,Cyndie,Atonsah,Cyndie.Atonsah@yopmail.com,Cyndie.Atonsah@gmail.com,worker,20190
20290,Kathy,Baptlsta,Kathy.Baptlsta@yopmail.com,Kathy.Baptlsta@gmail.com,doctor,20191
20291,Stacey,Douglass,Stacey.Douglass@yopmail.com,Stacey.Douglass@gmail.com,worker,20192
20292,Clary,Briney,Clary.Briney@yopmail.com,Clary.Briney@gmail.com,doctor,20193
20293,Nikki,Bennie,Nikki.Bennie@yopmail.com,Nikki.Bennie@gmail.com,firefighter,20194
20294,Tori,Shuler,Tori.Shuler@yopmail.com,Tori.Shuler@gmail.com,worker,20195
20295,Katuscha,Diann,Katuscha.Diann@yopmail.com,Katuscha.Diann@gmail.com,police officer,20196
20296,Laurene,Ardeha,Laurene.Ardeha@yopmail.com,Laurene.Ardeha@gmail.com,police officer,20197
20297,Minda,Bashemeth,Minda.Bashemeth@yopmail.com,Minda.Bashemeth@gmail.com,developer,20198
20298,Queenie,Bertold,Queenie.Bertold@yopmail.com,Queenie.Bertold@gmail.com,worker,20199
20299,Ekaterina,Rocray,Ekaterina.Rocray@yopmail.com,Ekaterina.Rocray@gmail.com,doctor,20200
20300,Vita,Shanley,Vita.Shanley@yopmail.com,Vita.Shanley@gmail.com,developer,20201
20301,Valera,Helfand,Valera.Helfand@yopmail.com,Valera.Helfand@gmail.com,developer,20202
20302,Beverley,Tufts,Beverley.Tufts@yopmail.com,Beverley.Tufts@gmail.com,doctor,20203
20303,Antonietta,Mitzi,Antonietta.Mitzi@yopmail.com,Antonietta.Mitzi@gmail.com,police officer,20204
20304,Sam,Pulsifer,Sam.Pulsifer@yopmail.com,Sam.Pulsifer@gmail.com,developer,20205
20305,Ariela,Melony,Ariela.Melony@yopmail.com,Ariela.Melony@gmail.com,worker,20206
20306,Carolina,Barbey,Carolina.Barbey@yopmail.com,Carolina.Barbey@gmail.com,police officer,20207
20307,Feliza,Dorcy,Feliza.Dorcy@yopmail.com,Feliza.Dorcy@gmail.com,doctor,20208
20308,Lulita,Klemperer,Lulita.Klemperer@yopmail.com,Lulita.Klemperer@gmail.com,developer,20209
20309,Nanete,Bluh,Nanete.Bluh@yopmail.com,Nanete.Bluh@gmail.com,firefighter,20210
20310,Edee,Ackerley,Edee.Ackerley@yopmail.com,Edee.Ackerley@gmail.com,firefighter,20211
20311,Jennica,Aida,Jennica.Aida@yopmail.com,Jennica.Aida@gmail.com,police officer,20212
20312,Gloria,Hathaway,Gloria.Hathaway@yopmail.com,Gloria.Hathaway@gmail.com,firefighter,20213
20313,Maye,Lynn,Maye.Lynn@yopmail.com,Maye.Lynn@gmail.com,firefighter,20214
20314,Katleen,Gladstone,Katleen.Gladstone@yopmail.com,Katleen.Gladstone@gmail.com,doctor,20215
20315,Leeanne,Schalles,Leeanne.Schalles@yopmail.com,Leeanne.Schalles@gmail.com,doctor,20216
20316,Camile,Arley,Camile.Arley@yopmail.com,Camile.Arley@gmail.com,firefighter,20217
20317,Evaleen,Gaulin,Evaleen.Gaulin@yopmail.com,Evaleen.Gaulin@gmail.com,police officer,20218
20318,Kimberley,Diogenes,Kimberley.Diogenes@yopmail.com,Kimberley.Diogenes@gmail.com,doctor,20219
20319,Fernande,Montgomery,Fernande.Montgomery@yopmail.com,Fernande.Montgomery@gmail.com,developer,20220
20320,Kirbee,Thema,Kirbee.Thema@yopmail.com,Kirbee.Thema@gmail.com,firefighter,20221
20321,Ashlee,Jefferey,Ashlee.Jefferey@yopmail.com,Ashlee.Jefferey@gmail.com,doctor,20222
20322,Brandise,Hillel,Brandise.Hillel@yopmail.com,Brandise.Hillel@gmail.com,developer,20223
20323,Dominga,Greenwald,Dominga.Greenwald@yopmail.com,Dominga.Greenwald@gmail.com,doctor,20224
20324,Ana,Barrus,Ana.Barrus@yopmail.com,Ana.Barrus@gmail.com,worker,20225
20325,Marika,Barrus,Marika.Barrus@yopmail.com,Marika.Barrus@gmail.com,developer,20226
20326,Jasmina,Pozzy,Jasmina.Pozzy@yopmail.com,Jasmina.Pozzy@gmail.com,developer,20227
20327,Lauryn,Kaete,Lauryn.Kaete@yopmail.com,Lauryn.Kaete@gmail.com,police officer,20228
20328,Alie,Andrel,Alie.Andrel@yopmail.com,Alie.Andrel@gmail.com,doctor,20229
20329,Anallese,Dorothy,Anallese.Dorothy@yopmail.com,Anallese.Dorothy@gmail.com,firefighter,20230
20330,Alyssa,Nedrud,Alyssa.Nedrud@yopmail.com,Alyssa.Nedrud@gmail.com,doctor,20231
20331,Maryellen,Madelene,Maryellen.Madelene@yopmail.com,Maryellen.Madelene@gmail.com,doctor,20232
20332,Cassandra,Johanna,Cassandra.Johanna@yopmail.com,Cassandra.Johanna@gmail.com,firefighter,20233
20333,Annice,Waite,Annice.Waite@yopmail.com,Annice.Waite@gmail.com,developer,20234
20334,Dyann,Darian,Dyann.Darian@yopmail.com,Dyann.Darian@gmail.com,developer,20235
20335,Debee,Ariella,Debee.Ariella@yopmail.com,Debee.Ariella@gmail.com,doctor,20236
20336,Emylee,Norrie,Emylee.Norrie@yopmail.com,Emylee.Norrie@gmail.com,worker,20237
20337,Asia,Pernick,Asia.Pernick@yopmail.com,Asia.Pernick@gmail.com,doctor,20238
20338,Cristabel,Tamar,Cristabel.Tamar@yopmail.com,Cristabel.Tamar@gmail.com,firefighter,20239
20339,Latisha,Clarissa,Latisha.Clarissa@yopmail.com,Latisha.Clarissa@gmail.com,developer,20240
20340,Wilma,Cutlerr,Wilma.Cutlerr@yopmail.com,Wilma.Cutlerr@gmail.com,developer,20241
20341,Fred,Torray,Fred.Torray@yopmail.com,Fred.Torray@gmail.com,developer,20242
20342,Fanny,Solitta,Fanny.Solitta@yopmail.com,Fanny.Solitta@gmail.com,doctor,20243
20343,Aeriela,Billye,Aeriela.Billye@yopmail.com,Aeriela.Billye@gmail.com,firefighter,20244
20344,Ethel,Westphal,Ethel.Westphal@yopmail.com,Ethel.Westphal@gmail.com,police officer,20245
20345,Cristine,Kare,Cristine.Kare@yopmail.com,Cristine.Kare@gmail.com,worker,20246
20346,Shell,Alva,Shell.Alva@yopmail.com,Shell.Alva@gmail.com,worker,20247
20347,Anestassia,Brotherson,Anestassia.Brotherson@yopmail.com,Anestassia.Brotherson@gmail.com,doctor,20248
20348,Corina,Teryn,Corina.Teryn@yopmail.com,Corina.Teryn@gmail.com,doctor,20249
20349,Florie,Rurik,Florie.Rurik@yopmail.com,Florie.Rurik@gmail.com,firefighter,20250
20350,Shauna,Cynar,Shauna.Cynar@yopmail.com,Shauna.Cynar@gmail.com,firefighter,20251
20351,Joeann,Kermit,Joeann.Kermit@yopmail.com,Joeann.Kermit@gmail.com,police officer,20252
20352,Dorice,Jobi,Dorice.Jobi@yopmail.com,Dorice.Jobi@gmail.com,firefighter,20253
20353,Alia,Lowry,Alia.Lowry@yopmail.com,Alia.Lowry@gmail.com,developer,20254
20354,Fawne,Neva,Fawne.Neva@yopmail.com,Fawne.Neva@gmail.com,doctor,20255
20355,Brietta,Ogren,Brietta.Ogren@yopmail.com,Brietta.Ogren@gmail.com,firefighter,20256
20356,Andree,Merell,Andree.Merell@yopmail.com,Andree.Merell@gmail.com,worker,20257
20357,Cherrita,Bohlin,Cherrita.Bohlin@yopmail.com,Cherrita.Bohlin@gmail.com,developer,20258
20358,Tarra,Bord,Tarra.Bord@yopmail.com,Tarra.Bord@gmail.com,developer,20259
20359,Tami,Iiette,Tami.Iiette@yopmail.com,Tami.Iiette@gmail.com,doctor,20260
20360,Nelle,Tybald,Nelle.Tybald@yopmail.com,Nelle.Tybald@gmail.com,developer,20261
20361,Alleen,Kamaria,Alleen.Kamaria@yopmail.com,Alleen.Kamaria@gmail.com,worker,20262
20362,Dale,Fleeta,Dale.Fleeta@yopmail.com,Dale.Fleeta@gmail.com,firefighter,20263
20363,Georgetta,Moina,Georgetta.Moina@yopmail.com,Georgetta.Moina@gmail.com,doctor,20264
20364,Aigneis,Belldas,Aigneis.Belldas@yopmail.com,Aigneis.Belldas@gmail.com,doctor,20265
20365,Joelly,Lorain,Joelly.Lorain@yopmail.com,Joelly.Lorain@gmail.com,police officer,20266
20366,Chastity,Ursulette,Chastity.Ursulette@yopmail.com,Chastity.Ursulette@gmail.com,firefighter,20267
20367,Cyndie,Faria,Cyndie.Faria@yopmail.com,Cyndie.Faria@gmail.com,developer,20268
20368,Lexine,Japeth,Lexine.Japeth@yopmail.com,Lexine.Japeth@gmail.com,developer,20269
20369,Alejandra,Sancho,Alejandra.Sancho@yopmail.com,Alejandra.Sancho@gmail.com,developer,20270
20370,Gloria,Douglass,Gloria.Douglass@yopmail.com,Gloria.Douglass@gmail.com,worker,20271
20371,Orsola,Imelida,Orsola.Imelida@yopmail.com,Orsola.Imelida@gmail.com,police officer,20272
20372,Farrah,Narton,Farrah.Narton@yopmail.com,Farrah.Narton@gmail.com,developer,20273
20373,Ulrike,Travax,Ulrike.Travax@yopmail.com,Ulrike.Travax@gmail.com,doctor,20274
20374,Joleen,Ferrell,Joleen.Ferrell@yopmail.com,Joleen.Ferrell@gmail.com,doctor,20275
20375,Aeriela,Suanne,Aeriela.Suanne@yopmail.com,Aeriela.Suanne@gmail.com,developer,20276
20376,Lorie,Sherfield,Lorie.Sherfield@yopmail.com,Lorie.Sherfield@gmail.com,developer,20277
20377,Fina,Slifka,Fina.Slifka@yopmail.com,Fina.Slifka@gmail.com,police officer,20278
20378,Brooks,Erskine,Brooks.Erskine@yopmail.com,Brooks.Erskine@gmail.com,developer,20279
20379,Belinda,Si,Belinda.Si@yopmail.com,Belinda.Si@gmail.com,worker,20280
20380,Corina,Teryn,Corina.Teryn@yopmail.com,Corina.Teryn@gmail.com,firefighter,20281
20381,Rosene,Marsden,Rosene.Marsden@yopmail.com,Rosene.Marsden@gmail.com,worker,20282
20382,Elfreda,Ferrell,Elfreda.Ferrell@yopmail.com,Elfreda.Ferrell@gmail.com,developer,20283
20383,Jinny,Hortensia,Jinny.Hortensia@yopmail.com,Jinny.Hortensia@gmail.com,police officer,20284
20384,Donnie,Lareena,Donnie.Lareena@yopmail.com,Donnie.Lareena@gmail.com,developer,20285
20385,Ruthe,Edee,Ruthe.Edee@yopmail.com,Ruthe.Edee@gmail.com,police officer,20286
20386,Evaleen,Hailee,Evaleen.Hailee@yopmail.com,Evaleen.Hailee@gmail.com,developer,20287
20387,Stephanie,Noelyn,Stephanie.Noelyn@yopmail.com,Stephanie.Noelyn@gmail.com,worker,20288
20388,Diena,Gilbertson,Diena.Gilbertson@yopmail.com,Diena.Gilbertson@gmail.com,doctor,20289
20389,Aryn,Ciapas,Aryn.Ciapas@yopmail.com,Aryn.Ciapas@gmail.com,firefighter,20290
20390,Evaleen,Lauraine,Evaleen.Lauraine@yopmail.com,Evaleen.Lauraine@gmail.com,doctor,20291
20391,Coral,Raama,Coral.Raama@yopmail.com,Coral.Raama@gmail.com,firefighter,20292
20392,Hollie,Leopold,Hollie.Leopold@yopmail.com,Hollie.Leopold@gmail.com,doctor,20293
20393,Lila,Erskine,Lila.Erskine@yopmail.com,Lila.Erskine@gmail.com,firefighter,20294
20394,Britni,Pearse,Britni.Pearse@yopmail.com,Britni.Pearse@gmail.com,doctor,20295
20395,Nananne,Chick,Nananne.Chick@yopmail.com,Nananne.Chick@gmail.com,developer,20296
20396,Melanie,Emmaline,Melanie.Emmaline@yopmail.com,Melanie.Emmaline@gmail.com,firefighter,20297
20397,Paola,Septima,Paola.Septima@yopmail.com,Paola.Septima@gmail.com,doctor,20298
20398,Tobe,Bergman,Tobe.Bergman@yopmail.com,Tobe.Bergman@gmail.com,doctor,20299
20399,Theodora,Fiann,Theodora.Fiann@yopmail.com,Theodora.Fiann@gmail.com,firefighter,20300
20400,Teddie,Hachmin,Teddie.Hachmin@yopmail.com,Teddie.Hachmin@gmail.com,doctor,20301
20401,Merry,Carvey,Merry.Carvey@yopmail.com,Merry.Carvey@gmail.com,worker,20302
20402,Beth,Ludewig,Beth.Ludewig@yopmail.com,Beth.Ludewig@gmail.com,police officer,20303
20403,Paola,Koziara,Paola.Koziara@yopmail.com,Paola.Koziara@gmail.com,worker,20304
20404,Kimberley,Fadiman,Kimberley.Fadiman@yopmail.com,Kimberley.Fadiman@gmail.com,firefighter,20305
20405,Donetta,Karna,Donetta.Karna@yopmail.com,Donetta.Karna@gmail.com,worker,20306
20406,Kassey,Vharat,Kassey.Vharat@yopmail.com,Kassey.Vharat@gmail.com,police officer,20307
20407,Bill,Blase,Bill.Blase@yopmail.com,Bill.Blase@gmail.com,worker,20308
20408,Clary,Yuille,Clary.Yuille@yopmail.com,Clary.Yuille@gmail.com,doctor,20309
20409,Jacenta,Scammon,Jacenta.Scammon@yopmail.com,Jacenta.Scammon@gmail.com,worker,20310
20410,Giustina,Ivens,Giustina.Ivens@yopmail.com,Giustina.Ivens@gmail.com,firefighter,20311
20411,Devina,Seagraves,Devina.Seagraves@yopmail.com,Devina.Seagraves@gmail.com,developer,20312
20412,Clo,Schenck,Clo.Schenck@yopmail.com,Clo.Schenck@gmail.com,worker,20313
20413,Wendi,O'Carroll,Wendi.O'Carroll@yopmail.com,Wendi.O'Carroll@gmail.com,developer,20314
20414,Giustina,Garek,Giustina.Garek@yopmail.com,Giustina.Garek@gmail.com,doctor,20315
20415,Elmira,Jacqui,Elmira.Jacqui@yopmail.com,Elmira.Jacqui@gmail.com,doctor,20316
20416,Lyssa,Torray,Lyssa.Torray@yopmail.com,Lyssa.Torray@gmail.com,doctor,20317
20417,Madeleine,Barney,Madeleine.Barney@yopmail.com,Madeleine.Barney@gmail.com,developer,20318
20418,Meghann,Girardo,Meghann.Girardo@yopmail.com,Meghann.Girardo@gmail.com,firefighter,20319
20419,Zaria,Georgy,Zaria.Georgy@yopmail.com,Zaria.Georgy@gmail.com,developer,20320
20420,Suzette,Adlare,Suzette.Adlare@yopmail.com,Suzette.Adlare@gmail.com,firefighter,20321
20421,Veda,Quinn,Veda.Quinn@yopmail.com,Veda.Quinn@gmail.com,developer,20322
20422,Marsiella,Maiah,Marsiella.Maiah@yopmail.com,Marsiella.Maiah@gmail.com,firefighter,20323
20423,Marjie,Westphal,Marjie.Westphal@yopmail.com,Marjie.Westphal@gmail.com,firefighter,20324
20424,Ninnetta,Codding,Ninnetta.Codding@yopmail.com,Ninnetta.Codding@gmail.com,doctor,20325
20425,Ida,Brunell,Ida.Brunell@yopmail.com,Ida.Brunell@gmail.com,firefighter,20326
20426,Luci,Halla,Luci.Halla@yopmail.com,Luci.Halla@gmail.com,doctor,20327
20427,Tatiania,Yerkovich,Tatiania.Yerkovich@yopmail.com,Tatiania.Yerkovich@gmail.com,doctor,20328
20428,Elvira,Lesley,Elvira.Lesley@yopmail.com,Elvira.Lesley@gmail.com,doctor,20329
20429,Genevra,Horan,Genevra.Horan@yopmail.com,Genevra.Horan@gmail.com,firefighter,20330
20430,Elka,Stelle,Elka.Stelle@yopmail.com,Elka.Stelle@gmail.com,doctor,20331
20431,Selia,Greenwald,Selia.Greenwald@yopmail.com,Selia.Greenwald@gmail.com,police officer,20332
20432,Cathyleen,Anis,Cathyleen.Anis@yopmail.com,Cathyleen.Anis@gmail.com,developer,20333
20433,Daphne,Pillsbury,Daphne.Pillsbury@yopmail.com,Daphne.Pillsbury@gmail.com,worker,20334
20434,Orsola,Meter,Orsola.Meter@yopmail.com,Orsola.Meter@gmail.com,firefighter,20335
20435,Cordi,Hollingsworth,Cordi.Hollingsworth@yopmail.com,Cordi.Hollingsworth@gmail.com,police officer,20336
20436,Hollie,Odell,Hollie.Odell@yopmail.com,Hollie.Odell@gmail.com,developer,20337
20437,Madalyn,Catie,Madalyn.Catie@yopmail.com,Madalyn.Catie@gmail.com,developer,20338
20438,Iseabal,Bronk,Iseabal.Bronk@yopmail.com,Iseabal.Bronk@gmail.com,firefighter,20339
20439,Felice,Kress,Felice.Kress@yopmail.com,Felice.Kress@gmail.com,police officer,20340
20440,Tilly,Kelula,Tilly.Kelula@yopmail.com,Tilly.Kelula@gmail.com,doctor,20341
20441,Melina,Kazimir,Melina.Kazimir@yopmail.com,Melina.Kazimir@gmail.com,worker,20342
20442,Mariann,Glovsky,Mariann.Glovsky@yopmail.com,Mariann.Glovsky@gmail.com,firefighter,20343
20443,Cordi,Faria,Cordi.Faria@yopmail.com,Cordi.Faria@gmail.com,developer,20344
20444,Chickie,Olin,Chickie.Olin@yopmail.com,Chickie.Olin@gmail.com,firefighter,20345
20445,Jasmina,Bow,Jasmina.Bow@yopmail.com,Jasmina.Bow@gmail.com,doctor,20346
20446,Margette,Juliet,Margette.Juliet@yopmail.com,Margette.Juliet@gmail.com,developer,20347
20447,Camile,Thomasina,Camile.Thomasina@yopmail.com,Camile.Thomasina@gmail.com,firefighter,20348
20448,Paola,Redmond,Paola.Redmond@yopmail.com,Paola.Redmond@gmail.com,developer,20349
20449,Merle,Roche,Merle.Roche@yopmail.com,Merle.Roche@gmail.com,firefighter,20350
20450,Kristan,Bennie,Kristan.Bennie@yopmail.com,Kristan.Bennie@gmail.com,firefighter,20351
20451,Cissiee,Dahlia,Cissiee.Dahlia@yopmail.com,Cissiee.Dahlia@gmail.com,police officer,20352
20452,Regina,Monk,Regina.Monk@yopmail.com,Regina.Monk@gmail.com,doctor,20353
20453,Pamella,Duwalt,Pamella.Duwalt@yopmail.com,Pamella.Duwalt@gmail.com,firefighter,20354
20454,Jacquetta,Ciro,Jacquetta.Ciro@yopmail.com,Jacquetta.Ciro@gmail.com,firefighter,20355
20455,Hayley,Ethban,Hayley.Ethban@yopmail.com,Hayley.Ethban@gmail.com,doctor,20356
20456,Aimil,Brady,Aimil.Brady@yopmail.com,Aimil.Brady@gmail.com,developer,20357
20457,Theodora,Giule,Theodora.Giule@yopmail.com,Theodora.Giule@gmail.com,firefighter,20358
20458,Libbie,Uund,Libbie.Uund@yopmail.com,Libbie.Uund@gmail.com,police officer,20359
20459,Sharai,Lissi,Sharai.Lissi@yopmail.com,Sharai.Lissi@gmail.com,doctor,20360
20460,Chloris,Naor,Chloris.Naor@yopmail.com,Chloris.Naor@gmail.com,developer,20361
20461,Aubrie,Abram,Aubrie.Abram@yopmail.com,Aubrie.Abram@gmail.com,doctor,20362
20462,Modestia,Chesna,Modestia.Chesna@yopmail.com,Modestia.Chesna@gmail.com,developer,20363
20463,Roxane,Zaslow,Roxane.Zaslow@yopmail.com,Roxane.Zaslow@gmail.com,police officer,20364
20464,Stephanie,Afton,Stephanie.Afton@yopmail.com,Stephanie.Afton@gmail.com,worker,20365
20465,Olwen,Arquit,Olwen.Arquit@yopmail.com,Olwen.Arquit@gmail.com,doctor,20366
20466,Vita,Ajay,Vita.Ajay@yopmail.com,Vita.Ajay@gmail.com,police officer,20367
20467,Beverley,Sheng,Beverley.Sheng@yopmail.com,Beverley.Sheng@gmail.com,firefighter,20368
20468,Jackie,Belldas,Jackie.Belldas@yopmail.com,Jackie.Belldas@gmail.com,doctor,20369
20469,Cassondra,Erb,Cassondra.Erb@yopmail.com,Cassondra.Erb@gmail.com,firefighter,20370
20470,Georgina,Miru,Georgina.Miru@yopmail.com,Georgina.Miru@gmail.com,worker,20371
20471,Rosaline,Nerita,Rosaline.Nerita@yopmail.com,Rosaline.Nerita@gmail.com,firefighter,20372
20472,Cordi,Esmaria,Cordi.Esmaria@yopmail.com,Cordi.Esmaria@gmail.com,developer,20373
20473,Shannah,Earlie,Shannah.Earlie@yopmail.com,Shannah.Earlie@gmail.com,developer,20374
20474,Joeann,Estella,Joeann.Estella@yopmail.com,Joeann.Estella@gmail.com,developer,20375
20475,Delilah,Blake,Delilah.Blake@yopmail.com,Delilah.Blake@gmail.com,developer,20376
20476,Shaylyn,Edee,Shaylyn.Edee@yopmail.com,Shaylyn.Edee@gmail.com,developer,20377
20477,Doro,Dash,Doro.Dash@yopmail.com,Doro.Dash@gmail.com,police officer,20378
20478,Dennie,Cullin,Dennie.Cullin@yopmail.com,Dennie.Cullin@gmail.com,worker,20379
20479,Carolina,Hourigan,Carolina.Hourigan@yopmail.com,Carolina.Hourigan@gmail.com,worker,20380
20480,Bobbi,Screens,Bobbi.Screens@yopmail.com,Bobbi.Screens@gmail.com,firefighter,20381
20481,Antonietta,Donoghue,Antonietta.Donoghue@yopmail.com,Antonietta.Donoghue@gmail.com,firefighter,20382
20482,Lenna,Zrike,Lenna.Zrike@yopmail.com,Lenna.Zrike@gmail.com,developer,20383
20483,Almeta,Herrera,Almeta.Herrera@yopmail.com,Almeta.Herrera@gmail.com,worker,20384
20484,Tori,Wilona,Tori.Wilona@yopmail.com,Tori.Wilona@gmail.com,firefighter,20385
20485,Lexine,Gamaliel,Lexine.Gamaliel@yopmail.com,Lexine.Gamaliel@gmail.com,doctor,20386
20486,Karlee,Masao,Karlee.Masao@yopmail.com,Karlee.Masao@gmail.com,developer,20387
20487,Kristan,Brady,Kristan.Brady@yopmail.com,Kristan.Brady@gmail.com,doctor,20388
20488,Mignon,Zuzana,Mignon.Zuzana@yopmail.com,Mignon.Zuzana@gmail.com,developer,20389
20489,Kirbee,Edee,Kirbee.Edee@yopmail.com,Kirbee.Edee@gmail.com,police officer,20390
20490,Aubrie,Isacco,Aubrie.Isacco@yopmail.com,Aubrie.Isacco@gmail.com,worker,20391
20491,Janey,Mullane,Janey.Mullane@yopmail.com,Janey.Mullane@gmail.com,worker,20392
20492,Ottilie,Alva,Ottilie.Alva@yopmail.com,Ottilie.Alva@gmail.com,doctor,20393
20493,Dorothy,Dituri,Dorothy.Dituri@yopmail.com,Dorothy.Dituri@gmail.com,police officer,20394
20494,Joleen,Sprage,Joleen.Sprage@yopmail.com,Joleen.Sprage@gmail.com,worker,20395
20495,Beatriz,Chem,Beatriz.Chem@yopmail.com,Beatriz.Chem@gmail.com,firefighter,20396
20496,Vivia,Fiann,Vivia.Fiann@yopmail.com,Vivia.Fiann@gmail.com,doctor,20397
20497,Claresta,Kathie,Claresta.Kathie@yopmail.com,Claresta.Kathie@gmail.com,worker,20398
20498,Mildrid,Mike,Mildrid.Mike@yopmail.com,Mildrid.Mike@gmail.com,developer,20399
20499,Fredericka,Millda,Fredericka.Millda@yopmail.com,Fredericka.Millda@gmail.com,worker,20400
20500,Frank,Markman,Frank.Markman@yopmail.com,Frank.Markman@gmail.com,doctor,20401
20501,Oralee,Nicoline,Oralee.Nicoline@yopmail.com,Oralee.Nicoline@gmail.com,developer,20402
20502,Deane,Chandler,Deane.Chandler@yopmail.com,Deane.Chandler@gmail.com,developer,20403
20503,Phedra,Ortrude,Phedra.Ortrude@yopmail.com,Phedra.Ortrude@gmail.com,doctor,20404
20504,Brena,Hewitt,Brena.Hewitt@yopmail.com,Brena.Hewitt@gmail.com,doctor,20405
20505,Krystle,Loring,Krystle.Loring@yopmail.com,Krystle.Loring@gmail.com,police officer,20406
20506,Bernie,Ader,Bernie.Ader@yopmail.com,Bernie.Ader@gmail.com,firefighter,20407
20507,Kathy,Doig,Kathy.Doig@yopmail.com,Kathy.Doig@gmail.com,police officer,20408
20508,Stephanie,Ciapas,Stephanie.Ciapas@yopmail.com,Stephanie.Ciapas@gmail.com,developer,20409
20509,Philis,Liva,Philis.Liva@yopmail.com,Philis.Liva@gmail.com,worker,20410
20510,Kore,Swanhildas,Kore.Swanhildas@yopmail.com,Kore.Swanhildas@gmail.com,police officer,20411
20511,Malina,Merat,Malina.Merat@yopmail.com,Malina.Merat@gmail.com,doctor,20412
20512,Ana,Nikaniki,Ana.Nikaniki@yopmail.com,Ana.Nikaniki@gmail.com,firefighter,20413
20513,Fanchon,Secrest,Fanchon.Secrest@yopmail.com,Fanchon.Secrest@gmail.com,doctor,20414
20514,Bibby,Raul,Bibby.Raul@yopmail.com,Bibby.Raul@gmail.com,worker,20415
20515,Amelia,Pond,Amelia.Pond@yopmail.com,Amelia.Pond@gmail.com,firefighter,20416
20516,Mireielle,Milde,Mireielle.Milde@yopmail.com,Mireielle.Milde@gmail.com,doctor,20417
20517,Lyssa,Cohdwell,Lyssa.Cohdwell@yopmail.com,Lyssa.Cohdwell@gmail.com,police officer,20418
20518,Britni,Pozzy,Britni.Pozzy@yopmail.com,Britni.Pozzy@gmail.com,police officer,20419
20519,Justinn,Noelyn,Justinn.Noelyn@yopmail.com,Justinn.Noelyn@gmail.com,worker,20420
20520,Noelle,Hourigan,Noelle.Hourigan@yopmail.com,Noelle.Hourigan@gmail.com,developer,20421
20521,Lauryn,Telfer,Lauryn.Telfer@yopmail.com,Lauryn.Telfer@gmail.com,doctor,20422
20522,Pamella,Dom,Pamella.Dom@yopmail.com,Pamella.Dom@gmail.com,firefighter,20423
20523,Morganica,Bach,Morganica.Bach@yopmail.com,Morganica.Bach@gmail.com,doctor,20424
20524,Susette,Isacco,Susette.Isacco@yopmail.com,Susette.Isacco@gmail.com,worker,20425
20525,Joceline,Papageno,Joceline.Papageno@yopmail.com,Joceline.Papageno@gmail.com,firefighter,20426
20526,Jackie,Sammons,Jackie.Sammons@yopmail.com,Jackie.Sammons@gmail.com,worker,20427
20527,Julieta,Agle,Julieta.Agle@yopmail.com,Julieta.Agle@gmail.com,worker,20428
20528,Angela,Chobot,Angela.Chobot@yopmail.com,Angela.Chobot@gmail.com,firefighter,20429
20529,Lynde,Minetta,Lynde.Minetta@yopmail.com,Lynde.Minetta@gmail.com,doctor,20430
20530,Shel,Socha,Shel.Socha@yopmail.com,Shel.Socha@gmail.com,worker,20431
20531,Jillayne,Laurianne,Jillayne.Laurianne@yopmail.com,Jillayne.Laurianne@gmail.com,police officer,20432
20532,Shel,Jeanne,Shel.Jeanne@yopmail.com,Shel.Jeanne@gmail.com,worker,20433
20533,Jeanna,Rosalba,Jeanna.Rosalba@yopmail.com,Jeanna.Rosalba@gmail.com,police officer,20434
20534,Ursulina,Regan,Ursulina.Regan@yopmail.com,Ursulina.Regan@gmail.com,doctor,20435
20535,Ardeen,Lilybelle,Ardeen.Lilybelle@yopmail.com,Ardeen.Lilybelle@gmail.com,developer,20436
20536,Bernardine,Heidt,Bernardine.Heidt@yopmail.com,Bernardine.Heidt@gmail.com,worker,20437
20537,Tracey,Hermes,Tracey.Hermes@yopmail.com,Tracey.Hermes@gmail.com,doctor,20438
20538,Wilma,Avi,Wilma.Avi@yopmail.com,Wilma.Avi@gmail.com,firefighter,20439
20539,Sean,Aida,Sean.Aida@yopmail.com,Sean.Aida@gmail.com,developer,20440
20540,Aurore,Susannah,Aurore.Susannah@yopmail.com,Aurore.Susannah@gmail.com,developer,20441
20541,Shauna,Tacye,Shauna.Tacye@yopmail.com,Shauna.Tacye@gmail.com,worker,20442
20542,Theodora,Kaja,Theodora.Kaja@yopmail.com,Theodora.Kaja@gmail.com,worker,20443
20543,Letizia,Norvol,Letizia.Norvol@yopmail.com,Letizia.Norvol@gmail.com,firefighter,20444
20544,Nita,Claudine,Nita.Claudine@yopmail.com,Nita.Claudine@gmail.com,doctor,20445
20545,Cyb,Tomasina,Cyb.Tomasina@yopmail.com,Cyb.Tomasina@gmail.com,doctor,20446
20546,Mureil,Llovera,Mureil.Llovera@yopmail.com,Mureil.Llovera@gmail.com,developer,20447
20547,Rosaline,Loeb,Rosaline.Loeb@yopmail.com,Rosaline.Loeb@gmail.com,worker,20448
20548,Kaja,Lareena,Kaja.Lareena@yopmail.com,Kaja.Lareena@gmail.com,police officer,20449
20549,Vanessa,Concha,Vanessa.Concha@yopmail.com,Vanessa.Concha@gmail.com,doctor,20450
20550,Deane,Ariella,Deane.Ariella@yopmail.com,Deane.Ariella@gmail.com,developer,20451
20551,Amelia,Charity,Amelia.Charity@yopmail.com,Amelia.Charity@gmail.com,doctor,20452
20552,Sadie,Klemperer,Sadie.Klemperer@yopmail.com,Sadie.Klemperer@gmail.com,worker,20453
20553,Demetris,Cutlerr,Demetris.Cutlerr@yopmail.com,Demetris.Cutlerr@gmail.com,firefighter,20454
20554,Maurene,Genna,Maurene.Genna@yopmail.com,Maurene.Genna@gmail.com,police officer,20455
20555,Lorenza,Gunn,Lorenza.Gunn@yopmail.com,Lorenza.Gunn@gmail.com,firefighter,20456
20556,Dianemarie,Juliet,Dianemarie.Juliet@yopmail.com,Dianemarie.Juliet@gmail.com,developer,20457
20557,Jaclyn,Concha,Jaclyn.Concha@yopmail.com,Jaclyn.Concha@gmail.com,police officer,20458
20558,Selia,Destinee,Selia.Destinee@yopmail.com,Selia.Destinee@gmail.com,developer,20459
20559,Marcy,Katrine,Marcy.Katrine@yopmail.com,Marcy.Katrine@gmail.com,police officer,20460
20560,Julieta,Saint,Julieta.Saint@yopmail.com,Julieta.Saint@gmail.com,firefighter,20461
20561,Corly,Connelly,Corly.Connelly@yopmail.com,Corly.Connelly@gmail.com,developer,20462
20562,Meghann,Weitman,Meghann.Weitman@yopmail.com,Meghann.Weitman@gmail.com,doctor,20463
20563,Veda,Goerke,Veda.Goerke@yopmail.com,Veda.Goerke@gmail.com,firefighter,20464
20564,Jennica,Eckblad,Jennica.Eckblad@yopmail.com,Jennica.Eckblad@gmail.com,police officer,20465
20565,Caryl,Tound,Caryl.Tound@yopmail.com,Caryl.Tound@gmail.com,doctor,20466
20566,Lita,Harl,Lita.Harl@yopmail.com,Lita.Harl@gmail.com,firefighter,20467
20567,Margette,Aldric,Margette.Aldric@yopmail.com,Margette.Aldric@gmail.com,worker,20468
20568,Beatriz,Sigfrid,Beatriz.Sigfrid@yopmail.com,Beatriz.Sigfrid@gmail.com,developer,20469
20569,Theodora,Wattenberg,Theodora.Wattenberg@yopmail.com,Theodora.Wattenberg@gmail.com,firefighter,20470
20570,Nerta,Tamsky,Nerta.Tamsky@yopmail.com,Nerta.Tamsky@gmail.com,doctor,20471
20571,Frances,Lory,Frances.Lory@yopmail.com,Frances.Lory@gmail.com,police officer,20472
20572,Sam,Ralfston,Sam.Ralfston@yopmail.com,Sam.Ralfston@gmail.com,worker,20473
20573,Max,Anyah,Max.Anyah@yopmail.com,Max.Anyah@gmail.com,firefighter,20474
20574,Tybie,Ardra,Tybie.Ardra@yopmail.com,Tybie.Ardra@gmail.com,police officer,20475
20575,Celestyna,Macey,Celestyna.Macey@yopmail.com,Celestyna.Macey@gmail.com,worker,20476
20576,Tabbatha,Warthman,Tabbatha.Warthman@yopmail.com,Tabbatha.Warthman@gmail.com,worker,20477
20577,Emylee,Wenda,Emylee.Wenda@yopmail.com,Emylee.Wenda@gmail.com,police officer,20478
20578,Mathilda,Selway,Mathilda.Selway@yopmail.com,Mathilda.Selway@gmail.com,worker,20479
20579,Gilda,Quent,Gilda.Quent@yopmail.com,Gilda.Quent@gmail.com,police officer,20480
20580,Michaelina,Christine,Michaelina.Christine@yopmail.com,Michaelina.Christine@gmail.com,doctor,20481
20581,Georgina,Whiffen,Georgina.Whiffen@yopmail.com,Georgina.Whiffen@gmail.com,firefighter,20482
20582,Fawne,Donell,Fawne.Donell@yopmail.com,Fawne.Donell@gmail.com,police officer,20483
20583,Tomasina,Gualtiero,Tomasina.Gualtiero@yopmail.com,Tomasina.Gualtiero@gmail.com,firefighter,20484
20584,Oona,Gahl,Oona.Gahl@yopmail.com,Oona.Gahl@gmail.com,doctor,20485
20585,Carilyn,Berne,Carilyn.Berne@yopmail.com,Carilyn.Berne@gmail.com,doctor,20486
20586,Merle,Alcott,Merle.Alcott@yopmail.com,Merle.Alcott@gmail.com,firefighter,20487
20587,Dorice,Leopold,Dorice.Leopold@yopmail.com,Dorice.Leopold@gmail.com,firefighter,20488
20588,Henriette,Winnick,Henriette.Winnick@yopmail.com,Henriette.Winnick@gmail.com,firefighter,20489
20589,Silvana,Vastah,Silvana.Vastah@yopmail.com,Silvana.Vastah@gmail.com,worker,20490
20590,Oralee,Armanda,Oralee.Armanda@yopmail.com,Oralee.Armanda@gmail.com,doctor,20491
20591,Doralynne,Grayce,Doralynne.Grayce@yopmail.com,Doralynne.Grayce@gmail.com,firefighter,20492
20592,Babita,Raimondo,Babita.Raimondo@yopmail.com,Babita.Raimondo@gmail.com,worker,20493
20593,Harrietta,Bury,Harrietta.Bury@yopmail.com,Harrietta.Bury@gmail.com,firefighter,20494
20594,Kathi,McClimans,Kathi.McClimans@yopmail.com,Kathi.McClimans@gmail.com,firefighter,20495
20595,Amii,Cookie,Amii.Cookie@yopmail.com,Amii.Cookie@gmail.com,doctor,20496
20596,Averyl,Truc,Averyl.Truc@yopmail.com,Averyl.Truc@gmail.com,developer,20497
20597,Carol-Jean,Burch,Carol-Jean.Burch@yopmail.com,Carol-Jean.Burch@gmail.com,doctor,20498
20598,Anthia,Even,Anthia.Even@yopmail.com,Anthia.Even@gmail.com,doctor,20499
20599,Lanae,Kathie,Lanae.Kathie@yopmail.com,Lanae.Kathie@gmail.com,developer,20500
