id,firstname,lastname,email,email2,profession,Field Name
21600,Lisette,Stoller,Lisette.Stoller@yopmail.com,Lisette.Stoller@gmail.com,doctor,21501
21601,Rosene,McGrody,Rosene.McGrody@yopmail.com,Rosene.McGrody@gmail.com,doctor,21502
21602,Lorie,Natica,Lorie.Natica@yopmail.com,Lorie.Natica@gmail.com,firefighter,21503
21603,Tani,Birdella,Tani.Birdella@yopmail.com,Tani.Birdella@gmail.com,police officer,21504
21604,Averyl,Presber,Averyl.Presber@yopmail.com,Averyl.Presber@gmail.com,firefighter,21505
21605,Nannie,Erskine,Nannie.Erskine@yopmail.com,Nannie.Erskine@gmail.com,firefighter,21506
21606,Tina,Plato,Tina.Plato@yopmail.com,Tina.Plato@gmail.com,firefighter,21507
21607,Mariele,Briney,Mariele.Briney@yopmail.com,Mariele.Briney@gmail.com,worker,21508
21608,Yvonne,Bord,Yvonne.Bord@yopmail.com,Yvonne.Bord@gmail.com,developer,21509
21609,Carilyn,Emmy,Carilyn.Emmy@yopmail.com,Carilyn.Emmy@gmail.com,police officer,21510
21610,Gavrielle,Krystle,Gavrielle.Krystle@yopmail.com,Gavrielle.Krystle@gmail.com,doctor,21511
21611,Mireielle,Kathie,Mireielle.Kathie@yopmail.com,Mireielle.Kathie@gmail.com,worker,21512
21612,Sara-Ann,Kimmie,Sara-Ann.Kimmie@yopmail.com,Sara-Ann.Kimmie@gmail.com,developer,21513
21613,Kirbee,Bronk,Kirbee.Bronk@yopmail.com,Kirbee.Bronk@gmail.com,doctor,21514
21614,Anica,Erminia,Anica.Erminia@yopmail.com,Anica.Erminia@gmail.com,police officer,21515
21615,Althea,Berriman,Althea.Berriman@yopmail.com,Althea.Berriman@gmail.com,police officer,21516
21616,Joelly,Serilda,Joelly.Serilda@yopmail.com,Joelly.Serilda@gmail.com,worker,21517
21617,Lauryn,Orlene,Lauryn.Orlene@yopmail.com,Lauryn.Orlene@gmail.com,doctor,21518
21618,Mignon,Bennie,Mignon.Bennie@yopmail.com,Mignon.Bennie@gmail.com,doctor,21519
21619,Hope,Merell,Hope.Merell@yopmail.com,Hope.Merell@gmail.com,developer,21520
21620,Phedra,Faso,Phedra.Faso@yopmail.com,Phedra.Faso@gmail.com,developer,21521
21621,Norine,Annabella,Norine.Annabella@yopmail.com,Norine.Annabella@gmail.com,worker,21522
21622,Lulita,Iphlgenia,Lulita.Iphlgenia@yopmail.com,Lulita.Iphlgenia@gmail.com,doctor,21523
21623,Dulcinea,Keelia,Dulcinea.Keelia@yopmail.com,Dulcinea.Keelia@gmail.com,police officer,21524
21624,Morganica,Sekofski,Morganica.Sekofski@yopmail.com,Morganica.Sekofski@gmail.com,worker,21525
21625,Debee,Garek,Debee.Garek@yopmail.com,Debee.Garek@gmail.com,developer,21526
21626,Delilah,Oneida,Delilah.Oneida@yopmail.com,Delilah.Oneida@gmail.com,firefighter,21527
21627,Jenilee,Colyer,Jenilee.Colyer@yopmail.com,Jenilee.Colyer@gmail.com,developer,21528
21628,Cissiee,Nickola,Cissiee.Nickola@yopmail.com,Cissiee.Nickola@gmail.com,developer,21529
21629,Barbara,Leonard,Barbara.Leonard@yopmail.com,Barbara.Leonard@gmail.com,firefighter,21530
21630,Selma,Robertson,Selma.Robertson@yopmail.com,Selma.Robertson@gmail.com,developer,21531
21631,Grier,Darian,Grier.Darian@yopmail.com,Grier.Darian@gmail.com,worker,21532
21632,Carol-Jean,Hutchison,Carol-Jean.Hutchison@yopmail.com,Carol-Jean.Hutchison@gmail.com,police officer,21533
21633,Henriette,Odell,Henriette.Odell@yopmail.com,Henriette.Odell@gmail.com,worker,21534
21634,Lesly,Bow,Lesly.Bow@yopmail.com,Lesly.Bow@gmail.com,police officer,21535
21635,Lulita,Chabot,Lulita.Chabot@yopmail.com,Lulita.Chabot@gmail.com,police officer,21536
21636,Tera,Jillane,Tera.Jillane@yopmail.com,Tera.Jillane@gmail.com,doctor,21537
21637,Ellette,Harned,Ellette.Harned@yopmail.com,Ellette.Harned@gmail.com,worker,21538
21638,Norine,Obed,Norine.Obed@yopmail.com,Norine.Obed@gmail.com,police officer,21539
21639,Lynnea,Brady,Lynnea.Brady@yopmail.com,Lynnea.Brady@gmail.com,doctor,21540
21640,Frank,Irmine,Frank.Irmine@yopmail.com,Frank.Irmine@gmail.com,doctor,21541
21641,Janis,Melan,Janis.Melan@yopmail.com,Janis.Melan@gmail.com,firefighter,21542
21642,Danika,Santoro,Danika.Santoro@yopmail.com,Danika.Santoro@gmail.com,police officer,21543
21643,Addia,Means,Addia.Means@yopmail.com,Addia.Means@gmail.com,doctor,21544
21644,Annora,Poll,Annora.Poll@yopmail.com,Annora.Poll@gmail.com,developer,21545
21645,Malina,Mitzi,Malina.Mitzi@yopmail.com,Malina.Mitzi@gmail.com,doctor,21546
21646,Alie,Soneson,Alie.Soneson@yopmail.com,Alie.Soneson@gmail.com,worker,21547
21647,Kimberley,Colleen,Kimberley.Colleen@yopmail.com,Kimberley.Colleen@gmail.com,worker,21548
21648,Jean,Allare,Jean.Allare@yopmail.com,Jean.Allare@gmail.com,worker,21549
21649,Georgetta,Chandler,Georgetta.Chandler@yopmail.com,Georgetta.Chandler@gmail.com,firefighter,21550
