id,firstname,lastname,email,email2,profession,Field Name
30200,Elise,McAdams,Elise.McAdams@yopmail.com,Elise.McAdams@gmail.com,police officer,30101
30201,Maisey,Ledah,Maisey.Ledah@yopmail.com,Maisey.Ledah@gmail.com,doctor,30102
30202,Elvira,Odell,Elvira.Odell@yopmail.com,Elvira.Odell@gmail.com,doctor,30103
30203,Mallory,Raychel,Mallory.Raychel@yopmail.com,Mallory.Raychel@gmail.com,developer,30104
30204,Hayley,Boehike,Hayley.Boehike@yopmail.com,Hayley.Boehike@gmail.com,developer,30105
30205,Clarice,Philoo,Clarice.Philoo@yopmail.com,Clarice.Philoo@gmail.com,worker,30106
30206,Rani,Maurine,Rani.Maurine@yopmail.com,Rani.Maurine@gmail.com,firefighter,30107
30207,June,Rodmann,June.Rodmann@yopmail.com,June.Rodmann@gmail.com,doctor,30108
30208,Celestyna,Ader,Celestyna.Ader@yopmail.com,Celestyna.Ader@gmail.com,worker,30109
30209,Anica,Neva,Anica.Neva@yopmail.com,Anica.Neva@gmail.com,firefighter,30110
30210,Gilda,Alisia,Gilda.Alisia@yopmail.com,Gilda.Alisia@gmail.com,firefighter,30111
30211,Mady,Susannah,Mady.Susannah@yopmail.com,Mady.Susannah@gmail.com,firefighter,30112
30212,Gerrie,Ries,Gerrie.Ries@yopmail.com,Gerrie.Ries@gmail.com,firefighter,30113
30213,Shaine,Honoria,Shaine.Honoria@yopmail.com,Shaine.Honoria@gmail.com,police officer,30114
30214,Winny,Dorcy,Winny.Dorcy@yopmail.com,Winny.Dorcy@gmail.com,doctor,30115
30215,Evaleen,Sibyls,Evaleen.Sibyls@yopmail.com,Evaleen.Sibyls@gmail.com,doctor,30116
30216,Letizia,Sparhawk,Letizia.Sparhawk@yopmail.com,Letizia.Sparhawk@gmail.com,doctor,30117
30217,Aurelie,Quent,Aurelie.Quent@yopmail.com,Aurelie.Quent@gmail.com,doctor,30118
30218,Mamie,Beebe,Mamie.Beebe@yopmail.com,Mamie.Beebe@gmail.com,doctor,30119
30219,Lelah,August,Lelah.August@yopmail.com,Lelah.August@gmail.com,developer,30120
30220,Fanny,Dash,Fanny.Dash@yopmail.com,Fanny.Dash@gmail.com,firefighter,30121
30221,Bernie,Ophelia,Bernie.Ophelia@yopmail.com,Bernie.Ophelia@gmail.com,worker,30122
30222,Helena,Kristi,Helena.Kristi@yopmail.com,Helena.Kristi@gmail.com,doctor,30123
30223,Lacie,Neva,Lacie.Neva@yopmail.com,Lacie.Neva@gmail.com,worker,30124
30224,Layla,Decato,Layla.Decato@yopmail.com,Layla.Decato@gmail.com,firefighter,30125
30225,Lizzie,Slifka,Lizzie.Slifka@yopmail.com,Lizzie.Slifka@gmail.com,firefighter,30126
30226,Roseline,Douglass,Roseline.Douglass@yopmail.com,Roseline.Douglass@gmail.com,developer,30127
30227,Corene,Dorine,Corene.Dorine@yopmail.com,Corene.Dorine@gmail.com,doctor,30128
30228,Vevay,Wolfgram,Vevay.Wolfgram@yopmail.com,Vevay.Wolfgram@gmail.com,doctor,30129
30229,Angelique,Deegan,Angelique.Deegan@yopmail.com,Angelique.Deegan@gmail.com,developer,30130
30230,Concettina,Nahum,Concettina.Nahum@yopmail.com,Concettina.Nahum@gmail.com,police officer,30131
30231,Annora,Obed,Annora.Obed@yopmail.com,Annora.Obed@gmail.com,doctor,30132
30232,Fayre,Ortrude,Fayre.Ortrude@yopmail.com,Fayre.Ortrude@gmail.com,police officer,30133
30233,Consuela,Faria,Consuela.Faria@yopmail.com,Consuela.Faria@gmail.com,firefighter,30134
30234,June,Kenney,June.Kenney@yopmail.com,June.Kenney@gmail.com,developer,30135
30235,Maridel,Hamil,Maridel.Hamil@yopmail.com,Maridel.Hamil@gmail.com,police officer,30136
30236,Kathy,Gillan,Kathy.Gillan@yopmail.com,Kathy.Gillan@gmail.com,developer,30137
30237,Orelia,Ellord,Orelia.Ellord@yopmail.com,Orelia.Ellord@gmail.com,developer,30138
30238,Clarice,Alrich,Clarice.Alrich@yopmail.com,Clarice.Alrich@gmail.com,police officer,30139
30239,Brana,Torray,Brana.Torray@yopmail.com,Brana.Torray@gmail.com,developer,30140
30240,Ingrid,Evangelia,Ingrid.Evangelia@yopmail.com,Ingrid.Evangelia@gmail.com,worker,30141
30241,Winny,Peti,Winny.Peti@yopmail.com,Winny.Peti@gmail.com,worker,30142
30242,Renie,Mauer,Renie.Mauer@yopmail.com,Renie.Mauer@gmail.com,doctor,30143
30243,Minne,Sperling,Minne.Sperling@yopmail.com,Minne.Sperling@gmail.com,police officer,30144
30244,Pierette,Fink,Pierette.Fink@yopmail.com,Pierette.Fink@gmail.com,worker,30145
30245,Cecile,Weitman,Cecile.Weitman@yopmail.com,Cecile.Weitman@gmail.com,doctor,30146
30246,Ezmeralda,Henrie,Ezmeralda.Henrie@yopmail.com,Ezmeralda.Henrie@gmail.com,developer,30147
30247,Gilda,Paton,Gilda.Paton@yopmail.com,Gilda.Paton@gmail.com,developer,30148
30248,Hayley,Vary,Hayley.Vary@yopmail.com,Hayley.Vary@gmail.com,worker,30149
30249,Paule,Glovsky,Paule.Glovsky@yopmail.com,Paule.Glovsky@gmail.com,doctor,30150
