id,firstname,lastname,email,email2,profession,Field Name
20600,Juliane,Fancie,Juliane.Fancie@yopmail.com,Juliane.Fancie@gmail.com,developer,20501
20601,Adelle,Reneta,Adelle.Reneta@yopmail.com,Adelle.Reneta@gmail.com,police officer,20502
20602,Rozele,Mehalek,Rozele.Mehalek@yopmail.com,Rozele.Mehalek@gmail.com,worker,20503
20603,Kaia,Tremayne,Kaia.Tremayne@yopmail.com,Kaia.Tremayne@gmail.com,worker,20504
20604,Mathilda,Hull,Mathilda.Hull@yopmail.com,Mathilda.Hull@gmail.com,developer,20505
20605,Tracey,Jacobah,Tracey.Jacobah@yopmail.com,Tracey.Jacobah@gmail.com,firefighter,20506
20606,Renae,Virgin,Renae.Virgin@yopmail.com,Renae.Virgin@gmail.com,doctor,20507
20607,Hollie,Cavan,Hollie.Cavan@yopmail.com,Hollie.Cavan@gmail.com,doctor,20508
20608,Taffy,Eben,Taffy.Eben@yopmail.com,Taffy.Eben@gmail.com,doctor,20509
20609,Kirbee,Selway,Kirbee.Selway@yopmail.com,Kirbee.Selway@gmail.com,police officer,20510
20610,Alleen,Jerold,Alleen.Jerold@yopmail.com,Alleen.Jerold@gmail.com,doctor,20511
20611,Fanny,Fitzsimmons,Fanny.Fitzsimmons@yopmail.com,Fanny.Fitzsimmons@gmail.com,police officer,20512
20612,Fanny,Liebermann,Fanny.Liebermann@yopmail.com,Fanny.Liebermann@gmail.com,developer,20513
20613,Briney,Docilla,Briney.Docilla@yopmail.com,Briney.Docilla@gmail.com,developer,20514
20614,Tarra,Japeth,Tarra.Japeth@yopmail.com,Tarra.Japeth@gmail.com,developer,20515
20615,Gerrie,Zina,Gerrie.Zina@yopmail.com,Gerrie.Zina@gmail.com,worker,20516
20616,Cristabel,Kaja,Cristabel.Kaja@yopmail.com,Cristabel.Kaja@gmail.com,police officer,20517
20617,Florie,Abbot,Florie.Abbot@yopmail.com,Florie.Abbot@gmail.com,doctor,20518
20618,Sharai,Gaulin,Sharai.Gaulin@yopmail.com,Sharai.Gaulin@gmail.com,doctor,20519
20619,Fayre,Cornelia,Fayre.Cornelia@yopmail.com,Fayre.Cornelia@gmail.com,police officer,20520
20620,Kellen,Mauer,Kellen.Mauer@yopmail.com,Kellen.Mauer@gmail.com,doctor,20521
20621,Deloria,Odysseus,Deloria.Odysseus@yopmail.com,Deloria.Odysseus@gmail.com,firefighter,20522
20622,Arlina,Ciapas,Arlina.Ciapas@yopmail.com,Arlina.Ciapas@gmail.com,developer,20523
20623,Arabel,Bronk,Arabel.Bronk@yopmail.com,Arabel.Bronk@gmail.com,firefighter,20524
20624,Konstance,Nea,Konstance.Nea@yopmail.com,Konstance.Nea@gmail.com,police officer,20525
20625,Riannon,Niles,Riannon.Niles@yopmail.com,Riannon.Niles@gmail.com,developer,20526
20626,Frieda,Israeli,Frieda.Israeli@yopmail.com,Frieda.Israeli@gmail.com,worker,20527
20627,Gavrielle,Vacuva,Gavrielle.Vacuva@yopmail.com,Gavrielle.Vacuva@gmail.com,worker,20528
20628,Doralynne,Slifka,Doralynne.Slifka@yopmail.com,Doralynne.Slifka@gmail.com,worker,20529
20629,Albertina,Edvard,Albertina.Edvard@yopmail.com,Albertina.Edvard@gmail.com,developer,20530
20630,Trixi,Ferino,Trixi.Ferino@yopmail.com,Trixi.Ferino@gmail.com,developer,20531
20631,Alameda,Bari,Alameda.Bari@yopmail.com,Alameda.Bari@gmail.com,developer,20532
20632,Ninnetta,Knowling,Ninnetta.Knowling@yopmail.com,Ninnetta.Knowling@gmail.com,doctor,20533
20633,Priscilla,Garrison,Priscilla.Garrison@yopmail.com,Priscilla.Garrison@gmail.com,firefighter,20534
20634,Lyssa,Sacken,Lyssa.Sacken@yopmail.com,Lyssa.Sacken@gmail.com,firefighter,20535
20635,Amara,Denis,Amara.Denis@yopmail.com,Amara.Denis@gmail.com,doctor,20536
20636,Cyb,Cleo,Cyb.Cleo@yopmail.com,Cyb.Cleo@gmail.com,doctor,20537
20637,Zondra,Elvyn,Zondra.Elvyn@yopmail.com,Zondra.Elvyn@gmail.com,worker,20538
20638,Karlee,Hubert,Karlee.Hubert@yopmail.com,Karlee.Hubert@gmail.com,developer,20539
20639,Micheline,Roumell,Micheline.Roumell@yopmail.com,Micheline.Roumell@gmail.com,worker,20540
20640,Jenda,Schroth,Jenda.Schroth@yopmail.com,Jenda.Schroth@gmail.com,police officer,20541
20641,Raquela,Alcott,Raquela.Alcott@yopmail.com,Raquela.Alcott@gmail.com,doctor,20542
20642,Randa,Mathilde,Randa.Mathilde@yopmail.com,Randa.Mathilde@gmail.com,doctor,20543
20643,Hannis,Chrystel,Hannis.Chrystel@yopmail.com,Hannis.Chrystel@gmail.com,police officer,20544
20644,Gabi,Dorine,Gabi.Dorine@yopmail.com,Gabi.Dorine@gmail.com,police officer,20545
20645,Jennica,Kathie,Jennica.Kathie@yopmail.com,Jennica.Kathie@gmail.com,police officer,20546
20646,Joane,Emanuel,Joane.Emanuel@yopmail.com,Joane.Emanuel@gmail.com,firefighter,20547
20647,Leia,Junie,Leia.Junie@yopmail.com,Leia.Junie@gmail.com,firefighter,20548
20648,Cam,Behre,Cam.Behre@yopmail.com,Cam.Behre@gmail.com,police officer,20549
20649,Zia,Schwejda,Zia.Schwejda@yopmail.com,Zia.Schwejda@gmail.com,firefighter,20550
20650,Carlie,Sabella,Carlie.Sabella@yopmail.com,Carlie.Sabella@gmail.com,police officer,20551
20651,Valli,Allina,Valli.Allina@yopmail.com,Valli.Allina@gmail.com,doctor,20552
20652,Jerry,Khorma,Jerry.Khorma@yopmail.com,Jerry.Khorma@gmail.com,firefighter,20553
20653,Ericka,Docilla,Ericka.Docilla@yopmail.com,Ericka.Docilla@gmail.com,doctor,20554
20654,Leanna,Ummersen,Leanna.Ummersen@yopmail.com,Leanna.Ummersen@gmail.com,doctor,20555
20655,Sashenka,Bebe,Sashenka.Bebe@yopmail.com,Sashenka.Bebe@gmail.com,firefighter,20556
20656,Pollyanna,Louanna,Pollyanna.Louanna@yopmail.com,Pollyanna.Louanna@gmail.com,police officer,20557
20657,Judy,Ball,Judy.Ball@yopmail.com,Judy.Ball@gmail.com,doctor,20558
20658,Vinita,Bronk,Vinita.Bronk@yopmail.com,Vinita.Bronk@gmail.com,developer,20559
20659,Kristan,Pyle,Kristan.Pyle@yopmail.com,Kristan.Pyle@gmail.com,worker,20560
20660,Stephanie,Atcliffe,Stephanie.Atcliffe@yopmail.com,Stephanie.Atcliffe@gmail.com,worker,20561
20661,Merry,Richers,Merry.Richers@yopmail.com,Merry.Richers@gmail.com,firefighter,20562
20662,Brandise,Braun,Brandise.Braun@yopmail.com,Brandise.Braun@gmail.com,developer,20563
20663,Olwen,Konyn,Olwen.Konyn@yopmail.com,Olwen.Konyn@gmail.com,firefighter,20564
20664,Lusa,Kare,Lusa.Kare@yopmail.com,Lusa.Kare@gmail.com,police officer,20565
20665,Jeanna,Tannie,Jeanna.Tannie@yopmail.com,Jeanna.Tannie@gmail.com,doctor,20566
20666,Juliane,Clara,Juliane.Clara@yopmail.com,Juliane.Clara@gmail.com,police officer,20567
20667,Louella,Parette,Louella.Parette@yopmail.com,Louella.Parette@gmail.com,developer,20568
20668,Antonietta,Roxanna,Antonietta.Roxanna@yopmail.com,Antonietta.Roxanna@gmail.com,police officer,20569
20669,Bertine,Means,Bertine.Means@yopmail.com,Bertine.Means@gmail.com,doctor,20570
20670,Eadie,Engdahl,Eadie.Engdahl@yopmail.com,Eadie.Engdahl@gmail.com,developer,20571
20671,Gratia,Saint,Gratia.Saint@yopmail.com,Gratia.Saint@gmail.com,developer,20572
20672,Mureil,Jary,Mureil.Jary@yopmail.com,Mureil.Jary@gmail.com,doctor,20573
20673,Georgina,Sundin,Georgina.Sundin@yopmail.com,Georgina.Sundin@gmail.com,developer,20574
20674,Iseabal,Natalia,Iseabal.Natalia@yopmail.com,Iseabal.Natalia@gmail.com,developer,20575
20675,Carmencita,Jacinda,Carmencita.Jacinda@yopmail.com,Carmencita.Jacinda@gmail.com,worker,20576
20676,Janis,Keily,Janis.Keily@yopmail.com,Janis.Keily@gmail.com,developer,20577
20677,Emylee,Swigart,Emylee.Swigart@yopmail.com,Emylee.Swigart@gmail.com,doctor,20578
20678,Danika,Magnolia,Danika.Magnolia@yopmail.com,Danika.Magnolia@gmail.com,firefighter,20579
20679,Emylee,Burkle,Emylee.Burkle@yopmail.com,Emylee.Burkle@gmail.com,doctor,20580
20680,Roslyn,Mike,Roslyn.Mike@yopmail.com,Roslyn.Mike@gmail.com,firefighter,20581
20681,Latisha,Raychel,Latisha.Raychel@yopmail.com,Latisha.Raychel@gmail.com,firefighter,20582
20682,Ernesta,Erskine,Ernesta.Erskine@yopmail.com,Ernesta.Erskine@gmail.com,firefighter,20583
20683,Cathie,Rosemary,Cathie.Rosemary@yopmail.com,Cathie.Rosemary@gmail.com,police officer,20584
20684,Ninnetta,Cecile,Ninnetta.Cecile@yopmail.com,Ninnetta.Cecile@gmail.com,worker,20585
20685,Starla,Barney,Starla.Barney@yopmail.com,Starla.Barney@gmail.com,worker,20586
20686,Elbertina,Cherianne,Elbertina.Cherianne@yopmail.com,Elbertina.Cherianne@gmail.com,worker,20587
20687,Dennie,Yate,Dennie.Yate@yopmail.com,Dennie.Yate@gmail.com,firefighter,20588
20688,Verla,Hamil,Verla.Hamil@yopmail.com,Verla.Hamil@gmail.com,firefighter,20589
20689,Celestyna,Palocz,Celestyna.Palocz@yopmail.com,Celestyna.Palocz@gmail.com,doctor,20590
20690,Ofilia,Miru,Ofilia.Miru@yopmail.com,Ofilia.Miru@gmail.com,doctor,20591
20691,Shannah,Astra,Shannah.Astra@yopmail.com,Shannah.Astra@gmail.com,doctor,20592
20692,Aili,Jagir,Aili.Jagir@yopmail.com,Aili.Jagir@gmail.com,developer,20593
20693,Deloria,Rocray,Deloria.Rocray@yopmail.com,Deloria.Rocray@gmail.com,firefighter,20594
20694,Livvyy,Freddi,Livvyy.Freddi@yopmail.com,Livvyy.Freddi@gmail.com,firefighter,20595
20695,Hyacinthe,Laurianne,Hyacinthe.Laurianne@yopmail.com,Hyacinthe.Laurianne@gmail.com,firefighter,20596
20696,Peri,Jillane,Peri.Jillane@yopmail.com,Peri.Jillane@gmail.com,firefighter,20597
20697,Marti,Herrera,Marti.Herrera@yopmail.com,Marti.Herrera@gmail.com,worker,20598
20698,Marika,Kevon,Marika.Kevon@yopmail.com,Marika.Kevon@gmail.com,worker,20599
20699,Darci,Lissi,Darci.Lissi@yopmail.com,Darci.Lissi@gmail.com,firefighter,20600
20700,Jessy,Clarissa,Jessy.Clarissa@yopmail.com,Jessy.Clarissa@gmail.com,police officer,20601
20701,Vivia,Lauraine,Vivia.Lauraine@yopmail.com,Vivia.Lauraine@gmail.com,police officer,20602
20702,Rochette,Levey,Rochette.Levey@yopmail.com,Rochette.Levey@gmail.com,worker,20603
20703,Annecorinne,Haymes,Annecorinne.Haymes@yopmail.com,Annecorinne.Haymes@gmail.com,police officer,20604
20704,Ermengarde,Posner,Ermengarde.Posner@yopmail.com,Ermengarde.Posner@gmail.com,police officer,20605
20705,Aimil,Lutero,Aimil.Lutero@yopmail.com,Aimil.Lutero@gmail.com,doctor,20606
20706,Linzy,Gillan,Linzy.Gillan@yopmail.com,Linzy.Gillan@gmail.com,doctor,20607
20707,Nickie,Hourigan,Nickie.Hourigan@yopmail.com,Nickie.Hourigan@gmail.com,firefighter,20608
20708,Sabina,Slifka,Sabina.Slifka@yopmail.com,Sabina.Slifka@gmail.com,firefighter,20609
20709,Wileen,Capello,Wileen.Capello@yopmail.com,Wileen.Capello@gmail.com,developer,20610
20710,Averyl,Charity,Averyl.Charity@yopmail.com,Averyl.Charity@gmail.com,worker,20611
20711,Tera,Ciapas,Tera.Ciapas@yopmail.com,Tera.Ciapas@gmail.com,developer,20612
20712,Aurelie,Rossner,Aurelie.Rossner@yopmail.com,Aurelie.Rossner@gmail.com,doctor,20613
20713,Blondelle,Wildermuth,Blondelle.Wildermuth@yopmail.com,Blondelle.Wildermuth@gmail.com,police officer,20614
20714,Albertina,Rocray,Albertina.Rocray@yopmail.com,Albertina.Rocray@gmail.com,firefighter,20615
20715,Malina,Florina,Malina.Florina@yopmail.com,Malina.Florina@gmail.com,doctor,20616
20716,Viki,Creamer,Viki.Creamer@yopmail.com,Viki.Creamer@gmail.com,firefighter,20617
20717,Georgetta,Sikorski,Georgetta.Sikorski@yopmail.com,Georgetta.Sikorski@gmail.com,doctor,20618
20718,Perry,Auberbach,Perry.Auberbach@yopmail.com,Perry.Auberbach@gmail.com,firefighter,20619
20719,Brynna,Muriel,Brynna.Muriel@yopmail.com,Brynna.Muriel@gmail.com,doctor,20620
20720,Adriana,Audly,Adriana.Audly@yopmail.com,Adriana.Audly@gmail.com,developer,20621
20721,Di,Lissi,Di.Lissi@yopmail.com,Di.Lissi@gmail.com,developer,20622
20722,Gisela,Liva,Gisela.Liva@yopmail.com,Gisela.Liva@gmail.com,firefighter,20623
20723,Therine,Whiffen,Therine.Whiffen@yopmail.com,Therine.Whiffen@gmail.com,doctor,20624
20724,Konstance,Evangelia,Konstance.Evangelia@yopmail.com,Konstance.Evangelia@gmail.com,firefighter,20625
20725,Nadine,Himelman,Nadine.Himelman@yopmail.com,Nadine.Himelman@gmail.com,doctor,20626
20726,Olivette,Roche,Olivette.Roche@yopmail.com,Olivette.Roche@gmail.com,worker,20627
20727,Aimil,Lunsford,Aimil.Lunsford@yopmail.com,Aimil.Lunsford@gmail.com,doctor,20628
20728,Elena,Burch,Elena.Burch@yopmail.com,Elena.Burch@gmail.com,developer,20629
20729,Cathie,Connelly,Cathie.Connelly@yopmail.com,Cathie.Connelly@gmail.com,developer,20630
20730,Tracey,Sacken,Tracey.Sacken@yopmail.com,Tracey.Sacken@gmail.com,developer,20631
20731,Ninnetta,Randene,Ninnetta.Randene@yopmail.com,Ninnetta.Randene@gmail.com,doctor,20632
20732,Nicoli,Greenwald,Nicoli.Greenwald@yopmail.com,Nicoli.Greenwald@gmail.com,police officer,20633
20733,Sybille,Carolin,Sybille.Carolin@yopmail.com,Sybille.Carolin@gmail.com,firefighter,20634
20734,Kara-Lynn,Linskey,Kara-Lynn.Linskey@yopmail.com,Kara-Lynn.Linskey@gmail.com,firefighter,20635
20735,Tori,Clywd,Tori.Clywd@yopmail.com,Tori.Clywd@gmail.com,firefighter,20636
20736,Stephanie,Faso,Stephanie.Faso@yopmail.com,Stephanie.Faso@gmail.com,police officer,20637
20737,Brana,Wenoa,Brana.Wenoa@yopmail.com,Brana.Wenoa@gmail.com,worker,20638
20738,Donetta,Yerkovich,Donetta.Yerkovich@yopmail.com,Donetta.Yerkovich@gmail.com,police officer,20639
20739,Anallese,Bahr,Anallese.Bahr@yopmail.com,Anallese.Bahr@gmail.com,doctor,20640
20740,Henriette,Keelia,Henriette.Keelia@yopmail.com,Henriette.Keelia@gmail.com,worker,20641
20741,Mary,Monaco,Mary.Monaco@yopmail.com,Mary.Monaco@gmail.com,doctor,20642
20742,Leontine,Lay,Leontine.Lay@yopmail.com,Leontine.Lay@gmail.com,firefighter,20643
20743,Benita,My,Benita.My@yopmail.com,Benita.My@gmail.com,firefighter,20644
20744,Felice,Thomasina,Felice.Thomasina@yopmail.com,Felice.Thomasina@gmail.com,worker,20645
20745,Gabi,Lymann,Gabi.Lymann@yopmail.com,Gabi.Lymann@gmail.com,firefighter,20646
20746,Maurene,Keelia,Maurene.Keelia@yopmail.com,Maurene.Keelia@gmail.com,doctor,20647
20747,Tonia,Kannry,Tonia.Kannry@yopmail.com,Tonia.Kannry@gmail.com,doctor,20648
20748,Blondelle,Killigrew,Blondelle.Killigrew@yopmail.com,Blondelle.Killigrew@gmail.com,doctor,20649
20749,Marnia,Glovsky,Marnia.Glovsky@yopmail.com,Marnia.Glovsky@gmail.com,developer,20650
20750,Raquela,Letsou,Raquela.Letsou@yopmail.com,Raquela.Letsou@gmail.com,firefighter,20651
20751,Marleah,Seumas,Marleah.Seumas@yopmail.com,Marleah.Seumas@gmail.com,police officer,20652
20752,Talya,Read,Talya.Read@yopmail.com,Talya.Read@gmail.com,developer,20653
20753,Chandra,Markman,Chandra.Markman@yopmail.com,Chandra.Markman@gmail.com,doctor,20654
20754,Sonni,Marsden,Sonni.Marsden@yopmail.com,Sonni.Marsden@gmail.com,worker,20655
20755,Thalia,Hieronymus,Thalia.Hieronymus@yopmail.com,Thalia.Hieronymus@gmail.com,police officer,20656
20756,Gaylene,Willie,Gaylene.Willie@yopmail.com,Gaylene.Willie@gmail.com,developer,20657
20757,Valeda,Ezar,Valeda.Ezar@yopmail.com,Valeda.Ezar@gmail.com,police officer,20658
20758,Harrietta,Posner,Harrietta.Posner@yopmail.com,Harrietta.Posner@gmail.com,doctor,20659
20759,Ilse,Ethban,Ilse.Ethban@yopmail.com,Ilse.Ethban@gmail.com,developer,20660
20760,Gavrielle,Hubert,Gavrielle.Hubert@yopmail.com,Gavrielle.Hubert@gmail.com,firefighter,20661
20761,Lorne,Paton,Lorne.Paton@yopmail.com,Lorne.Paton@gmail.com,developer,20662
20762,Tami,Smitt,Tami.Smitt@yopmail.com,Tami.Smitt@gmail.com,worker,20663
20763,Jacquetta,Hazlett,Jacquetta.Hazlett@yopmail.com,Jacquetta.Hazlett@gmail.com,police officer,20664
20764,Tina,Wilkinson,Tina.Wilkinson@yopmail.com,Tina.Wilkinson@gmail.com,police officer,20665
20765,Elena,Raul,Elena.Raul@yopmail.com,Elena.Raul@gmail.com,doctor,20666
20766,Moyna,Ferino,Moyna.Ferino@yopmail.com,Moyna.Ferino@gmail.com,police officer,20667
20767,Averyl,Bury,Averyl.Bury@yopmail.com,Averyl.Bury@gmail.com,firefighter,20668
20768,Sidoney,Norvol,Sidoney.Norvol@yopmail.com,Sidoney.Norvol@gmail.com,police officer,20669
20769,Gale,Meli,Gale.Meli@yopmail.com,Gale.Meli@gmail.com,firefighter,20670
20770,Chandra,Deny,Chandra.Deny@yopmail.com,Chandra.Deny@gmail.com,firefighter,20671
20771,Marcelline,Noman,Marcelline.Noman@yopmail.com,Marcelline.Noman@gmail.com,developer,20672
20772,Angela,Stanwood,Angela.Stanwood@yopmail.com,Angela.Stanwood@gmail.com,firefighter,20673
20773,Tybie,Denis,Tybie.Denis@yopmail.com,Tybie.Denis@gmail.com,doctor,20674
20774,Paulita,Urias,Paulita.Urias@yopmail.com,Paulita.Urias@gmail.com,developer,20675
20775,Phedra,Toni,Phedra.Toni@yopmail.com,Phedra.Toni@gmail.com,doctor,20676
20776,Peri,Lia,Peri.Lia@yopmail.com,Peri.Lia@gmail.com,worker,20677
20777,Codie,Kenney,Codie.Kenney@yopmail.com,Codie.Kenney@gmail.com,firefighter,20678
20778,Charissa,Madelene,Charissa.Madelene@yopmail.com,Charissa.Madelene@gmail.com,developer,20679
20779,Lexine,Kirbee,Lexine.Kirbee@yopmail.com,Lexine.Kirbee@gmail.com,doctor,20680
20780,Silvana,Stacy,Silvana.Stacy@yopmail.com,Silvana.Stacy@gmail.com,firefighter,20681
20781,Yetty,Stilwell,Yetty.Stilwell@yopmail.com,Yetty.Stilwell@gmail.com,police officer,20682
20782,Evita,Lilas,Evita.Lilas@yopmail.com,Evita.Lilas@gmail.com,developer,20683
20783,Chere,Sikorski,Chere.Sikorski@yopmail.com,Chere.Sikorski@gmail.com,worker,20684
20784,Brena,Bashemeth,Brena.Bashemeth@yopmail.com,Brena.Bashemeth@gmail.com,doctor,20685
20785,Chloris,Docilla,Chloris.Docilla@yopmail.com,Chloris.Docilla@gmail.com,doctor,20686
20786,Ilse,Nicoline,Ilse.Nicoline@yopmail.com,Ilse.Nicoline@gmail.com,worker,20687
20787,Asia,Lucienne,Asia.Lucienne@yopmail.com,Asia.Lucienne@gmail.com,developer,20688
20788,Giustina,Kirstin,Giustina.Kirstin@yopmail.com,Giustina.Kirstin@gmail.com,worker,20689
20789,Anestassia,Eliathas,Anestassia.Eliathas@yopmail.com,Anestassia.Eliathas@gmail.com,doctor,20690
20790,Mignon,Trinetta,Mignon.Trinetta@yopmail.com,Mignon.Trinetta@gmail.com,police officer,20691
20791,Roz,Orlene,Roz.Orlene@yopmail.com,Roz.Orlene@gmail.com,doctor,20692
20792,Celene,Annabella,Celene.Annabella@yopmail.com,Celene.Annabella@gmail.com,worker,20693
20793,Kenna,Keelia,Kenna.Keelia@yopmail.com,Kenna.Keelia@gmail.com,police officer,20694
20794,Debee,Rheingold,Debee.Rheingold@yopmail.com,Debee.Rheingold@gmail.com,firefighter,20695
20795,Annice,Koehler,Annice.Koehler@yopmail.com,Annice.Koehler@gmail.com,doctor,20696
20796,Frances,Wu,Frances.Wu@yopmail.com,Frances.Wu@gmail.com,developer,20697
20797,Imojean,Tamsky,Imojean.Tamsky@yopmail.com,Imojean.Tamsky@gmail.com,developer,20698
20798,Silvana,Drus,Silvana.Drus@yopmail.com,Silvana.Drus@gmail.com,police officer,20699
20799,Frances,Ietta,Frances.Ietta@yopmail.com,Frances.Ietta@gmail.com,worker,20700
20800,Berta,Milde,Berta.Milde@yopmail.com,Berta.Milde@gmail.com,police officer,20701
20801,Mariele,Parette,Mariele.Parette@yopmail.com,Mariele.Parette@gmail.com,developer,20702
20802,Tonia,Leary,Tonia.Leary@yopmail.com,Tonia.Leary@gmail.com,police officer,20703
20803,Riannon,Delp,Riannon.Delp@yopmail.com,Riannon.Delp@gmail.com,firefighter,20704
20804,Annice,Marisa,Annice.Marisa@yopmail.com,Annice.Marisa@gmail.com,developer,20705
20805,Mariele,Wattenberg,Mariele.Wattenberg@yopmail.com,Mariele.Wattenberg@gmail.com,worker,20706
20806,Joy,Naor,Joy.Naor@yopmail.com,Joy.Naor@gmail.com,developer,20707
20807,Norine,Casimir,Norine.Casimir@yopmail.com,Norine.Casimir@gmail.com,firefighter,20708
20808,Robinia,Abernon,Robinia.Abernon@yopmail.com,Robinia.Abernon@gmail.com,developer,20709
20809,Lusa,Tristram,Lusa.Tristram@yopmail.com,Lusa.Tristram@gmail.com,developer,20710
20810,Minda,Teddman,Minda.Teddman@yopmail.com,Minda.Teddman@gmail.com,worker,20711
20811,Kate,Gaspard,Kate.Gaspard@yopmail.com,Kate.Gaspard@gmail.com,doctor,20712
20812,Jenda,Vale,Jenda.Vale@yopmail.com,Jenda.Vale@gmail.com,worker,20713
20813,Tori,Luhe,Tori.Luhe@yopmail.com,Tori.Luhe@gmail.com,doctor,20714
20814,Tilly,Olin,Tilly.Olin@yopmail.com,Tilly.Olin@gmail.com,firefighter,20715
20815,Joelly,Noelyn,Joelly.Noelyn@yopmail.com,Joelly.Noelyn@gmail.com,worker,20716
20816,Feliza,Peg,Feliza.Peg@yopmail.com,Feliza.Peg@gmail.com,firefighter,20717
20817,Kirbee,Jena,Kirbee.Jena@yopmail.com,Kirbee.Jena@gmail.com,police officer,20718
20818,Brynna,Horan,Brynna.Horan@yopmail.com,Brynna.Horan@gmail.com,doctor,20719
20819,Jaime,Parette,Jaime.Parette@yopmail.com,Jaime.Parette@gmail.com,worker,20720
20820,Claresta,McCutcheon,Claresta.McCutcheon@yopmail.com,Claresta.McCutcheon@gmail.com,developer,20721
20821,Rochette,An,Rochette.An@yopmail.com,Rochette.An@gmail.com,doctor,20722
20822,Rori,Screens,Rori.Screens@yopmail.com,Rori.Screens@gmail.com,doctor,20723
20823,Nelle,Tjon,Nelle.Tjon@yopmail.com,Nelle.Tjon@gmail.com,police officer,20724
20824,Lanna,Odysseus,Lanna.Odysseus@yopmail.com,Lanna.Odysseus@gmail.com,doctor,20725
20825,Therine,Salvidor,Therine.Salvidor@yopmail.com,Therine.Salvidor@gmail.com,doctor,20726
20826,Alleen,Felizio,Alleen.Felizio@yopmail.com,Alleen.Felizio@gmail.com,worker,20727
20827,Leeanne,Israeli,Leeanne.Israeli@yopmail.com,Leeanne.Israeli@gmail.com,doctor,20728
20828,Angela,Stuart,Angela.Stuart@yopmail.com,Angela.Stuart@gmail.com,firefighter,20729
20829,Gratia,Maisey,Gratia.Maisey@yopmail.com,Gratia.Maisey@gmail.com,police officer,20730
20830,Gale,Fairweather,Gale.Fairweather@yopmail.com,Gale.Fairweather@gmail.com,firefighter,20731
20831,Krystle,Pitt,Krystle.Pitt@yopmail.com,Krystle.Pitt@gmail.com,worker,20732
20832,Marylou,Payson,Marylou.Payson@yopmail.com,Marylou.Payson@gmail.com,developer,20733
20833,Elie,Ortrude,Elie.Ortrude@yopmail.com,Elie.Ortrude@gmail.com,developer,20734
20834,Magdalena,Ioab,Magdalena.Ioab@yopmail.com,Magdalena.Ioab@gmail.com,worker,20735
20835,Aeriela,Strephon,Aeriela.Strephon@yopmail.com,Aeriela.Strephon@gmail.com,developer,20736
20836,Maud,Urias,Maud.Urias@yopmail.com,Maud.Urias@gmail.com,doctor,20737
20837,Elbertina,Libna,Elbertina.Libna@yopmail.com,Elbertina.Libna@gmail.com,developer,20738
20838,Lizzie,Lynn,Lizzie.Lynn@yopmail.com,Lizzie.Lynn@gmail.com,police officer,20739
20839,Tybie,Nerita,Tybie.Nerita@yopmail.com,Tybie.Nerita@gmail.com,police officer,20740
20840,Britni,Sothena,Britni.Sothena@yopmail.com,Britni.Sothena@gmail.com,police officer,20741
20841,Queenie,Helve,Queenie.Helve@yopmail.com,Queenie.Helve@gmail.com,developer,20742
20842,Drucie,Gahl,Drucie.Gahl@yopmail.com,Drucie.Gahl@gmail.com,firefighter,20743
20843,Katleen,Tamar,Katleen.Tamar@yopmail.com,Katleen.Tamar@gmail.com,worker,20744
20844,Almeta,Pacorro,Almeta.Pacorro@yopmail.com,Almeta.Pacorro@gmail.com,firefighter,20745
20845,Frieda,Schalles,Frieda.Schalles@yopmail.com,Frieda.Schalles@gmail.com,firefighter,20746
20846,Kassey,Erminia,Kassey.Erminia@yopmail.com,Kassey.Erminia@gmail.com,doctor,20747
20847,Shirlee,Taam,Shirlee.Taam@yopmail.com,Shirlee.Taam@gmail.com,firefighter,20748
20848,Lexine,Pandolfi,Lexine.Pandolfi@yopmail.com,Lexine.Pandolfi@gmail.com,firefighter,20749
20849,Judy,Briney,Judy.Briney@yopmail.com,Judy.Briney@gmail.com,worker,20750
20850,Harrietta,Euridice,Harrietta.Euridice@yopmail.com,Harrietta.Euridice@gmail.com,police officer,20751
20851,Dianemarie,Blase,Dianemarie.Blase@yopmail.com,Dianemarie.Blase@gmail.com,police officer,20752
20852,Delilah,Kannry,Delilah.Kannry@yopmail.com,Delilah.Kannry@gmail.com,worker,20753
20853,Adriana,Lamoree,Adriana.Lamoree@yopmail.com,Adriana.Lamoree@gmail.com,police officer,20754
20854,Courtnay,Scammon,Courtnay.Scammon@yopmail.com,Courtnay.Scammon@gmail.com,firefighter,20755
20855,Renae,Urias,Renae.Urias@yopmail.com,Renae.Urias@gmail.com,developer,20756
20856,Libbie,Greenwald,Libbie.Greenwald@yopmail.com,Libbie.Greenwald@gmail.com,doctor,20757
20857,Vevay,Brunell,Vevay.Brunell@yopmail.com,Vevay.Brunell@gmail.com,doctor,20758
20858,Roslyn,Ackerley,Roslyn.Ackerley@yopmail.com,Roslyn.Ackerley@gmail.com,police officer,20759
20859,Nadine,Lea,Nadine.Lea@yopmail.com,Nadine.Lea@gmail.com,police officer,20760
20860,Luci,Yerkovich,Luci.Yerkovich@yopmail.com,Luci.Yerkovich@gmail.com,firefighter,20761
20861,Rubie,Eiser,Rubie.Eiser@yopmail.com,Rubie.Eiser@gmail.com,police officer,20762
20862,Dianemarie,Sperling,Dianemarie.Sperling@yopmail.com,Dianemarie.Sperling@gmail.com,developer,20763
20863,Evaleen,Alabaster,Evaleen.Alabaster@yopmail.com,Evaleen.Alabaster@gmail.com,police officer,20764
20864,Hannis,Christine,Hannis.Christine@yopmail.com,Hannis.Christine@gmail.com,developer,20765
20865,Kenna,Ashok,Kenna.Ashok@yopmail.com,Kenna.Ashok@gmail.com,doctor,20766
20866,Iseabal,Ledah,Iseabal.Ledah@yopmail.com,Iseabal.Ledah@gmail.com,doctor,20767
20867,Ashlee,Argus,Ashlee.Argus@yopmail.com,Ashlee.Argus@gmail.com,doctor,20768
20868,Flo,Niccolo,Flo.Niccolo@yopmail.com,Flo.Niccolo@gmail.com,worker,20769
20869,Ebonee,Dom,Ebonee.Dom@yopmail.com,Ebonee.Dom@gmail.com,firefighter,20770
20870,Jessamyn,Armanda,Jessamyn.Armanda@yopmail.com,Jessamyn.Armanda@gmail.com,police officer,20771
20871,Dianemarie,Cristi,Dianemarie.Cristi@yopmail.com,Dianemarie.Cristi@gmail.com,developer,20772
20872,Candi,Clara,Candi.Clara@yopmail.com,Candi.Clara@gmail.com,developer,20773
20873,Kristan,Toni,Kristan.Toni@yopmail.com,Kristan.Toni@gmail.com,worker,20774
20874,Donnie,Malina,Donnie.Malina@yopmail.com,Donnie.Malina@gmail.com,developer,20775
20875,Miquela,Sekofski,Miquela.Sekofski@yopmail.com,Miquela.Sekofski@gmail.com,worker,20776
20876,Merrie,Codding,Merrie.Codding@yopmail.com,Merrie.Codding@gmail.com,firefighter,20777
20877,Hope,Morgun,Hope.Morgun@yopmail.com,Hope.Morgun@gmail.com,firefighter,20778
20878,Dolli,Hirsch,Dolli.Hirsch@yopmail.com,Dolli.Hirsch@gmail.com,worker,20779
20879,Cathyleen,Wallis,Cathyleen.Wallis@yopmail.com,Cathyleen.Wallis@gmail.com,worker,20780
20880,Marti,Georas,Marti.Georas@yopmail.com,Marti.Georas@gmail.com,worker,20781
20881,Susette,Friede,Susette.Friede@yopmail.com,Susette.Friede@gmail.com,worker,20782
20882,Gavrielle,Natalia,Gavrielle.Natalia@yopmail.com,Gavrielle.Natalia@gmail.com,firefighter,20783
20883,Xylina,Ophelia,Xylina.Ophelia@yopmail.com,Xylina.Ophelia@gmail.com,firefighter,20784
20884,Neila,Raimondo,Neila.Raimondo@yopmail.com,Neila.Raimondo@gmail.com,worker,20785
20885,Dagmar,Juan,Dagmar.Juan@yopmail.com,Dagmar.Juan@gmail.com,worker,20786
20886,Rayna,Vary,Rayna.Vary@yopmail.com,Rayna.Vary@gmail.com,police officer,20787
20887,Winifred,Hebner,Winifred.Hebner@yopmail.com,Winifred.Hebner@gmail.com,police officer,20788
20888,Alyda,Timon,Alyda.Timon@yopmail.com,Alyda.Timon@gmail.com,doctor,20789
20889,Sharai,Lesley,Sharai.Lesley@yopmail.com,Sharai.Lesley@gmail.com,developer,20790
20890,Abbie,Bennie,Abbie.Bennie@yopmail.com,Abbie.Bennie@gmail.com,doctor,20791
20891,Winifred,Aprile,Winifred.Aprile@yopmail.com,Winifred.Aprile@gmail.com,doctor,20792
20892,Josephine,Erich,Josephine.Erich@yopmail.com,Josephine.Erich@gmail.com,firefighter,20793
20893,Imojean,Klemperer,Imojean.Klemperer@yopmail.com,Imojean.Klemperer@gmail.com,police officer,20794
20894,Roberta,Cyrie,Roberta.Cyrie@yopmail.com,Roberta.Cyrie@gmail.com,worker,20795
20895,Emma,Gert,Emma.Gert@yopmail.com,Emma.Gert@gmail.com,worker,20796
20896,Lelah,Jethro,Lelah.Jethro@yopmail.com,Lelah.Jethro@gmail.com,developer,20797
20897,Cherilyn,Lutero,Cherilyn.Lutero@yopmail.com,Cherilyn.Lutero@gmail.com,firefighter,20798
20898,Lucille,Junie,Lucille.Junie@yopmail.com,Lucille.Junie@gmail.com,police officer,20799
20899,Ileana,Saint,Ileana.Saint@yopmail.com,Ileana.Saint@gmail.com,worker,20800
20900,Oralee,Bollay,Oralee.Bollay@yopmail.com,Oralee.Bollay@gmail.com,firefighter,20801
20901,Elvira,Belanger,Elvira.Belanger@yopmail.com,Elvira.Belanger@gmail.com,firefighter,20802
20902,Asia,Gemini,Asia.Gemini@yopmail.com,Asia.Gemini@gmail.com,worker,20803
20903,Ariela,Konyn,Ariela.Konyn@yopmail.com,Ariela.Konyn@gmail.com,firefighter,20804
20904,Hope,Dimitris,Hope.Dimitris@yopmail.com,Hope.Dimitris@gmail.com,developer,20805
20905,Therine,Nikaniki,Therine.Nikaniki@yopmail.com,Therine.Nikaniki@gmail.com,worker,20806
20906,Charlena,Ilka,Charlena.Ilka@yopmail.com,Charlena.Ilka@gmail.com,worker,20807
20907,Sashenka,Shields,Sashenka.Shields@yopmail.com,Sashenka.Shields@gmail.com,police officer,20808
20908,Annora,Longfellow,Annora.Longfellow@yopmail.com,Annora.Longfellow@gmail.com,police officer,20809
20909,Farrah,Brodench,Farrah.Brodench@yopmail.com,Farrah.Brodench@gmail.com,developer,20810
20910,Bettine,Hutchison,Bettine.Hutchison@yopmail.com,Bettine.Hutchison@gmail.com,firefighter,20811
20911,Debee,Alisia,Debee.Alisia@yopmail.com,Debee.Alisia@gmail.com,developer,20812
20912,Madeleine,Berard,Madeleine.Berard@yopmail.com,Madeleine.Berard@gmail.com,worker,20813
20913,Phylis,Libna,Phylis.Libna@yopmail.com,Phylis.Libna@gmail.com,worker,20814
20914,Jorry,Alfons,Jorry.Alfons@yopmail.com,Jorry.Alfons@gmail.com,developer,20815
20915,Alia,Eliathas,Alia.Eliathas@yopmail.com,Alia.Eliathas@gmail.com,doctor,20816
20916,Vere,Alrich,Vere.Alrich@yopmail.com,Vere.Alrich@gmail.com,firefighter,20817
20917,Dyann,Marcellus,Dyann.Marcellus@yopmail.com,Dyann.Marcellus@gmail.com,police officer,20818
20918,Gusty,Lytton,Gusty.Lytton@yopmail.com,Gusty.Lytton@gmail.com,police officer,20819
20919,Fanchon,Dearborn,Fanchon.Dearborn@yopmail.com,Fanchon.Dearborn@gmail.com,worker,20820
20920,Rhoda,Saunderson,Rhoda.Saunderson@yopmail.com,Rhoda.Saunderson@gmail.com,doctor,20821
20921,Gretal,Terencio,Gretal.Terencio@yopmail.com,Gretal.Terencio@gmail.com,firefighter,20822
20922,Gui,Saree,Gui.Saree@yopmail.com,Gui.Saree@gmail.com,firefighter,20823
20923,Angela,Dunkin,Angela.Dunkin@yopmail.com,Angela.Dunkin@gmail.com,doctor,20824
20924,Elise,Girardo,Elise.Girardo@yopmail.com,Elise.Girardo@gmail.com,firefighter,20825
20925,Millie,Cloris,Millie.Cloris@yopmail.com,Millie.Cloris@gmail.com,developer,20826
20926,Olwen,Howlyn,Olwen.Howlyn@yopmail.com,Olwen.Howlyn@gmail.com,developer,20827
20927,Carol-Jean,Rosemary,Carol-Jean.Rosemary@yopmail.com,Carol-Jean.Rosemary@gmail.com,doctor,20828
20928,Starla,Hanshaw,Starla.Hanshaw@yopmail.com,Starla.Hanshaw@gmail.com,firefighter,20829
20929,Celisse,Presber,Celisse.Presber@yopmail.com,Celisse.Presber@gmail.com,police officer,20830
20930,Brana,Boehike,Brana.Boehike@yopmail.com,Brana.Boehike@gmail.com,doctor,20831
20931,Elsie,Sprage,Elsie.Sprage@yopmail.com,Elsie.Sprage@gmail.com,developer,20832
20932,Micheline,Ashok,Micheline.Ashok@yopmail.com,Micheline.Ashok@gmail.com,doctor,20833
20933,Silvana,Mitzi,Silvana.Mitzi@yopmail.com,Silvana.Mitzi@gmail.com,doctor,20834
20934,Ardys,Dunkin,Ardys.Dunkin@yopmail.com,Ardys.Dunkin@gmail.com,worker,20835
20935,Di,Edison,Di.Edison@yopmail.com,Di.Edison@gmail.com,police officer,20836
20936,Carlie,Brackely,Carlie.Brackely@yopmail.com,Carlie.Brackely@gmail.com,worker,20837
20937,Michaelina,Zaslow,Michaelina.Zaslow@yopmail.com,Michaelina.Zaslow@gmail.com,doctor,20838
20938,Clary,Karylin,Clary.Karylin@yopmail.com,Clary.Karylin@gmail.com,worker,20839
20939,Adele,Goth,Adele.Goth@yopmail.com,Adele.Goth@gmail.com,developer,20840
20940,Hollie,Campball,Hollie.Campball@yopmail.com,Hollie.Campball@gmail.com,firefighter,20841
20941,Fernande,Roche,Fernande.Roche@yopmail.com,Fernande.Roche@gmail.com,police officer,20842
20942,Liana,Corrine,Liana.Corrine@yopmail.com,Liana.Corrine@gmail.com,doctor,20843
20943,Rayna,Maxi,Rayna.Maxi@yopmail.com,Rayna.Maxi@gmail.com,developer,20844
20944,Belva,Mott,Belva.Mott@yopmail.com,Belva.Mott@gmail.com,firefighter,20845
20945,Margalo,Leary,Margalo.Leary@yopmail.com,Margalo.Leary@gmail.com,developer,20846
20946,Deloria,Donoghue,Deloria.Donoghue@yopmail.com,Deloria.Donoghue@gmail.com,worker,20847
20947,Christal,Ammann,Christal.Ammann@yopmail.com,Christal.Ammann@gmail.com,firefighter,20848
20948,Nannie,Dorine,Nannie.Dorine@yopmail.com,Nannie.Dorine@gmail.com,firefighter,20849
20949,Chickie,Cordi,Chickie.Cordi@yopmail.com,Chickie.Cordi@gmail.com,developer,20850
20950,Carly,Adalbert,Carly.Adalbert@yopmail.com,Carly.Adalbert@gmail.com,police officer,20851
20951,Rivalee,Naashom,Rivalee.Naashom@yopmail.com,Rivalee.Naashom@gmail.com,developer,20852
20952,Kylynn,Gusella,Kylynn.Gusella@yopmail.com,Kylynn.Gusella@gmail.com,worker,20853
20953,Michaelina,Fleeta,Michaelina.Fleeta@yopmail.com,Michaelina.Fleeta@gmail.com,worker,20854
20954,Amalie,Adrienne,Amalie.Adrienne@yopmail.com,Amalie.Adrienne@gmail.com,police officer,20855
20955,Shauna,Alisia,Shauna.Alisia@yopmail.com,Shauna.Alisia@gmail.com,doctor,20856
20956,Paule,Zrike,Paule.Zrike@yopmail.com,Paule.Zrike@gmail.com,police officer,20857
20957,Bill,Gower,Bill.Gower@yopmail.com,Bill.Gower@gmail.com,doctor,20858
20958,Lucy,Loleta,Lucy.Loleta@yopmail.com,Lucy.Loleta@gmail.com,doctor,20859
20959,Wynne,Shelba,Wynne.Shelba@yopmail.com,Wynne.Shelba@gmail.com,developer,20860
20960,Myrtice,Girardo,Myrtice.Girardo@yopmail.com,Myrtice.Girardo@gmail.com,developer,20861
20961,Dulcinea,Claudine,Dulcinea.Claudine@yopmail.com,Dulcinea.Claudine@gmail.com,doctor,20862
20962,Alia,Selway,Alia.Selway@yopmail.com,Alia.Selway@gmail.com,worker,20863
20963,Gisela,Hillel,Gisela.Hillel@yopmail.com,Gisela.Hillel@gmail.com,police officer,20864
20964,Winifred,Adrienne,Winifred.Adrienne@yopmail.com,Winifred.Adrienne@gmail.com,developer,20865
20965,Audrie,Seumas,Audrie.Seumas@yopmail.com,Audrie.Seumas@gmail.com,worker,20866
20966,Christy,Naashom,Christy.Naashom@yopmail.com,Christy.Naashom@gmail.com,firefighter,20867
20967,Jennica,Guildroy,Jennica.Guildroy@yopmail.com,Jennica.Guildroy@gmail.com,worker,20868
20968,Ursulina,Cherianne,Ursulina.Cherianne@yopmail.com,Ursulina.Cherianne@gmail.com,worker,20869
20969,Kate,Pierette,Kate.Pierette@yopmail.com,Kate.Pierette@gmail.com,worker,20870
20970,Ulrike,Edvard,Ulrike.Edvard@yopmail.com,Ulrike.Edvard@gmail.com,police officer,20871
20971,Cassondra,Aldric,Cassondra.Aldric@yopmail.com,Cassondra.Aldric@gmail.com,police officer,20872
20972,Siana,Annice,Siana.Annice@yopmail.com,Siana.Annice@gmail.com,worker,20873
20973,Wilma,Sibyls,Wilma.Sibyls@yopmail.com,Wilma.Sibyls@gmail.com,police officer,20874
20974,Amalie,Milson,Amalie.Milson@yopmail.com,Amalie.Milson@gmail.com,doctor,20875
20975,Wanda,Campball,Wanda.Campball@yopmail.com,Wanda.Campball@gmail.com,doctor,20876
20976,Ariela,Borrell,Ariela.Borrell@yopmail.com,Ariela.Borrell@gmail.com,developer,20877
20977,Cathyleen,Killigrew,Cathyleen.Killigrew@yopmail.com,Cathyleen.Killigrew@gmail.com,worker,20878
20978,Christal,Ade,Christal.Ade@yopmail.com,Christal.Ade@gmail.com,police officer,20879
20979,Evita,Bryna,Evita.Bryna@yopmail.com,Evita.Bryna@gmail.com,developer,20880
20980,Shauna,Delacourt,Shauna.Delacourt@yopmail.com,Shauna.Delacourt@gmail.com,firefighter,20881
20981,Gerrie,Swanhildas,Gerrie.Swanhildas@yopmail.com,Gerrie.Swanhildas@gmail.com,firefighter,20882
20982,Mireielle,Ader,Mireielle.Ader@yopmail.com,Mireielle.Ader@gmail.com,worker,20883
20983,Britni,Elvyn,Britni.Elvyn@yopmail.com,Britni.Elvyn@gmail.com,doctor,20884
20984,Fidelia,Constancy,Fidelia.Constancy@yopmail.com,Fidelia.Constancy@gmail.com,firefighter,20885
20985,Nataline,Lenny,Nataline.Lenny@yopmail.com,Nataline.Lenny@gmail.com,doctor,20886
20986,Frances,Vacuva,Frances.Vacuva@yopmail.com,Frances.Vacuva@gmail.com,police officer,20887
20987,Verla,Kress,Verla.Kress@yopmail.com,Verla.Kress@gmail.com,police officer,20888
20988,Ardys,Phaidra,Ardys.Phaidra@yopmail.com,Ardys.Phaidra@gmail.com,police officer,20889
20989,Dulce,Olin,Dulce.Olin@yopmail.com,Dulce.Olin@gmail.com,firefighter,20890
20990,Fayre,Telfer,Fayre.Telfer@yopmail.com,Fayre.Telfer@gmail.com,developer,20891
20991,Sharai,Martguerita,Sharai.Martguerita@yopmail.com,Sharai.Martguerita@gmail.com,firefighter,20892
20992,Diena,Odell,Diena.Odell@yopmail.com,Diena.Odell@gmail.com,developer,20893
20993,Oona,Persse,Oona.Persse@yopmail.com,Oona.Persse@gmail.com,police officer,20894
20994,Jan,Glovsky,Jan.Glovsky@yopmail.com,Jan.Glovsky@gmail.com,doctor,20895
20995,Krystle,Viddah,Krystle.Viddah@yopmail.com,Krystle.Viddah@gmail.com,doctor,20896
20996,Roxane,Parsaye,Roxane.Parsaye@yopmail.com,Roxane.Parsaye@gmail.com,worker,20897
20997,Heida,Valoniah,Heida.Valoniah@yopmail.com,Heida.Valoniah@gmail.com,police officer,20898
20998,Amalie,Vernier,Amalie.Vernier@yopmail.com,Amalie.Vernier@gmail.com,developer,20899
20999,Annora,Ackerley,Annora.Ackerley@yopmail.com,Annora.Ackerley@gmail.com,developer,20900
21000,Fredericka,Cohdwell,Fredericka.Cohdwell@yopmail.com,Fredericka.Cohdwell@gmail.com,police officer,20901
21001,Minda,Marsden,Minda.Marsden@yopmail.com,Minda.Marsden@gmail.com,doctor,20902
21002,Dede,Tremayne,Dede.Tremayne@yopmail.com,Dede.Tremayne@gmail.com,developer,20903
21003,Halette,Gunn,Halette.Gunn@yopmail.com,Halette.Gunn@gmail.com,firefighter,20904
21004,Doro,Chapland,Doro.Chapland@yopmail.com,Doro.Chapland@gmail.com,developer,20905
21005,Gratia,Stanwood,Gratia.Stanwood@yopmail.com,Gratia.Stanwood@gmail.com,firefighter,20906
21006,Ariela,Vins,Ariela.Vins@yopmail.com,Ariela.Vins@gmail.com,police officer,20907
21007,Shannah,Corilla,Shannah.Corilla@yopmail.com,Shannah.Corilla@gmail.com,doctor,20908
21008,Bee,Rolf,Bee.Rolf@yopmail.com,Bee.Rolf@gmail.com,developer,20909
21009,Cordi,Wenoa,Cordi.Wenoa@yopmail.com,Cordi.Wenoa@gmail.com,worker,20910
21010,Augustine,Mendez,Augustine.Mendez@yopmail.com,Augustine.Mendez@gmail.com,developer,20911
21011,Brana,Read,Brana.Read@yopmail.com,Brana.Read@gmail.com,firefighter,20912
21012,Evita,Schonfeld,Evita.Schonfeld@yopmail.com,Evita.Schonfeld@gmail.com,worker,20913
21013,Jolyn,August,Jolyn.August@yopmail.com,Jolyn.August@gmail.com,developer,20914
21014,Georgina,Stoller,Georgina.Stoller@yopmail.com,Georgina.Stoller@gmail.com,worker,20915
21015,Winny,Fontana,Winny.Fontana@yopmail.com,Winny.Fontana@gmail.com,doctor,20916
21016,Danika,Emmy,Danika.Emmy@yopmail.com,Danika.Emmy@gmail.com,developer,20917
21017,Yetty,Meli,Yetty.Meli@yopmail.com,Yetty.Meli@gmail.com,firefighter,20918
21018,Anallese,Kermit,Anallese.Kermit@yopmail.com,Anallese.Kermit@gmail.com,police officer,20919
21019,Tina,Marcellus,Tina.Marcellus@yopmail.com,Tina.Marcellus@gmail.com,firefighter,20920
21020,Lesly,Saint,Lesly.Saint@yopmail.com,Lesly.Saint@gmail.com,police officer,20921
21021,Gianina,Devlen,Gianina.Devlen@yopmail.com,Gianina.Devlen@gmail.com,doctor,20922
21022,Celene,Hylan,Celene.Hylan@yopmail.com,Celene.Hylan@gmail.com,developer,20923
21023,Myriam,Joachim,Myriam.Joachim@yopmail.com,Myriam.Joachim@gmail.com,doctor,20924
21024,Annabela,Noelyn,Annabela.Noelyn@yopmail.com,Annabela.Noelyn@gmail.com,doctor,20925
21025,Blinni,Jotham,Blinni.Jotham@yopmail.com,Blinni.Jotham@gmail.com,developer,20926
21026,Dacia,Karylin,Dacia.Karylin@yopmail.com,Dacia.Karylin@gmail.com,firefighter,20927
21027,Ann-Marie,Ingra,Ann-Marie.Ingra@yopmail.com,Ann-Marie.Ingra@gmail.com,police officer,20928
21028,Myriam,Wind,Myriam.Wind@yopmail.com,Myriam.Wind@gmail.com,developer,20929
21029,Etta,Arathorn,Etta.Arathorn@yopmail.com,Etta.Arathorn@gmail.com,police officer,20930
21030,Claudina,Maribeth,Claudina.Maribeth@yopmail.com,Claudina.Maribeth@gmail.com,developer,20931
21031,Maud,Berne,Maud.Berne@yopmail.com,Maud.Berne@gmail.com,firefighter,20932
21032,Stephanie,Sandye,Stephanie.Sandye@yopmail.com,Stephanie.Sandye@gmail.com,police officer,20933
21033,Teddie,Graig,Teddie.Graig@yopmail.com,Teddie.Graig@gmail.com,worker,20934
21034,Layla,Orlene,Layla.Orlene@yopmail.com,Layla.Orlene@gmail.com,developer,20935
21035,Jere,Audly,Jere.Audly@yopmail.com,Jere.Audly@gmail.com,firefighter,20936
21036,Anthia,Chaing,Anthia.Chaing@yopmail.com,Anthia.Chaing@gmail.com,firefighter,20937
21037,Ada,Richers,Ada.Richers@yopmail.com,Ada.Richers@gmail.com,doctor,20938
21038,Rani,Irmine,Rani.Irmine@yopmail.com,Rani.Irmine@gmail.com,developer,20939
21039,Molli,Elsinore,Molli.Elsinore@yopmail.com,Molli.Elsinore@gmail.com,developer,20940
21040,Noelle,Arquit,Noelle.Arquit@yopmail.com,Noelle.Arquit@gmail.com,firefighter,20941
21041,Kathi,Garlinda,Kathi.Garlinda@yopmail.com,Kathi.Garlinda@gmail.com,firefighter,20942
21042,Eve,Tayib,Eve.Tayib@yopmail.com,Eve.Tayib@gmail.com,worker,20943
21043,Olivette,Alwin,Olivette.Alwin@yopmail.com,Olivette.Alwin@gmail.com,firefighter,20944
21044,Sibella,Argus,Sibella.Argus@yopmail.com,Sibella.Argus@gmail.com,developer,20945
21045,Jsandye,Tryck,Jsandye.Tryck@yopmail.com,Jsandye.Tryck@gmail.com,worker,20946
21046,Vivia,Harday,Vivia.Harday@yopmail.com,Vivia.Harday@gmail.com,firefighter,20947
21047,Adriana,Zitvaa,Adriana.Zitvaa@yopmail.com,Adriana.Zitvaa@gmail.com,firefighter,20948
21048,Lexine,Kristi,Lexine.Kristi@yopmail.com,Lexine.Kristi@gmail.com,police officer,20949
21049,Amii,Sheng,Amii.Sheng@yopmail.com,Amii.Sheng@gmail.com,worker,20950
21050,Darlleen,Gamaliel,Darlleen.Gamaliel@yopmail.com,Darlleen.Gamaliel@gmail.com,developer,20951
21051,Georgetta,Hourigan,Georgetta.Hourigan@yopmail.com,Georgetta.Hourigan@gmail.com,developer,20952
21052,Aryn,Erlandson,Aryn.Erlandson@yopmail.com,Aryn.Erlandson@gmail.com,doctor,20953
21053,Sharai,Rillings,Sharai.Rillings@yopmail.com,Sharai.Rillings@gmail.com,doctor,20954
21054,Konstance,Dowski,Konstance.Dowski@yopmail.com,Konstance.Dowski@gmail.com,worker,20955
21055,Devina,Ahab,Devina.Ahab@yopmail.com,Devina.Ahab@gmail.com,developer,20956
21056,Asia,Merat,Asia.Merat@yopmail.com,Asia.Merat@gmail.com,developer,20957
21057,Kristina,Carleen,Kristina.Carleen@yopmail.com,Kristina.Carleen@gmail.com,worker,20958
21058,Alex,Cecile,Alex.Cecile@yopmail.com,Alex.Cecile@gmail.com,firefighter,20959
21059,Calla,Creamer,Calla.Creamer@yopmail.com,Calla.Creamer@gmail.com,firefighter,20960
21060,Theodora,Kress,Theodora.Kress@yopmail.com,Theodora.Kress@gmail.com,firefighter,20961
21061,Shaine,Isacco,Shaine.Isacco@yopmail.com,Shaine.Isacco@gmail.com,doctor,20962
21062,Anallese,Ariella,Anallese.Ariella@yopmail.com,Anallese.Ariella@gmail.com,doctor,20963
21063,Ernesta,Vanni,Ernesta.Vanni@yopmail.com,Ernesta.Vanni@gmail.com,developer,20964
21064,Quintina,Kristi,Quintina.Kristi@yopmail.com,Quintina.Kristi@gmail.com,developer,20965
21065,Sissy,Terencio,Sissy.Terencio@yopmail.com,Sissy.Terencio@gmail.com,firefighter,20966
21066,Flory,Anestassia,Flory.Anestassia@yopmail.com,Flory.Anestassia@gmail.com,worker,20967
21067,Luci,Thornburg,Luci.Thornburg@yopmail.com,Luci.Thornburg@gmail.com,developer,20968
21068,Miquela,O'Carroll,Miquela.O'Carroll@yopmail.com,Miquela.O'Carroll@gmail.com,police officer,20969
21069,Sallie,Truc,Sallie.Truc@yopmail.com,Sallie.Truc@gmail.com,doctor,20970
21070,Fayre,Heidt,Fayre.Heidt@yopmail.com,Fayre.Heidt@gmail.com,firefighter,20971
21071,Deloria,Maples,Deloria.Maples@yopmail.com,Deloria.Maples@gmail.com,worker,20972
21072,Lily,Kendrick,Lily.Kendrick@yopmail.com,Lily.Kendrick@gmail.com,worker,20973
21073,Lenna,Johnsson,Lenna.Johnsson@yopmail.com,Lenna.Johnsson@gmail.com,doctor,20974
21074,Selma,Milson,Selma.Milson@yopmail.com,Selma.Milson@gmail.com,developer,20975
21075,Fayre,Heisel,Fayre.Heisel@yopmail.com,Fayre.Heisel@gmail.com,worker,20976
21076,Annice,Olnee,Annice.Olnee@yopmail.com,Annice.Olnee@gmail.com,developer,20977
21077,Dorice,Romelda,Dorice.Romelda@yopmail.com,Dorice.Romelda@gmail.com,developer,20978
21078,Sherrie,Chauncey,Sherrie.Chauncey@yopmail.com,Sherrie.Chauncey@gmail.com,developer,20979
21079,Anthia,Sibyls,Anthia.Sibyls@yopmail.com,Anthia.Sibyls@gmail.com,developer,20980
21080,Emmey,Nahum,Emmey.Nahum@yopmail.com,Emmey.Nahum@gmail.com,developer,20981
21081,Malina,Selway,Malina.Selway@yopmail.com,Malina.Selway@gmail.com,worker,20982
21082,Claudina,Septima,Claudina.Septima@yopmail.com,Claudina.Septima@gmail.com,police officer,20983
21083,Sherrie,Pyle,Sherrie.Pyle@yopmail.com,Sherrie.Pyle@gmail.com,developer,20984
21084,Elise,Felizio,Elise.Felizio@yopmail.com,Elise.Felizio@gmail.com,developer,20985
21085,Maud,Ricki,Maud.Ricki@yopmail.com,Maud.Ricki@gmail.com,developer,20986
21086,Sharlene,Havens,Sharlene.Havens@yopmail.com,Sharlene.Havens@gmail.com,worker,20987
21087,Shandie,Santoro,Shandie.Santoro@yopmail.com,Shandie.Santoro@gmail.com,worker,20988
21088,Willetta,Sadowski,Willetta.Sadowski@yopmail.com,Willetta.Sadowski@gmail.com,worker,20989
21089,Viki,Stanwood,Viki.Stanwood@yopmail.com,Viki.Stanwood@gmail.com,police officer,20990
21090,Rivalee,Barrus,Rivalee.Barrus@yopmail.com,Rivalee.Barrus@gmail.com,police officer,20991
21091,Basia,Arley,Basia.Arley@yopmail.com,Basia.Arley@gmail.com,worker,20992
21092,Estell,Rosette,Estell.Rosette@yopmail.com,Estell.Rosette@gmail.com,developer,20993
21093,Millie,Sholley,Millie.Sholley@yopmail.com,Millie.Sholley@gmail.com,doctor,20994
21094,Glynnis,Borrell,Glynnis.Borrell@yopmail.com,Glynnis.Borrell@gmail.com,developer,20995
21095,Daune,Grobe,Daune.Grobe@yopmail.com,Daune.Grobe@gmail.com,doctor,20996
21096,Grier,Vale,Grier.Vale@yopmail.com,Grier.Vale@gmail.com,doctor,20997
21097,Cyb,Waite,Cyb.Waite@yopmail.com,Cyb.Waite@gmail.com,developer,20998
21098,Alexine,Masao,Alexine.Masao@yopmail.com,Alexine.Masao@gmail.com,police officer,20999
21099,Moyna,Rolf,Moyna.Rolf@yopmail.com,Moyna.Rolf@gmail.com,worker,21000
