id,firstname,lastname,email,email2,profession,Field Name
35850,Selia,Stelle,Selia.Stelle@yopmail.com,Selia.Stelle@gmail.com,worker,35751
35851,Eadie,Mendez,Eadie.Mendez@yopmail.com,Eadie.Mendez@gmail.com,firefighter,35752
35852,Dorene,Stefa,Dorene.Stefa@yopmail.com,Dorene.Stefa@gmail.com,police officer,35753
35853,Vivia,Rossner,Vivia.Rossner@yopmail.com,Vivia.Rossner@gmail.com,police officer,35754
35854,Goldie,Grobe,Goldie.Grobe@yopmail.com,Goldie.Grobe@gmail.com,firefighter,35755
35855,Glenda,Sheng,Glenda.Sheng@yopmail.com,Glenda.Sheng@gmail.com,worker,35756
35856,Bee,Eldrid,Bee.Eldrid@yopmail.com,Bee.Eldrid@gmail.com,police officer,35757
35857,Katharina,Mathilde,Katharina.Mathilde@yopmail.com,Katharina.Mathilde@gmail.com,worker,35758
35858,Joane,Emerson,Joane.Emerson@yopmail.com,Joane.Emerson@gmail.com,police officer,35759
35859,Hollie,Docilla,Hollie.Docilla@yopmail.com,Hollie.Docilla@gmail.com,doctor,35760
35860,Beth,Bollay,Beth.Bollay@yopmail.com,Beth.Bollay@gmail.com,doctor,35761
35861,Tersina,Fax,Tersina.Fax@yopmail.com,Tersina.Fax@gmail.com,developer,35762
35862,Natka,Millda,Natka.Millda@yopmail.com,Natka.Millda@gmail.com,doctor,35763
35863,Wynne,Pond,Wynne.Pond@yopmail.com,Wynne.Pond@gmail.com,police officer,35764
35864,Quintina,Chabot,Quintina.Chabot@yopmail.com,Quintina.Chabot@gmail.com,police officer,35765
35865,Micheline,Karylin,Micheline.Karylin@yopmail.com,Micheline.Karylin@gmail.com,developer,35766
35866,Gerianna,Wind,Gerianna.Wind@yopmail.com,Gerianna.Wind@gmail.com,developer,35767
35867,Odessa,Westphal,Odessa.Westphal@yopmail.com,Odessa.Westphal@gmail.com,firefighter,35768
35868,Georgina,Dituri,Georgina.Dituri@yopmail.com,Georgina.Dituri@gmail.com,developer,35769
35869,Aryn,Love,Aryn.Love@yopmail.com,Aryn.Love@gmail.com,police officer,35770
35870,Aaren,Lilas,Aaren.Lilas@yopmail.com,Aaren.Lilas@gmail.com,developer,35771
35871,Siana,Magdalen,Siana.Magdalen@yopmail.com,Siana.Magdalen@gmail.com,firefighter,35772
35872,Emylee,Sancho,Emylee.Sancho@yopmail.com,Emylee.Sancho@gmail.com,doctor,35773
35873,Melina,Stevy,Melina.Stevy@yopmail.com,Melina.Stevy@gmail.com,worker,35774
35874,Jaime,Noman,Jaime.Noman@yopmail.com,Jaime.Noman@gmail.com,doctor,35775
35875,Merci,Weinreb,Merci.Weinreb@yopmail.com,Merci.Weinreb@gmail.com,worker,35776
35876,Orelia,Silvan,Orelia.Silvan@yopmail.com,Orelia.Silvan@gmail.com,doctor,35777
35877,Codie,Leonard,Codie.Leonard@yopmail.com,Codie.Leonard@gmail.com,doctor,35778
35878,Monika,Ivens,Monika.Ivens@yopmail.com,Monika.Ivens@gmail.com,police officer,35779
35879,Nita,Israeli,Nita.Israeli@yopmail.com,Nita.Israeli@gmail.com,worker,35780
35880,Ida,Cleo,Ida.Cleo@yopmail.com,Ida.Cleo@gmail.com,police officer,35781
35881,Gerianna,Eben,Gerianna.Eben@yopmail.com,Gerianna.Eben@gmail.com,worker,35782
35882,Meriel,Monk,Meriel.Monk@yopmail.com,Meriel.Monk@gmail.com,developer,35783
35883,Barbara,Shaddock,Barbara.Shaddock@yopmail.com,Barbara.Shaddock@gmail.com,police officer,35784
35884,Christal,Bord,Christal.Bord@yopmail.com,Christal.Bord@gmail.com,worker,35785
35885,Lory,Helve,Lory.Helve@yopmail.com,Lory.Helve@gmail.com,worker,35786
35886,Riannon,Stephie,Riannon.Stephie@yopmail.com,Riannon.Stephie@gmail.com,developer,35787
35887,Roslyn,Allare,Roslyn.Allare@yopmail.com,Roslyn.Allare@gmail.com,worker,35788
35888,Mariann,Genna,Mariann.Genna@yopmail.com,Mariann.Genna@gmail.com,doctor,35789
35889,Averyl,Bakerman,Averyl.Bakerman@yopmail.com,Averyl.Bakerman@gmail.com,developer,35790
35890,Tersina,Edison,Tersina.Edison@yopmail.com,Tersina.Edison@gmail.com,doctor,35791
35891,Harmonia,Pierette,Harmonia.Pierette@yopmail.com,Harmonia.Pierette@gmail.com,firefighter,35792
35892,Kristina,Damarra,Kristina.Damarra@yopmail.com,Kristina.Damarra@gmail.com,firefighter,35793
35893,Jessamyn,Jeanne,Jessamyn.Jeanne@yopmail.com,Jessamyn.Jeanne@gmail.com,firefighter,35794
35894,Kerrin,Toni,Kerrin.Toni@yopmail.com,Kerrin.Toni@gmail.com,police officer,35795
35895,Fidelia,Raul,Fidelia.Raul@yopmail.com,Fidelia.Raul@gmail.com,developer,35796
35896,Lilith,Podvin,Lilith.Podvin@yopmail.com,Lilith.Podvin@gmail.com,worker,35797
35897,Selma,Miru,Selma.Miru@yopmail.com,Selma.Miru@gmail.com,worker,35798
35898,Heddie,Mata,Heddie.Mata@yopmail.com,Heddie.Mata@gmail.com,doctor,35799
35899,Estell,Chobot,Estell.Chobot@yopmail.com,Estell.Chobot@gmail.com,developer,35800
