id,firstname,lastname,email,email2,profession,Field Name
31500,Wilma,Konyn,Wilma.Konyn@yopmail.com,Wilma.Konyn@gmail.com,developer,31401
31501,Concettina,Barrus,Concettina.Barrus@yopmail.com,Concettina.Barrus@gmail.com,firefighter,31402
31502,Queenie,Braun,Queenie.Braun@yopmail.com,Queenie.Braun@gmail.com,worker,31403
31503,Flory,Felizio,Flory.Felizio@yopmail.com,Flory.Felizio@gmail.com,worker,31404
31504,Cathie,Kylander,Cathie.Kylander@yopmail.com,Cathie.Kylander@gmail.com,firefighter,31405
31505,Teddie,Kirbee,Teddie.Kirbee@yopmail.com,Teddie.Kirbee@gmail.com,firefighter,31406
31506,Dorothy,Rooney,Dorothy.Rooney@yopmail.com,Dorothy.Rooney@gmail.com,worker,31407
31507,Wileen,Natalia,Wileen.Natalia@yopmail.com,Wileen.Natalia@gmail.com,doctor,31408
31508,Chrystel,Uund,Chrystel.Uund@yopmail.com,Chrystel.Uund@gmail.com,developer,31409
31509,Sibella,Bouchard,Sibella.Bouchard@yopmail.com,Sibella.Bouchard@gmail.com,developer,31410
31510,Tilly,Amethist,Tilly.Amethist@yopmail.com,Tilly.Amethist@gmail.com,firefighter,31411
31511,Candi,Havens,Candi.Havens@yopmail.com,Candi.Havens@gmail.com,doctor,31412
31512,Minda,Lucienne,Minda.Lucienne@yopmail.com,Minda.Lucienne@gmail.com,firefighter,31413
31513,Edyth,Chauncey,Edyth.Chauncey@yopmail.com,Edyth.Chauncey@gmail.com,developer,31414
31514,Nonnah,Vittoria,Nonnah.Vittoria@yopmail.com,Nonnah.Vittoria@gmail.com,doctor,31415
31515,Ida,Fabiola,Ida.Fabiola@yopmail.com,Ida.Fabiola@gmail.com,firefighter,31416
31516,Aili,Hailee,Aili.Hailee@yopmail.com,Aili.Hailee@gmail.com,doctor,31417
31517,Agathe,Brady,Agathe.Brady@yopmail.com,Agathe.Brady@gmail.com,police officer,31418
31518,Modestia,Uund,Modestia.Uund@yopmail.com,Modestia.Uund@gmail.com,worker,31419
31519,Lizzie,Annabella,Lizzie.Annabella@yopmail.com,Lizzie.Annabella@gmail.com,police officer,31420
31520,Fidelia,Margret,Fidelia.Margret@yopmail.com,Fidelia.Margret@gmail.com,developer,31421
31521,Roseline,Weide,Roseline.Weide@yopmail.com,Roseline.Weide@gmail.com,developer,31422
31522,Coral,Azeria,Coral.Azeria@yopmail.com,Coral.Azeria@gmail.com,doctor,31423
31523,Mureil,Anselmi,Mureil.Anselmi@yopmail.com,Mureil.Anselmi@gmail.com,firefighter,31424
31524,Adriana,Wildermuth,Adriana.Wildermuth@yopmail.com,Adriana.Wildermuth@gmail.com,worker,31425
31525,Harmonia,Teryn,Harmonia.Teryn@yopmail.com,Harmonia.Teryn@gmail.com,firefighter,31426
31526,Elena,Gregrory,Elena.Gregrory@yopmail.com,Elena.Gregrory@gmail.com,police officer,31427
31527,Constance,Erskine,Constance.Erskine@yopmail.com,Constance.Erskine@gmail.com,police officer,31428
31528,Tressa,Hirsch,Tressa.Hirsch@yopmail.com,Tressa.Hirsch@gmail.com,developer,31429
31529,Janis,Marcellus,Janis.Marcellus@yopmail.com,Janis.Marcellus@gmail.com,police officer,31430
31530,Ricky,Lane,Ricky.Lane@yopmail.com,Ricky.Lane@gmail.com,doctor,31431
31531,Misha,Bandeen,Misha.Bandeen@yopmail.com,Misha.Bandeen@gmail.com,firefighter,31432
31532,Camile,Codding,Camile.Codding@yopmail.com,Camile.Codding@gmail.com,worker,31433
31533,Marika,Naashom,Marika.Naashom@yopmail.com,Marika.Naashom@gmail.com,police officer,31434
31534,Bernie,Toor,Bernie.Toor@yopmail.com,Bernie.Toor@gmail.com,developer,31435
31535,Shirlee,Brittani,Shirlee.Brittani@yopmail.com,Shirlee.Brittani@gmail.com,developer,31436
31536,Renie,Fancie,Renie.Fancie@yopmail.com,Renie.Fancie@gmail.com,firefighter,31437
31537,Dianemarie,August,Dianemarie.August@yopmail.com,Dianemarie.August@gmail.com,doctor,31438
31538,Mignon,Allare,Mignon.Allare@yopmail.com,Mignon.Allare@gmail.com,worker,31439
31539,Anica,Havens,Anica.Havens@yopmail.com,Anica.Havens@gmail.com,doctor,31440
31540,Elsie,Pyle,Elsie.Pyle@yopmail.com,Elsie.Pyle@gmail.com,doctor,31441
31541,Stevana,Nikaniki,Stevana.Nikaniki@yopmail.com,Stevana.Nikaniki@gmail.com,doctor,31442
31542,Goldie,Newell,Goldie.Newell@yopmail.com,Goldie.Newell@gmail.com,police officer,31443
31543,Beatriz,Hebner,Beatriz.Hebner@yopmail.com,Beatriz.Hebner@gmail.com,doctor,31444
31544,Zondra,Arne,Zondra.Arne@yopmail.com,Zondra.Arne@gmail.com,police officer,31445
31545,Kathi,Rurik,Kathi.Rurik@yopmail.com,Kathi.Rurik@gmail.com,worker,31446
31546,Lorne,Cynar,Lorne.Cynar@yopmail.com,Lorne.Cynar@gmail.com,worker,31447
31547,Delilah,Garbe,Delilah.Garbe@yopmail.com,Delilah.Garbe@gmail.com,doctor,31448
31548,Minne,Bury,Minne.Bury@yopmail.com,Minne.Bury@gmail.com,developer,31449
31549,Tomasina,Taima,Tomasina.Taima@yopmail.com,Tomasina.Taima@gmail.com,doctor,31450
