id,firstname,lastname,email,email2,profession,Field Name
21650,Celisse,Allare,Celisse.Allare@yopmail.com,Celisse.Allare@gmail.com,police officer,21551
21651,Kylynn,Burkle,Kylynn.Burkle@yopmail.com,Kylynn.Burkle@gmail.com,firefighter,21552
21652,Marcelline,Pond,Marcelline.Pond@yopmail.com,Marcelline.Pond@gmail.com,worker,21553
21653,Christy,Beniamino,Christy.Beniamino@yopmail.com,Christy.Beniamino@gmail.com,worker,21554
21654,Kristan,Haldas,Kristan.Haldas@yopmail.com,Kristan.Haldas@gmail.com,developer,21555
21655,Tera,Prober,Tera.Prober@yopmail.com,Tera.Prober@gmail.com,police officer,21556
21656,Lindie,Wildermuth,Lindie.Wildermuth@yopmail.com,Lindie.Wildermuth@gmail.com,firefighter,21557
21657,Isa,Israeli,Isa.Israeli@yopmail.com,Isa.Israeli@gmail.com,firefighter,21558
21658,Gaylene,Kosey,Gaylene.Kosey@yopmail.com,Gaylene.Kosey@gmail.com,developer,21559
21659,Genevra,Martsen,Genevra.Martsen@yopmail.com,Genevra.Martsen@gmail.com,firefighter,21560
21660,Grier,Bow,Grier.Bow@yopmail.com,Grier.Bow@gmail.com,police officer,21561
21661,Beverley,Knowling,Beverley.Knowling@yopmail.com,Beverley.Knowling@gmail.com,doctor,21562
21662,Robinia,Dituri,Robinia.Dituri@yopmail.com,Robinia.Dituri@gmail.com,worker,21563
21663,Theodora,Cecile,Theodora.Cecile@yopmail.com,Theodora.Cecile@gmail.com,firefighter,21564
21664,Jsandye,Stefa,Jsandye.Stefa@yopmail.com,Jsandye.Stefa@gmail.com,doctor,21565
21665,Aili,Deegan,Aili.Deegan@yopmail.com,Aili.Deegan@gmail.com,firefighter,21566
21666,Maryellen,Anis,Maryellen.Anis@yopmail.com,Maryellen.Anis@gmail.com,worker,21567
21667,Dede,Philipp,Dede.Philipp@yopmail.com,Dede.Philipp@gmail.com,firefighter,21568
21668,Shauna,Sprage,Shauna.Sprage@yopmail.com,Shauna.Sprage@gmail.com,firefighter,21569
21669,Emylee,Kravits,Emylee.Kravits@yopmail.com,Emylee.Kravits@gmail.com,doctor,21570
21670,Jan,Zetta,Jan.Zetta@yopmail.com,Jan.Zetta@gmail.com,developer,21571
21671,Gisela,Cyrie,Gisela.Cyrie@yopmail.com,Gisela.Cyrie@gmail.com,worker,21572
21672,Tami,Lanita,Tami.Lanita@yopmail.com,Tami.Lanita@gmail.com,worker,21573
21673,Maurene,Leonard,Maurene.Leonard@yopmail.com,Maurene.Leonard@gmail.com,doctor,21574
21674,Amii,Toor,Amii.Toor@yopmail.com,Amii.Toor@gmail.com,doctor,21575
21675,Nanete,Mandler,Nanete.Mandler@yopmail.com,Nanete.Mandler@gmail.com,doctor,21576
21676,Gisela,McGrody,Gisela.McGrody@yopmail.com,Gisela.McGrody@gmail.com,police officer,21577
21677,Emilia,Liva,Emilia.Liva@yopmail.com,Emilia.Liva@gmail.com,doctor,21578
21678,Valera,Hermes,Valera.Hermes@yopmail.com,Valera.Hermes@gmail.com,worker,21579
21679,Belva,Mata,Belva.Mata@yopmail.com,Belva.Mata@gmail.com,worker,21580
21680,Kimberley,Olnee,Kimberley.Olnee@yopmail.com,Kimberley.Olnee@gmail.com,police officer,21581
21681,Kate,Abram,Kate.Abram@yopmail.com,Kate.Abram@gmail.com,worker,21582
21682,Charlena,Orlene,Charlena.Orlene@yopmail.com,Charlena.Orlene@gmail.com,firefighter,21583
21683,Ardys,Corilla,Ardys.Corilla@yopmail.com,Ardys.Corilla@gmail.com,police officer,21584
21684,Sabina,Simmonds,Sabina.Simmonds@yopmail.com,Sabina.Simmonds@gmail.com,developer,21585
21685,Farrah,Marijo,Farrah.Marijo@yopmail.com,Farrah.Marijo@gmail.com,firefighter,21586
21686,Adele,Sherrie,Adele.Sherrie@yopmail.com,Adele.Sherrie@gmail.com,police officer,21587
21687,Roseline,Philoo,Roseline.Philoo@yopmail.com,Roseline.Philoo@gmail.com,worker,21588
21688,Corly,Gemini,Corly.Gemini@yopmail.com,Corly.Gemini@gmail.com,firefighter,21589
21689,Adriana,Gert,Adriana.Gert@yopmail.com,Adriana.Gert@gmail.com,doctor,21590
21690,Adele,Wu,Adele.Wu@yopmail.com,Adele.Wu@gmail.com,worker,21591
21691,Catharine,Concha,Catharine.Concha@yopmail.com,Catharine.Concha@gmail.com,doctor,21592
21692,Morganica,Goldina,Morganica.Goldina@yopmail.com,Morganica.Goldina@gmail.com,police officer,21593
21693,Karlee,Klotz,Karlee.Klotz@yopmail.com,Karlee.Klotz@gmail.com,worker,21594
21694,Kristan,Chem,Kristan.Chem@yopmail.com,Kristan.Chem@gmail.com,police officer,21595
21695,Ayn,Clarissa,Ayn.Clarissa@yopmail.com,Ayn.Clarissa@gmail.com,firefighter,21596
21696,Renae,Kirstin,Renae.Kirstin@yopmail.com,Renae.Kirstin@gmail.com,doctor,21597
21697,Vevay,Brady,Vevay.Brady@yopmail.com,Vevay.Brady@gmail.com,firefighter,21598
21698,Elie,Hylan,Elie.Hylan@yopmail.com,Elie.Hylan@gmail.com,doctor,21599
21699,Dione,Urias,Dione.Urias@yopmail.com,Dione.Urias@gmail.com,developer,21600
