id,firstname,lastname,email,email2,profession,Field Name
1100,Mariann,Burkle,Mariann.Burkle@yopmail.com,Mariann.Burkle@gmail.com,firefighter,1001
1101,Shauna,Gamaliel,Shauna.Gamaliel@yopmail.com,Shauna.Gamaliel@gmail.com,doctor,1002
1102,Felice,Zina,Felice.Zina@yopmail.com,Felice.Zina@gmail.com,doctor,1003
1103,Justinn,Wolfgram,Justinn.Wolfgram@yopmail.com,Justinn.Wolfgram@gmail.com,police officer,1004
1104,Carilyn,Ingra,Carilyn.Ingra@yopmail.com,Carilyn.Ingra@gmail.com,police officer,1005
1105,Tobe,Penelopa,Tobe.Penelopa@yopmail.com,Tobe.Penelopa@gmail.com,worker,1006
1106,Berta,Macey,Berta.Macey@yopmail.com,Berta.Macey@gmail.com,police officer,1007
1107,Libbie,Whiffen,Libbie.Whiffen@yopmail.com,Libbie.Whiffen@gmail.com,firefighter,1008
1108,Corene,Cyrie,Corene.Cyrie@yopmail.com,Corene.Cyrie@gmail.com,police officer,1009
1109,Libbie,Narton,Libbie.Narton@yopmail.com,Libbie.Narton@gmail.com,developer,1010
1110,Gilda,Tybald,Gilda.Tybald@yopmail.com,Gilda.Tybald@gmail.com,worker,1011
1111,Glynnis,Duwalt,Glynnis.Duwalt@yopmail.com,Glynnis.Duwalt@gmail.com,police officer,1012
1112,Natka,Stuart,Natka.Stuart@yopmail.com,Natka.Stuart@gmail.com,police officer,1013
1113,Delilah,Bouchard,Delilah.Bouchard@yopmail.com,Delilah.Bouchard@gmail.com,doctor,1014
1114,Lucille,Amadas,Lucille.Amadas@yopmail.com,Lucille.Amadas@gmail.com,worker,1015
1115,Kenna,Lytton,Kenna.Lytton@yopmail.com,Kenna.Lytton@gmail.com,police officer,1016
1116,Gertrud,Lumbard,Gertrud.Lumbard@yopmail.com,Gertrud.Lumbard@gmail.com,developer,1017
1117,Elsie,Maisey,Elsie.Maisey@yopmail.com,Elsie.Maisey@gmail.com,worker,1018
1118,Yvonne,Loleta,Yvonne.Loleta@yopmail.com,Yvonne.Loleta@gmail.com,developer,1019
1119,Oralee,Roche,Oralee.Roche@yopmail.com,Oralee.Roche@gmail.com,police officer,1020
1120,Wilma,Milde,Wilma.Milde@yopmail.com,Wilma.Milde@gmail.com,doctor,1021
1121,Ayn,Ethban,Ayn.Ethban@yopmail.com,Ayn.Ethban@gmail.com,police officer,1022
1122,Dale,Hull,Dale.Hull@yopmail.com,Dale.Hull@gmail.com,firefighter,1023
1123,Philis,Kravits,Philis.Kravits@yopmail.com,Philis.Kravits@gmail.com,firefighter,1024
1124,Lyssa,Clarissa,Lyssa.Clarissa@yopmail.com,Lyssa.Clarissa@gmail.com,developer,1025
1125,Theodora,Ellerey,Theodora.Ellerey@yopmail.com,Theodora.Ellerey@gmail.com,developer,1026
1126,Laure,Orelee,Laure.Orelee@yopmail.com,Laure.Orelee@gmail.com,doctor,1027
1127,Ruthe,Yoko,Ruthe.Yoko@yopmail.com,Ruthe.Yoko@gmail.com,police officer,1028
1128,Danny,Eno,Danny.Eno@yopmail.com,Danny.Eno@gmail.com,developer,1029
1129,Concettina,Xerxes,Concettina.Xerxes@yopmail.com,Concettina.Xerxes@gmail.com,doctor,1030
1130,Jeanna,Pauly,Jeanna.Pauly@yopmail.com,Jeanna.Pauly@gmail.com,doctor,1031
1131,Tabbatha,Estella,Tabbatha.Estella@yopmail.com,Tabbatha.Estella@gmail.com,firefighter,1032
1132,Fanny,Radu,Fanny.Radu@yopmail.com,Fanny.Radu@gmail.com,firefighter,1033
1133,Sashenka,Sammons,Sashenka.Sammons@yopmail.com,Sashenka.Sammons@gmail.com,worker,1034
1134,Mallory,Mandler,Mallory.Mandler@yopmail.com,Mallory.Mandler@gmail.com,developer,1035
1135,Nikki,Garek,Nikki.Garek@yopmail.com,Nikki.Garek@gmail.com,developer,1036
1136,Arabel,Lesley,Arabel.Lesley@yopmail.com,Arabel.Lesley@gmail.com,police officer,1037
1137,Ida,Mozelle,Ida.Mozelle@yopmail.com,Ida.Mozelle@gmail.com,firefighter,1038
1138,Shell,Moseley,Shell.Moseley@yopmail.com,Shell.Moseley@gmail.com,police officer,1039
1139,Ulrike,Goerke,Ulrike.Goerke@yopmail.com,Ulrike.Goerke@gmail.com,police officer,1040
1140,Ezmeralda,Croix,Ezmeralda.Croix@yopmail.com,Ezmeralda.Croix@gmail.com,developer,1041
1141,Kittie,Nickola,Kittie.Nickola@yopmail.com,Kittie.Nickola@gmail.com,firefighter,1042
1142,Grier,Junie,Grier.Junie@yopmail.com,Grier.Junie@gmail.com,doctor,1043
1143,Deedee,Frendel,Deedee.Frendel@yopmail.com,Deedee.Frendel@gmail.com,developer,1044
1144,Joeann,Rhu,Joeann.Rhu@yopmail.com,Joeann.Rhu@gmail.com,worker,1045
1145,Glynnis,Felecia,Glynnis.Felecia@yopmail.com,Glynnis.Felecia@gmail.com,firefighter,1046
1146,Juliane,Borrell,Juliane.Borrell@yopmail.com,Juliane.Borrell@gmail.com,doctor,1047
1147,Catrina,Federica,Catrina.Federica@yopmail.com,Catrina.Federica@gmail.com,developer,1048
1148,Averyl,Dielu,Averyl.Dielu@yopmail.com,Averyl.Dielu@gmail.com,doctor,1049
1149,Cherilyn,Eiser,Cherilyn.Eiser@yopmail.com,Cherilyn.Eiser@gmail.com,developer,1050
1150,Romona,Korey,Romona.Korey@yopmail.com,Romona.Korey@gmail.com,worker,1051
1151,Randa,Merat,Randa.Merat@yopmail.com,Randa.Merat@gmail.com,worker,1052
1152,Wileen,Infield,Wileen.Infield@yopmail.com,Wileen.Infield@gmail.com,worker,1053
1153,Sue,Byrne,Sue.Byrne@yopmail.com,Sue.Byrne@gmail.com,worker,1054
1154,Nariko,Sandye,Nariko.Sandye@yopmail.com,Nariko.Sandye@gmail.com,police officer,1055
1155,Noelle,Dearborn,Noelle.Dearborn@yopmail.com,Noelle.Dearborn@gmail.com,doctor,1056
1156,Kaia,Marlie,Kaia.Marlie@yopmail.com,Kaia.Marlie@gmail.com,doctor,1057
1157,Annice,Kimmie,Annice.Kimmie@yopmail.com,Annice.Kimmie@gmail.com,doctor,1058
1158,Mariele,Tippets,Mariele.Tippets@yopmail.com,Mariele.Tippets@gmail.com,doctor,1059
1159,Willetta,Tristram,Willetta.Tristram@yopmail.com,Willetta.Tristram@gmail.com,doctor,1060
1160,Tamqrah,Stelle,Tamqrah.Stelle@yopmail.com,Tamqrah.Stelle@gmail.com,developer,1061
1161,Yetty,Bluh,Yetty.Bluh@yopmail.com,Yetty.Bluh@gmail.com,firefighter,1062
1162,Carree,Franza,Carree.Franza@yopmail.com,Carree.Franza@gmail.com,doctor,1063
1163,Bobbi,Holtz,Bobbi.Holtz@yopmail.com,Bobbi.Holtz@gmail.com,police officer,1064
1164,Ginnie,Isidore,Ginnie.Isidore@yopmail.com,Ginnie.Isidore@gmail.com,police officer,1065
1165,Lolita,Joseph,Lolita.Joseph@yopmail.com,Lolita.Joseph@gmail.com,doctor,1066
1166,Ulrike,Autrey,Ulrike.Autrey@yopmail.com,Ulrike.Autrey@gmail.com,worker,1067
1167,Ashlee,Allys,Ashlee.Allys@yopmail.com,Ashlee.Allys@gmail.com,developer,1068
1168,Sissy,Kinnard,Sissy.Kinnard@yopmail.com,Sissy.Kinnard@gmail.com,worker,1069
1169,Bobinette,Trace,Bobinette.Trace@yopmail.com,Bobinette.Trace@gmail.com,doctor,1070
1170,Silvana,Voletta,Silvana.Voletta@yopmail.com,Silvana.Voletta@gmail.com,firefighter,1071
1171,Rivalee,Danby,Rivalee.Danby@yopmail.com,Rivalee.Danby@gmail.com,developer,1072
1172,Ilse,Lunsford,Ilse.Lunsford@yopmail.com,Ilse.Lunsford@gmail.com,worker,1073
1173,Ada,Ramona,Ada.Ramona@yopmail.com,Ada.Ramona@gmail.com,worker,1074
1174,Valeda,Faso,Valeda.Faso@yopmail.com,Valeda.Faso@gmail.com,doctor,1075
1175,Rochette,Cullin,Rochette.Cullin@yopmail.com,Rochette.Cullin@gmail.com,worker,1076
1176,Mathilda,Kellby,Mathilda.Kellby@yopmail.com,Mathilda.Kellby@gmail.com,doctor,1077
1177,Jackie,Sidonius,Jackie.Sidonius@yopmail.com,Jackie.Sidonius@gmail.com,firefighter,1078
1178,Carmela,Gamaliel,Carmela.Gamaliel@yopmail.com,Carmela.Gamaliel@gmail.com,worker,1079
1179,Elka,Bryna,Elka.Bryna@yopmail.com,Elka.Bryna@gmail.com,developer,1080
1180,Molli,Fredi,Molli.Fredi@yopmail.com,Molli.Fredi@gmail.com,firefighter,1081
1181,Nonnah,Capello,Nonnah.Capello@yopmail.com,Nonnah.Capello@gmail.com,firefighter,1082
1182,Janeczka,Whittaker,Janeczka.Whittaker@yopmail.com,Janeczka.Whittaker@gmail.com,doctor,1083
1183,Cyb,Berriman,Cyb.Berriman@yopmail.com,Cyb.Berriman@gmail.com,developer,1084
1184,Marline,Allare,Marline.Allare@yopmail.com,Marline.Allare@gmail.com,police officer,1085
1185,Sheree,Amand,Sheree.Amand@yopmail.com,Sheree.Amand@gmail.com,worker,1086
1186,Hollie,Ietta,Hollie.Ietta@yopmail.com,Hollie.Ietta@gmail.com,doctor,1087
1187,Caressa,Ietta,Caressa.Ietta@yopmail.com,Caressa.Ietta@gmail.com,doctor,1088
1188,Candy,Junie,Candy.Junie@yopmail.com,Candy.Junie@gmail.com,firefighter,1089
1189,Christian,Hubert,Christian.Hubert@yopmail.com,Christian.Hubert@gmail.com,doctor,1090
1190,Donetta,Hylan,Donetta.Hylan@yopmail.com,Donetta.Hylan@gmail.com,developer,1091
1191,Merrie,Ventre,Merrie.Ventre@yopmail.com,Merrie.Ventre@gmail.com,worker,1092
1192,Merci,Sharl,Merci.Sharl@yopmail.com,Merci.Sharl@gmail.com,developer,1093
1193,Concettina,Tyson,Concettina.Tyson@yopmail.com,Concettina.Tyson@gmail.com,developer,1094
1194,Quintina,Rebecka,Quintina.Rebecka@yopmail.com,Quintina.Rebecka@gmail.com,developer,1095
1195,Anica,Sundin,Anica.Sundin@yopmail.com,Anica.Sundin@gmail.com,worker,1096
1196,Phedra,Bultman,Phedra.Bultman@yopmail.com,Phedra.Bultman@gmail.com,doctor,1097
1197,Belva,Ranjiv,Belva.Ranjiv@yopmail.com,Belva.Ranjiv@gmail.com,doctor,1098
1198,Jan,Lissi,Jan.Lissi@yopmail.com,Jan.Lissi@gmail.com,police officer,1099
1199,Jessy,Flyn,Jessy.Flyn@yopmail.com,Jessy.Flyn@gmail.com,developer,1100
1200,Joleen,Schlosser,Joleen.Schlosser@yopmail.com,Joleen.Schlosser@gmail.com,firefighter,1101
1201,Nataline,Si,Nataline.Si@yopmail.com,Nataline.Si@gmail.com,firefighter,1102
1202,Lucy,Haerr,Lucy.Haerr@yopmail.com,Lucy.Haerr@gmail.com,doctor,1103
1203,Gwenneth,Tyson,Gwenneth.Tyson@yopmail.com,Gwenneth.Tyson@gmail.com,police officer,1104
1204,Charlena,Magdalen,Charlena.Magdalen@yopmail.com,Charlena.Magdalen@gmail.com,police officer,1105
1205,Dione,MacIntosh,Dione.MacIntosh@yopmail.com,Dione.MacIntosh@gmail.com,developer,1106
1206,Jackie,Winthorpe,Jackie.Winthorpe@yopmail.com,Jackie.Winthorpe@gmail.com,developer,1107
1207,Joleen,Pattin,Joleen.Pattin@yopmail.com,Joleen.Pattin@gmail.com,firefighter,1108
1208,Dennie,Berl,Dennie.Berl@yopmail.com,Dennie.Berl@gmail.com,worker,1109
1209,Suzette,Chaing,Suzette.Chaing@yopmail.com,Suzette.Chaing@gmail.com,developer,1110
1210,Melisent,Atonsah,Melisent.Atonsah@yopmail.com,Melisent.Atonsah@gmail.com,worker,1111
1211,Isa,Hebner,Isa.Hebner@yopmail.com,Isa.Hebner@gmail.com,firefighter,1112
1212,Meg,Clie,Meg.Clie@yopmail.com,Meg.Clie@gmail.com,worker,1113
1213,Fawne,Yoko,Fawne.Yoko@yopmail.com,Fawne.Yoko@gmail.com,doctor,1114
1214,Sissy,Wadell,Sissy.Wadell@yopmail.com,Sissy.Wadell@gmail.com,police officer,1115
1215,Carree,Kamaria,Carree.Kamaria@yopmail.com,Carree.Kamaria@gmail.com,developer,1116
1216,Aimil,Decato,Aimil.Decato@yopmail.com,Aimil.Decato@gmail.com,doctor,1117
1217,Mathilda,Masao,Mathilda.Masao@yopmail.com,Mathilda.Masao@gmail.com,police officer,1118
1218,Gerianna,Linehan,Gerianna.Linehan@yopmail.com,Gerianna.Linehan@gmail.com,police officer,1119
1219,Shandie,Sigfrid,Shandie.Sigfrid@yopmail.com,Shandie.Sigfrid@gmail.com,worker,1120
1220,Zsa Zsa,Jorgan,Zsa Zsa.Jorgan@yopmail.com,Zsa Zsa.Jorgan@gmail.com,police officer,1121
1221,Lonnie,Carey,Lonnie.Carey@yopmail.com,Lonnie.Carey@gmail.com,developer,1122
1222,Malina,Olnee,Malina.Olnee@yopmail.com,Malina.Olnee@gmail.com,worker,1123
1223,Althea,Tyson,Althea.Tyson@yopmail.com,Althea.Tyson@gmail.com,worker,1124
1224,Alisha,Yoko,Alisha.Yoko@yopmail.com,Alisha.Yoko@gmail.com,firefighter,1125
1225,Nanete,Lia,Nanete.Lia@yopmail.com,Nanete.Lia@gmail.com,developer,1126
1226,Dari,Hebner,Dari.Hebner@yopmail.com,Dari.Hebner@gmail.com,worker,1127
1227,Margette,Kesley,Margette.Kesley@yopmail.com,Margette.Kesley@gmail.com,developer,1128
1228,Sybille,Desai,Sybille.Desai@yopmail.com,Sybille.Desai@gmail.com,developer,1129
1229,Tiffie,Reinke,Tiffie.Reinke@yopmail.com,Tiffie.Reinke@gmail.com,developer,1130
1230,Agnese,Helfand,Agnese.Helfand@yopmail.com,Agnese.Helfand@gmail.com,firefighter,1131
1231,Lila,Douglass,Lila.Douglass@yopmail.com,Lila.Douglass@gmail.com,police officer,1132
1232,Brooks,Garlinda,Brooks.Garlinda@yopmail.com,Brooks.Garlinda@gmail.com,developer,1133
1233,Kelly,Linskey,Kelly.Linskey@yopmail.com,Kelly.Linskey@gmail.com,worker,1134
1234,Nadine,Sundin,Nadine.Sundin@yopmail.com,Nadine.Sundin@gmail.com,firefighter,1135
1235,Miquela,Aloise,Miquela.Aloise@yopmail.com,Miquela.Aloise@gmail.com,developer,1136
1236,Carmela,Etom,Carmela.Etom@yopmail.com,Carmela.Etom@gmail.com,doctor,1137
1237,Charmaine,Wilona,Charmaine.Wilona@yopmail.com,Charmaine.Wilona@gmail.com,developer,1138
1238,Taffy,Newell,Taffy.Newell@yopmail.com,Taffy.Newell@gmail.com,firefighter,1139
1239,Carilyn,Syd,Carilyn.Syd@yopmail.com,Carilyn.Syd@gmail.com,firefighter,1140
1240,Lelah,Jorgan,Lelah.Jorgan@yopmail.com,Lelah.Jorgan@gmail.com,firefighter,1141
1241,Barbi,Viddah,Barbi.Viddah@yopmail.com,Barbi.Viddah@gmail.com,firefighter,1142
1242,Hope,Alfons,Hope.Alfons@yopmail.com,Hope.Alfons@gmail.com,doctor,1143
1243,Cacilie,Stefa,Cacilie.Stefa@yopmail.com,Cacilie.Stefa@gmail.com,police officer,1144
1244,Teddie,Yam,Teddie.Yam@yopmail.com,Teddie.Yam@gmail.com,worker,1145
1245,Janeczka,Karylin,Janeczka.Karylin@yopmail.com,Janeczka.Karylin@gmail.com,developer,1146
1246,Merle,Koehler,Merle.Koehler@yopmail.com,Merle.Koehler@gmail.com,doctor,1147
1247,Stephanie,Han,Stephanie.Han@yopmail.com,Stephanie.Han@gmail.com,firefighter,1148
1248,Ana,Pacorro,Ana.Pacorro@yopmail.com,Ana.Pacorro@gmail.com,firefighter,1149
1249,Jeanna,Zeeba,Jeanna.Zeeba@yopmail.com,Jeanna.Zeeba@gmail.com,doctor,1150
1250,Gui,Lalitta,Gui.Lalitta@yopmail.com,Gui.Lalitta@gmail.com,doctor,1151
1251,Evita,Catie,Evita.Catie@yopmail.com,Evita.Catie@gmail.com,police officer,1152
1252,Selma,Phaidra,Selma.Phaidra@yopmail.com,Selma.Phaidra@gmail.com,firefighter,1153
1253,Patricia,Infield,Patricia.Infield@yopmail.com,Patricia.Infield@gmail.com,firefighter,1154
1254,Estell,Klotz,Estell.Klotz@yopmail.com,Estell.Klotz@gmail.com,firefighter,1155
1255,Edith,Kaete,Edith.Kaete@yopmail.com,Edith.Kaete@gmail.com,doctor,1156
1256,Leona,Gilmour,Leona.Gilmour@yopmail.com,Leona.Gilmour@gmail.com,firefighter,1157
1257,Sidoney,Mata,Sidoney.Mata@yopmail.com,Sidoney.Mata@gmail.com,doctor,1158
1258,Vita,Adamsen,Vita.Adamsen@yopmail.com,Vita.Adamsen@gmail.com,firefighter,1159
1259,Heida,Obed,Heida.Obed@yopmail.com,Heida.Obed@gmail.com,firefighter,1160
1260,Agathe,Azeria,Agathe.Azeria@yopmail.com,Agathe.Azeria@gmail.com,doctor,1161
1261,Modestia,Atonsah,Modestia.Atonsah@yopmail.com,Modestia.Atonsah@gmail.com,police officer,1162
1262,Cyndie,Graig,Cyndie.Graig@yopmail.com,Cyndie.Graig@gmail.com,police officer,1163
1263,Teddie,Hertzfeld,Teddie.Hertzfeld@yopmail.com,Teddie.Hertzfeld@gmail.com,police officer,1164
1264,Vivia,Gower,Vivia.Gower@yopmail.com,Vivia.Gower@gmail.com,worker,1165
1265,Barbara,Fabiola,Barbara.Fabiola@yopmail.com,Barbara.Fabiola@gmail.com,worker,1166
1266,Arabel,Timon,Arabel.Timon@yopmail.com,Arabel.Timon@gmail.com,firefighter,1167
1267,Elena,Belanger,Elena.Belanger@yopmail.com,Elena.Belanger@gmail.com,police officer,1168
1268,Alexine,Fredi,Alexine.Fredi@yopmail.com,Alexine.Fredi@gmail.com,developer,1169
1269,Katharina,Carey,Katharina.Carey@yopmail.com,Katharina.Carey@gmail.com,firefighter,1170
1270,Antonietta,Cleo,Antonietta.Cleo@yopmail.com,Antonietta.Cleo@gmail.com,doctor,1171
1271,Sibella,Oriana,Sibella.Oriana@yopmail.com,Sibella.Oriana@gmail.com,firefighter,1172
1272,Amelia,Stevy,Amelia.Stevy@yopmail.com,Amelia.Stevy@gmail.com,firefighter,1173
1273,Ingrid,Waldron,Ingrid.Waldron@yopmail.com,Ingrid.Waldron@gmail.com,developer,1174
1274,Willetta,Maiah,Willetta.Maiah@yopmail.com,Willetta.Maiah@gmail.com,worker,1175
1275,Angelique,Swigart,Angelique.Swigart@yopmail.com,Angelique.Swigart@gmail.com,firefighter,1176
1276,Brooks,Zetta,Brooks.Zetta@yopmail.com,Brooks.Zetta@gmail.com,developer,1177
1277,Celestyna,Nickola,Celestyna.Nickola@yopmail.com,Celestyna.Nickola@gmail.com,developer,1178
1278,Allis,Holbrook,Allis.Holbrook@yopmail.com,Allis.Holbrook@gmail.com,doctor,1179
1279,Lelah,Rosemary,Lelah.Rosemary@yopmail.com,Lelah.Rosemary@gmail.com,police officer,1180
1280,Cordi,Arvo,Cordi.Arvo@yopmail.com,Cordi.Arvo@gmail.com,firefighter,1181
1281,Shel,Zeeba,Shel.Zeeba@yopmail.com,Shel.Zeeba@gmail.com,doctor,1182
1282,Wynne,Anis,Wynne.Anis@yopmail.com,Wynne.Anis@gmail.com,worker,1183
1283,Krystle,Clie,Krystle.Clie@yopmail.com,Krystle.Clie@gmail.com,police officer,1184
1284,Audrie,Annabella,Audrie.Annabella@yopmail.com,Audrie.Annabella@gmail.com,doctor,1185
1285,Aigneis,Harned,Aigneis.Harned@yopmail.com,Aigneis.Harned@gmail.com,police officer,1186
1286,Frieda,Buckler,Frieda.Buckler@yopmail.com,Frieda.Buckler@gmail.com,doctor,1187
1287,Fawne,Naor,Fawne.Naor@yopmail.com,Fawne.Naor@gmail.com,firefighter,1188
1288,Debee,Masao,Debee.Masao@yopmail.com,Debee.Masao@gmail.com,developer,1189
1289,Elka,Lia,Elka.Lia@yopmail.com,Elka.Lia@gmail.com,worker,1190
1290,Allyce,Phi,Allyce.Phi@yopmail.com,Allyce.Phi@gmail.com,police officer,1191
1291,Anestassia,Tryck,Anestassia.Tryck@yopmail.com,Anestassia.Tryck@gmail.com,firefighter,1192
1292,Adriana,Fennessy,Adriana.Fennessy@yopmail.com,Adriana.Fennessy@gmail.com,doctor,1193
1293,Konstance,Braun,Konstance.Braun@yopmail.com,Konstance.Braun@gmail.com,firefighter,1194
1294,Kial,Merriott,Kial.Merriott@yopmail.com,Kial.Merriott@gmail.com,police officer,1195
1295,Zondra,Brieta,Zondra.Brieta@yopmail.com,Zondra.Brieta@gmail.com,firefighter,1196
1296,Teriann,Marijo,Teriann.Marijo@yopmail.com,Teriann.Marijo@gmail.com,doctor,1197
1297,Belva,Laverne,Belva.Laverne@yopmail.com,Belva.Laverne@gmail.com,worker,1198
1298,Silvana,Montgomery,Silvana.Montgomery@yopmail.com,Silvana.Montgomery@gmail.com,developer,1199
1299,Caritta,Esmaria,Caritta.Esmaria@yopmail.com,Caritta.Esmaria@gmail.com,police officer,1200
1300,Aeriela,Merat,Aeriela.Merat@yopmail.com,Aeriela.Merat@gmail.com,firefighter,1201
1301,Carolina,Urias,Carolina.Urias@yopmail.com,Carolina.Urias@gmail.com,developer,1202
1302,Beth,Stanwood,Beth.Stanwood@yopmail.com,Beth.Stanwood@gmail.com,firefighter,1203
1303,Doro,Warthman,Doro.Warthman@yopmail.com,Doro.Warthman@gmail.com,police officer,1204
1304,Shaine,Milson,Shaine.Milson@yopmail.com,Shaine.Milson@gmail.com,doctor,1205
1305,Ermengarde,Francyne,Ermengarde.Francyne@yopmail.com,Ermengarde.Francyne@gmail.com,police officer,1206
1306,Esmeralda,Wooster,Esmeralda.Wooster@yopmail.com,Esmeralda.Wooster@gmail.com,doctor,1207
1307,Babita,Borrell,Babita.Borrell@yopmail.com,Babita.Borrell@gmail.com,police officer,1208
1308,Lorne,Kelula,Lorne.Kelula@yopmail.com,Lorne.Kelula@gmail.com,firefighter,1209
1309,Nananne,Chapland,Nananne.Chapland@yopmail.com,Nananne.Chapland@gmail.com,doctor,1210
1310,Grier,Carleen,Grier.Carleen@yopmail.com,Grier.Carleen@gmail.com,police officer,1211
1311,Flory,Cressida,Flory.Cressida@yopmail.com,Flory.Cressida@gmail.com,doctor,1212
1312,Jean,Tybald,Jean.Tybald@yopmail.com,Jean.Tybald@gmail.com,developer,1213
1313,Cathyleen,Philipp,Cathyleen.Philipp@yopmail.com,Cathyleen.Philipp@gmail.com,police officer,1214
1314,Jsandye,Suanne,Jsandye.Suanne@yopmail.com,Jsandye.Suanne@gmail.com,developer,1215
1315,Vanessa,Jorgan,Vanessa.Jorgan@yopmail.com,Vanessa.Jorgan@gmail.com,worker,1216
1316,Ida,Florina,Ida.Florina@yopmail.com,Ida.Florina@gmail.com,doctor,1217
1317,Vivia,Morehouse,Vivia.Morehouse@yopmail.com,Vivia.Morehouse@gmail.com,police officer,1218
1318,Ekaterina,Hoban,Ekaterina.Hoban@yopmail.com,Ekaterina.Hoban@gmail.com,police officer,1219
1319,Helena,Dom,Helena.Dom@yopmail.com,Helena.Dom@gmail.com,developer,1220
1320,Bobinette,Wildermuth,Bobinette.Wildermuth@yopmail.com,Bobinette.Wildermuth@gmail.com,firefighter,1221
1321,Patricia,Philoo,Patricia.Philoo@yopmail.com,Patricia.Philoo@gmail.com,police officer,1222
1322,Daryl,Vins,Daryl.Vins@yopmail.com,Daryl.Vins@gmail.com,doctor,1223
1323,Lizzie,Albertine,Lizzie.Albertine@yopmail.com,Lizzie.Albertine@gmail.com,police officer,1224
1324,Janis,Azeria,Janis.Azeria@yopmail.com,Janis.Azeria@gmail.com,doctor,1225
1325,Fred,Turne,Fred.Turne@yopmail.com,Fred.Turne@gmail.com,worker,1226
1326,Joeann,Freddi,Joeann.Freddi@yopmail.com,Joeann.Freddi@gmail.com,developer,1227
1327,Tonia,Ferrell,Tonia.Ferrell@yopmail.com,Tonia.Ferrell@gmail.com,firefighter,1228
1328,Rubie,Wind,Rubie.Wind@yopmail.com,Rubie.Wind@gmail.com,firefighter,1229
1329,Ardenia,Publia,Ardenia.Publia@yopmail.com,Ardenia.Publia@gmail.com,developer,1230
1330,Corly,Goddard,Corly.Goddard@yopmail.com,Corly.Goddard@gmail.com,developer,1231
1331,Elena,Chrystel,Elena.Chrystel@yopmail.com,Elena.Chrystel@gmail.com,firefighter,1232
1332,Margarette,Wadell,Margarette.Wadell@yopmail.com,Margarette.Wadell@gmail.com,worker,1233
1333,Amii,Pelagias,Amii.Pelagias@yopmail.com,Amii.Pelagias@gmail.com,firefighter,1234
1334,Eadie,Haymes,Eadie.Haymes@yopmail.com,Eadie.Haymes@gmail.com,firefighter,1235
1335,Gerianna,Florina,Gerianna.Florina@yopmail.com,Gerianna.Florina@gmail.com,doctor,1236
1336,Elise,Iiette,Elise.Iiette@yopmail.com,Elise.Iiette@gmail.com,police officer,1237
1337,Farrah,Faust,Farrah.Faust@yopmail.com,Farrah.Faust@gmail.com,developer,1238
1338,Lynde,Norvol,Lynde.Norvol@yopmail.com,Lynde.Norvol@gmail.com,developer,1239
1339,Ruthe,Wenoa,Ruthe.Wenoa@yopmail.com,Ruthe.Wenoa@gmail.com,worker,1240
1340,Blondelle,Stefa,Blondelle.Stefa@yopmail.com,Blondelle.Stefa@gmail.com,worker,1241
1341,Gabriellia,Ader,Gabriellia.Ader@yopmail.com,Gabriellia.Ader@gmail.com,firefighter,1242
1342,Zondra,Dichy,Zondra.Dichy@yopmail.com,Zondra.Dichy@gmail.com,worker,1243
1343,Merci,Ferrell,Merci.Ferrell@yopmail.com,Merci.Ferrell@gmail.com,developer,1244
1344,Kimmy,Saint,Kimmy.Saint@yopmail.com,Kimmy.Saint@gmail.com,police officer,1245
1345,Sean,Auberbach,Sean.Auberbach@yopmail.com,Sean.Auberbach@gmail.com,worker,1246
1346,Arlena,Felizio,Arlena.Felizio@yopmail.com,Arlena.Felizio@gmail.com,police officer,1247
1347,Edith,Junie,Edith.Junie@yopmail.com,Edith.Junie@gmail.com,worker,1248
1348,Moyna,Lalitta,Moyna.Lalitta@yopmail.com,Moyna.Lalitta@gmail.com,developer,1249
1349,Leeanne,Jenness,Leeanne.Jenness@yopmail.com,Leeanne.Jenness@gmail.com,developer,1250
1350,Dorothy,Tacye,Dorothy.Tacye@yopmail.com,Dorothy.Tacye@gmail.com,firefighter,1251
1351,Reeba,Jerald,Reeba.Jerald@yopmail.com,Reeba.Jerald@gmail.com,doctor,1252
1352,Sissy,Dom,Sissy.Dom@yopmail.com,Sissy.Dom@gmail.com,firefighter,1253
1353,Reeba,Fry,Reeba.Fry@yopmail.com,Reeba.Fry@gmail.com,police officer,1254
1354,Jerry,Dosia,Jerry.Dosia@yopmail.com,Jerry.Dosia@gmail.com,firefighter,1255
1355,Frank,Joachim,Frank.Joachim@yopmail.com,Frank.Joachim@gmail.com,firefighter,1256
1356,Estell,Lasley,Estell.Lasley@yopmail.com,Estell.Lasley@gmail.com,developer,1257
1357,Sibella,Thar,Sibella.Thar@yopmail.com,Sibella.Thar@gmail.com,police officer,1258
1358,Beth,Kellby,Beth.Kellby@yopmail.com,Beth.Kellby@gmail.com,worker,1259
1359,Sadie,Noelyn,Sadie.Noelyn@yopmail.com,Sadie.Noelyn@gmail.com,police officer,1260
1360,Evita,Markman,Evita.Markman@yopmail.com,Evita.Markman@gmail.com,worker,1261
1361,Dacia,Burnside,Dacia.Burnside@yopmail.com,Dacia.Burnside@gmail.com,police officer,1262
1362,Vanessa,Bartlett,Vanessa.Bartlett@yopmail.com,Vanessa.Bartlett@gmail.com,worker,1263
1363,Livvyy,Markman,Livvyy.Markman@yopmail.com,Livvyy.Markman@gmail.com,doctor,1264
1364,Ursulina,Gilbertson,Ursulina.Gilbertson@yopmail.com,Ursulina.Gilbertson@gmail.com,police officer,1265
1365,Ashlee,Francyne,Ashlee.Francyne@yopmail.com,Ashlee.Francyne@gmail.com,police officer,1266
1366,Merci,Thornburg,Merci.Thornburg@yopmail.com,Merci.Thornburg@gmail.com,worker,1267
1367,Ivett,Chem,Ivett.Chem@yopmail.com,Ivett.Chem@gmail.com,police officer,1268
1368,Nelle,Winnick,Nelle.Winnick@yopmail.com,Nelle.Winnick@gmail.com,worker,1269
1369,Renae,Kosey,Renae.Kosey@yopmail.com,Renae.Kosey@gmail.com,doctor,1270
1370,Clo,Salvidor,Clo.Salvidor@yopmail.com,Clo.Salvidor@gmail.com,doctor,1271
1371,Amii,Stuart,Amii.Stuart@yopmail.com,Amii.Stuart@gmail.com,doctor,1272
1372,Demetris,Vivle,Demetris.Vivle@yopmail.com,Demetris.Vivle@gmail.com,developer,1273
1373,Katleen,Ovid,Katleen.Ovid@yopmail.com,Katleen.Ovid@gmail.com,worker,1274
1374,Basia,Yate,Basia.Yate@yopmail.com,Basia.Yate@gmail.com,worker,1275
1375,Wilma,Minetta,Wilma.Minetta@yopmail.com,Wilma.Minetta@gmail.com,developer,1276
1376,Jean,Podvin,Jean.Podvin@yopmail.com,Jean.Podvin@gmail.com,police officer,1277
1377,Nollie,Arathorn,Nollie.Arathorn@yopmail.com,Nollie.Arathorn@gmail.com,firefighter,1278
1378,Cecile,Fink,Cecile.Fink@yopmail.com,Cecile.Fink@gmail.com,developer,1279
1379,Brianna,Chobot,Brianna.Chobot@yopmail.com,Brianna.Chobot@gmail.com,doctor,1280
1380,Liana,Dalli,Liana.Dalli@yopmail.com,Liana.Dalli@gmail.com,doctor,1281
1381,Tatiania,Pacorro,Tatiania.Pacorro@yopmail.com,Tatiania.Pacorro@gmail.com,police officer,1282
1382,Jean,Meter,Jean.Meter@yopmail.com,Jean.Meter@gmail.com,firefighter,1283
1383,Maryellen,Pauly,Maryellen.Pauly@yopmail.com,Maryellen.Pauly@gmail.com,police officer,1284
1384,Odessa,Berard,Odessa.Berard@yopmail.com,Odessa.Berard@gmail.com,doctor,1285
1385,Emilia,Michella,Emilia.Michella@yopmail.com,Emilia.Michella@gmail.com,police officer,1286
1386,Fredericka,Ezar,Fredericka.Ezar@yopmail.com,Fredericka.Ezar@gmail.com,police officer,1287
1387,Carolina,Dannye,Carolina.Dannye@yopmail.com,Carolina.Dannye@gmail.com,firefighter,1288
1388,Sara-Ann,Raama,Sara-Ann.Raama@yopmail.com,Sara-Ann.Raama@gmail.com,developer,1289
1389,Alejandra,Masao,Alejandra.Masao@yopmail.com,Alejandra.Masao@gmail.com,firefighter,1290
1390,Marita,Thema,Marita.Thema@yopmail.com,Marita.Thema@gmail.com,doctor,1291
1391,Estell,Barbey,Estell.Barbey@yopmail.com,Estell.Barbey@gmail.com,firefighter,1292
1392,Odessa,Annabella,Odessa.Annabella@yopmail.com,Odessa.Annabella@gmail.com,doctor,1293
1393,Nicoli,Jotham,Nicoli.Jotham@yopmail.com,Nicoli.Jotham@gmail.com,police officer,1294
1394,Letizia,Trinetta,Letizia.Trinetta@yopmail.com,Letizia.Trinetta@gmail.com,firefighter,1295
1395,Celene,Audly,Celene.Audly@yopmail.com,Celene.Audly@gmail.com,police officer,1296
1396,Hayley,Jillane,Hayley.Jillane@yopmail.com,Hayley.Jillane@gmail.com,doctor,1297
1397,Fredericka,Pillsbury,Fredericka.Pillsbury@yopmail.com,Fredericka.Pillsbury@gmail.com,police officer,1298
1398,Wanda,Emerson,Wanda.Emerson@yopmail.com,Wanda.Emerson@gmail.com,doctor,1299
1399,Ellette,Guildroy,Ellette.Guildroy@yopmail.com,Ellette.Guildroy@gmail.com,developer,1300
1400,Alia,Keily,Alia.Keily@yopmail.com,Alia.Keily@gmail.com,doctor,1301
1401,Kaja,Caitlin,Kaja.Caitlin@yopmail.com,Kaja.Caitlin@gmail.com,firefighter,1302
1402,Vanessa,Linehan,Vanessa.Linehan@yopmail.com,Vanessa.Linehan@gmail.com,developer,1303
1403,Merrie,Mata,Merrie.Mata@yopmail.com,Merrie.Mata@gmail.com,doctor,1304
1404,Jemie,Chapland,Jemie.Chapland@yopmail.com,Jemie.Chapland@gmail.com,worker,1305
1405,Bill,Byrne,Bill.Byrne@yopmail.com,Bill.Byrne@gmail.com,firefighter,1306
1406,Edee,Slifka,Edee.Slifka@yopmail.com,Edee.Slifka@gmail.com,police officer,1307
1407,Theodora,Clywd,Theodora.Clywd@yopmail.com,Theodora.Clywd@gmail.com,firefighter,1308
1408,Carilyn,Daveta,Carilyn.Daveta@yopmail.com,Carilyn.Daveta@gmail.com,doctor,1309
1409,Melina,Hewitt,Melina.Hewitt@yopmail.com,Melina.Hewitt@gmail.com,firefighter,1310
1410,Dennie,Tufts,Dennie.Tufts@yopmail.com,Dennie.Tufts@gmail.com,worker,1311
1411,Ellette,Angelis,Ellette.Angelis@yopmail.com,Ellette.Angelis@gmail.com,doctor,1312
1412,Shauna,Meli,Shauna.Meli@yopmail.com,Shauna.Meli@gmail.com,police officer,1313
1413,Max,Solitta,Max.Solitta@yopmail.com,Max.Solitta@gmail.com,worker,1314
1414,Barbara,Tiffa,Barbara.Tiffa@yopmail.com,Barbara.Tiffa@gmail.com,worker,1315
1415,Pearline,Teryn,Pearline.Teryn@yopmail.com,Pearline.Teryn@gmail.com,doctor,1316
1416,Fernande,Louanna,Fernande.Louanna@yopmail.com,Fernande.Louanna@gmail.com,police officer,1317
1417,Joy,Kendrick,Joy.Kendrick@yopmail.com,Joy.Kendrick@gmail.com,police officer,1318
1418,Mureil,Tristram,Mureil.Tristram@yopmail.com,Mureil.Tristram@gmail.com,doctor,1319
1419,Molli,Leler,Molli.Leler@yopmail.com,Molli.Leler@gmail.com,doctor,1320
1420,Ruthe,Baylor,Ruthe.Baylor@yopmail.com,Ruthe.Baylor@gmail.com,firefighter,1321
1421,Vonny,McClimans,Vonny.McClimans@yopmail.com,Vonny.McClimans@gmail.com,police officer,1322
1422,Lynde,Gillan,Lynde.Gillan@yopmail.com,Lynde.Gillan@gmail.com,firefighter,1323
1423,Caryl,Hurley,Caryl.Hurley@yopmail.com,Caryl.Hurley@gmail.com,developer,1324
1424,Blinni,Audly,Blinni.Audly@yopmail.com,Blinni.Audly@gmail.com,doctor,1325
1425,Jessamyn,Ashok,Jessamyn.Ashok@yopmail.com,Jessamyn.Ashok@gmail.com,police officer,1326
1426,Gisela,Felecia,Gisela.Felecia@yopmail.com,Gisela.Felecia@gmail.com,doctor,1327
1427,Kassey,Read,Kassey.Read@yopmail.com,Kassey.Read@gmail.com,police officer,1328
1428,Glynnis,Doig,Glynnis.Doig@yopmail.com,Glynnis.Doig@gmail.com,developer,1329
1429,Dulce,Tound,Dulce.Tound@yopmail.com,Dulce.Tound@gmail.com,police officer,1330
1430,Myrtice,Rheingold,Myrtice.Rheingold@yopmail.com,Myrtice.Rheingold@gmail.com,worker,1331
1431,Emelina,Percy,Emelina.Percy@yopmail.com,Emelina.Percy@gmail.com,police officer,1332
1432,Valera,Pernick,Valera.Pernick@yopmail.com,Valera.Pernick@gmail.com,worker,1333
1433,Kalina,Gamaliel,Kalina.Gamaliel@yopmail.com,Kalina.Gamaliel@gmail.com,firefighter,1334
1434,Sean,Roarke,Sean.Roarke@yopmail.com,Sean.Roarke@gmail.com,developer,1335
1435,Gerianna,Marsden,Gerianna.Marsden@yopmail.com,Gerianna.Marsden@gmail.com,worker,1336
1436,Ada,Jacobah,Ada.Jacobah@yopmail.com,Ada.Jacobah@gmail.com,doctor,1337
1437,Penelopa,Jerold,Penelopa.Jerold@yopmail.com,Penelopa.Jerold@gmail.com,police officer,1338
1438,Charissa,Helve,Charissa.Helve@yopmail.com,Charissa.Helve@gmail.com,doctor,1339
1439,Brena,Claudine,Brena.Claudine@yopmail.com,Brena.Claudine@gmail.com,worker,1340
1440,Imojean,Leler,Imojean.Leler@yopmail.com,Imojean.Leler@gmail.com,firefighter,1341
1441,Blondelle,Obed,Blondelle.Obed@yopmail.com,Blondelle.Obed@gmail.com,doctor,1342
1442,Steffane,Halsey,Steffane.Halsey@yopmail.com,Steffane.Halsey@gmail.com,firefighter,1343
1443,Ilse,Ursulette,Ilse.Ursulette@yopmail.com,Ilse.Ursulette@gmail.com,developer,1344
1444,Lynea,Annabella,Lynea.Annabella@yopmail.com,Lynea.Annabella@gmail.com,developer,1345
1445,Margarette,Zenas,Margarette.Zenas@yopmail.com,Margarette.Zenas@gmail.com,police officer,1346
1446,Alexine,Shama,Alexine.Shama@yopmail.com,Alexine.Shama@gmail.com,police officer,1347
1447,Regina,Gregrory,Regina.Gregrory@yopmail.com,Regina.Gregrory@gmail.com,doctor,1348
1448,Doralynne,Phi,Doralynne.Phi@yopmail.com,Doralynne.Phi@gmail.com,doctor,1349
1449,Marti,Trace,Marti.Trace@yopmail.com,Marti.Trace@gmail.com,worker,1350
1450,Lizzie,Hoban,Lizzie.Hoban@yopmail.com,Lizzie.Hoban@gmail.com,firefighter,1351
1451,Christal,Gavrila,Christal.Gavrila@yopmail.com,Christal.Gavrila@gmail.com,police officer,1352
1452,Malina,Presber,Malina.Presber@yopmail.com,Malina.Presber@gmail.com,police officer,1353
1453,Chickie,Alarise,Chickie.Alarise@yopmail.com,Chickie.Alarise@gmail.com,firefighter,1354
1454,Karly,Rebecka,Karly.Rebecka@yopmail.com,Karly.Rebecka@gmail.com,developer,1355
1455,Stephanie,Drus,Stephanie.Drus@yopmail.com,Stephanie.Drus@gmail.com,worker,1356
1456,Caressa,Sancho,Caressa.Sancho@yopmail.com,Caressa.Sancho@gmail.com,doctor,1357
1457,Fina,Colp,Fina.Colp@yopmail.com,Fina.Colp@gmail.com,developer,1358
1458,Priscilla,Suk,Priscilla.Suk@yopmail.com,Priscilla.Suk@gmail.com,police officer,1359
1459,Paola,Clarissa,Paola.Clarissa@yopmail.com,Paola.Clarissa@gmail.com,worker,1360
1460,Aurore,O'Rourke,Aurore.O'Rourke@yopmail.com,Aurore.O'Rourke@gmail.com,worker,1361
1461,Melodie,Kolnick,Melodie.Kolnick@yopmail.com,Melodie.Kolnick@gmail.com,developer,1362
1462,Mamie,Kristi,Mamie.Kristi@yopmail.com,Mamie.Kristi@gmail.com,police officer,1363
1463,Ana,O'Rourke,Ana.O'Rourke@yopmail.com,Ana.O'Rourke@gmail.com,doctor,1364
1464,Judy,Ajay,Judy.Ajay@yopmail.com,Judy.Ajay@gmail.com,police officer,1365
1465,Beth,Fiester,Beth.Fiester@yopmail.com,Beth.Fiester@gmail.com,worker,1366
1466,Gilda,Seagraves,Gilda.Seagraves@yopmail.com,Gilda.Seagraves@gmail.com,worker,1367
1467,Benita,Haerr,Benita.Haerr@yopmail.com,Benita.Haerr@gmail.com,doctor,1368
1468,Peri,Lumbard,Peri.Lumbard@yopmail.com,Peri.Lumbard@gmail.com,police officer,1369
1469,Emma,Etom,Emma.Etom@yopmail.com,Emma.Etom@gmail.com,worker,1370
1470,Molli,Fulmer,Molli.Fulmer@yopmail.com,Molli.Fulmer@gmail.com,developer,1371
1471,Sallie,Winnick,Sallie.Winnick@yopmail.com,Sallie.Winnick@gmail.com,firefighter,1372
1472,Constance,Wolfgram,Constance.Wolfgram@yopmail.com,Constance.Wolfgram@gmail.com,firefighter,1373
1473,Kary,Kendrick,Kary.Kendrick@yopmail.com,Kary.Kendrick@gmail.com,doctor,1374
1474,Sheelagh,Llovera,Sheelagh.Llovera@yopmail.com,Sheelagh.Llovera@gmail.com,doctor,1375
1475,Lacie,Michella,Lacie.Michella@yopmail.com,Lacie.Michella@gmail.com,developer,1376
1476,Lulita,Corabella,Lulita.Corabella@yopmail.com,Lulita.Corabella@gmail.com,police officer,1377
1477,Daphne,Mandler,Daphne.Mandler@yopmail.com,Daphne.Mandler@gmail.com,police officer,1378
1478,Cordi,Goode,Cordi.Goode@yopmail.com,Cordi.Goode@gmail.com,police officer,1379
1479,Jerry,Thilda,Jerry.Thilda@yopmail.com,Jerry.Thilda@gmail.com,doctor,1380
1480,Amii,Kaja,Amii.Kaja@yopmail.com,Amii.Kaja@gmail.com,firefighter,1381
1481,Raf,Paton,Raf.Paton@yopmail.com,Raf.Paton@gmail.com,firefighter,1382
1482,Susette,Honoria,Susette.Honoria@yopmail.com,Susette.Honoria@gmail.com,developer,1383
1483,Kerrin,Poppy,Kerrin.Poppy@yopmail.com,Kerrin.Poppy@gmail.com,firefighter,1384
1484,Emylee,Campball,Emylee.Campball@yopmail.com,Emylee.Campball@gmail.com,doctor,1385
1485,Rubie,Gillan,Rubie.Gillan@yopmail.com,Rubie.Gillan@gmail.com,doctor,1386
1486,Mamie,Torray,Mamie.Torray@yopmail.com,Mamie.Torray@gmail.com,firefighter,1387
1487,Johna,Berriman,Johna.Berriman@yopmail.com,Johna.Berriman@gmail.com,doctor,1388
1488,Kerrin,Doig,Kerrin.Doig@yopmail.com,Kerrin.Doig@gmail.com,firefighter,1389
1489,Bernardine,Velick,Bernardine.Velick@yopmail.com,Bernardine.Velick@gmail.com,firefighter,1390
1490,Carol-Jean,Alejoa,Carol-Jean.Alejoa@yopmail.com,Carol-Jean.Alejoa@gmail.com,developer,1391
1491,Demetris,Francene,Demetris.Francene@yopmail.com,Demetris.Francene@gmail.com,doctor,1392
1492,Livvyy,Belanger,Livvyy.Belanger@yopmail.com,Livvyy.Belanger@gmail.com,firefighter,1393
1493,Marline,Saunderson,Marline.Saunderson@yopmail.com,Marline.Saunderson@gmail.com,worker,1394
1494,Tersina,Chinua,Tersina.Chinua@yopmail.com,Tersina.Chinua@gmail.com,firefighter,1395
1495,Trudie,Telfer,Trudie.Telfer@yopmail.com,Trudie.Telfer@gmail.com,developer,1396
1496,Berta,Colleen,Berta.Colleen@yopmail.com,Berta.Colleen@gmail.com,developer,1397
1497,Helsa,Ailyn,Helsa.Ailyn@yopmail.com,Helsa.Ailyn@gmail.com,doctor,1398
1498,Kathy,Tremayne,Kathy.Tremayne@yopmail.com,Kathy.Tremayne@gmail.com,doctor,1399
1499,Riannon,Nance,Riannon.Nance@yopmail.com,Riannon.Nance@gmail.com,worker,1400
1500,Gabi,Brenn,Gabi.Brenn@yopmail.com,Gabi.Brenn@gmail.com,doctor,1401
1501,Melodie,Sherrie,Melodie.Sherrie@yopmail.com,Melodie.Sherrie@gmail.com,police officer,1402
1502,Althea,Ciro,Althea.Ciro@yopmail.com,Althea.Ciro@gmail.com,worker,1403
1503,Gabi,Prouty,Gabi.Prouty@yopmail.com,Gabi.Prouty@gmail.com,police officer,1404
1504,Shaylyn,Flyn,Shaylyn.Flyn@yopmail.com,Shaylyn.Flyn@gmail.com,developer,1405
1505,Margarette,Holtz,Margarette.Holtz@yopmail.com,Margarette.Holtz@gmail.com,doctor,1406
1506,Sabina,Ferrell,Sabina.Ferrell@yopmail.com,Sabina.Ferrell@gmail.com,doctor,1407
1507,Fina,Bryna,Fina.Bryna@yopmail.com,Fina.Bryna@gmail.com,developer,1408
1508,Ronna,Rossner,Ronna.Rossner@yopmail.com,Ronna.Rossner@gmail.com,worker,1409
1509,Ermengarde,Loleta,Ermengarde.Loleta@yopmail.com,Ermengarde.Loleta@gmail.com,doctor,1410
1510,Lita,Yerkovich,Lita.Yerkovich@yopmail.com,Lita.Yerkovich@gmail.com,doctor,1411
1511,Ermengarde,Irmine,Ermengarde.Irmine@yopmail.com,Ermengarde.Irmine@gmail.com,worker,1412
1512,Viki,Skell,Viki.Skell@yopmail.com,Viki.Skell@gmail.com,doctor,1413
1513,Maye,Bethany,Maye.Bethany@yopmail.com,Maye.Bethany@gmail.com,doctor,1414
1514,Dione,Desai,Dione.Desai@yopmail.com,Dione.Desai@gmail.com,police officer,1415
1515,Etta,Halla,Etta.Halla@yopmail.com,Etta.Halla@gmail.com,developer,1416
1516,Cam,Geffner,Cam.Geffner@yopmail.com,Cam.Geffner@gmail.com,police officer,1417
1517,Charlena,Byrne,Charlena.Byrne@yopmail.com,Charlena.Byrne@gmail.com,firefighter,1418
1518,Ann-Marie,Jary,Ann-Marie.Jary@yopmail.com,Ann-Marie.Jary@gmail.com,developer,1419
1519,Anestassia,Bendick,Anestassia.Bendick@yopmail.com,Anestassia.Bendick@gmail.com,firefighter,1420
1520,Nickie,Kosey,Nickie.Kosey@yopmail.com,Nickie.Kosey@gmail.com,firefighter,1421
1521,Adriana,Morrill,Adriana.Morrill@yopmail.com,Adriana.Morrill@gmail.com,firefighter,1422
1522,Renae,Adore,Renae.Adore@yopmail.com,Renae.Adore@gmail.com,firefighter,1423
1523,Sidoney,Sheedy,Sidoney.Sheedy@yopmail.com,Sidoney.Sheedy@gmail.com,developer,1424
1524,Lucille,Donoghue,Lucille.Donoghue@yopmail.com,Lucille.Donoghue@gmail.com,firefighter,1425
1525,Bill,Durware,Bill.Durware@yopmail.com,Bill.Durware@gmail.com,developer,1426
1526,Netty,Terencio,Netty.Terencio@yopmail.com,Netty.Terencio@gmail.com,doctor,1427
1527,Correy,Capello,Correy.Capello@yopmail.com,Correy.Capello@gmail.com,firefighter,1428
1528,Corene,Suzetta,Corene.Suzetta@yopmail.com,Corene.Suzetta@gmail.com,worker,1429
1529,Sibella,Randene,Sibella.Randene@yopmail.com,Sibella.Randene@gmail.com,firefighter,1430
1530,Lilith,Afton,Lilith.Afton@yopmail.com,Lilith.Afton@gmail.com,police officer,1431
1531,Shel,Hebner,Shel.Hebner@yopmail.com,Shel.Hebner@gmail.com,worker,1432
1532,Tybie,Kirbee,Tybie.Kirbee@yopmail.com,Tybie.Kirbee@gmail.com,worker,1433
1533,Hermione,Ehrman,Hermione.Ehrman@yopmail.com,Hermione.Ehrman@gmail.com,police officer,1434
1534,Minda,Turne,Minda.Turne@yopmail.com,Minda.Turne@gmail.com,developer,1435
1535,Orelia,Old,Orelia.Old@yopmail.com,Orelia.Old@gmail.com,doctor,1436
1536,Dotty,Anyah,Dotty.Anyah@yopmail.com,Dotty.Anyah@gmail.com,firefighter,1437
1537,Keelia,Nester,Keelia.Nester@yopmail.com,Keelia.Nester@gmail.com,police officer,1438
1538,Georgetta,Corabella,Georgetta.Corabella@yopmail.com,Georgetta.Corabella@gmail.com,firefighter,1439
1539,Sindee,Egbert,Sindee.Egbert@yopmail.com,Sindee.Egbert@gmail.com,developer,1440
1540,Neila,Kronfeld,Neila.Kronfeld@yopmail.com,Neila.Kronfeld@gmail.com,doctor,1441
1541,Chickie,Cottle,Chickie.Cottle@yopmail.com,Chickie.Cottle@gmail.com,doctor,1442
1542,Barbi,Skurnik,Barbi.Skurnik@yopmail.com,Barbi.Skurnik@gmail.com,doctor,1443
1543,Gretal,Raffo,Gretal.Raffo@yopmail.com,Gretal.Raffo@gmail.com,developer,1444
1544,Hope,Belldas,Hope.Belldas@yopmail.com,Hope.Belldas@gmail.com,worker,1445
1545,Doralynne,Christine,Doralynne.Christine@yopmail.com,Doralynne.Christine@gmail.com,firefighter,1446
1546,Melisent,Codding,Melisent.Codding@yopmail.com,Melisent.Codding@gmail.com,police officer,1447
1547,Alia,Hepsibah,Alia.Hepsibah@yopmail.com,Alia.Hepsibah@gmail.com,developer,1448
1548,Delilah,Santoro,Delilah.Santoro@yopmail.com,Delilah.Santoro@gmail.com,developer,1449
1549,Minne,Cavan,Minne.Cavan@yopmail.com,Minne.Cavan@gmail.com,worker,1450
1550,Jacenta,Secrest,Jacenta.Secrest@yopmail.com,Jacenta.Secrest@gmail.com,worker,1451
1551,Annecorinne,Suzetta,Annecorinne.Suzetta@yopmail.com,Annecorinne.Suzetta@gmail.com,worker,1452
1552,Kaja,Kiersten,Kaja.Kiersten@yopmail.com,Kaja.Kiersten@gmail.com,developer,1453
1553,Katharina,Kunin,Katharina.Kunin@yopmail.com,Katharina.Kunin@gmail.com,firefighter,1454
1554,Sonni,Zina,Sonni.Zina@yopmail.com,Sonni.Zina@gmail.com,police officer,1455
1555,Jemie,Aida,Jemie.Aida@yopmail.com,Jemie.Aida@gmail.com,developer,1456
1556,Cissiee,Creamer,Cissiee.Creamer@yopmail.com,Cissiee.Creamer@gmail.com,worker,1457
1557,Lita,Rolf,Lita.Rolf@yopmail.com,Lita.Rolf@gmail.com,firefighter,1458
1558,Gusella,Gibbeon,Gusella.Gibbeon@yopmail.com,Gusella.Gibbeon@gmail.com,police officer,1459
1559,Dede,Jotham,Dede.Jotham@yopmail.com,Dede.Jotham@gmail.com,worker,1460
1560,Ernesta,Corrine,Ernesta.Corrine@yopmail.com,Ernesta.Corrine@gmail.com,developer,1461
1561,Max,Valoniah,Max.Valoniah@yopmail.com,Max.Valoniah@gmail.com,firefighter,1462
1562,Olwen,Jefferey,Olwen.Jefferey@yopmail.com,Olwen.Jefferey@gmail.com,police officer,1463
1563,Cristine,Blake,Cristine.Blake@yopmail.com,Cristine.Blake@gmail.com,developer,1464
1564,Karly,Swanhildas,Karly.Swanhildas@yopmail.com,Karly.Swanhildas@gmail.com,developer,1465
1565,Inga,Isidore,Inga.Isidore@yopmail.com,Inga.Isidore@gmail.com,doctor,1466
1566,Jean,Creamer,Jean.Creamer@yopmail.com,Jean.Creamer@gmail.com,police officer,1467
1567,Zondra,Jess,Zondra.Jess@yopmail.com,Zondra.Jess@gmail.com,developer,1468
1568,Nataline,Saint,Nataline.Saint@yopmail.com,Nataline.Saint@gmail.com,firefighter,1469
1569,Lusa,Joni,Lusa.Joni@yopmail.com,Lusa.Joni@gmail.com,developer,1470
1570,Ardys,Iaverne,Ardys.Iaverne@yopmail.com,Ardys.Iaverne@gmail.com,firefighter,1471
1571,Lucy,Sherfield,Lucy.Sherfield@yopmail.com,Lucy.Sherfield@gmail.com,worker,1472
1572,Dulce,Sacken,Dulce.Sacken@yopmail.com,Dulce.Sacken@gmail.com,worker,1473
1573,Netty,Ahab,Netty.Ahab@yopmail.com,Netty.Ahab@gmail.com,doctor,1474
1574,Willetta,Gregrory,Willetta.Gregrory@yopmail.com,Willetta.Gregrory@gmail.com,police officer,1475
1575,Kristina,Ackerley,Kristina.Ackerley@yopmail.com,Kristina.Ackerley@gmail.com,police officer,1476
1576,Elise,Bethany,Elise.Bethany@yopmail.com,Elise.Bethany@gmail.com,doctor,1477
1577,Joy,Chaing,Joy.Chaing@yopmail.com,Joy.Chaing@gmail.com,doctor,1478
1578,Melisent,Mike,Melisent.Mike@yopmail.com,Melisent.Mike@gmail.com,worker,1479
1579,Clarice,Korey,Clarice.Korey@yopmail.com,Clarice.Korey@gmail.com,police officer,1480
1580,Fawne,Baylor,Fawne.Baylor@yopmail.com,Fawne.Baylor@gmail.com,firefighter,1481
1581,Rochette,Burch,Rochette.Burch@yopmail.com,Rochette.Burch@gmail.com,developer,1482
1582,Gretal,Raimondo,Gretal.Raimondo@yopmail.com,Gretal.Raimondo@gmail.com,firefighter,1483
1583,Viki,Zetta,Viki.Zetta@yopmail.com,Viki.Zetta@gmail.com,developer,1484
1584,Averyl,Esmaria,Averyl.Esmaria@yopmail.com,Averyl.Esmaria@gmail.com,developer,1485
1585,Molli,Burnside,Molli.Burnside@yopmail.com,Molli.Burnside@gmail.com,developer,1486
1586,Chloris,Eachern,Chloris.Eachern@yopmail.com,Chloris.Eachern@gmail.com,worker,1487
1587,Corina,Brittani,Corina.Brittani@yopmail.com,Corina.Brittani@gmail.com,firefighter,1488
1588,Orsola,Kazimir,Orsola.Kazimir@yopmail.com,Orsola.Kazimir@gmail.com,worker,1489
1589,Zsa Zsa,Alisia,Zsa Zsa.Alisia@yopmail.com,Zsa Zsa.Alisia@gmail.com,developer,1490
1590,Vanessa,Sandye,Vanessa.Sandye@yopmail.com,Vanessa.Sandye@gmail.com,police officer,1491
1591,Ana,Jefferey,Ana.Jefferey@yopmail.com,Ana.Jefferey@gmail.com,worker,1492
1592,Leeanne,Mitzi,Leeanne.Mitzi@yopmail.com,Leeanne.Mitzi@gmail.com,police officer,1493
1593,Jean,Colleen,Jean.Colleen@yopmail.com,Jean.Colleen@gmail.com,firefighter,1494
1594,Chandra,Paton,Chandra.Paton@yopmail.com,Chandra.Paton@gmail.com,worker,1495
1595,Codie,Sibyls,Codie.Sibyls@yopmail.com,Codie.Sibyls@gmail.com,developer,1496
1596,Randa,Fosque,Randa.Fosque@yopmail.com,Randa.Fosque@gmail.com,developer,1497
1597,Deedee,Yorick,Deedee.Yorick@yopmail.com,Deedee.Yorick@gmail.com,developer,1498
1598,Cordi,Tiffa,Cordi.Tiffa@yopmail.com,Cordi.Tiffa@gmail.com,doctor,1499
1599,Doralynne,Olympium,Doralynne.Olympium@yopmail.com,Doralynne.Olympium@gmail.com,police officer,1500
