id,firstname,lastname,email,email2,profession,Field Name
21200,Susette,Standing,Susette.Standing@yopmail.com,Susette.Standing@gmail.com,doctor,21101
21201,Elena,Alexandr,Elena.Alexandr@yopmail.com,Elena.Alexandr@gmail.com,firefighter,21102
21202,Emelina,Darian,Emelina.Darian@yopmail.com,Emelina.Darian@gmail.com,police officer,21103
21203,Norine,Vivle,Norine.Vivle@yopmail.com,Norine.Vivle@gmail.com,developer,21104
21204,Berget,Linehan,Berget.Linehan@yopmail.com,Berget.Linehan@gmail.com,doctor,21105
21205,Christal,Dielu,Christal.Dielu@yopmail.com,Christal.Dielu@gmail.com,police officer,21106
21206,Edith,Faso,Edith.Faso@yopmail.com,Edith.Faso@gmail.com,firefighter,21107
21207,Jennica,Tound,Jennica.Tound@yopmail.com,Jennica.Tound@gmail.com,worker,21108
21208,Sashenka,Bennie,Sashenka.Bennie@yopmail.com,Sashenka.Bennie@gmail.com,police officer,21109
21209,Madeleine,Marsden,Madeleine.Marsden@yopmail.com,Madeleine.Marsden@gmail.com,developer,21110
21210,Malina,Pernick,Malina.Pernick@yopmail.com,Malina.Pernick@gmail.com,developer,21111
21211,Nickie,Kaete,Nickie.Kaete@yopmail.com,Nickie.Kaete@gmail.com,worker,21112
21212,Rosanne,Bouchard,Rosanne.Bouchard@yopmail.com,Rosanne.Bouchard@gmail.com,worker,21113
21213,Corene,Pandolfi,Corene.Pandolfi@yopmail.com,Corene.Pandolfi@gmail.com,firefighter,21114
21214,Bettine,Ventre,Bettine.Ventre@yopmail.com,Bettine.Ventre@gmail.com,developer,21115
21215,Karolina,Karna,Karolina.Karna@yopmail.com,Karolina.Karna@gmail.com,doctor,21116
21216,Edith,Nelsen,Edith.Nelsen@yopmail.com,Edith.Nelsen@gmail.com,firefighter,21117
21217,Anestassia,Gavrila,Anestassia.Gavrila@yopmail.com,Anestassia.Gavrila@gmail.com,firefighter,21118
21218,Carree,Ralfston,Carree.Ralfston@yopmail.com,Carree.Ralfston@gmail.com,worker,21119
21219,Dari,Zenas,Dari.Zenas@yopmail.com,Dari.Zenas@gmail.com,developer,21120
21220,Janeczka,Uird,Janeczka.Uird@yopmail.com,Janeczka.Uird@gmail.com,doctor,21121
21221,Molli,Gualtiero,Molli.Gualtiero@yopmail.com,Molli.Gualtiero@gmail.com,developer,21122
21222,Viki,Guildroy,Viki.Guildroy@yopmail.com,Viki.Guildroy@gmail.com,developer,21123
21223,Netty,Drisko,Netty.Drisko@yopmail.com,Netty.Drisko@gmail.com,police officer,21124
21224,Lynnea,Adrienne,Lynnea.Adrienne@yopmail.com,Lynnea.Adrienne@gmail.com,firefighter,21125
21225,Brandise,Leonard,Brandise.Leonard@yopmail.com,Brandise.Leonard@gmail.com,worker,21126
21226,Robinia,Sheedy,Robinia.Sheedy@yopmail.com,Robinia.Sheedy@gmail.com,doctor,21127
21227,Wileen,Natalia,Wileen.Natalia@yopmail.com,Wileen.Natalia@gmail.com,police officer,21128
21228,Rosanne,Natalia,Rosanne.Natalia@yopmail.com,Rosanne.Natalia@gmail.com,doctor,21129
21229,Vinita,Ailyn,Vinita.Ailyn@yopmail.com,Vinita.Ailyn@gmail.com,doctor,21130
21230,Felice,Cottle,Felice.Cottle@yopmail.com,Felice.Cottle@gmail.com,developer,21131
21231,Johna,Maisey,Johna.Maisey@yopmail.com,Johna.Maisey@gmail.com,firefighter,21132
21232,Ronna,Lynn,Ronna.Lynn@yopmail.com,Ronna.Lynn@gmail.com,worker,21133
21233,Sue,Buckler,Sue.Buckler@yopmail.com,Sue.Buckler@gmail.com,developer,21134
21234,Belva,Belldas,Belva.Belldas@yopmail.com,Belva.Belldas@gmail.com,worker,21135
21235,Quintina,Radu,Quintina.Radu@yopmail.com,Quintina.Radu@gmail.com,worker,21136
21236,Kathy,Tjon,Kathy.Tjon@yopmail.com,Kathy.Tjon@gmail.com,firefighter,21137
21237,Madalyn,Klotz,Madalyn.Klotz@yopmail.com,Madalyn.Klotz@gmail.com,developer,21138
21238,Wynne,Madaih,Wynne.Madaih@yopmail.com,Wynne.Madaih@gmail.com,firefighter,21139
21239,Sindee,Rossner,Sindee.Rossner@yopmail.com,Sindee.Rossner@gmail.com,police officer,21140
21240,Peri,Kat,Peri.Kat@yopmail.com,Peri.Kat@gmail.com,developer,21141
21241,Blinni,Ries,Blinni.Ries@yopmail.com,Blinni.Ries@gmail.com,firefighter,21142
21242,Molli,Faro,Molli.Faro@yopmail.com,Molli.Faro@gmail.com,developer,21143
21243,Chrystel,Stephie,Chrystel.Stephie@yopmail.com,Chrystel.Stephie@gmail.com,firefighter,21144
21244,Vivia,Trey,Vivia.Trey@yopmail.com,Vivia.Trey@gmail.com,firefighter,21145
21245,Raf,Tamar,Raf.Tamar@yopmail.com,Raf.Tamar@gmail.com,firefighter,21146
21246,Amelia,Fontana,Amelia.Fontana@yopmail.com,Amelia.Fontana@gmail.com,doctor,21147
21247,Selma,Teddman,Selma.Teddman@yopmail.com,Selma.Teddman@gmail.com,firefighter,21148
21248,Annora,Vary,Annora.Vary@yopmail.com,Annora.Vary@gmail.com,doctor,21149
21249,Cacilie,Gerge,Cacilie.Gerge@yopmail.com,Cacilie.Gerge@gmail.com,developer,21150
