id,firstname,lastname,email,email2,profession,Field Name
21100,Augustine,Lay,Augustine.Lay@yopmail.com,Augustine.Lay@gmail.com,worker,21001
21101,Kelly,Cristi,Kelly.Cristi@yopmail.com,Kelly.Cristi@gmail.com,developer,21002
21102,Lulita,Kiersten,Lulita.Kiersten@yopmail.com,Lulita.Kiersten@gmail.com,worker,21003
21103,Raf,Eno,Raf.Eno@yopmail.com,Raf.Eno@gmail.com,worker,21004
21104,Delilah,Ehrman,Delilah.Ehrman@yopmail.com,Delilah.Ehrman@gmail.com,firefighter,21005
21105,Valeda,Orelee,Valeda.Orelee@yopmail.com,Valeda.Orelee@gmail.com,doctor,21006
21106,Kate,Center,Kate.Center@yopmail.com,Kate.Center@gmail.com,police officer,21007
21107,Madeleine,Amadas,Madeleine.Amadas@yopmail.com,Madeleine.Amadas@gmail.com,developer,21008
21108,Mellicent,Norvol,Mellicent.Norvol@yopmail.com,Mellicent.Norvol@gmail.com,police officer,21009
21109,Aryn,Read,Aryn.Read@yopmail.com,Aryn.Read@gmail.com,firefighter,21010
21110,Jessy,Thar,Jessy.Thar@yopmail.com,Jessy.Thar@gmail.com,police officer,21011
21111,Bobbi,Mauer,Bobbi.Mauer@yopmail.com,Bobbi.Mauer@gmail.com,firefighter,21012
21112,Louella,Cimbura,Louella.Cimbura@yopmail.com,Louella.Cimbura@gmail.com,worker,21013
21113,Jan,Chabot,Jan.Chabot@yopmail.com,Jan.Chabot@gmail.com,firefighter,21014
21114,Roslyn,Radu,Roslyn.Radu@yopmail.com,Roslyn.Radu@gmail.com,police officer,21015
21115,Taffy,Holtz,Taffy.Holtz@yopmail.com,Taffy.Holtz@gmail.com,developer,21016
21116,Dania,Colp,Dania.Colp@yopmail.com,Dania.Colp@gmail.com,worker,21017
21117,Flory,Grobe,Flory.Grobe@yopmail.com,Flory.Grobe@gmail.com,developer,21018
21118,Jackie,Margarete,Jackie.Margarete@yopmail.com,Jackie.Margarete@gmail.com,firefighter,21019
21119,Winny,Stilwell,Winny.Stilwell@yopmail.com,Winny.Stilwell@gmail.com,worker,21020
21120,Edith,Tamsky,Edith.Tamsky@yopmail.com,Edith.Tamsky@gmail.com,worker,21021
21121,Therine,Gillan,Therine.Gillan@yopmail.com,Therine.Gillan@gmail.com,developer,21022
21122,Elfreda,Lauraine,Elfreda.Lauraine@yopmail.com,Elfreda.Lauraine@gmail.com,police officer,21023
21123,Mariele,Ilka,Mariele.Ilka@yopmail.com,Mariele.Ilka@gmail.com,police officer,21024
21124,Chrystel,Prober,Chrystel.Prober@yopmail.com,Chrystel.Prober@gmail.com,police officer,21025
21125,Sheelagh,Ilka,Sheelagh.Ilka@yopmail.com,Sheelagh.Ilka@gmail.com,police officer,21026
21126,Violet,Gunn,Violet.Gunn@yopmail.com,Violet.Gunn@gmail.com,firefighter,21027
21127,Aaren,Lenny,Aaren.Lenny@yopmail.com,Aaren.Lenny@gmail.com,developer,21028
21128,Dagmar,Carleen,Dagmar.Carleen@yopmail.com,Dagmar.Carleen@gmail.com,police officer,21029
21129,Kalina,Jillane,Kalina.Jillane@yopmail.com,Kalina.Jillane@gmail.com,developer,21030
21130,Dode,Ivens,Dode.Ivens@yopmail.com,Dode.Ivens@gmail.com,doctor,21031
21131,Harrietta,Niccolo,Harrietta.Niccolo@yopmail.com,Harrietta.Niccolo@gmail.com,worker,21032
21132,Orelia,Fennessy,Orelia.Fennessy@yopmail.com,Orelia.Fennessy@gmail.com,worker,21033
21133,Sara-Ann,Melleta,Sara-Ann.Melleta@yopmail.com,Sara-Ann.Melleta@gmail.com,firefighter,21034
21134,Sybille,Hewitt,Sybille.Hewitt@yopmail.com,Sybille.Hewitt@gmail.com,firefighter,21035
21135,Katleen,Jena,Katleen.Jena@yopmail.com,Katleen.Jena@gmail.com,worker,21036
21136,Vivia,Holtz,Vivia.Holtz@yopmail.com,Vivia.Holtz@gmail.com,doctor,21037
21137,Adele,Hirsch,Adele.Hirsch@yopmail.com,Adele.Hirsch@gmail.com,developer,21038
21138,Heida,Ortrude,Heida.Ortrude@yopmail.com,Heida.Ortrude@gmail.com,doctor,21039
21139,Livvyy,Monaco,Livvyy.Monaco@yopmail.com,Livvyy.Monaco@gmail.com,police officer,21040
21140,Daphne,Othilia,Daphne.Othilia@yopmail.com,Daphne.Othilia@gmail.com,developer,21041
21141,Lulita,Stav,Lulita.Stav@yopmail.com,Lulita.Stav@gmail.com,firefighter,21042
21142,Sean,Wyn,Sean.Wyn@yopmail.com,Sean.Wyn@gmail.com,firefighter,21043
21143,Alyssa,Ariella,Alyssa.Ariella@yopmail.com,Alyssa.Ariella@gmail.com,doctor,21044
21144,Ulrike,Jenness,Ulrike.Jenness@yopmail.com,Ulrike.Jenness@gmail.com,firefighter,21045
21145,Berget,Wyn,Berget.Wyn@yopmail.com,Berget.Wyn@gmail.com,developer,21046
21146,Cacilie,Aida,Cacilie.Aida@yopmail.com,Cacilie.Aida@gmail.com,police officer,21047
21147,Cathyleen,Amand,Cathyleen.Amand@yopmail.com,Cathyleen.Amand@gmail.com,firefighter,21048
21148,Kamilah,Earlie,Kamilah.Earlie@yopmail.com,Kamilah.Earlie@gmail.com,developer,21049
21149,Arlina,Rese,Arlina.Rese@yopmail.com,Arlina.Rese@gmail.com,police officer,21050
21150,Chloris,Garek,Chloris.Garek@yopmail.com,Chloris.Garek@gmail.com,police officer,21051
21151,Regina,Hartnett,Regina.Hartnett@yopmail.com,Regina.Hartnett@gmail.com,firefighter,21052
21152,Korrie,Goddard,Korrie.Goddard@yopmail.com,Korrie.Goddard@gmail.com,worker,21053
21153,Elvira,Donoghue,Elvira.Donoghue@yopmail.com,Elvira.Donoghue@gmail.com,developer,21054
21154,Cassondra,Izaak,Cassondra.Izaak@yopmail.com,Cassondra.Izaak@gmail.com,doctor,21055
21155,Lorne,Hoban,Lorne.Hoban@yopmail.com,Lorne.Hoban@gmail.com,developer,21056
21156,Iseabal,Eldrid,Iseabal.Eldrid@yopmail.com,Iseabal.Eldrid@gmail.com,doctor,21057
21157,Chloris,Friede,Chloris.Friede@yopmail.com,Chloris.Friede@gmail.com,worker,21058
21158,Kelly,Odysseus,Kelly.Odysseus@yopmail.com,Kelly.Odysseus@gmail.com,firefighter,21059
21159,Frieda,Esmaria,Frieda.Esmaria@yopmail.com,Frieda.Esmaria@gmail.com,doctor,21060
21160,Elvira,Cullin,Elvira.Cullin@yopmail.com,Elvira.Cullin@gmail.com,developer,21061
21161,Evaleen,Orpah,Evaleen.Orpah@yopmail.com,Evaleen.Orpah@gmail.com,firefighter,21062
21162,Mahalia,Gusella,Mahalia.Gusella@yopmail.com,Mahalia.Gusella@gmail.com,worker,21063
21163,Regina,Wadell,Regina.Wadell@yopmail.com,Regina.Wadell@gmail.com,firefighter,21064
21164,Tamqrah,Clara,Tamqrah.Clara@yopmail.com,Tamqrah.Clara@gmail.com,worker,21065
21165,Mamie,Bartlett,Mamie.Bartlett@yopmail.com,Mamie.Bartlett@gmail.com,doctor,21066
21166,Sean,Schlosser,Sean.Schlosser@yopmail.com,Sean.Schlosser@gmail.com,worker,21067
21167,Roslyn,Yorick,Roslyn.Yorick@yopmail.com,Roslyn.Yorick@gmail.com,worker,21068
21168,Nickie,Loleta,Nickie.Loleta@yopmail.com,Nickie.Loleta@gmail.com,developer,21069
21169,Basia,Payson,Basia.Payson@yopmail.com,Basia.Payson@gmail.com,firefighter,21070
21170,Pollyanna,Bryna,Pollyanna.Bryna@yopmail.com,Pollyanna.Bryna@gmail.com,developer,21071
21171,Dale,Mott,Dale.Mott@yopmail.com,Dale.Mott@gmail.com,doctor,21072
21172,Bobinette,Corabella,Bobinette.Corabella@yopmail.com,Bobinette.Corabella@gmail.com,firefighter,21073
21173,Kaia,Jorgan,Kaia.Jorgan@yopmail.com,Kaia.Jorgan@gmail.com,worker,21074
21174,Aaren,Fancie,Aaren.Fancie@yopmail.com,Aaren.Fancie@gmail.com,firefighter,21075
21175,Charlena,Nadia,Charlena.Nadia@yopmail.com,Charlena.Nadia@gmail.com,doctor,21076
21176,Krystle,Arvo,Krystle.Arvo@yopmail.com,Krystle.Arvo@gmail.com,developer,21077
21177,Kellen,Hazlett,Kellen.Hazlett@yopmail.com,Kellen.Hazlett@gmail.com,developer,21078
21178,Myriam,Kolnick,Myriam.Kolnick@yopmail.com,Myriam.Kolnick@gmail.com,firefighter,21079
21179,Marguerite,Lunsford,Marguerite.Lunsford@yopmail.com,Marguerite.Lunsford@gmail.com,firefighter,21080
21180,Beverley,Olin,Beverley.Olin@yopmail.com,Beverley.Olin@gmail.com,firefighter,21081
21181,Jean,Sibyls,Jean.Sibyls@yopmail.com,Jean.Sibyls@gmail.com,doctor,21082
21182,Lizzie,Dowski,Lizzie.Dowski@yopmail.com,Lizzie.Dowski@gmail.com,worker,21083
21183,Sheelagh,Quinn,Sheelagh.Quinn@yopmail.com,Sheelagh.Quinn@gmail.com,worker,21084
21184,Gilda,Belldas,Gilda.Belldas@yopmail.com,Gilda.Belldas@gmail.com,doctor,21085
21185,Emylee,Stoller,Emylee.Stoller@yopmail.com,Emylee.Stoller@gmail.com,police officer,21086
21186,Sue,Belanger,Sue.Belanger@yopmail.com,Sue.Belanger@gmail.com,worker,21087
21187,Lanae,Old,Lanae.Old@yopmail.com,Lanae.Old@gmail.com,police officer,21088
21188,Wileen,Barrus,Wileen.Barrus@yopmail.com,Wileen.Barrus@gmail.com,worker,21089
21189,Max,Chinua,Max.Chinua@yopmail.com,Max.Chinua@gmail.com,developer,21090
21190,Malina,Erich,Malina.Erich@yopmail.com,Malina.Erich@gmail.com,developer,21091
21191,Cristine,Kaete,Cristine.Kaete@yopmail.com,Cristine.Kaete@gmail.com,firefighter,21092
21192,Ernesta,Maisey,Ernesta.Maisey@yopmail.com,Ernesta.Maisey@gmail.com,police officer,21093
21193,Priscilla,Dosia,Priscilla.Dosia@yopmail.com,Priscilla.Dosia@gmail.com,firefighter,21094
21194,Alyssa,Dash,Alyssa.Dash@yopmail.com,Alyssa.Dash@gmail.com,firefighter,21095
21195,Stacey,Merell,Stacey.Merell@yopmail.com,Stacey.Merell@gmail.com,police officer,21096
21196,Elie,Guthrie,Elie.Guthrie@yopmail.com,Elie.Guthrie@gmail.com,firefighter,21097
21197,Dode,Hailee,Dode.Hailee@yopmail.com,Dode.Hailee@gmail.com,police officer,21098
21198,Harrietta,Dowski,Harrietta.Dowski@yopmail.com,Harrietta.Dowski@gmail.com,doctor,21099
21199,Yolane,Bartlett,Yolane.Bartlett@yopmail.com,Yolane.Bartlett@gmail.com,developer,21100
21200,Susette,Standing,Susette.Standing@yopmail.com,Susette.Standing@gmail.com,doctor,21101
21201,Elena,Alexandr,Elena.Alexandr@yopmail.com,Elena.Alexandr@gmail.com,firefighter,21102
21202,Emelina,Darian,Emelina.Darian@yopmail.com,Emelina.Darian@gmail.com,police officer,21103
21203,Norine,Vivle,Norine.Vivle@yopmail.com,Norine.Vivle@gmail.com,developer,21104
21204,Berget,Linehan,Berget.Linehan@yopmail.com,Berget.Linehan@gmail.com,doctor,21105
21205,Christal,Dielu,Christal.Dielu@yopmail.com,Christal.Dielu@gmail.com,police officer,21106
21206,Edith,Faso,Edith.Faso@yopmail.com,Edith.Faso@gmail.com,firefighter,21107
21207,Jennica,Tound,Jennica.Tound@yopmail.com,Jennica.Tound@gmail.com,worker,21108
21208,Sashenka,Bennie,Sashenka.Bennie@yopmail.com,Sashenka.Bennie@gmail.com,police officer,21109
21209,Madeleine,Marsden,Madeleine.Marsden@yopmail.com,Madeleine.Marsden@gmail.com,developer,21110
21210,Malina,Pernick,Malina.Pernick@yopmail.com,Malina.Pernick@gmail.com,developer,21111
21211,Nickie,Kaete,Nickie.Kaete@yopmail.com,Nickie.Kaete@gmail.com,worker,21112
21212,Rosanne,Bouchard,Rosanne.Bouchard@yopmail.com,Rosanne.Bouchard@gmail.com,worker,21113
21213,Corene,Pandolfi,Corene.Pandolfi@yopmail.com,Corene.Pandolfi@gmail.com,firefighter,21114
21214,Bettine,Ventre,Bettine.Ventre@yopmail.com,Bettine.Ventre@gmail.com,developer,21115
21215,Karolina,Karna,Karolina.Karna@yopmail.com,Karolina.Karna@gmail.com,doctor,21116
21216,Edith,Nelsen,Edith.Nelsen@yopmail.com,Edith.Nelsen@gmail.com,firefighter,21117
21217,Anestassia,Gavrila,Anestassia.Gavrila@yopmail.com,Anestassia.Gavrila@gmail.com,firefighter,21118
21218,Carree,Ralfston,Carree.Ralfston@yopmail.com,Carree.Ralfston@gmail.com,worker,21119
21219,Dari,Zenas,Dari.Zenas@yopmail.com,Dari.Zenas@gmail.com,developer,21120
21220,Janeczka,Uird,Janeczka.Uird@yopmail.com,Janeczka.Uird@gmail.com,doctor,21121
21221,Molli,Gualtiero,Molli.Gualtiero@yopmail.com,Molli.Gualtiero@gmail.com,developer,21122
21222,Viki,Guildroy,Viki.Guildroy@yopmail.com,Viki.Guildroy@gmail.com,developer,21123
21223,Netty,Drisko,Netty.Drisko@yopmail.com,Netty.Drisko@gmail.com,police officer,21124
21224,Lynnea,Adrienne,Lynnea.Adrienne@yopmail.com,Lynnea.Adrienne@gmail.com,firefighter,21125
21225,Brandise,Leonard,Brandise.Leonard@yopmail.com,Brandise.Leonard@gmail.com,worker,21126
21226,Robinia,Sheedy,Robinia.Sheedy@yopmail.com,Robinia.Sheedy@gmail.com,doctor,21127
21227,Wileen,Natalia,Wileen.Natalia@yopmail.com,Wileen.Natalia@gmail.com,police officer,21128
21228,Rosanne,Natalia,Rosanne.Natalia@yopmail.com,Rosanne.Natalia@gmail.com,doctor,21129
21229,Vinita,Ailyn,Vinita.Ailyn@yopmail.com,Vinita.Ailyn@gmail.com,doctor,21130
21230,Felice,Cottle,Felice.Cottle@yopmail.com,Felice.Cottle@gmail.com,developer,21131
21231,Johna,Maisey,Johna.Maisey@yopmail.com,Johna.Maisey@gmail.com,firefighter,21132
21232,Ronna,Lynn,Ronna.Lynn@yopmail.com,Ronna.Lynn@gmail.com,worker,21133
21233,Sue,Buckler,Sue.Buckler@yopmail.com,Sue.Buckler@gmail.com,developer,21134
21234,Belva,Belldas,Belva.Belldas@yopmail.com,Belva.Belldas@gmail.com,worker,21135
21235,Quintina,Radu,Quintina.Radu@yopmail.com,Quintina.Radu@gmail.com,worker,21136
21236,Kathy,Tjon,Kathy.Tjon@yopmail.com,Kathy.Tjon@gmail.com,firefighter,21137
21237,Madalyn,Klotz,Madalyn.Klotz@yopmail.com,Madalyn.Klotz@gmail.com,developer,21138
21238,Wynne,Madaih,Wynne.Madaih@yopmail.com,Wynne.Madaih@gmail.com,firefighter,21139
21239,Sindee,Rossner,Sindee.Rossner@yopmail.com,Sindee.Rossner@gmail.com,police officer,21140
21240,Peri,Kat,Peri.Kat@yopmail.com,Peri.Kat@gmail.com,developer,21141
21241,Blinni,Ries,Blinni.Ries@yopmail.com,Blinni.Ries@gmail.com,firefighter,21142
21242,Molli,Faro,Molli.Faro@yopmail.com,Molli.Faro@gmail.com,developer,21143
21243,Chrystel,Stephie,Chrystel.Stephie@yopmail.com,Chrystel.Stephie@gmail.com,firefighter,21144
21244,Vivia,Trey,Vivia.Trey@yopmail.com,Vivia.Trey@gmail.com,firefighter,21145
21245,Raf,Tamar,Raf.Tamar@yopmail.com,Raf.Tamar@gmail.com,firefighter,21146
21246,Amelia,Fontana,Amelia.Fontana@yopmail.com,Amelia.Fontana@gmail.com,doctor,21147
21247,Selma,Teddman,Selma.Teddman@yopmail.com,Selma.Teddman@gmail.com,firefighter,21148
21248,Annora,Vary,Annora.Vary@yopmail.com,Annora.Vary@gmail.com,doctor,21149
21249,Cacilie,Gerge,Cacilie.Gerge@yopmail.com,Cacilie.Gerge@gmail.com,developer,21150
21250,Lily,Belanger,Lily.Belanger@yopmail.com,Lily.Belanger@gmail.com,police officer,21151
21251,Amara,Erskine,Amara.Erskine@yopmail.com,Amara.Erskine@gmail.com,doctor,21152
21252,Rivalee,Rossner,Rivalee.Rossner@yopmail.com,Rivalee.Rossner@gmail.com,developer,21153
21253,Coral,Nea,Coral.Nea@yopmail.com,Coral.Nea@gmail.com,worker,21154
21254,Marleah,Donoghue,Marleah.Donoghue@yopmail.com,Marleah.Donoghue@gmail.com,firefighter,21155
21255,Brana,Gert,Brana.Gert@yopmail.com,Brana.Gert@gmail.com,doctor,21156
21256,Tera,Sparhawk,Tera.Sparhawk@yopmail.com,Tera.Sparhawk@gmail.com,police officer,21157
21257,Vinita,Emmy,Vinita.Emmy@yopmail.com,Vinita.Emmy@gmail.com,firefighter,21158
21258,Kellen,Franza,Kellen.Franza@yopmail.com,Kellen.Franza@gmail.com,doctor,21159
21259,Sharai,Kendrick,Sharai.Kendrick@yopmail.com,Sharai.Kendrick@gmail.com,worker,21160
21260,Gaylene,Orpah,Gaylene.Orpah@yopmail.com,Gaylene.Orpah@gmail.com,police officer,21161
21261,Kerrin,Ietta,Kerrin.Ietta@yopmail.com,Kerrin.Ietta@gmail.com,police officer,21162
21262,Flo,Georgy,Flo.Georgy@yopmail.com,Flo.Georgy@gmail.com,developer,21163
21263,Ileana,Damarra,Ileana.Damarra@yopmail.com,Ileana.Damarra@gmail.com,police officer,21164
21264,Rani,Milde,Rani.Milde@yopmail.com,Rani.Milde@gmail.com,developer,21165
21265,Gwenneth,Syd,Gwenneth.Syd@yopmail.com,Gwenneth.Syd@gmail.com,doctor,21166
21266,Ekaterina,Montgomery,Ekaterina.Montgomery@yopmail.com,Ekaterina.Montgomery@gmail.com,developer,21167
21267,Jere,Ephrem,Jere.Ephrem@yopmail.com,Jere.Ephrem@gmail.com,doctor,21168
21268,Lilith,Chrystel,Lilith.Chrystel@yopmail.com,Lilith.Chrystel@gmail.com,developer,21169
21269,Aurore,Nore,Aurore.Nore@yopmail.com,Aurore.Nore@gmail.com,firefighter,21170
21270,Berget,Wilona,Berget.Wilona@yopmail.com,Berget.Wilona@gmail.com,police officer,21171
21271,Ida,Phyllis,Ida.Phyllis@yopmail.com,Ida.Phyllis@gmail.com,firefighter,21172
21272,Caressa,Kesley,Caressa.Kesley@yopmail.com,Caressa.Kesley@gmail.com,firefighter,21173
21273,Fawne,Ortrude,Fawne.Ortrude@yopmail.com,Fawne.Ortrude@gmail.com,firefighter,21174
21274,Paulita,My,Paulita.My@yopmail.com,Paulita.My@gmail.com,worker,21175
21275,Adriana,Gavrila,Adriana.Gavrila@yopmail.com,Adriana.Gavrila@gmail.com,firefighter,21176
21276,Corly,Bevin,Corly.Bevin@yopmail.com,Corly.Bevin@gmail.com,developer,21177
21277,Mary,Doig,Mary.Doig@yopmail.com,Mary.Doig@gmail.com,worker,21178
21278,Janenna,Diann,Janenna.Diann@yopmail.com,Janenna.Diann@gmail.com,police officer,21179
21279,Aimil,Alejoa,Aimil.Alejoa@yopmail.com,Aimil.Alejoa@gmail.com,developer,21180
21280,Mary,Marisa,Mary.Marisa@yopmail.com,Mary.Marisa@gmail.com,worker,21181
21281,Donnie,Cimbura,Donnie.Cimbura@yopmail.com,Donnie.Cimbura@gmail.com,developer,21182
21282,Rosabelle,Orelee,Rosabelle.Orelee@yopmail.com,Rosabelle.Orelee@gmail.com,firefighter,21183
21283,Mamie,Toffic,Mamie.Toffic@yopmail.com,Mamie.Toffic@gmail.com,police officer,21184
21284,Evaleen,Dominy,Evaleen.Dominy@yopmail.com,Evaleen.Dominy@gmail.com,firefighter,21185
21285,Bettine,Merell,Bettine.Merell@yopmail.com,Bettine.Merell@gmail.com,firefighter,21186
21286,Wilma,Lay,Wilma.Lay@yopmail.com,Wilma.Lay@gmail.com,worker,21187
21287,Ericka,Allina,Ericka.Allina@yopmail.com,Ericka.Allina@gmail.com,developer,21188
21288,Frank,Garlinda,Frank.Garlinda@yopmail.com,Frank.Garlinda@gmail.com,developer,21189
21289,Loree,Dawkins,Loree.Dawkins@yopmail.com,Loree.Dawkins@gmail.com,police officer,21190
21290,Cam,Adore,Cam.Adore@yopmail.com,Cam.Adore@gmail.com,police officer,21191
21291,Brietta,Percy,Brietta.Percy@yopmail.com,Brietta.Percy@gmail.com,firefighter,21192
21292,Codie,Donell,Codie.Donell@yopmail.com,Codie.Donell@gmail.com,worker,21193
21293,Arlena,Arathorn,Arlena.Arathorn@yopmail.com,Arlena.Arathorn@gmail.com,developer,21194
21294,Kamilah,Wooster,Kamilah.Wooster@yopmail.com,Kamilah.Wooster@gmail.com,developer,21195
21295,Andree,Leifeste,Andree.Leifeste@yopmail.com,Andree.Leifeste@gmail.com,doctor,21196
21296,Therine,Shama,Therine.Shama@yopmail.com,Therine.Shama@gmail.com,police officer,21197
21297,Dari,Claudine,Dari.Claudine@yopmail.com,Dari.Claudine@gmail.com,firefighter,21198
21298,Minda,Brotherson,Minda.Brotherson@yopmail.com,Minda.Brotherson@gmail.com,firefighter,21199
21299,Valera,Gladstone,Valera.Gladstone@yopmail.com,Valera.Gladstone@gmail.com,police officer,21200
21300,Arlina,Pitt,Arlina.Pitt@yopmail.com,Arlina.Pitt@gmail.com,doctor,21201
21301,Alyda,Pozzy,Alyda.Pozzy@yopmail.com,Alyda.Pozzy@gmail.com,doctor,21202
21302,Nariko,Papageno,Nariko.Papageno@yopmail.com,Nariko.Papageno@gmail.com,doctor,21203
21303,Raquela,Sibyls,Raquela.Sibyls@yopmail.com,Raquela.Sibyls@gmail.com,police officer,21204
21304,Tera,Gerge,Tera.Gerge@yopmail.com,Tera.Gerge@gmail.com,developer,21205
21305,Nita,Bouchard,Nita.Bouchard@yopmail.com,Nita.Bouchard@gmail.com,developer,21206
21306,Vonny,Korey,Vonny.Korey@yopmail.com,Vonny.Korey@gmail.com,developer,21207
21307,Charlena,Teddman,Charlena.Teddman@yopmail.com,Charlena.Teddman@gmail.com,developer,21208
21308,Kathi,Melan,Kathi.Melan@yopmail.com,Kathi.Melan@gmail.com,worker,21209
21309,Tori,Valoniah,Tori.Valoniah@yopmail.com,Tori.Valoniah@gmail.com,doctor,21210
21310,Silvana,Aldric,Silvana.Aldric@yopmail.com,Silvana.Aldric@gmail.com,developer,21211
21311,Priscilla,Kress,Priscilla.Kress@yopmail.com,Priscilla.Kress@gmail.com,firefighter,21212
21312,Cyndie,Socha,Cyndie.Socha@yopmail.com,Cyndie.Socha@gmail.com,doctor,21213
21313,Hayley,Gamaliel,Hayley.Gamaliel@yopmail.com,Hayley.Gamaliel@gmail.com,police officer,21214
21314,Hermione,Lauraine,Hermione.Lauraine@yopmail.com,Hermione.Lauraine@gmail.com,worker,21215
21315,Mureil,Irmine,Mureil.Irmine@yopmail.com,Mureil.Irmine@gmail.com,police officer,21216
21316,Sonni,Yerkovich,Sonni.Yerkovich@yopmail.com,Sonni.Yerkovich@gmail.com,police officer,21217
21317,Beverley,Raimondo,Beverley.Raimondo@yopmail.com,Beverley.Raimondo@gmail.com,firefighter,21218
21318,Tori,Brenn,Tori.Brenn@yopmail.com,Tori.Brenn@gmail.com,doctor,21219
21319,Dede,Hashim,Dede.Hashim@yopmail.com,Dede.Hashim@gmail.com,developer,21220
21320,Melodie,Nickola,Melodie.Nickola@yopmail.com,Melodie.Nickola@gmail.com,police officer,21221
21321,Clo,Billye,Clo.Billye@yopmail.com,Clo.Billye@gmail.com,worker,21222
21322,Jsandye,Madelene,Jsandye.Madelene@yopmail.com,Jsandye.Madelene@gmail.com,doctor,21223
21323,Bill,Schlosser,Bill.Schlosser@yopmail.com,Bill.Schlosser@gmail.com,worker,21224
21324,Helena,Richers,Helena.Richers@yopmail.com,Helena.Richers@gmail.com,firefighter,21225
21325,Flo,Moseley,Flo.Moseley@yopmail.com,Flo.Moseley@gmail.com,developer,21226
21326,Blondelle,Leifeste,Blondelle.Leifeste@yopmail.com,Blondelle.Leifeste@gmail.com,worker,21227
21327,Tracey,Darbie,Tracey.Darbie@yopmail.com,Tracey.Darbie@gmail.com,firefighter,21228
21328,Rhoda,Hoenack,Rhoda.Hoenack@yopmail.com,Rhoda.Hoenack@gmail.com,firefighter,21229
21329,Laure,Valerio,Laure.Valerio@yopmail.com,Laure.Valerio@gmail.com,firefighter,21230
21330,Tilly,Diogenes,Tilly.Diogenes@yopmail.com,Tilly.Diogenes@gmail.com,doctor,21231
21331,Anallese,Urias,Anallese.Urias@yopmail.com,Anallese.Urias@gmail.com,police officer,21232
21332,Albertina,Donoghue,Albertina.Donoghue@yopmail.com,Albertina.Donoghue@gmail.com,police officer,21233
21333,Penelopa,Audly,Penelopa.Audly@yopmail.com,Penelopa.Audly@gmail.com,firefighter,21234
21334,Emilia,Glenden,Emilia.Glenden@yopmail.com,Emilia.Glenden@gmail.com,doctor,21235
21335,Tarra,Bartlett,Tarra.Bartlett@yopmail.com,Tarra.Bartlett@gmail.com,police officer,21236
21336,Nariko,Wadell,Nariko.Wadell@yopmail.com,Nariko.Wadell@gmail.com,worker,21237
21337,Kalina,Brenn,Kalina.Brenn@yopmail.com,Kalina.Brenn@gmail.com,developer,21238
21338,Karina,Teddman,Karina.Teddman@yopmail.com,Karina.Teddman@gmail.com,doctor,21239
21339,Elyssa,Loeb,Elyssa.Loeb@yopmail.com,Elyssa.Loeb@gmail.com,police officer,21240
21340,Nonnah,Jacinda,Nonnah.Jacinda@yopmail.com,Nonnah.Jacinda@gmail.com,worker,21241
21341,Lita,Munn,Lita.Munn@yopmail.com,Lita.Munn@gmail.com,police officer,21242
21342,Fayre,Albertine,Fayre.Albertine@yopmail.com,Fayre.Albertine@gmail.com,worker,21243
21343,Ursulina,Levey,Ursulina.Levey@yopmail.com,Ursulina.Levey@gmail.com,doctor,21244
21344,Steffane,Vanni,Steffane.Vanni@yopmail.com,Steffane.Vanni@gmail.com,police officer,21245
21345,Mamie,Kylander,Mamie.Kylander@yopmail.com,Mamie.Kylander@gmail.com,firefighter,21246
21346,Ariela,Koziara,Ariela.Koziara@yopmail.com,Ariela.Koziara@gmail.com,developer,21247
21347,Judy,Goldina,Judy.Goldina@yopmail.com,Judy.Goldina@gmail.com,doctor,21248
21348,Winny,Alabaster,Winny.Alabaster@yopmail.com,Winny.Alabaster@gmail.com,doctor,21249
21349,Lynea,Jefferey,Lynea.Jefferey@yopmail.com,Lynea.Jefferey@gmail.com,firefighter,21250
21350,Robbi,Read,Robbi.Read@yopmail.com,Robbi.Read@gmail.com,doctor,21251
21351,Ashlee,Birdella,Ashlee.Birdella@yopmail.com,Ashlee.Birdella@gmail.com,worker,21252
21352,Alex,Elo,Alex.Elo@yopmail.com,Alex.Elo@gmail.com,developer,21253
21353,Beverley,Taima,Beverley.Taima@yopmail.com,Beverley.Taima@gmail.com,developer,21254
21354,Gavrielle,Saint,Gavrielle.Saint@yopmail.com,Gavrielle.Saint@gmail.com,worker,21255
21355,Arlina,Kesley,Arlina.Kesley@yopmail.com,Arlina.Kesley@gmail.com,worker,21256
21356,Blinni,Kevon,Blinni.Kevon@yopmail.com,Blinni.Kevon@gmail.com,developer,21257
21357,Nannie,Sekofski,Nannie.Sekofski@yopmail.com,Nannie.Sekofski@gmail.com,developer,21258
21358,Alyssa,Lumbard,Alyssa.Lumbard@yopmail.com,Alyssa.Lumbard@gmail.com,firefighter,21259
21359,Alexine,Xerxes,Alexine.Xerxes@yopmail.com,Alexine.Xerxes@gmail.com,police officer,21260
21360,Meghann,Jammal,Meghann.Jammal@yopmail.com,Meghann.Jammal@gmail.com,doctor,21261
21361,Mildrid,Couture,Mildrid.Couture@yopmail.com,Mildrid.Couture@gmail.com,doctor,21262
21362,Micheline,Erskine,Micheline.Erskine@yopmail.com,Micheline.Erskine@gmail.com,doctor,21263
21363,Marylou,Ephrem,Marylou.Ephrem@yopmail.com,Marylou.Ephrem@gmail.com,doctor,21264
21364,Tatiania,Nisbet,Tatiania.Nisbet@yopmail.com,Tatiania.Nisbet@gmail.com,developer,21265
21365,Kimberley,Milde,Kimberley.Milde@yopmail.com,Kimberley.Milde@gmail.com,police officer,21266
21366,Vivia,Olympium,Vivia.Olympium@yopmail.com,Vivia.Olympium@gmail.com,worker,21267
21367,Hallie,Slifka,Hallie.Slifka@yopmail.com,Hallie.Slifka@gmail.com,firefighter,21268
21368,Ardeen,Raimondo,Ardeen.Raimondo@yopmail.com,Ardeen.Raimondo@gmail.com,firefighter,21269
21369,Helsa,Rosette,Helsa.Rosette@yopmail.com,Helsa.Rosette@gmail.com,developer,21270
21370,Florencia,Kravits,Florencia.Kravits@yopmail.com,Florencia.Kravits@gmail.com,worker,21271
21371,Helsa,Medrek,Helsa.Medrek@yopmail.com,Helsa.Medrek@gmail.com,firefighter,21272
21372,Imojean,Germann,Imojean.Germann@yopmail.com,Imojean.Germann@gmail.com,police officer,21273
21373,Emylee,Bivins,Emylee.Bivins@yopmail.com,Emylee.Bivins@gmail.com,police officer,21274
21374,Valli,Lesley,Valli.Lesley@yopmail.com,Valli.Lesley@gmail.com,worker,21275
21375,Hettie,Afton,Hettie.Afton@yopmail.com,Hettie.Afton@gmail.com,worker,21276
21376,Beth,Decato,Beth.Decato@yopmail.com,Beth.Decato@gmail.com,worker,21277
21377,Gabriellia,Cookie,Gabriellia.Cookie@yopmail.com,Gabriellia.Cookie@gmail.com,worker,21278
21378,Yvonne,Ellord,Yvonne.Ellord@yopmail.com,Yvonne.Ellord@gmail.com,doctor,21279
21379,Catharine,Keily,Catharine.Keily@yopmail.com,Catharine.Keily@gmail.com,police officer,21280
21380,Lynnea,Vanni,Lynnea.Vanni@yopmail.com,Lynnea.Vanni@gmail.com,police officer,21281
21381,Jenilee,Pip,Jenilee.Pip@yopmail.com,Jenilee.Pip@gmail.com,doctor,21282
21382,Jere,Sasnett,Jere.Sasnett@yopmail.com,Jere.Sasnett@gmail.com,worker,21283
21383,Maud,Fry,Maud.Fry@yopmail.com,Maud.Fry@gmail.com,firefighter,21284
21384,Alyda,Wenda,Alyda.Wenda@yopmail.com,Alyda.Wenda@gmail.com,developer,21285
21385,Fawne,Abernon,Fawne.Abernon@yopmail.com,Fawne.Abernon@gmail.com,police officer,21286
21386,Drucie,Demitria,Drucie.Demitria@yopmail.com,Drucie.Demitria@gmail.com,doctor,21287
21387,Genovera,Teryn,Genovera.Teryn@yopmail.com,Genovera.Teryn@gmail.com,police officer,21288
21388,Lulita,Gahl,Lulita.Gahl@yopmail.com,Lulita.Gahl@gmail.com,worker,21289
21389,Caryl,Halsey,Caryl.Halsey@yopmail.com,Caryl.Halsey@gmail.com,doctor,21290
21390,Marleah,Stephie,Marleah.Stephie@yopmail.com,Marleah.Stephie@gmail.com,doctor,21291
21391,Damaris,Nerita,Damaris.Nerita@yopmail.com,Damaris.Nerita@gmail.com,police officer,21292
21392,Phedra,Rogerio,Phedra.Rogerio@yopmail.com,Phedra.Rogerio@gmail.com,firefighter,21293
21393,Nollie,Girardo,Nollie.Girardo@yopmail.com,Nollie.Girardo@gmail.com,doctor,21294
21394,Olwen,Mandler,Olwen.Mandler@yopmail.com,Olwen.Mandler@gmail.com,worker,21295
21395,Hildegaard,Meter,Hildegaard.Meter@yopmail.com,Hildegaard.Meter@gmail.com,worker,21296
21396,Ginnie,Dorine,Ginnie.Dorine@yopmail.com,Ginnie.Dorine@gmail.com,police officer,21297
21397,Calla,Yerkovich,Calla.Yerkovich@yopmail.com,Calla.Yerkovich@gmail.com,firefighter,21298
21398,Kirstin,Chinua,Kirstin.Chinua@yopmail.com,Kirstin.Chinua@gmail.com,worker,21299
21399,Dede,Tillford,Dede.Tillford@yopmail.com,Dede.Tillford@gmail.com,firefighter,21300
21400,Wendi,Othilia,Wendi.Othilia@yopmail.com,Wendi.Othilia@gmail.com,police officer,21301
21401,Hyacinthe,Mich,Hyacinthe.Mich@yopmail.com,Hyacinthe.Mich@gmail.com,firefighter,21302
21402,Lexine,Rosette,Lexine.Rosette@yopmail.com,Lexine.Rosette@gmail.com,worker,21303
21403,Doro,Rillings,Doro.Rillings@yopmail.com,Doro.Rillings@gmail.com,worker,21304
21404,Orsola,Linehan,Orsola.Linehan@yopmail.com,Orsola.Linehan@gmail.com,developer,21305
21405,Aeriela,Quent,Aeriela.Quent@yopmail.com,Aeriela.Quent@gmail.com,worker,21306
21406,Jenda,Oster,Jenda.Oster@yopmail.com,Jenda.Oster@gmail.com,doctor,21307
21407,Merry,Audly,Merry.Audly@yopmail.com,Merry.Audly@gmail.com,developer,21308
21408,Raina,Sidonius,Raina.Sidonius@yopmail.com,Raina.Sidonius@gmail.com,developer,21309
21409,Ninnetta,Ball,Ninnetta.Ball@yopmail.com,Ninnetta.Ball@gmail.com,doctor,21310
21410,Zondra,Deegan,Zondra.Deegan@yopmail.com,Zondra.Deegan@gmail.com,developer,21311
21411,Renae,Friede,Renae.Friede@yopmail.com,Renae.Friede@gmail.com,worker,21312
21412,Pierette,Radu,Pierette.Radu@yopmail.com,Pierette.Radu@gmail.com,doctor,21313
21413,Concettina,Thad,Concettina.Thad@yopmail.com,Concettina.Thad@gmail.com,doctor,21314
21414,Gaylene,Emmy,Gaylene.Emmy@yopmail.com,Gaylene.Emmy@gmail.com,worker,21315
21415,Olivette,Guthrie,Olivette.Guthrie@yopmail.com,Olivette.Guthrie@gmail.com,developer,21316
21416,Anestassia,Monk,Anestassia.Monk@yopmail.com,Anestassia.Monk@gmail.com,police officer,21317
21417,Paola,Weinreb,Paola.Weinreb@yopmail.com,Paola.Weinreb@gmail.com,worker,21318
21418,Dotty,Philoo,Dotty.Philoo@yopmail.com,Dotty.Philoo@gmail.com,firefighter,21319
21419,Edee,Vary,Edee.Vary@yopmail.com,Edee.Vary@gmail.com,developer,21320
21420,Jolyn,Schwejda,Jolyn.Schwejda@yopmail.com,Jolyn.Schwejda@gmail.com,worker,21321
21421,Farrah,Odysseus,Farrah.Odysseus@yopmail.com,Farrah.Odysseus@gmail.com,doctor,21322
21422,Silvana,Chinua,Silvana.Chinua@yopmail.com,Silvana.Chinua@gmail.com,worker,21323
21423,Goldie,Fax,Goldie.Fax@yopmail.com,Goldie.Fax@gmail.com,worker,21324
21424,Maurene,Gahl,Maurene.Gahl@yopmail.com,Maurene.Gahl@gmail.com,developer,21325
21425,Vivia,Himelman,Vivia.Himelman@yopmail.com,Vivia.Himelman@gmail.com,developer,21326
21426,Delilah,Engdahl,Delilah.Engdahl@yopmail.com,Delilah.Engdahl@gmail.com,developer,21327
21427,Addia,Cherianne,Addia.Cherianne@yopmail.com,Addia.Cherianne@gmail.com,developer,21328
21428,Georgina,Mata,Georgina.Mata@yopmail.com,Georgina.Mata@gmail.com,worker,21329
21429,Modestia,Maribeth,Modestia.Maribeth@yopmail.com,Modestia.Maribeth@gmail.com,worker,21330
21430,Tracey,Morehouse,Tracey.Morehouse@yopmail.com,Tracey.Morehouse@gmail.com,developer,21331
21431,Sue,Elvyn,Sue.Elvyn@yopmail.com,Sue.Elvyn@gmail.com,worker,21332
21432,Raina,Colleen,Raina.Colleen@yopmail.com,Raina.Colleen@gmail.com,police officer,21333
21433,Devina,Vanni,Devina.Vanni@yopmail.com,Devina.Vanni@gmail.com,police officer,21334
21434,Joelly,Gaulin,Joelly.Gaulin@yopmail.com,Joelly.Gaulin@gmail.com,doctor,21335
21435,Kate,Love,Kate.Love@yopmail.com,Kate.Love@gmail.com,worker,21336
21436,Myrtice,Loring,Myrtice.Loring@yopmail.com,Myrtice.Loring@gmail.com,developer,21337
21437,Oona,Friede,Oona.Friede@yopmail.com,Oona.Friede@gmail.com,firefighter,21338
21438,Giustina,Alcott,Giustina.Alcott@yopmail.com,Giustina.Alcott@gmail.com,worker,21339
21439,Dennie,Annice,Dennie.Annice@yopmail.com,Dennie.Annice@gmail.com,developer,21340
21440,Trudie,Zitvaa,Trudie.Zitvaa@yopmail.com,Trudie.Zitvaa@gmail.com,police officer,21341
21441,Dione,Grosz,Dione.Grosz@yopmail.com,Dione.Grosz@gmail.com,worker,21342
21442,Shel,Mintz,Shel.Mintz@yopmail.com,Shel.Mintz@gmail.com,worker,21343
21443,Tressa,Eldrid,Tressa.Eldrid@yopmail.com,Tressa.Eldrid@gmail.com,firefighter,21344
21444,Libbie,Lauraine,Libbie.Lauraine@yopmail.com,Libbie.Lauraine@gmail.com,developer,21345
21445,Berta,Septima,Berta.Septima@yopmail.com,Berta.Septima@gmail.com,worker,21346
21446,Jemie,Teddman,Jemie.Teddman@yopmail.com,Jemie.Teddman@gmail.com,firefighter,21347
21447,Fred,Sinegold,Fred.Sinegold@yopmail.com,Fred.Sinegold@gmail.com,worker,21348
21448,Alisha,Bertold,Alisha.Bertold@yopmail.com,Alisha.Bertold@gmail.com,worker,21349
21449,Leeanne,Vernier,Leeanne.Vernier@yopmail.com,Leeanne.Vernier@gmail.com,police officer,21350
21450,Carlie,Dex,Carlie.Dex@yopmail.com,Carlie.Dex@gmail.com,doctor,21351
21451,Arlina,Tamsky,Arlina.Tamsky@yopmail.com,Arlina.Tamsky@gmail.com,doctor,21352
21452,Chere,Berriman,Chere.Berriman@yopmail.com,Chere.Berriman@gmail.com,doctor,21353
21453,Daryl,Libna,Daryl.Libna@yopmail.com,Daryl.Libna@gmail.com,firefighter,21354
21454,Eugine,Faso,Eugine.Faso@yopmail.com,Eugine.Faso@gmail.com,doctor,21355
21455,Deane,Carri,Deane.Carri@yopmail.com,Deane.Carri@gmail.com,worker,21356
21456,Roberta,Stuart,Roberta.Stuart@yopmail.com,Roberta.Stuart@gmail.com,worker,21357
21457,Joleen,Trinetta,Joleen.Trinetta@yopmail.com,Joleen.Trinetta@gmail.com,developer,21358
21458,Teriann,Gregrory,Teriann.Gregrory@yopmail.com,Teriann.Gregrory@gmail.com,doctor,21359
21459,Valera,Celestine,Valera.Celestine@yopmail.com,Valera.Celestine@gmail.com,worker,21360
21460,Atlanta,Ranjiv,Atlanta.Ranjiv@yopmail.com,Atlanta.Ranjiv@gmail.com,developer,21361
21461,Heida,Suk,Heida.Suk@yopmail.com,Heida.Suk@gmail.com,police officer,21362
21462,Letizia,Sabella,Letizia.Sabella@yopmail.com,Letizia.Sabella@gmail.com,worker,21363
21463,Lanna,Wesle,Lanna.Wesle@yopmail.com,Lanna.Wesle@gmail.com,police officer,21364
21464,Celestyna,Ailyn,Celestyna.Ailyn@yopmail.com,Celestyna.Ailyn@gmail.com,developer,21365
21465,Fredericka,Smitt,Fredericka.Smitt@yopmail.com,Fredericka.Smitt@gmail.com,doctor,21366
21466,Yvonne,Gordon,Yvonne.Gordon@yopmail.com,Yvonne.Gordon@gmail.com,worker,21367
21467,Christian,My,Christian.My@yopmail.com,Christian.My@gmail.com,firefighter,21368
21468,Halette,Michella,Halette.Michella@yopmail.com,Halette.Michella@gmail.com,doctor,21369
21469,Drucie,Kunin,Drucie.Kunin@yopmail.com,Drucie.Kunin@gmail.com,doctor,21370
21470,Arabel,Zenas,Arabel.Zenas@yopmail.com,Arabel.Zenas@gmail.com,firefighter,21371
21471,Joelly,Mullane,Joelly.Mullane@yopmail.com,Joelly.Mullane@gmail.com,doctor,21372
21472,Veda,Dash,Veda.Dash@yopmail.com,Veda.Dash@gmail.com,developer,21373
21473,Kayla,Trinetta,Kayla.Trinetta@yopmail.com,Kayla.Trinetta@gmail.com,worker,21374
21474,Sybille,Amand,Sybille.Amand@yopmail.com,Sybille.Amand@gmail.com,worker,21375
21475,Pearline,Kat,Pearline.Kat@yopmail.com,Pearline.Kat@gmail.com,doctor,21376
21476,Celene,Milson,Celene.Milson@yopmail.com,Celene.Milson@gmail.com,firefighter,21377
21477,Wanda,Gherardo,Wanda.Gherardo@yopmail.com,Wanda.Gherardo@gmail.com,worker,21378
21478,Donetta,Hoenack,Donetta.Hoenack@yopmail.com,Donetta.Hoenack@gmail.com,worker,21379
21479,Emelina,Niccolo,Emelina.Niccolo@yopmail.com,Emelina.Niccolo@gmail.com,developer,21380
21480,Lila,Reneta,Lila.Reneta@yopmail.com,Lila.Reneta@gmail.com,doctor,21381
21481,Ileana,Ochs,Ileana.Ochs@yopmail.com,Ileana.Ochs@gmail.com,police officer,21382
21482,Mamie,Palocz,Mamie.Palocz@yopmail.com,Mamie.Palocz@gmail.com,developer,21383
21483,Renie,Raseda,Renie.Raseda@yopmail.com,Renie.Raseda@gmail.com,firefighter,21384
21484,Blake,Percy,Blake.Percy@yopmail.com,Blake.Percy@gmail.com,developer,21385
21485,Amelia,Lay,Amelia.Lay@yopmail.com,Amelia.Lay@gmail.com,worker,21386
21486,Cindelyn,Hurley,Cindelyn.Hurley@yopmail.com,Cindelyn.Hurley@gmail.com,doctor,21387
21487,Ekaterina,Goldina,Ekaterina.Goldina@yopmail.com,Ekaterina.Goldina@gmail.com,developer,21388
21488,Amii,Wadell,Amii.Wadell@yopmail.com,Amii.Wadell@gmail.com,developer,21389
21489,Lolita,Bury,Lolita.Bury@yopmail.com,Lolita.Bury@gmail.com,worker,21390
21490,Ardys,Zeeba,Ardys.Zeeba@yopmail.com,Ardys.Zeeba@gmail.com,doctor,21391
21491,Jessamyn,Halla,Jessamyn.Halla@yopmail.com,Jessamyn.Halla@gmail.com,developer,21392
21492,Althea,Schalles,Althea.Schalles@yopmail.com,Althea.Schalles@gmail.com,police officer,21393
21493,Mathilda,Shuler,Mathilda.Shuler@yopmail.com,Mathilda.Shuler@gmail.com,worker,21394
21494,Sidoney,Dex,Sidoney.Dex@yopmail.com,Sidoney.Dex@gmail.com,police officer,21395
21495,Zsa Zsa,Sancho,Zsa Zsa.Sancho@yopmail.com,Zsa Zsa.Sancho@gmail.com,worker,21396
21496,Elbertina,Solitta,Elbertina.Solitta@yopmail.com,Elbertina.Solitta@gmail.com,worker,21397
21497,Tilly,Arley,Tilly.Arley@yopmail.com,Tilly.Arley@gmail.com,developer,21398
21498,Sean,Markman,Sean.Markman@yopmail.com,Sean.Markman@gmail.com,doctor,21399
21499,Barbara,Evangelia,Barbara.Evangelia@yopmail.com,Barbara.Evangelia@gmail.com,worker,21400
21500,Iseabal,Sparhawk,Iseabal.Sparhawk@yopmail.com,Iseabal.Sparhawk@gmail.com,police officer,21401
21501,Latisha,Alexandr,Latisha.Alexandr@yopmail.com,Latisha.Alexandr@gmail.com,police officer,21402
21502,Ekaterina,Kannry,Ekaterina.Kannry@yopmail.com,Ekaterina.Kannry@gmail.com,worker,21403
21503,Nollie,Dawkins,Nollie.Dawkins@yopmail.com,Nollie.Dawkins@gmail.com,police officer,21404
21504,Teriann,Hieronymus,Teriann.Hieronymus@yopmail.com,Teriann.Hieronymus@gmail.com,worker,21405
21505,Sallie,Tannie,Sallie.Tannie@yopmail.com,Sallie.Tannie@gmail.com,developer,21406
21506,Sarette,Smitt,Sarette.Smitt@yopmail.com,Sarette.Smitt@gmail.com,doctor,21407
21507,Sheree,Rona,Sheree.Rona@yopmail.com,Sheree.Rona@gmail.com,police officer,21408
21508,Talya,Tamar,Talya.Tamar@yopmail.com,Talya.Tamar@gmail.com,worker,21409
21509,Merry,Latini,Merry.Latini@yopmail.com,Merry.Latini@gmail.com,doctor,21410
21510,Evita,Rona,Evita.Rona@yopmail.com,Evita.Rona@gmail.com,developer,21411
21511,Antonietta,Kussell,Antonietta.Kussell@yopmail.com,Antonietta.Kussell@gmail.com,doctor,21412
21512,Leia,Morgun,Leia.Morgun@yopmail.com,Leia.Morgun@gmail.com,worker,21413
21513,Jerry,Chandler,Jerry.Chandler@yopmail.com,Jerry.Chandler@gmail.com,firefighter,21414
21514,Lanna,Cutlerr,Lanna.Cutlerr@yopmail.com,Lanna.Cutlerr@gmail.com,worker,21415
21515,Ebonee,Schalles,Ebonee.Schalles@yopmail.com,Ebonee.Schalles@gmail.com,firefighter,21416
21516,Gaylene,Stav,Gaylene.Stav@yopmail.com,Gaylene.Stav@gmail.com,doctor,21417
21517,Norine,Peti,Norine.Peti@yopmail.com,Norine.Peti@gmail.com,doctor,21418
21518,Merle,Chapland,Merle.Chapland@yopmail.com,Merle.Chapland@gmail.com,worker,21419
21519,Berta,Dom,Berta.Dom@yopmail.com,Berta.Dom@gmail.com,police officer,21420
21520,Robbi,Lytton,Robbi.Lytton@yopmail.com,Robbi.Lytton@gmail.com,firefighter,21421
21521,Ellette,Elisha,Ellette.Elisha@yopmail.com,Ellette.Elisha@gmail.com,doctor,21422
21522,Ulrike,Niles,Ulrike.Niles@yopmail.com,Ulrike.Niles@gmail.com,developer,21423
21523,Tabbatha,Kussell,Tabbatha.Kussell@yopmail.com,Tabbatha.Kussell@gmail.com,developer,21424
21524,Iseabal,Sheng,Iseabal.Sheng@yopmail.com,Iseabal.Sheng@gmail.com,developer,21425
21525,Lynde,Ajay,Lynde.Ajay@yopmail.com,Lynde.Ajay@gmail.com,doctor,21426
21526,Maud,Truc,Maud.Truc@yopmail.com,Maud.Truc@gmail.com,police officer,21427
21527,Ana,Matthew,Ana.Matthew@yopmail.com,Ana.Matthew@gmail.com,worker,21428
21528,Agnese,Olnee,Agnese.Olnee@yopmail.com,Agnese.Olnee@gmail.com,developer,21429
21529,Annabela,Caitlin,Annabela.Caitlin@yopmail.com,Annabela.Caitlin@gmail.com,worker,21430
21530,Stephanie,Bronk,Stephanie.Bronk@yopmail.com,Stephanie.Bronk@gmail.com,developer,21431
21531,Susette,Paton,Susette.Paton@yopmail.com,Susette.Paton@gmail.com,developer,21432
21532,Delilah,Harriman,Delilah.Harriman@yopmail.com,Delilah.Harriman@gmail.com,firefighter,21433
21533,Renie,Gwenore,Renie.Gwenore@yopmail.com,Renie.Gwenore@gmail.com,firefighter,21434
21534,Dale,Weitman,Dale.Weitman@yopmail.com,Dale.Weitman@gmail.com,police officer,21435
21535,Kayla,Olympium,Kayla.Olympium@yopmail.com,Kayla.Olympium@gmail.com,developer,21436
21536,Mary,Diann,Mary.Diann@yopmail.com,Mary.Diann@gmail.com,worker,21437
21537,Goldie,Gillan,Goldie.Gillan@yopmail.com,Goldie.Gillan@gmail.com,developer,21438
21538,Audrie,Hazlett,Audrie.Hazlett@yopmail.com,Audrie.Hazlett@gmail.com,developer,21439
21539,Jan,Glenden,Jan.Glenden@yopmail.com,Jan.Glenden@gmail.com,police officer,21440
21540,Leeanne,Haldas,Leeanne.Haldas@yopmail.com,Leeanne.Haldas@gmail.com,doctor,21441
21541,Shauna,Fulmer,Shauna.Fulmer@yopmail.com,Shauna.Fulmer@gmail.com,police officer,21442
21542,Linet,Cherianne,Linet.Cherianne@yopmail.com,Linet.Cherianne@gmail.com,firefighter,21443
21543,Gabriellia,Percy,Gabriellia.Percy@yopmail.com,Gabriellia.Percy@gmail.com,developer,21444
21544,Kimmy,Tyson,Kimmy.Tyson@yopmail.com,Kimmy.Tyson@gmail.com,developer,21445
21545,Vita,Burch,Vita.Burch@yopmail.com,Vita.Burch@gmail.com,firefighter,21446
21546,Winny,Roscoe,Winny.Roscoe@yopmail.com,Winny.Roscoe@gmail.com,developer,21447
21547,Elvira,Saint,Elvira.Saint@yopmail.com,Elvira.Saint@gmail.com,worker,21448
21548,Ulrike,Germann,Ulrike.Germann@yopmail.com,Ulrike.Germann@gmail.com,police officer,21449
21549,Kenna,Jary,Kenna.Jary@yopmail.com,Kenna.Jary@gmail.com,firefighter,21450
21550,Raina,Hashim,Raina.Hashim@yopmail.com,Raina.Hashim@gmail.com,doctor,21451
21551,Annice,Cath,Annice.Cath@yopmail.com,Annice.Cath@gmail.com,firefighter,21452
21552,Adore,Kress,Adore.Kress@yopmail.com,Adore.Kress@gmail.com,worker,21453
21553,Livvyy,Ogren,Livvyy.Ogren@yopmail.com,Livvyy.Ogren@gmail.com,developer,21454
21554,Kore,Barrus,Kore.Barrus@yopmail.com,Kore.Barrus@gmail.com,developer,21455
21555,Dione,Ambrosia,Dione.Ambrosia@yopmail.com,Dione.Ambrosia@gmail.com,doctor,21456
21556,Tracey,Romelda,Tracey.Romelda@yopmail.com,Tracey.Romelda@gmail.com,firefighter,21457
21557,Concettina,Fink,Concettina.Fink@yopmail.com,Concettina.Fink@gmail.com,firefighter,21458
21558,Fred,Paine,Fred.Paine@yopmail.com,Fred.Paine@gmail.com,police officer,21459
21559,Andeee,Bennie,Andeee.Bennie@yopmail.com,Andeee.Bennie@gmail.com,worker,21460
21560,Edyth,Payson,Edyth.Payson@yopmail.com,Edyth.Payson@gmail.com,firefighter,21461
21561,Dari,Burkle,Dari.Burkle@yopmail.com,Dari.Burkle@gmail.com,police officer,21462
21562,Cordi,Alwin,Cordi.Alwin@yopmail.com,Cordi.Alwin@gmail.com,doctor,21463
21563,Lizzie,Afton,Lizzie.Afton@yopmail.com,Lizzie.Afton@gmail.com,doctor,21464
21564,Kristina,Riordan,Kristina.Riordan@yopmail.com,Kristina.Riordan@gmail.com,worker,21465
21565,Goldie,Gaal,Goldie.Gaal@yopmail.com,Goldie.Gaal@gmail.com,developer,21466
21566,Ardenia,Mathilde,Ardenia.Mathilde@yopmail.com,Ardenia.Mathilde@gmail.com,developer,21467
21567,Kenna,Bevin,Kenna.Bevin@yopmail.com,Kenna.Bevin@gmail.com,developer,21468
21568,Sonni,Annice,Sonni.Annice@yopmail.com,Sonni.Annice@gmail.com,doctor,21469
21569,Dode,Jagir,Dode.Jagir@yopmail.com,Dode.Jagir@gmail.com,worker,21470
21570,Ezmeralda,Kendrick,Ezmeralda.Kendrick@yopmail.com,Ezmeralda.Kendrick@gmail.com,worker,21471
21571,Adele,Madelene,Adele.Madelene@yopmail.com,Adele.Madelene@gmail.com,firefighter,21472
21572,Hyacinthe,Wiener,Hyacinthe.Wiener@yopmail.com,Hyacinthe.Wiener@gmail.com,worker,21473
21573,Dale,Brotherson,Dale.Brotherson@yopmail.com,Dale.Brotherson@gmail.com,firefighter,21474
21574,Diena,Mayeda,Diena.Mayeda@yopmail.com,Diena.Mayeda@gmail.com,police officer,21475
21575,Tatiania,Pelagias,Tatiania.Pelagias@yopmail.com,Tatiania.Pelagias@gmail.com,firefighter,21476
21576,Mathilda,Hilbert,Mathilda.Hilbert@yopmail.com,Mathilda.Hilbert@gmail.com,doctor,21477
21577,Kalina,My,Kalina.My@yopmail.com,Kalina.My@gmail.com,firefighter,21478
21578,Mureil,Georgy,Mureil.Georgy@yopmail.com,Mureil.Georgy@gmail.com,worker,21479
21579,Mellicent,Raul,Mellicent.Raul@yopmail.com,Mellicent.Raul@gmail.com,firefighter,21480
21580,Blinni,Blisse,Blinni.Blisse@yopmail.com,Blinni.Blisse@gmail.com,police officer,21481
21581,Arabel,Burch,Arabel.Burch@yopmail.com,Arabel.Burch@gmail.com,firefighter,21482
21582,Elyssa,Durante,Elyssa.Durante@yopmail.com,Elyssa.Durante@gmail.com,firefighter,21483
21583,Kirbee,Podvin,Kirbee.Podvin@yopmail.com,Kirbee.Podvin@gmail.com,police officer,21484
21584,Almeta,Jeanne,Almeta.Jeanne@yopmail.com,Almeta.Jeanne@gmail.com,firefighter,21485
21585,Genovera,Palocz,Genovera.Palocz@yopmail.com,Genovera.Palocz@gmail.com,developer,21486
21586,Iseabal,Ajay,Iseabal.Ajay@yopmail.com,Iseabal.Ajay@gmail.com,police officer,21487
21587,Reeba,Tippets,Reeba.Tippets@yopmail.com,Reeba.Tippets@gmail.com,worker,21488
21588,Margalo,Sharl,Margalo.Sharl@yopmail.com,Margalo.Sharl@gmail.com,firefighter,21489
21589,Alexine,Clie,Alexine.Clie@yopmail.com,Alexine.Clie@gmail.com,worker,21490
21590,Dolli,Cornelia,Dolli.Cornelia@yopmail.com,Dolli.Cornelia@gmail.com,doctor,21491
21591,Dorene,Fax,Dorene.Fax@yopmail.com,Dorene.Fax@gmail.com,worker,21492
21592,Eugine,Danby,Eugine.Danby@yopmail.com,Eugine.Danby@gmail.com,doctor,21493
21593,Lusa,Vittoria,Lusa.Vittoria@yopmail.com,Lusa.Vittoria@gmail.com,developer,21494
21594,Penelopa,Maisey,Penelopa.Maisey@yopmail.com,Penelopa.Maisey@gmail.com,police officer,21495
21595,Lucille,Wiener,Lucille.Wiener@yopmail.com,Lucille.Wiener@gmail.com,firefighter,21496
21596,Tamqrah,Halla,Tamqrah.Halla@yopmail.com,Tamqrah.Halla@gmail.com,police officer,21497
21597,Stacey,Lucienne,Stacey.Lucienne@yopmail.com,Stacey.Lucienne@gmail.com,doctor,21498
21598,Atlanta,Abram,Atlanta.Abram@yopmail.com,Atlanta.Abram@gmail.com,doctor,21499
21599,Joane,Eiser,Joane.Eiser@yopmail.com,Joane.Eiser@gmail.com,doctor,21500
