id,firstname,lastname,email,email2,profession,Field Name
14600,Sharai,Nea,Sharai.Nea@yopmail.com,Sharai.Nea@gmail.com,worker,14501
14601,Caressa,Melan,Caressa.Melan@yopmail.com,Caressa.Melan@gmail.com,doctor,14502
14602,Sissy,Croix,Sissy.Croix@yopmail.com,Sissy.Croix@gmail.com,developer,14503
14603,Tersina,Jerold,Tersina.Jerold@yopmail.com,Tersina.Jerold@gmail.com,doctor,14504
14604,Olivette,Teryn,Olivette.Teryn@yopmail.com,Olivette.Teryn@gmail.com,worker,14505
14605,Deloria,Bouchard,Deloria.Bouchard@yopmail.com,Deloria.Bouchard@gmail.com,police officer,14506
14606,Giustina,Mayeda,Giustina.Mayeda@yopmail.com,Giustina.Mayeda@gmail.com,doctor,14507
14607,Beatriz,Barrus,Beatriz.Barrus@yopmail.com,Beatriz.Barrus@gmail.com,firefighter,14508
14608,Nananne,Carey,Nananne.Carey@yopmail.com,Nananne.Carey@gmail.com,worker,14509
14609,Violet,Papageno,Violet.Papageno@yopmail.com,Violet.Papageno@gmail.com,doctor,14510
14610,Mady,Deegan,Mady.Deegan@yopmail.com,Mady.Deegan@gmail.com,doctor,14511
14611,Sadie,Melleta,Sadie.Melleta@yopmail.com,Sadie.Melleta@gmail.com,developer,14512
14612,Joy,Edvard,Joy.Edvard@yopmail.com,Joy.Edvard@gmail.com,developer,14513
14613,Bertine,Kellby,Bertine.Kellby@yopmail.com,Bertine.Kellby@gmail.com,firefighter,14514
14614,Giustina,Jefferey,Giustina.Jefferey@yopmail.com,Giustina.Jefferey@gmail.com,worker,14515
14615,Kathi,Nunci,Kathi.Nunci@yopmail.com,Kathi.Nunci@gmail.com,firefighter,14516
14616,Iseabal,Charity,Iseabal.Charity@yopmail.com,Iseabal.Charity@gmail.com,police officer,14517
14617,Katharina,Vanni,Katharina.Vanni@yopmail.com,Katharina.Vanni@gmail.com,doctor,14518
14618,Larine,Amasa,Larine.Amasa@yopmail.com,Larine.Amasa@gmail.com,police officer,14519
14619,Cristine,Modie,Cristine.Modie@yopmail.com,Cristine.Modie@gmail.com,worker,14520
14620,Augustine,Amadas,Augustine.Amadas@yopmail.com,Augustine.Amadas@gmail.com,developer,14521
14621,Dulcinea,Telfer,Dulcinea.Telfer@yopmail.com,Dulcinea.Telfer@gmail.com,doctor,14522
14622,Margette,Leary,Margette.Leary@yopmail.com,Margette.Leary@gmail.com,developer,14523
14623,Basia,Weaks,Basia.Weaks@yopmail.com,Basia.Weaks@gmail.com,worker,14524
14624,Albertina,Shelba,Albertina.Shelba@yopmail.com,Albertina.Shelba@gmail.com,developer,14525
14625,Luci,Jarib,Luci.Jarib@yopmail.com,Luci.Jarib@gmail.com,police officer,14526
14626,Damaris,Schonfeld,Damaris.Schonfeld@yopmail.com,Damaris.Schonfeld@gmail.com,firefighter,14527
14627,Lizzie,Tengdin,Lizzie.Tengdin@yopmail.com,Lizzie.Tengdin@gmail.com,worker,14528
14628,Fred,Ethban,Fred.Ethban@yopmail.com,Fred.Ethban@gmail.com,worker,14529
14629,Gaylene,Ciro,Gaylene.Ciro@yopmail.com,Gaylene.Ciro@gmail.com,worker,14530
14630,Andree,Frodi,Andree.Frodi@yopmail.com,Andree.Frodi@gmail.com,developer,14531
14631,Joeann,Leopold,Joeann.Leopold@yopmail.com,Joeann.Leopold@gmail.com,worker,14532
14632,Alex,August,Alex.August@yopmail.com,Alex.August@gmail.com,police officer,14533
14633,Rosaline,Gahl,Rosaline.Gahl@yopmail.com,Rosaline.Gahl@gmail.com,developer,14534
14634,Arlena,Bettine,Arlena.Bettine@yopmail.com,Arlena.Bettine@gmail.com,worker,14535
14635,Gaylene,Teryn,Gaylene.Teryn@yopmail.com,Gaylene.Teryn@gmail.com,firefighter,14536
14636,Nita,Garlinda,Nita.Garlinda@yopmail.com,Nita.Garlinda@gmail.com,police officer,14537
14637,Adelle,Boycey,Adelle.Boycey@yopmail.com,Adelle.Boycey@gmail.com,firefighter,14538
14638,Kellen,Weitman,Kellen.Weitman@yopmail.com,Kellen.Weitman@gmail.com,doctor,14539
14639,Gloria,Arquit,Gloria.Arquit@yopmail.com,Gloria.Arquit@gmail.com,police officer,14540
14640,Gusella,Ball,Gusella.Ball@yopmail.com,Gusella.Ball@gmail.com,police officer,14541
14641,Thalia,Iiette,Thalia.Iiette@yopmail.com,Thalia.Iiette@gmail.com,doctor,14542
14642,Shaylyn,Garrison,Shaylyn.Garrison@yopmail.com,Shaylyn.Garrison@gmail.com,developer,14543
14643,Rubie,Mehalek,Rubie.Mehalek@yopmail.com,Rubie.Mehalek@gmail.com,doctor,14544
14644,Tabbatha,Fabiola,Tabbatha.Fabiola@yopmail.com,Tabbatha.Fabiola@gmail.com,police officer,14545
14645,Bernie,Jillane,Bernie.Jillane@yopmail.com,Bernie.Jillane@gmail.com,firefighter,14546
14646,Tina,Konyn,Tina.Konyn@yopmail.com,Tina.Konyn@gmail.com,police officer,14547
14647,Annaliese,Gillan,Annaliese.Gillan@yopmail.com,Annaliese.Gillan@gmail.com,firefighter,14548
14648,Teddie,Longfellow,Teddie.Longfellow@yopmail.com,Teddie.Longfellow@gmail.com,doctor,14549
14649,Maye,Pacorro,Maye.Pacorro@yopmail.com,Maye.Pacorro@gmail.com,worker,14550
14650,Daphne,Kirbee,Daphne.Kirbee@yopmail.com,Daphne.Kirbee@gmail.com,firefighter,14551
14651,Kaia,Reneta,Kaia.Reneta@yopmail.com,Kaia.Reneta@gmail.com,police officer,14552
14652,Fidelia,Tiffa,Fidelia.Tiffa@yopmail.com,Fidelia.Tiffa@gmail.com,worker,14553
14653,Clary,Giff,Clary.Giff@yopmail.com,Clary.Giff@gmail.com,police officer,14554
14654,Rochette,Chick,Rochette.Chick@yopmail.com,Rochette.Chick@gmail.com,police officer,14555
14655,Luci,Beebe,Luci.Beebe@yopmail.com,Luci.Beebe@gmail.com,firefighter,14556
14656,Blake,Caitlin,Blake.Caitlin@yopmail.com,Blake.Caitlin@gmail.com,firefighter,14557
14657,Fernande,Slifka,Fernande.Slifka@yopmail.com,Fernande.Slifka@gmail.com,doctor,14558
14658,Brandise,Stephie,Brandise.Stephie@yopmail.com,Brandise.Stephie@gmail.com,developer,14559
14659,Olivette,Revkah,Olivette.Revkah@yopmail.com,Olivette.Revkah@gmail.com,firefighter,14560
14660,Carlie,Serilda,Carlie.Serilda@yopmail.com,Carlie.Serilda@gmail.com,worker,14561
14661,Marnia,Thar,Marnia.Thar@yopmail.com,Marnia.Thar@gmail.com,worker,14562
14662,Gertrud,Haerr,Gertrud.Haerr@yopmail.com,Gertrud.Haerr@gmail.com,developer,14563
14663,Gretal,Laverne,Gretal.Laverne@yopmail.com,Gretal.Laverne@gmail.com,firefighter,14564
14664,Stephanie,Craggie,Stephanie.Craggie@yopmail.com,Stephanie.Craggie@gmail.com,developer,14565
14665,Marsiella,Thema,Marsiella.Thema@yopmail.com,Marsiella.Thema@gmail.com,worker,14566
14666,Goldie,Sekofski,Goldie.Sekofski@yopmail.com,Goldie.Sekofski@gmail.com,police officer,14567
14667,Roslyn,Schalles,Roslyn.Schalles@yopmail.com,Roslyn.Schalles@gmail.com,worker,14568
14668,Ermengarde,Gibbeon,Ermengarde.Gibbeon@yopmail.com,Ermengarde.Gibbeon@gmail.com,police officer,14569
14669,Maye,Ferino,Maye.Ferino@yopmail.com,Maye.Ferino@gmail.com,developer,14570
14670,Marylou,My,Marylou.My@yopmail.com,Marylou.My@gmail.com,police officer,14571
14671,Jemie,Neils,Jemie.Neils@yopmail.com,Jemie.Neils@gmail.com,doctor,14572
14672,Nikki,Kravits,Nikki.Kravits@yopmail.com,Nikki.Kravits@gmail.com,developer,14573
14673,June,Herrera,June.Herrera@yopmail.com,June.Herrera@gmail.com,firefighter,14574
14674,Flory,Atonsah,Flory.Atonsah@yopmail.com,Flory.Atonsah@gmail.com,developer,14575
14675,Deane,Edvard,Deane.Edvard@yopmail.com,Deane.Edvard@gmail.com,worker,14576
14676,Carlie,Cleavland,Carlie.Cleavland@yopmail.com,Carlie.Cleavland@gmail.com,doctor,14577
14677,Marjie,Pyle,Marjie.Pyle@yopmail.com,Marjie.Pyle@gmail.com,police officer,14578
14678,Neila,Zamora,Neila.Zamora@yopmail.com,Neila.Zamora@gmail.com,worker,14579
14679,Latisha,Dowski,Latisha.Dowski@yopmail.com,Latisha.Dowski@gmail.com,firefighter,14580
14680,Fernande,Honoria,Fernande.Honoria@yopmail.com,Fernande.Honoria@gmail.com,firefighter,14581
14681,Marline,Narton,Marline.Narton@yopmail.com,Marline.Narton@gmail.com,developer,14582
14682,Leontine,Trey,Leontine.Trey@yopmail.com,Leontine.Trey@gmail.com,firefighter,14583
14683,Ebonee,Emanuel,Ebonee.Emanuel@yopmail.com,Ebonee.Emanuel@gmail.com,police officer,14584
14684,Raina,Mata,Raina.Mata@yopmail.com,Raina.Mata@gmail.com,developer,14585
14685,Tersina,Bivins,Tersina.Bivins@yopmail.com,Tersina.Bivins@gmail.com,firefighter,14586
14686,Yetty,Georas,Yetty.Georas@yopmail.com,Yetty.Georas@gmail.com,worker,14587
14687,Berta,Geffner,Berta.Geffner@yopmail.com,Berta.Geffner@gmail.com,developer,14588
14688,Merrie,Bennie,Merrie.Bennie@yopmail.com,Merrie.Bennie@gmail.com,developer,14589
14689,Jolyn,Delacourt,Jolyn.Delacourt@yopmail.com,Jolyn.Delacourt@gmail.com,worker,14590
14690,Augustine,Aprile,Augustine.Aprile@yopmail.com,Augustine.Aprile@gmail.com,worker,14591
14691,Kelly,Weinreb,Kelly.Weinreb@yopmail.com,Kelly.Weinreb@gmail.com,firefighter,14592
14692,Paulita,Wesle,Paulita.Wesle@yopmail.com,Paulita.Wesle@gmail.com,developer,14593
14693,Noelle,Warthman,Noelle.Warthman@yopmail.com,Noelle.Warthman@gmail.com,worker,14594
14694,Asia,Morgun,Asia.Morgun@yopmail.com,Asia.Morgun@gmail.com,doctor,14595
14695,Lenna,Chick,Lenna.Chick@yopmail.com,Lenna.Chick@gmail.com,doctor,14596
14696,Roxane,Keily,Roxane.Keily@yopmail.com,Roxane.Keily@gmail.com,firefighter,14597
14697,Anica,Bryna,Anica.Bryna@yopmail.com,Anica.Bryna@gmail.com,worker,14598
14698,Karolina,Klotz,Karolina.Klotz@yopmail.com,Karolina.Klotz@gmail.com,developer,14599
14699,Misha,Caitlin,Misha.Caitlin@yopmail.com,Misha.Caitlin@gmail.com,doctor,14600
14700,Catrina,Joeann,Catrina.Joeann@yopmail.com,Catrina.Joeann@gmail.com,firefighter,14601
14701,Fanny,Kinnard,Fanny.Kinnard@yopmail.com,Fanny.Kinnard@gmail.com,firefighter,14602
14702,Dari,Gemini,Dari.Gemini@yopmail.com,Dari.Gemini@gmail.com,developer,14603
14703,Brynna,Toffic,Brynna.Toffic@yopmail.com,Brynna.Toffic@gmail.com,firefighter,14604
14704,Sidoney,Armanda,Sidoney.Armanda@yopmail.com,Sidoney.Armanda@gmail.com,worker,14605
14705,Kittie,Ietta,Kittie.Ietta@yopmail.com,Kittie.Ietta@gmail.com,firefighter,14606
14706,Cassandra,Cyrie,Cassandra.Cyrie@yopmail.com,Cassandra.Cyrie@gmail.com,firefighter,14607
14707,Kary,Terrence,Kary.Terrence@yopmail.com,Kary.Terrence@gmail.com,police officer,14608
14708,Lusa,Krystle,Lusa.Krystle@yopmail.com,Lusa.Krystle@gmail.com,police officer,14609
14709,Cristabel,Virgin,Cristabel.Virgin@yopmail.com,Cristabel.Virgin@gmail.com,firefighter,14610
14710,Orsola,Regan,Orsola.Regan@yopmail.com,Orsola.Regan@gmail.com,police officer,14611
14711,Ida,Cynar,Ida.Cynar@yopmail.com,Ida.Cynar@gmail.com,developer,14612
14712,Pierette,Carlson,Pierette.Carlson@yopmail.com,Pierette.Carlson@gmail.com,police officer,14613
14713,Candy,Norvol,Candy.Norvol@yopmail.com,Candy.Norvol@gmail.com,worker,14614
14714,Arabel,Bord,Arabel.Bord@yopmail.com,Arabel.Bord@gmail.com,doctor,14615
14715,Amii,Willie,Amii.Willie@yopmail.com,Amii.Willie@gmail.com,doctor,14616
14716,Alexine,Cherianne,Alexine.Cherianne@yopmail.com,Alexine.Cherianne@gmail.com,firefighter,14617
14717,Tori,Adalbert,Tori.Adalbert@yopmail.com,Tori.Adalbert@gmail.com,developer,14618
14718,Ira,Alisia,Ira.Alisia@yopmail.com,Ira.Alisia@gmail.com,police officer,14619
14719,Audrie,Martguerita,Audrie.Martguerita@yopmail.com,Audrie.Martguerita@gmail.com,developer,14620
14720,Fina,Rheingold,Fina.Rheingold@yopmail.com,Fina.Rheingold@gmail.com,police officer,14621
14721,Rivalee,Zachary,Rivalee.Zachary@yopmail.com,Rivalee.Zachary@gmail.com,police officer,14622
14722,Annecorinne,Destinee,Annecorinne.Destinee@yopmail.com,Annecorinne.Destinee@gmail.com,developer,14623
14723,Betta,Guthrie,Betta.Guthrie@yopmail.com,Betta.Guthrie@gmail.com,doctor,14624
14724,Yetty,Wenda,Yetty.Wenda@yopmail.com,Yetty.Wenda@gmail.com,worker,14625
14725,Danny,Schroth,Danny.Schroth@yopmail.com,Danny.Schroth@gmail.com,developer,14626
14726,Olwen,Honoria,Olwen.Honoria@yopmail.com,Olwen.Honoria@gmail.com,doctor,14627
14727,Valli,Kevon,Valli.Kevon@yopmail.com,Valli.Kevon@gmail.com,doctor,14628
14728,Delilah,Bevin,Delilah.Bevin@yopmail.com,Delilah.Bevin@gmail.com,developer,14629
14729,Jolyn,Greyson,Jolyn.Greyson@yopmail.com,Jolyn.Greyson@gmail.com,doctor,14630
14730,Rosanne,Schwejda,Rosanne.Schwejda@yopmail.com,Rosanne.Schwejda@gmail.com,worker,14631
14731,Vita,Pernick,Vita.Pernick@yopmail.com,Vita.Pernick@gmail.com,worker,14632
14732,Ronna,Isidore,Ronna.Isidore@yopmail.com,Ronna.Isidore@gmail.com,worker,14633
14733,Mireielle,Peti,Mireielle.Peti@yopmail.com,Mireielle.Peti@gmail.com,developer,14634
14734,Rozele,Zaslow,Rozele.Zaslow@yopmail.com,Rozele.Zaslow@gmail.com,doctor,14635
14735,Alexine,Wind,Alexine.Wind@yopmail.com,Alexine.Wind@gmail.com,worker,14636
14736,Bee,Honoria,Bee.Honoria@yopmail.com,Bee.Honoria@gmail.com,developer,14637
14737,Correy,Maryanne,Correy.Maryanne@yopmail.com,Correy.Maryanne@gmail.com,developer,14638
14738,Meriel,Terrence,Meriel.Terrence@yopmail.com,Meriel.Terrence@gmail.com,doctor,14639
14739,Misha,Kaete,Misha.Kaete@yopmail.com,Misha.Kaete@gmail.com,police officer,14640
14740,Tarra,Boehike,Tarra.Boehike@yopmail.com,Tarra.Boehike@gmail.com,doctor,14641
14741,Gabriellia,Willie,Gabriellia.Willie@yopmail.com,Gabriellia.Willie@gmail.com,worker,14642
14742,Noelle,Lanita,Noelle.Lanita@yopmail.com,Noelle.Lanita@gmail.com,doctor,14643
14743,Damaris,Tacye,Damaris.Tacye@yopmail.com,Damaris.Tacye@gmail.com,firefighter,14644
14744,Cherrita,Teddman,Cherrita.Teddman@yopmail.com,Cherrita.Teddman@gmail.com,worker,14645
14745,Ulrike,Fiester,Ulrike.Fiester@yopmail.com,Ulrike.Fiester@gmail.com,police officer,14646
14746,Celestyna,Matthew,Celestyna.Matthew@yopmail.com,Celestyna.Matthew@gmail.com,firefighter,14647
14747,Arabel,Lia,Arabel.Lia@yopmail.com,Arabel.Lia@gmail.com,worker,14648
14748,Oona,Brady,Oona.Brady@yopmail.com,Oona.Brady@gmail.com,developer,14649
14749,Maisey,Hachmin,Maisey.Hachmin@yopmail.com,Maisey.Hachmin@gmail.com,firefighter,14650
14750,Caryl,Creamer,Caryl.Creamer@yopmail.com,Caryl.Creamer@gmail.com,developer,14651
14751,Roslyn,Decato,Roslyn.Decato@yopmail.com,Roslyn.Decato@gmail.com,doctor,14652
14752,Arlina,Atcliffe,Arlina.Atcliffe@yopmail.com,Arlina.Atcliffe@gmail.com,doctor,14653
14753,Karina,Cassius,Karina.Cassius@yopmail.com,Karina.Cassius@gmail.com,developer,14654
14754,Helsa,Cressida,Helsa.Cressida@yopmail.com,Helsa.Cressida@gmail.com,developer,14655
14755,Beth,Uund,Beth.Uund@yopmail.com,Beth.Uund@gmail.com,police officer,14656
14756,Layla,Valerio,Layla.Valerio@yopmail.com,Layla.Valerio@gmail.com,worker,14657
14757,Petronia,Tound,Petronia.Tound@yopmail.com,Petronia.Tound@gmail.com,firefighter,14658
14758,Lorenza,Yusuk,Lorenza.Yusuk@yopmail.com,Lorenza.Yusuk@gmail.com,police officer,14659
14759,Noelle,Garek,Noelle.Garek@yopmail.com,Noelle.Garek@gmail.com,worker,14660
14760,Dominga,Dosia,Dominga.Dosia@yopmail.com,Dominga.Dosia@gmail.com,developer,14661
14761,Vita,Darian,Vita.Darian@yopmail.com,Vita.Darian@gmail.com,police officer,14662
14762,Violet,Hunfredo,Violet.Hunfredo@yopmail.com,Violet.Hunfredo@gmail.com,developer,14663
14763,Lulita,Tatianas,Lulita.Tatianas@yopmail.com,Lulita.Tatianas@gmail.com,developer,14664
14764,Bobbi,Ummersen,Bobbi.Ummersen@yopmail.com,Bobbi.Ummersen@gmail.com,worker,14665
14765,Nelle,Mehalek,Nelle.Mehalek@yopmail.com,Nelle.Mehalek@gmail.com,firefighter,14666
14766,Inga,Mendez,Inga.Mendez@yopmail.com,Inga.Mendez@gmail.com,developer,14667
14767,Charmaine,Hedve,Charmaine.Hedve@yopmail.com,Charmaine.Hedve@gmail.com,doctor,14668
14768,Gisela,Margret,Gisela.Margret@yopmail.com,Gisela.Margret@gmail.com,police officer,14669
14769,Sibella,Gower,Sibella.Gower@yopmail.com,Sibella.Gower@gmail.com,doctor,14670
14770,Tobe,Allys,Tobe.Allys@yopmail.com,Tobe.Allys@gmail.com,worker,14671
14771,Odessa,Merell,Odessa.Merell@yopmail.com,Odessa.Merell@gmail.com,worker,14672
14772,Lexine,Ahab,Lexine.Ahab@yopmail.com,Lexine.Ahab@gmail.com,police officer,14673
14773,Constance,Beebe,Constance.Beebe@yopmail.com,Constance.Beebe@gmail.com,police officer,14674
14774,Frieda,Medrek,Frieda.Medrek@yopmail.com,Frieda.Medrek@gmail.com,worker,14675
14775,Inga,Warthman,Inga.Warthman@yopmail.com,Inga.Warthman@gmail.com,worker,14676
14776,Florie,Duwalt,Florie.Duwalt@yopmail.com,Florie.Duwalt@gmail.com,doctor,14677
14777,Starla,Papageno,Starla.Papageno@yopmail.com,Starla.Papageno@gmail.com,firefighter,14678
14778,Clarice,Roche,Clarice.Roche@yopmail.com,Clarice.Roche@gmail.com,firefighter,14679
14779,Raf,Maroney,Raf.Maroney@yopmail.com,Raf.Maroney@gmail.com,police officer,14680
14780,Kathi,Ferino,Kathi.Ferino@yopmail.com,Kathi.Ferino@gmail.com,worker,14681
14781,Andeee,Screens,Andeee.Screens@yopmail.com,Andeee.Screens@gmail.com,firefighter,14682
14782,Dianemarie,Goldina,Dianemarie.Goldina@yopmail.com,Dianemarie.Goldina@gmail.com,doctor,14683
14783,Sandie,Bow,Sandie.Bow@yopmail.com,Sandie.Bow@gmail.com,firefighter,14684
14784,Oralee,Ralfston,Oralee.Ralfston@yopmail.com,Oralee.Ralfston@gmail.com,police officer,14685
14785,Letizia,Goode,Letizia.Goode@yopmail.com,Letizia.Goode@gmail.com,developer,14686
14786,Juliane,Ophelia,Juliane.Ophelia@yopmail.com,Juliane.Ophelia@gmail.com,firefighter,14687
14787,Elmira,Lattie,Elmira.Lattie@yopmail.com,Elmira.Lattie@gmail.com,firefighter,14688
14788,Bernie,Wind,Bernie.Wind@yopmail.com,Bernie.Wind@gmail.com,worker,14689
14789,Candi,Sothena,Candi.Sothena@yopmail.com,Candi.Sothena@gmail.com,worker,14690
14790,Lilith,Hanshaw,Lilith.Hanshaw@yopmail.com,Lilith.Hanshaw@gmail.com,doctor,14691
14791,Candi,Lane,Candi.Lane@yopmail.com,Candi.Lane@gmail.com,firefighter,14692
14792,Louella,Maribeth,Louella.Maribeth@yopmail.com,Louella.Maribeth@gmail.com,worker,14693
14793,Cacilie,Suzetta,Cacilie.Suzetta@yopmail.com,Cacilie.Suzetta@gmail.com,police officer,14694
14794,Luci,Autrey,Luci.Autrey@yopmail.com,Luci.Autrey@gmail.com,worker,14695
14795,Cissiee,Merna,Cissiee.Merna@yopmail.com,Cissiee.Merna@gmail.com,developer,14696
14796,Barbara,Kazimir,Barbara.Kazimir@yopmail.com,Barbara.Kazimir@gmail.com,firefighter,14697
14797,Claresta,Redmond,Claresta.Redmond@yopmail.com,Claresta.Redmond@gmail.com,police officer,14698
14798,Lonnie,Bakerman,Lonnie.Bakerman@yopmail.com,Lonnie.Bakerman@gmail.com,firefighter,14699
14799,Gisela,Ashok,Gisela.Ashok@yopmail.com,Gisela.Ashok@gmail.com,worker,14700
14800,Noelle,Bethany,Noelle.Bethany@yopmail.com,Noelle.Bethany@gmail.com,developer,14701
14801,Merry,Karna,Merry.Karna@yopmail.com,Merry.Karna@gmail.com,doctor,14702
14802,Lanna,Ogren,Lanna.Ogren@yopmail.com,Lanna.Ogren@gmail.com,firefighter,14703
14803,Abbie,Calhoun,Abbie.Calhoun@yopmail.com,Abbie.Calhoun@gmail.com,firefighter,14704
14804,Aeriela,Rebecka,Aeriela.Rebecka@yopmail.com,Aeriela.Rebecka@gmail.com,worker,14705
14805,Dianemarie,Pattin,Dianemarie.Pattin@yopmail.com,Dianemarie.Pattin@gmail.com,doctor,14706
14806,Joceline,Shaver,Joceline.Shaver@yopmail.com,Joceline.Shaver@gmail.com,doctor,14707
14807,Tarra,Macey,Tarra.Macey@yopmail.com,Tarra.Macey@gmail.com,doctor,14708
14808,Phylis,Hurley,Phylis.Hurley@yopmail.com,Phylis.Hurley@gmail.com,doctor,14709
14809,Augustine,Oster,Augustine.Oster@yopmail.com,Augustine.Oster@gmail.com,doctor,14710
14810,Lorenza,Firmin,Lorenza.Firmin@yopmail.com,Lorenza.Firmin@gmail.com,police officer,14711
14811,Cyb,Alice,Cyb.Alice@yopmail.com,Cyb.Alice@gmail.com,developer,14712
14812,Talya,Ball,Talya.Ball@yopmail.com,Talya.Ball@gmail.com,developer,14713
14813,Kirstin,Solitta,Kirstin.Solitta@yopmail.com,Kirstin.Solitta@gmail.com,police officer,14714
14814,Kore,Bandeen,Kore.Bandeen@yopmail.com,Kore.Bandeen@gmail.com,firefighter,14715
14815,Britte,Gemini,Britte.Gemini@yopmail.com,Britte.Gemini@gmail.com,doctor,14716
14816,Albertina,Ietta,Albertina.Ietta@yopmail.com,Albertina.Ietta@gmail.com,developer,14717
14817,Tiffie,Elephus,Tiffie.Elephus@yopmail.com,Tiffie.Elephus@gmail.com,developer,14718
14818,Rosabelle,Wenda,Rosabelle.Wenda@yopmail.com,Rosabelle.Wenda@gmail.com,worker,14719
14819,Anica,Schroth,Anica.Schroth@yopmail.com,Anica.Schroth@gmail.com,police officer,14720
14820,Sharai,Garek,Sharai.Garek@yopmail.com,Sharai.Garek@gmail.com,doctor,14721
14821,Jennica,Hourigan,Jennica.Hourigan@yopmail.com,Jennica.Hourigan@gmail.com,firefighter,14722
14822,Briney,Schalles,Briney.Schalles@yopmail.com,Briney.Schalles@gmail.com,developer,14723
14823,Cindelyn,Tamar,Cindelyn.Tamar@yopmail.com,Cindelyn.Tamar@gmail.com,worker,14724
14824,Dale,Moseley,Dale.Moseley@yopmail.com,Dale.Moseley@gmail.com,firefighter,14725
14825,Mathilda,Alejoa,Mathilda.Alejoa@yopmail.com,Mathilda.Alejoa@gmail.com,developer,14726
14826,Yolane,Uird,Yolane.Uird@yopmail.com,Yolane.Uird@gmail.com,developer,14727
14827,Roxane,August,Roxane.August@yopmail.com,Roxane.August@gmail.com,worker,14728
14828,Nickie,Munn,Nickie.Munn@yopmail.com,Nickie.Munn@gmail.com,developer,14729
14829,Darci,Hartnett,Darci.Hartnett@yopmail.com,Darci.Hartnett@gmail.com,worker,14730
14830,Shaine,Bollay,Shaine.Bollay@yopmail.com,Shaine.Bollay@gmail.com,police officer,14731
14831,Glenda,Ranjiv,Glenda.Ranjiv@yopmail.com,Glenda.Ranjiv@gmail.com,developer,14732
14832,Micheline,Pitt,Micheline.Pitt@yopmail.com,Micheline.Pitt@gmail.com,doctor,14733
14833,Clarice,Ardra,Clarice.Ardra@yopmail.com,Clarice.Ardra@gmail.com,police officer,14734
14834,Meghann,Randene,Meghann.Randene@yopmail.com,Meghann.Randene@gmail.com,worker,14735
14835,Gretal,Guildroy,Gretal.Guildroy@yopmail.com,Gretal.Guildroy@gmail.com,police officer,14736
14836,Ebonee,Argus,Ebonee.Argus@yopmail.com,Ebonee.Argus@gmail.com,worker,14737
14837,Genevra,Ranjiv,Genevra.Ranjiv@yopmail.com,Genevra.Ranjiv@gmail.com,developer,14738
14838,Calla,Carri,Calla.Carri@yopmail.com,Calla.Carri@gmail.com,firefighter,14739
14839,Dagmar,Plato,Dagmar.Plato@yopmail.com,Dagmar.Plato@gmail.com,doctor,14740
14840,Darci,Nea,Darci.Nea@yopmail.com,Darci.Nea@gmail.com,worker,14741
14841,Harrietta,Garrison,Harrietta.Garrison@yopmail.com,Harrietta.Garrison@gmail.com,police officer,14742
14842,Cherrita,Ioab,Cherrita.Ioab@yopmail.com,Cherrita.Ioab@gmail.com,firefighter,14743
14843,Jackie,Bonucci,Jackie.Bonucci@yopmail.com,Jackie.Bonucci@gmail.com,firefighter,14744
14844,Vivia,Crudden,Vivia.Crudden@yopmail.com,Vivia.Crudden@gmail.com,doctor,14745
14845,Lanna,Holtz,Lanna.Holtz@yopmail.com,Lanna.Holtz@gmail.com,developer,14746
14846,Korrie,Couture,Korrie.Couture@yopmail.com,Korrie.Couture@gmail.com,developer,14747
14847,Hermione,Lacombe,Hermione.Lacombe@yopmail.com,Hermione.Lacombe@gmail.com,doctor,14748
14848,Rebeca,Bibi,Rebeca.Bibi@yopmail.com,Rebeca.Bibi@gmail.com,doctor,14749
14849,Alisha,Garek,Alisha.Garek@yopmail.com,Alisha.Garek@gmail.com,developer,14750
14850,Blinni,Cosenza,Blinni.Cosenza@yopmail.com,Blinni.Cosenza@gmail.com,developer,14751
14851,Dotty,Georas,Dotty.Georas@yopmail.com,Dotty.Georas@gmail.com,doctor,14752
14852,Vanessa,Devlen,Vanessa.Devlen@yopmail.com,Vanessa.Devlen@gmail.com,worker,14753
14853,Mamie,Delila,Mamie.Delila@yopmail.com,Mamie.Delila@gmail.com,developer,14754
14854,Iseabal,Hanleigh,Iseabal.Hanleigh@yopmail.com,Iseabal.Hanleigh@gmail.com,worker,14755
14855,Sibella,Ophelia,Sibella.Ophelia@yopmail.com,Sibella.Ophelia@gmail.com,developer,14756
14856,Kamilah,Wilona,Kamilah.Wilona@yopmail.com,Kamilah.Wilona@gmail.com,developer,14757
14857,Vita,Ortrude,Vita.Ortrude@yopmail.com,Vita.Ortrude@gmail.com,police officer,14758
14858,Rozele,Turne,Rozele.Turne@yopmail.com,Rozele.Turne@gmail.com,developer,14759
14859,Rivalee,Percy,Rivalee.Percy@yopmail.com,Rivalee.Percy@gmail.com,developer,14760
14860,Eve,Gaal,Eve.Gaal@yopmail.com,Eve.Gaal@gmail.com,worker,14761
14861,Blondelle,Zamora,Blondelle.Zamora@yopmail.com,Blondelle.Zamora@gmail.com,firefighter,14762
14862,Kenna,Ardeha,Kenna.Ardeha@yopmail.com,Kenna.Ardeha@gmail.com,doctor,14763
14863,Fawne,Goth,Fawne.Goth@yopmail.com,Fawne.Goth@gmail.com,doctor,14764
14864,Livvyy,Valerio,Livvyy.Valerio@yopmail.com,Livvyy.Valerio@gmail.com,worker,14765
14865,Claudina,Brotherson,Claudina.Brotherson@yopmail.com,Claudina.Brotherson@gmail.com,worker,14766
14866,Lyssa,Rossner,Lyssa.Rossner@yopmail.com,Lyssa.Rossner@gmail.com,developer,14767
14867,Margalo,Fancie,Margalo.Fancie@yopmail.com,Margalo.Fancie@gmail.com,doctor,14768
14868,Ricky,Vins,Ricky.Vins@yopmail.com,Ricky.Vins@gmail.com,worker,14769
14869,Christy,Cookie,Christy.Cookie@yopmail.com,Christy.Cookie@gmail.com,developer,14770
14870,Judy,Rheingold,Judy.Rheingold@yopmail.com,Judy.Rheingold@gmail.com,developer,14771
14871,Charlena,Madelene,Charlena.Madelene@yopmail.com,Charlena.Madelene@gmail.com,worker,14772
14872,Dulce,Kannry,Dulce.Kannry@yopmail.com,Dulce.Kannry@gmail.com,worker,14773
14873,Ardenia,Read,Ardenia.Read@yopmail.com,Ardenia.Read@gmail.com,doctor,14774
14874,Kellen,Woodberry,Kellen.Woodberry@yopmail.com,Kellen.Woodberry@gmail.com,developer,14775
14875,Nessie,Niles,Nessie.Niles@yopmail.com,Nessie.Niles@gmail.com,developer,14776
14876,Maridel,Penelopa,Maridel.Penelopa@yopmail.com,Maridel.Penelopa@gmail.com,worker,14777
14877,Doro,Terrence,Doro.Terrence@yopmail.com,Doro.Terrence@gmail.com,police officer,14778
14878,Babita,Nisbet,Babita.Nisbet@yopmail.com,Babita.Nisbet@gmail.com,developer,14779
14879,Phylis,Vivle,Phylis.Vivle@yopmail.com,Phylis.Vivle@gmail.com,doctor,14780
14880,Shirlee,Maiah,Shirlee.Maiah@yopmail.com,Shirlee.Maiah@gmail.com,firefighter,14781
14881,Maurene,Concha,Maurene.Concha@yopmail.com,Maurene.Concha@gmail.com,worker,14782
14882,Melisent,Winnick,Melisent.Winnick@yopmail.com,Melisent.Winnick@gmail.com,firefighter,14783
14883,Amelia,Ricki,Amelia.Ricki@yopmail.com,Amelia.Ricki@gmail.com,police officer,14784
14884,Leona,Percy,Leona.Percy@yopmail.com,Leona.Percy@gmail.com,worker,14785
14885,Cristine,Chinua,Cristine.Chinua@yopmail.com,Cristine.Chinua@gmail.com,firefighter,14786
14886,Rayna,Cyrie,Rayna.Cyrie@yopmail.com,Rayna.Cyrie@gmail.com,doctor,14787
14887,Karolina,Crudden,Karolina.Crudden@yopmail.com,Karolina.Crudden@gmail.com,worker,14788
14888,Kara-Lynn,Ackerley,Kara-Lynn.Ackerley@yopmail.com,Kara-Lynn.Ackerley@gmail.com,developer,14789
14889,Kial,Seligman,Kial.Seligman@yopmail.com,Kial.Seligman@gmail.com,firefighter,14790
14890,Marjie,Hewitt,Marjie.Hewitt@yopmail.com,Marjie.Hewitt@gmail.com,firefighter,14791
14891,Lizzie,Catie,Lizzie.Catie@yopmail.com,Lizzie.Catie@gmail.com,police officer,14792
14892,Tobe,Mandler,Tobe.Mandler@yopmail.com,Tobe.Mandler@gmail.com,developer,14793
14893,Jolyn,Kauppi,Jolyn.Kauppi@yopmail.com,Jolyn.Kauppi@gmail.com,doctor,14794
14894,Deedee,Ajay,Deedee.Ajay@yopmail.com,Deedee.Ajay@gmail.com,developer,14795
14895,Tracey,Cookie,Tracey.Cookie@yopmail.com,Tracey.Cookie@gmail.com,developer,14796
14896,Sue,Uund,Sue.Uund@yopmail.com,Sue.Uund@gmail.com,firefighter,14797
14897,Alyda,Celestine,Alyda.Celestine@yopmail.com,Alyda.Celestine@gmail.com,police officer,14798
14898,Tami,Brittani,Tami.Brittani@yopmail.com,Tami.Brittani@gmail.com,firefighter,14799
14899,Sherrie,Lynn,Sherrie.Lynn@yopmail.com,Sherrie.Lynn@gmail.com,developer,14800
14900,Eolanda,Raychel,Eolanda.Raychel@yopmail.com,Eolanda.Raychel@gmail.com,firefighter,14801
14901,Gratia,Philipp,Gratia.Philipp@yopmail.com,Gratia.Philipp@gmail.com,doctor,14802
14902,Georgetta,Tyson,Georgetta.Tyson@yopmail.com,Georgetta.Tyson@gmail.com,police officer,14803
14903,Dede,Mata,Dede.Mata@yopmail.com,Dede.Mata@gmail.com,developer,14804
14904,Codie,Jefferey,Codie.Jefferey@yopmail.com,Codie.Jefferey@gmail.com,developer,14805
14905,Abbie,Ilka,Abbie.Ilka@yopmail.com,Abbie.Ilka@gmail.com,worker,14806
14906,Paulita,Federica,Paulita.Federica@yopmail.com,Paulita.Federica@gmail.com,police officer,14807
14907,Cherilyn,Brittani,Cherilyn.Brittani@yopmail.com,Cherilyn.Brittani@gmail.com,police officer,14808
14908,Gavrielle,Maribeth,Gavrielle.Maribeth@yopmail.com,Gavrielle.Maribeth@gmail.com,police officer,14809
14909,Jobi,Sallyann,Jobi.Sallyann@yopmail.com,Jobi.Sallyann@gmail.com,police officer,14810
14910,Shauna,Tomasina,Shauna.Tomasina@yopmail.com,Shauna.Tomasina@gmail.com,police officer,14811
14911,Minne,Oriana,Minne.Oriana@yopmail.com,Minne.Oriana@gmail.com,worker,14812
14912,Moyna,Darbie,Moyna.Darbie@yopmail.com,Moyna.Darbie@gmail.com,worker,14813
14913,Daune,Drus,Daune.Drus@yopmail.com,Daune.Drus@gmail.com,worker,14814
14914,Angela,Lareena,Angela.Lareena@yopmail.com,Angela.Lareena@gmail.com,firefighter,14815
14915,Trixi,Markman,Trixi.Markman@yopmail.com,Trixi.Markman@gmail.com,firefighter,14816
14916,Leeanne,Hebner,Leeanne.Hebner@yopmail.com,Leeanne.Hebner@gmail.com,doctor,14817
14917,Leanna,Anyah,Leanna.Anyah@yopmail.com,Leanna.Anyah@gmail.com,police officer,14818
14918,Malina,Thilda,Malina.Thilda@yopmail.com,Malina.Thilda@gmail.com,firefighter,14819
14919,Lulita,O'Carroll,Lulita.O'Carroll@yopmail.com,Lulita.O'Carroll@gmail.com,police officer,14820
14920,Dennie,Jess,Dennie.Jess@yopmail.com,Dennie.Jess@gmail.com,police officer,14821
14921,Ingrid,Llovera,Ingrid.Llovera@yopmail.com,Ingrid.Llovera@gmail.com,worker,14822
14922,Cyndie,Wenda,Cyndie.Wenda@yopmail.com,Cyndie.Wenda@gmail.com,firefighter,14823
14923,Althea,Campball,Althea.Campball@yopmail.com,Althea.Campball@gmail.com,doctor,14824
14924,Sara-Ann,Stover,Sara-Ann.Stover@yopmail.com,Sara-Ann.Stover@gmail.com,doctor,14825
14925,Zondra,Garbe,Zondra.Garbe@yopmail.com,Zondra.Garbe@gmail.com,worker,14826
14926,Karina,Stevy,Karina.Stevy@yopmail.com,Karina.Stevy@gmail.com,doctor,14827
14927,Rosaline,Damarra,Rosaline.Damarra@yopmail.com,Rosaline.Damarra@gmail.com,doctor,14828
14928,Rori,Sisile,Rori.Sisile@yopmail.com,Rori.Sisile@gmail.com,firefighter,14829
14929,Ilse,Cornelia,Ilse.Cornelia@yopmail.com,Ilse.Cornelia@gmail.com,firefighter,14830
14930,Dorothy,Andrel,Dorothy.Andrel@yopmail.com,Dorothy.Andrel@gmail.com,firefighter,14831
14931,Mellicent,Denis,Mellicent.Denis@yopmail.com,Mellicent.Denis@gmail.com,police officer,14832
14932,Dari,Sparhawk,Dari.Sparhawk@yopmail.com,Dari.Sparhawk@gmail.com,worker,14833
14933,Patricia,Forrer,Patricia.Forrer@yopmail.com,Patricia.Forrer@gmail.com,doctor,14834
14934,Melina,Cohdwell,Melina.Cohdwell@yopmail.com,Melina.Cohdwell@gmail.com,doctor,14835
14935,Desirae,Alejoa,Desirae.Alejoa@yopmail.com,Desirae.Alejoa@gmail.com,police officer,14836
14936,Orelia,Natica,Orelia.Natica@yopmail.com,Orelia.Natica@gmail.com,police officer,14837
14937,Gerianna,Katrine,Gerianna.Katrine@yopmail.com,Gerianna.Katrine@gmail.com,police officer,14838
14938,Doro,Montgomery,Doro.Montgomery@yopmail.com,Doro.Montgomery@gmail.com,police officer,14839
14939,Mallory,Gunn,Mallory.Gunn@yopmail.com,Mallory.Gunn@gmail.com,police officer,14840
14940,Berta,Tryck,Berta.Tryck@yopmail.com,Berta.Tryck@gmail.com,police officer,14841
14941,Selma,Cecile,Selma.Cecile@yopmail.com,Selma.Cecile@gmail.com,developer,14842
14942,Linet,Wolfgram,Linet.Wolfgram@yopmail.com,Linet.Wolfgram@gmail.com,developer,14843
14943,Phedra,Azeria,Phedra.Azeria@yopmail.com,Phedra.Azeria@gmail.com,police officer,14844
14944,Marguerite,Ferrell,Marguerite.Ferrell@yopmail.com,Marguerite.Ferrell@gmail.com,worker,14845
14945,Gloria,Chauncey,Gloria.Chauncey@yopmail.com,Gloria.Chauncey@gmail.com,firefighter,14846
14946,Shell,Haymes,Shell.Haymes@yopmail.com,Shell.Haymes@gmail.com,developer,14847
14947,Andree,Berard,Andree.Berard@yopmail.com,Andree.Berard@gmail.com,firefighter,14848
14948,Edyth,Lacombe,Edyth.Lacombe@yopmail.com,Edyth.Lacombe@gmail.com,worker,14849
14949,Ivett,Atcliffe,Ivett.Atcliffe@yopmail.com,Ivett.Atcliffe@gmail.com,police officer,14850
14950,Darlleen,Wittie,Darlleen.Wittie@yopmail.com,Darlleen.Wittie@gmail.com,doctor,14851
14951,Stacey,Allina,Stacey.Allina@yopmail.com,Stacey.Allina@gmail.com,worker,14852
14952,Gilda,Knowling,Gilda.Knowling@yopmail.com,Gilda.Knowling@gmail.com,doctor,14853
14953,Neila,Giff,Neila.Giff@yopmail.com,Neila.Giff@gmail.com,developer,14854
14954,Marnia,Martguerita,Marnia.Martguerita@yopmail.com,Marnia.Martguerita@gmail.com,police officer,14855
14955,Lauryn,Taam,Lauryn.Taam@yopmail.com,Lauryn.Taam@gmail.com,firefighter,14856
14956,Sidoney,Mathilde,Sidoney.Mathilde@yopmail.com,Sidoney.Mathilde@gmail.com,police officer,14857
14957,Jaclyn,Dalli,Jaclyn.Dalli@yopmail.com,Jaclyn.Dalli@gmail.com,developer,14858
14958,Livvyy,Zina,Livvyy.Zina@yopmail.com,Livvyy.Zina@gmail.com,police officer,14859
14959,Nerta,Dermott,Nerta.Dermott@yopmail.com,Nerta.Dermott@gmail.com,doctor,14860
14960,Anallese,Docilla,Anallese.Docilla@yopmail.com,Anallese.Docilla@gmail.com,doctor,14861
14961,Dennie,Berl,Dennie.Berl@yopmail.com,Dennie.Berl@gmail.com,developer,14862
14962,Dominga,Bennie,Dominga.Bennie@yopmail.com,Dominga.Bennie@gmail.com,worker,14863
14963,Aurore,Bethany,Aurore.Bethany@yopmail.com,Aurore.Bethany@gmail.com,police officer,14864
14964,Vanessa,Lay,Vanessa.Lay@yopmail.com,Vanessa.Lay@gmail.com,developer,14865
14965,Annora,Timon,Annora.Timon@yopmail.com,Annora.Timon@gmail.com,developer,14866
14966,Rubie,Payson,Rubie.Payson@yopmail.com,Rubie.Payson@gmail.com,firefighter,14867
14967,Bernardine,Cookie,Bernardine.Cookie@yopmail.com,Bernardine.Cookie@gmail.com,police officer,14868
14968,Sindee,Norvol,Sindee.Norvol@yopmail.com,Sindee.Norvol@gmail.com,police officer,14869
14969,Audrie,Knowling,Audrie.Knowling@yopmail.com,Audrie.Knowling@gmail.com,firefighter,14870
14970,Joeann,Nester,Joeann.Nester@yopmail.com,Joeann.Nester@gmail.com,doctor,14871
14971,Genovera,Felecia,Genovera.Felecia@yopmail.com,Genovera.Felecia@gmail.com,police officer,14872
14972,Catrina,Dulciana,Catrina.Dulciana@yopmail.com,Catrina.Dulciana@gmail.com,worker,14873
14973,Helena,O'Rourke,Helena.O'Rourke@yopmail.com,Helena.O'Rourke@gmail.com,police officer,14874
14974,Millie,Jalbert,Millie.Jalbert@yopmail.com,Millie.Jalbert@gmail.com,police officer,14875
14975,Madelle,Middleton,Madelle.Middleton@yopmail.com,Madelle.Middleton@gmail.com,doctor,14876
14976,Eadie,Judye,Eadie.Judye@yopmail.com,Eadie.Judye@gmail.com,police officer,14877
14977,Adriana,Lanita,Adriana.Lanita@yopmail.com,Adriana.Lanita@gmail.com,police officer,14878
14978,Clarice,Quent,Clarice.Quent@yopmail.com,Clarice.Quent@gmail.com,developer,14879
14979,Wanda,Ezar,Wanda.Ezar@yopmail.com,Wanda.Ezar@gmail.com,developer,14880
14980,Allyce,Tengdin,Allyce.Tengdin@yopmail.com,Allyce.Tengdin@gmail.com,worker,14881
14981,Heddie,Suk,Heddie.Suk@yopmail.com,Heddie.Suk@gmail.com,firefighter,14882
14982,Annice,Tiffa,Annice.Tiffa@yopmail.com,Annice.Tiffa@gmail.com,police officer,14883
14983,Tarra,Sibyls,Tarra.Sibyls@yopmail.com,Tarra.Sibyls@gmail.com,firefighter,14884
14984,Annora,Isacco,Annora.Isacco@yopmail.com,Annora.Isacco@gmail.com,police officer,14885
14985,Alyssa,Regan,Alyssa.Regan@yopmail.com,Alyssa.Regan@gmail.com,worker,14886
14986,Ezmeralda,Margret,Ezmeralda.Margret@yopmail.com,Ezmeralda.Margret@gmail.com,worker,14887
14987,Betta,Salchunas,Betta.Salchunas@yopmail.com,Betta.Salchunas@gmail.com,doctor,14888
14988,Teddie,Latini,Teddie.Latini@yopmail.com,Teddie.Latini@gmail.com,developer,14889
14989,Cordi,Cordi,Cordi.Cordi@yopmail.com,Cordi.Cordi@gmail.com,developer,14890
14990,Inga,Boycey,Inga.Boycey@yopmail.com,Inga.Boycey@gmail.com,firefighter,14891
14991,Ruthe,Bartlett,Ruthe.Bartlett@yopmail.com,Ruthe.Bartlett@gmail.com,police officer,14892
14992,Hildegaard,Wenoa,Hildegaard.Wenoa@yopmail.com,Hildegaard.Wenoa@gmail.com,police officer,14893
14993,Mureil,Alexandr,Mureil.Alexandr@yopmail.com,Mureil.Alexandr@gmail.com,worker,14894
14994,Yetty,Simmonds,Yetty.Simmonds@yopmail.com,Yetty.Simmonds@gmail.com,firefighter,14895
14995,Roxane,Schlosser,Roxane.Schlosser@yopmail.com,Roxane.Schlosser@gmail.com,police officer,14896
14996,Keelia,Mata,Keelia.Mata@yopmail.com,Keelia.Mata@gmail.com,firefighter,14897
14997,Kara-Lynn,Georgy,Kara-Lynn.Georgy@yopmail.com,Kara-Lynn.Georgy@gmail.com,developer,14898
14998,Michaelina,Zuzana,Michaelina.Zuzana@yopmail.com,Michaelina.Zuzana@gmail.com,developer,14899
14999,Carly,August,Carly.August@yopmail.com,Carly.August@gmail.com,worker,14900
15000,Fanchon,Malina,Fanchon.Malina@yopmail.com,Fanchon.Malina@gmail.com,doctor,14901
15001,Sandie,Corrine,Sandie.Corrine@yopmail.com,Sandie.Corrine@gmail.com,worker,14902
15002,Lily,Delacourt,Lily.Delacourt@yopmail.com,Lily.Delacourt@gmail.com,worker,14903
15003,Liana,Marden,Liana.Marden@yopmail.com,Liana.Marden@gmail.com,firefighter,14904
15004,Kalina,Odell,Kalina.Odell@yopmail.com,Kalina.Odell@gmail.com,doctor,14905
15005,Roberta,Ulphia,Roberta.Ulphia@yopmail.com,Roberta.Ulphia@gmail.com,police officer,14906
15006,Sissy,Korey,Sissy.Korey@yopmail.com,Sissy.Korey@gmail.com,doctor,14907
15007,Drucie,Hathaway,Drucie.Hathaway@yopmail.com,Drucie.Hathaway@gmail.com,developer,14908
15008,Andree,Charity,Andree.Charity@yopmail.com,Andree.Charity@gmail.com,doctor,14909
15009,Selma,Ranjiv,Selma.Ranjiv@yopmail.com,Selma.Ranjiv@gmail.com,worker,14910
15010,Emelina,Stefa,Emelina.Stefa@yopmail.com,Emelina.Stefa@gmail.com,firefighter,14911
15011,Nickie,Rheingold,Nickie.Rheingold@yopmail.com,Nickie.Rheingold@gmail.com,worker,14912
15012,Annabela,Vale,Annabela.Vale@yopmail.com,Annabela.Vale@gmail.com,firefighter,14913
15013,Allyce,Nahum,Allyce.Nahum@yopmail.com,Allyce.Nahum@gmail.com,police officer,14914
15014,Emylee,Plato,Emylee.Plato@yopmail.com,Emylee.Plato@gmail.com,police officer,14915
15015,Margalo,Irmine,Margalo.Irmine@yopmail.com,Margalo.Irmine@gmail.com,doctor,14916
15016,Jordan,Helfand,Jordan.Helfand@yopmail.com,Jordan.Helfand@gmail.com,firefighter,14917
15017,Margalo,Francyne,Margalo.Francyne@yopmail.com,Margalo.Francyne@gmail.com,worker,14918
15018,Chloris,Constancy,Chloris.Constancy@yopmail.com,Chloris.Constancy@gmail.com,developer,14919
15019,Gloria,Raimondo,Gloria.Raimondo@yopmail.com,Gloria.Raimondo@gmail.com,doctor,14920
15020,Cam,Armanda,Cam.Armanda@yopmail.com,Cam.Armanda@gmail.com,firefighter,14921
15021,Vita,Daveta,Vita.Daveta@yopmail.com,Vita.Daveta@gmail.com,firefighter,14922
15022,Corly,Mullane,Corly.Mullane@yopmail.com,Corly.Mullane@gmail.com,police officer,14923
15023,Ekaterina,Zrike,Ekaterina.Zrike@yopmail.com,Ekaterina.Zrike@gmail.com,police officer,14924
15024,Ernesta,Kussell,Ernesta.Kussell@yopmail.com,Ernesta.Kussell@gmail.com,worker,14925
15025,Berget,Ethban,Berget.Ethban@yopmail.com,Berget.Ethban@gmail.com,doctor,14926
15026,Nannie,O'Carroll,Nannie.O'Carroll@yopmail.com,Nannie.O'Carroll@gmail.com,police officer,14927
15027,Gisela,Shama,Gisela.Shama@yopmail.com,Gisela.Shama@gmail.com,worker,14928
15028,Wendi,Dorcy,Wendi.Dorcy@yopmail.com,Wendi.Dorcy@gmail.com,doctor,14929
15029,Stevana,Whittaker,Stevana.Whittaker@yopmail.com,Stevana.Whittaker@gmail.com,police officer,14930
15030,Sheree,Sandye,Sheree.Sandye@yopmail.com,Sheree.Sandye@gmail.com,firefighter,14931
15031,Lindie,Edmund,Lindie.Edmund@yopmail.com,Lindie.Edmund@gmail.com,worker,14932
15032,Demetris,Cecile,Demetris.Cecile@yopmail.com,Demetris.Cecile@gmail.com,firefighter,14933
15033,Karly,Merat,Karly.Merat@yopmail.com,Karly.Merat@gmail.com,firefighter,14934
15034,Hayley,Gabrielli,Hayley.Gabrielli@yopmail.com,Hayley.Gabrielli@gmail.com,developer,14935
15035,Gabi,Merell,Gabi.Merell@yopmail.com,Gabi.Merell@gmail.com,developer,14936
15036,Tonia,Wallis,Tonia.Wallis@yopmail.com,Tonia.Wallis@gmail.com,developer,14937
15037,Georgetta,Ashok,Georgetta.Ashok@yopmail.com,Georgetta.Ashok@gmail.com,firefighter,14938
15038,Emilia,Zola,Emilia.Zola@yopmail.com,Emilia.Zola@gmail.com,doctor,14939
15039,Lorenza,Malvino,Lorenza.Malvino@yopmail.com,Lorenza.Malvino@gmail.com,firefighter,14940
15040,Jsandye,Celestine,Jsandye.Celestine@yopmail.com,Jsandye.Celestine@gmail.com,police officer,14941
15041,Quintina,Olnee,Quintina.Olnee@yopmail.com,Quintina.Olnee@gmail.com,worker,14942
15042,Gavrielle,Macey,Gavrielle.Macey@yopmail.com,Gavrielle.Macey@gmail.com,firefighter,14943
15043,Therine,Noam,Therine.Noam@yopmail.com,Therine.Noam@gmail.com,worker,14944
15044,Mathilda,Travax,Mathilda.Travax@yopmail.com,Mathilda.Travax@gmail.com,worker,14945
15045,Bee,Suanne,Bee.Suanne@yopmail.com,Bee.Suanne@gmail.com,developer,14946
15046,Chere,Bigner,Chere.Bigner@yopmail.com,Chere.Bigner@gmail.com,developer,14947
15047,Kelly,Arvo,Kelly.Arvo@yopmail.com,Kelly.Arvo@gmail.com,developer,14948
15048,Ivett,Iiette,Ivett.Iiette@yopmail.com,Ivett.Iiette@gmail.com,doctor,14949
15049,Mara,Ciapas,Mara.Ciapas@yopmail.com,Mara.Ciapas@gmail.com,firefighter,14950
15050,Nanete,Lacombe,Nanete.Lacombe@yopmail.com,Nanete.Lacombe@gmail.com,developer,14951
15051,Liana,Zaslow,Liana.Zaslow@yopmail.com,Liana.Zaslow@gmail.com,doctor,14952
15052,Kial,Barrus,Kial.Barrus@yopmail.com,Kial.Barrus@gmail.com,developer,14953
15053,Susette,Aurelio,Susette.Aurelio@yopmail.com,Susette.Aurelio@gmail.com,worker,14954
15054,Cassandra,Eugenia,Cassandra.Eugenia@yopmail.com,Cassandra.Eugenia@gmail.com,firefighter,14955
15055,Tilly,Jarib,Tilly.Jarib@yopmail.com,Tilly.Jarib@gmail.com,worker,14956
15056,Frances,Lynn,Frances.Lynn@yopmail.com,Frances.Lynn@gmail.com,developer,14957
15057,Meriel,Lia,Meriel.Lia@yopmail.com,Meriel.Lia@gmail.com,worker,14958
15058,Averyl,Ricki,Averyl.Ricki@yopmail.com,Averyl.Ricki@gmail.com,police officer,14959
15059,Selma,Vastah,Selma.Vastah@yopmail.com,Selma.Vastah@gmail.com,firefighter,14960
15060,Meriel,Mozelle,Meriel.Mozelle@yopmail.com,Meriel.Mozelle@gmail.com,firefighter,14961
15061,Rozele,Jerald,Rozele.Jerald@yopmail.com,Rozele.Jerald@gmail.com,doctor,14962
15062,Robinia,Caitlin,Robinia.Caitlin@yopmail.com,Robinia.Caitlin@gmail.com,worker,14963
15063,Elie,Shirberg,Elie.Shirberg@yopmail.com,Elie.Shirberg@gmail.com,doctor,14964
15064,Jorry,Posner,Jorry.Posner@yopmail.com,Jorry.Posner@gmail.com,doctor,14965
15065,Jan,Sherfield,Jan.Sherfield@yopmail.com,Jan.Sherfield@gmail.com,worker,14966
15066,Gretal,Weide,Gretal.Weide@yopmail.com,Gretal.Weide@gmail.com,firefighter,14967
15067,Wanda,Roarke,Wanda.Roarke@yopmail.com,Wanda.Roarke@gmail.com,doctor,14968
15068,Sara-Ann,Kussell,Sara-Ann.Kussell@yopmail.com,Sara-Ann.Kussell@gmail.com,developer,14969
15069,Nerta,Isacco,Nerta.Isacco@yopmail.com,Nerta.Isacco@gmail.com,firefighter,14970
15070,Averyl,Leifeste,Averyl.Leifeste@yopmail.com,Averyl.Leifeste@gmail.com,firefighter,14971
15071,Ivett,Douglass,Ivett.Douglass@yopmail.com,Ivett.Douglass@gmail.com,developer,14972
15072,Leanna,Garrison,Leanna.Garrison@yopmail.com,Leanna.Garrison@gmail.com,firefighter,14973
15073,Siana,Noelyn,Siana.Noelyn@yopmail.com,Siana.Noelyn@gmail.com,police officer,14974
15074,Yvonne,Merat,Yvonne.Merat@yopmail.com,Yvonne.Merat@gmail.com,worker,14975
15075,Rhoda,Merriott,Rhoda.Merriott@yopmail.com,Rhoda.Merriott@gmail.com,developer,14976
15076,Jessy,Celestine,Jessy.Celestine@yopmail.com,Jessy.Celestine@gmail.com,firefighter,14977
15077,Sheelagh,Terencio,Sheelagh.Terencio@yopmail.com,Sheelagh.Terencio@gmail.com,developer,14978
15078,Jobi,Harned,Jobi.Harned@yopmail.com,Jobi.Harned@gmail.com,developer,14979
15079,Ursulina,Anselmi,Ursulina.Anselmi@yopmail.com,Ursulina.Anselmi@gmail.com,firefighter,14980
15080,Rhea,Yusuk,Rhea.Yusuk@yopmail.com,Rhea.Yusuk@gmail.com,firefighter,14981
15081,Jinny,Hylan,Jinny.Hylan@yopmail.com,Jinny.Hylan@gmail.com,firefighter,14982
15082,Kamilah,Tiffa,Kamilah.Tiffa@yopmail.com,Kamilah.Tiffa@gmail.com,firefighter,14983
15083,Ada,Weaks,Ada.Weaks@yopmail.com,Ada.Weaks@gmail.com,worker,14984
15084,Lisette,Lymann,Lisette.Lymann@yopmail.com,Lisette.Lymann@gmail.com,developer,14985
15085,Wendi,Croix,Wendi.Croix@yopmail.com,Wendi.Croix@gmail.com,doctor,14986
15086,Ericka,Madaih,Ericka.Madaih@yopmail.com,Ericka.Madaih@gmail.com,worker,14987
15087,Bibby,Gilbertson,Bibby.Gilbertson@yopmail.com,Bibby.Gilbertson@gmail.com,police officer,14988
15088,Marsiella,Lorain,Marsiella.Lorain@yopmail.com,Marsiella.Lorain@gmail.com,worker,14989
15089,Vanessa,Bord,Vanessa.Bord@yopmail.com,Vanessa.Bord@gmail.com,firefighter,14990
15090,Kathy,Curren,Kathy.Curren@yopmail.com,Kathy.Curren@gmail.com,doctor,14991
15091,Joy,Franza,Joy.Franza@yopmail.com,Joy.Franza@gmail.com,firefighter,14992
15092,Kelly,Bach,Kelly.Bach@yopmail.com,Kelly.Bach@gmail.com,doctor,14993
15093,Catharine,Swigart,Catharine.Swigart@yopmail.com,Catharine.Swigart@gmail.com,police officer,14994
15094,Ann-Marie,Hirsch,Ann-Marie.Hirsch@yopmail.com,Ann-Marie.Hirsch@gmail.com,worker,14995
15095,Winny,Oscar,Winny.Oscar@yopmail.com,Winny.Oscar@gmail.com,police officer,14996
15096,Perry,Leopold,Perry.Leopold@yopmail.com,Perry.Leopold@gmail.com,worker,14997
15097,Henriette,Saint,Henriette.Saint@yopmail.com,Henriette.Saint@gmail.com,worker,14998
15098,Nariko,Han,Nariko.Han@yopmail.com,Nariko.Han@gmail.com,firefighter,14999
15099,Kalina,Hartnett,Kalina.Hartnett@yopmail.com,Kalina.Hartnett@gmail.com,firefighter,15000
