id,firstname,lastname,email,email2,profession,Field Name
31100,Jasmina,Pierette,Jasmina.Pierette@yopmail.com,Jasmina.Pierette@gmail.com,police officer,31001
31101,Celisse,Nahum,Celisse.Nahum@yopmail.com,Celisse.Nahum@gmail.com,developer,31002
31102,Moyna,Stoller,Moyna.Stoller@yopmail.com,Moyna.Stoller@gmail.com,doctor,31003
31103,Chastity,Lemuela,Chastity.Lemuela@yopmail.com,Chastity.Lemuela@gmail.com,worker,31004
31104,Steffane,Sancho,Steffane.Sancho@yopmail.com,Steffane.Sancho@gmail.com,police officer,31005
31105,Ebonee,Aida,Ebonee.Aida@yopmail.com,Ebonee.Aida@gmail.com,doctor,31006
31106,Elie,Hessler,Elie.Hessler@yopmail.com,Elie.Hessler@gmail.com,developer,31007
31107,Fred,Tristram,Fred.Tristram@yopmail.com,Fred.Tristram@gmail.com,doctor,31008
31108,Valli,Telfer,Valli.Telfer@yopmail.com,Valli.Telfer@gmail.com,doctor,31009
31109,Rhea,Posner,Rhea.Posner@yopmail.com,Rhea.Posner@gmail.com,firefighter,31010
31110,Mathilda,Fiann,Mathilda.Fiann@yopmail.com,Mathilda.Fiann@gmail.com,doctor,31011
31111,Giustina,Marisa,Giustina.Marisa@yopmail.com,Giustina.Marisa@gmail.com,worker,31012
31112,Monika,Strephon,Monika.Strephon@yopmail.com,Monika.Strephon@gmail.com,police officer,31013
31113,Aubrie,Callista,Aubrie.Callista@yopmail.com,Aubrie.Callista@gmail.com,worker,31014
31114,Willetta,Jefferey,Willetta.Jefferey@yopmail.com,Willetta.Jefferey@gmail.com,police officer,31015
31115,Kathi,Tatianas,Kathi.Tatianas@yopmail.com,Kathi.Tatianas@gmail.com,worker,31016
31116,Lorie,Saunderson,Lorie.Saunderson@yopmail.com,Lorie.Saunderson@gmail.com,worker,31017
31117,Kimberley,Earlie,Kimberley.Earlie@yopmail.com,Kimberley.Earlie@gmail.com,worker,31018
31118,Mellicent,Brieta,Mellicent.Brieta@yopmail.com,Mellicent.Brieta@gmail.com,firefighter,31019
31119,Willetta,Ursulette,Willetta.Ursulette@yopmail.com,Willetta.Ursulette@gmail.com,firefighter,31020
31120,Dotty,Tarrant,Dotty.Tarrant@yopmail.com,Dotty.Tarrant@gmail.com,developer,31021
31121,Devina,Hertzfeld,Devina.Hertzfeld@yopmail.com,Devina.Hertzfeld@gmail.com,doctor,31022
31122,Alex,Dorine,Alex.Dorine@yopmail.com,Alex.Dorine@gmail.com,worker,31023
31123,Millie,Barbey,Millie.Barbey@yopmail.com,Millie.Barbey@gmail.com,developer,31024
31124,Deedee,Azeria,Deedee.Azeria@yopmail.com,Deedee.Azeria@gmail.com,worker,31025
31125,Myrtice,Donell,Myrtice.Donell@yopmail.com,Myrtice.Donell@gmail.com,developer,31026
31126,Elora,Wooster,Elora.Wooster@yopmail.com,Elora.Wooster@gmail.com,doctor,31027
31127,Jillayne,Byrne,Jillayne.Byrne@yopmail.com,Jillayne.Byrne@gmail.com,police officer,31028
31128,Suzette,Yusuk,Suzette.Yusuk@yopmail.com,Suzette.Yusuk@gmail.com,firefighter,31029
31129,Aimil,Jehu,Aimil.Jehu@yopmail.com,Aimil.Jehu@gmail.com,police officer,31030
31130,Janey,Hathaway,Janey.Hathaway@yopmail.com,Janey.Hathaway@gmail.com,developer,31031
31131,Bobinette,Henrie,Bobinette.Henrie@yopmail.com,Bobinette.Henrie@gmail.com,worker,31032
31132,Kassey,Kazimir,Kassey.Kazimir@yopmail.com,Kassey.Kazimir@gmail.com,developer,31033
31133,Lory,Andrel,Lory.Andrel@yopmail.com,Lory.Andrel@gmail.com,doctor,31034
31134,Glynnis,Desai,Glynnis.Desai@yopmail.com,Glynnis.Desai@gmail.com,worker,31035
31135,Fidelia,Suanne,Fidelia.Suanne@yopmail.com,Fidelia.Suanne@gmail.com,worker,31036
31136,Julieta,Kress,Julieta.Kress@yopmail.com,Julieta.Kress@gmail.com,worker,31037
31137,Jessamyn,Constancy,Jessamyn.Constancy@yopmail.com,Jessamyn.Constancy@gmail.com,worker,31038
31138,Rhea,Gower,Rhea.Gower@yopmail.com,Rhea.Gower@gmail.com,developer,31039
31139,Minne,Anastatius,Minne.Anastatius@yopmail.com,Minne.Anastatius@gmail.com,doctor,31040
31140,Courtnay,Melan,Courtnay.Melan@yopmail.com,Courtnay.Melan@gmail.com,police officer,31041
31141,Florie,Emanuel,Florie.Emanuel@yopmail.com,Florie.Emanuel@gmail.com,worker,31042
31142,Margalo,Behre,Margalo.Behre@yopmail.com,Margalo.Behre@gmail.com,doctor,31043
31143,Brena,Colleen,Brena.Colleen@yopmail.com,Brena.Colleen@gmail.com,police officer,31044
31144,Stacey,Mathilde,Stacey.Mathilde@yopmail.com,Stacey.Mathilde@gmail.com,developer,31045
31145,Roxane,Keily,Roxane.Keily@yopmail.com,Roxane.Keily@gmail.com,doctor,31046
31146,Hayley,Matthew,Hayley.Matthew@yopmail.com,Hayley.Matthew@gmail.com,doctor,31047
31147,Marcy,Calhoun,Marcy.Calhoun@yopmail.com,Marcy.Calhoun@gmail.com,doctor,31048
31148,Leona,Grimbly,Leona.Grimbly@yopmail.com,Leona.Grimbly@gmail.com,firefighter,31049
31149,Doralynne,Ajay,Doralynne.Ajay@yopmail.com,Doralynne.Ajay@gmail.com,doctor,31050
