id,firstname,lastname,email,email2,profession,Field Name
47500,Anthia,Telfer,Anthia.Telfer@yopmail.com,Anthia.Telfer@gmail.com,developer,47401
47501,Candi,Manolo,Candi.Manolo@yopmail.com,Candi.Manolo@gmail.com,developer,47402
47502,Ronna,Bronk,Ronna.Bronk@yopmail.com,Ronna.Bronk@gmail.com,firefighter,47403
47503,Patricia,Sheedy,Patricia.Sheedy@yopmail.com,Patricia.Sheedy@gmail.com,firefighter,47404
47504,Ida,Hepsibah,Ida.Hepsibah@yopmail.com,Ida.Hepsibah@gmail.com,developer,47405
47505,Felice,Tice,Felice.Tice@yopmail.com,Felice.Tice@gmail.com,doctor,47406
47506,Tabbatha,Auberbach,Tabbatha.Auberbach@yopmail.com,Tabbatha.Auberbach@gmail.com,doctor,47407
47507,Aili,Dahlia,Aili.Dahlia@yopmail.com,Aili.Dahlia@gmail.com,firefighter,47408
47508,Tani,Dreda,Tani.Dreda@yopmail.com,Tani.Dreda@gmail.com,firefighter,47409
47509,Dorthy,Raama,Dorthy.Raama@yopmail.com,Dorthy.Raama@gmail.com,worker,47410
47510,Tracey,Saree,Tracey.Saree@yopmail.com,Tracey.Saree@gmail.com,police officer,47411
47511,Ariela,Sekofski,Ariela.Sekofski@yopmail.com,Ariela.Sekofski@gmail.com,police officer,47412
47512,Ricky,Maiah,Ricky.Maiah@yopmail.com,Ricky.Maiah@gmail.com,doctor,47413
47513,Patricia,Sheedy,Patricia.Sheedy@yopmail.com,Patricia.Sheedy@gmail.com,doctor,47414
47514,Elyssa,Curren,Elyssa.Curren@yopmail.com,Elyssa.Curren@gmail.com,doctor,47415
47515,Chandra,Ferino,Chandra.Ferino@yopmail.com,Chandra.Ferino@gmail.com,developer,47416
47516,Gretal,Wildermuth,Gretal.Wildermuth@yopmail.com,Gretal.Wildermuth@gmail.com,developer,47417
47517,Codie,Jagir,Codie.Jagir@yopmail.com,Codie.Jagir@gmail.com,firefighter,47418
47518,Elbertina,Harl,Elbertina.Harl@yopmail.com,Elbertina.Harl@gmail.com,worker,47419
47519,Helsa,Truc,Helsa.Truc@yopmail.com,Helsa.Truc@gmail.com,developer,47420
47520,Margette,Drisko,Margette.Drisko@yopmail.com,Margette.Drisko@gmail.com,firefighter,47421
47521,Bibby,Waite,Bibby.Waite@yopmail.com,Bibby.Waite@gmail.com,police officer,47422
47522,Beverley,Katrine,Beverley.Katrine@yopmail.com,Beverley.Katrine@gmail.com,developer,47423
47523,Ricky,Newell,Ricky.Newell@yopmail.com,Ricky.Newell@gmail.com,worker,47424
47524,Tiffie,Michella,Tiffie.Michella@yopmail.com,Tiffie.Michella@gmail.com,developer,47425
47525,Shauna,Hortensia,Shauna.Hortensia@yopmail.com,Shauna.Hortensia@gmail.com,developer,47426
47526,Florencia,Peonir,Florencia.Peonir@yopmail.com,Florencia.Peonir@gmail.com,doctor,47427
47527,Wanda,Maxi,Wanda.Maxi@yopmail.com,Wanda.Maxi@gmail.com,doctor,47428
47528,Eve,Stephie,Eve.Stephie@yopmail.com,Eve.Stephie@gmail.com,doctor,47429
47529,Isa,Kress,Isa.Kress@yopmail.com,Isa.Kress@gmail.com,firefighter,47430
47530,Ilse,Candy,Ilse.Candy@yopmail.com,Ilse.Candy@gmail.com,worker,47431
47531,Albertina,Arquit,Albertina.Arquit@yopmail.com,Albertina.Arquit@gmail.com,firefighter,47432
47532,Dorice,Toffic,Dorice.Toffic@yopmail.com,Dorice.Toffic@gmail.com,firefighter,47433
47533,Beverley,Urania,Beverley.Urania@yopmail.com,Beverley.Urania@gmail.com,worker,47434
47534,Riannon,Wooster,Riannon.Wooster@yopmail.com,Riannon.Wooster@gmail.com,developer,47435
47535,Blake,Suanne,Blake.Suanne@yopmail.com,Blake.Suanne@gmail.com,police officer,47436
47536,Berta,Clara,Berta.Clara@yopmail.com,Berta.Clara@gmail.com,worker,47437
47537,Tani,Heisel,Tani.Heisel@yopmail.com,Tani.Heisel@gmail.com,worker,47438
47538,Gaylene,Kesley,Gaylene.Kesley@yopmail.com,Gaylene.Kesley@gmail.com,doctor,47439
47539,Flory,Eliathas,Flory.Eliathas@yopmail.com,Flory.Eliathas@gmail.com,developer,47440
47540,Sam,Hoban,Sam.Hoban@yopmail.com,Sam.Hoban@gmail.com,police officer,47441
47541,Maurene,Alrich,Maurene.Alrich@yopmail.com,Maurene.Alrich@gmail.com,firefighter,47442
47542,Ada,Hewitt,Ada.Hewitt@yopmail.com,Ada.Hewitt@gmail.com,doctor,47443
47543,Nananne,Edison,Nananne.Edison@yopmail.com,Nananne.Edison@gmail.com,developer,47444
47544,Justinn,McNully,Justinn.McNully@yopmail.com,Justinn.McNully@gmail.com,worker,47445
47545,Tersina,Merna,Tersina.Merna@yopmail.com,Tersina.Merna@gmail.com,firefighter,47446
47546,Drucie,Lilybelle,Drucie.Lilybelle@yopmail.com,Drucie.Lilybelle@gmail.com,firefighter,47447
47547,Corly,Elsinore,Corly.Elsinore@yopmail.com,Corly.Elsinore@gmail.com,police officer,47448
47548,Kore,Magdalen,Kore.Magdalen@yopmail.com,Kore.Magdalen@gmail.com,firefighter,47449
47549,Carol-Jean,Rozanna,Carol-Jean.Rozanna@yopmail.com,Carol-Jean.Rozanna@gmail.com,worker,47450
47550,Roz,Gahl,Roz.Gahl@yopmail.com,Roz.Gahl@gmail.com,doctor,47451
47551,Concettina,Vanni,Concettina.Vanni@yopmail.com,Concettina.Vanni@gmail.com,firefighter,47452
47552,Nelle,Sekofski,Nelle.Sekofski@yopmail.com,Nelle.Sekofski@gmail.com,firefighter,47453
47553,Meriel,Fairweather,Meriel.Fairweather@yopmail.com,Meriel.Fairweather@gmail.com,doctor,47454
47554,Karly,Fillbert,Karly.Fillbert@yopmail.com,Karly.Fillbert@gmail.com,police officer,47455
47555,Cecile,Gabrielli,Cecile.Gabrielli@yopmail.com,Cecile.Gabrielli@gmail.com,developer,47456
47556,Flo,Kermit,Flo.Kermit@yopmail.com,Flo.Kermit@gmail.com,firefighter,47457
47557,Jessamyn,Frendel,Jessamyn.Frendel@yopmail.com,Jessamyn.Frendel@gmail.com,firefighter,47458
47558,Elise,Jobi,Elise.Jobi@yopmail.com,Elise.Jobi@gmail.com,developer,47459
47559,Nataline,Rosalba,Nataline.Rosalba@yopmail.com,Nataline.Rosalba@gmail.com,doctor,47460
47560,Melisent,Rocray,Melisent.Rocray@yopmail.com,Melisent.Rocray@gmail.com,police officer,47461
47561,Malina,Wadell,Malina.Wadell@yopmail.com,Malina.Wadell@gmail.com,doctor,47462
47562,Antonietta,Giule,Antonietta.Giule@yopmail.com,Antonietta.Giule@gmail.com,developer,47463
47563,Ursulina,Germann,Ursulina.Germann@yopmail.com,Ursulina.Germann@gmail.com,firefighter,47464
47564,Cam,Melony,Cam.Melony@yopmail.com,Cam.Melony@gmail.com,doctor,47465
47565,Jessamyn,Heisel,Jessamyn.Heisel@yopmail.com,Jessamyn.Heisel@gmail.com,doctor,47466
47566,Tomasina,Kirstin,Tomasina.Kirstin@yopmail.com,Tomasina.Kirstin@gmail.com,doctor,47467
47567,Willetta,Etom,Willetta.Etom@yopmail.com,Willetta.Etom@gmail.com,developer,47468
47568,Tybie,Grosz,Tybie.Grosz@yopmail.com,Tybie.Grosz@gmail.com,doctor,47469
47569,Amalie,Fink,Amalie.Fink@yopmail.com,Amalie.Fink@gmail.com,developer,47470
47570,Gerrie,Fulmer,Gerrie.Fulmer@yopmail.com,Gerrie.Fulmer@gmail.com,worker,47471
47571,Jaclyn,Firmin,Jaclyn.Firmin@yopmail.com,Jaclyn.Firmin@gmail.com,firefighter,47472
47572,Felice,Wind,Felice.Wind@yopmail.com,Felice.Wind@gmail.com,doctor,47473
47573,Tani,Bronk,Tani.Bronk@yopmail.com,Tani.Bronk@gmail.com,developer,47474
47574,Atlanta,Jeanne,Atlanta.Jeanne@yopmail.com,Atlanta.Jeanne@gmail.com,worker,47475
47575,Cassandra,Heisel,Cassandra.Heisel@yopmail.com,Cassandra.Heisel@gmail.com,worker,47476
47576,Chere,Iphlgenia,Chere.Iphlgenia@yopmail.com,Chere.Iphlgenia@gmail.com,doctor,47477
47577,Tarra,Cutlerr,Tarra.Cutlerr@yopmail.com,Tarra.Cutlerr@gmail.com,firefighter,47478
47578,Vita,Hertzfeld,Vita.Hertzfeld@yopmail.com,Vita.Hertzfeld@gmail.com,doctor,47479
47579,Constance,Nerita,Constance.Nerita@yopmail.com,Constance.Nerita@gmail.com,firefighter,47480
47580,Aeriela,Elephus,Aeriela.Elephus@yopmail.com,Aeriela.Elephus@gmail.com,worker,47481
47581,Allis,Remmer,Allis.Remmer@yopmail.com,Allis.Remmer@gmail.com,developer,47482
47582,Tani,Helve,Tani.Helve@yopmail.com,Tani.Helve@gmail.com,doctor,47483
47583,Shaylyn,Scammon,Shaylyn.Scammon@yopmail.com,Shaylyn.Scammon@gmail.com,doctor,47484
47584,Teddie,Dom,Teddie.Dom@yopmail.com,Teddie.Dom@gmail.com,firefighter,47485
47585,Jenda,Stephie,Jenda.Stephie@yopmail.com,Jenda.Stephie@gmail.com,firefighter,47486
47586,Lindie,Stefa,Lindie.Stefa@yopmail.com,Lindie.Stefa@gmail.com,doctor,47487
47587,Stacey,Percy,Stacey.Percy@yopmail.com,Stacey.Percy@gmail.com,worker,47488
47588,Jinny,Sancho,Jinny.Sancho@yopmail.com,Jinny.Sancho@gmail.com,doctor,47489
47589,Alia,Rosemary,Alia.Rosemary@yopmail.com,Alia.Rosemary@gmail.com,police officer,47490
47590,Carlie,Libna,Carlie.Libna@yopmail.com,Carlie.Libna@gmail.com,police officer,47491
47591,Cassondra,Cyrie,Cassondra.Cyrie@yopmail.com,Cassondra.Cyrie@gmail.com,police officer,47492
47592,Tracey,Wesle,Tracey.Wesle@yopmail.com,Tracey.Wesle@gmail.com,police officer,47493
47593,Atlanta,Berne,Atlanta.Berne@yopmail.com,Atlanta.Berne@gmail.com,police officer,47494
47594,Sharai,Cleavland,Sharai.Cleavland@yopmail.com,Sharai.Cleavland@gmail.com,worker,47495
47595,Paule,Si,Paule.Si@yopmail.com,Paule.Si@gmail.com,firefighter,47496
47596,Kalina,Claudine,Kalina.Claudine@yopmail.com,Kalina.Claudine@gmail.com,firefighter,47497
47597,Hettie,Vanni,Hettie.Vanni@yopmail.com,Hettie.Vanni@gmail.com,worker,47498
47598,Elvira,Drus,Elvira.Drus@yopmail.com,Elvira.Drus@gmail.com,doctor,47499
47599,Tani,Ricarda,Tani.Ricarda@yopmail.com,Tani.Ricarda@gmail.com,worker,47500
