id,firstname,lastname,email,email2,profession,Field Name
20600,Marsiella,Peti,Marsiella.Peti@yopmail.com,Marsiella.Peti@gmail.com,firefighter,20501
20601,Ginnie,Estella,Ginnie.Estella@yopmail.com,Ginnie.Estella@gmail.com,doctor,20502
20602,Johna,Tjon,Johna.Tjon@yopmail.com,Johna.Tjon@gmail.com,firefighter,20503
20603,Teddie,Lorenz,Teddie.Lorenz@yopmail.com,Teddie.Lorenz@gmail.com,worker,20504
20604,Andree,Matthew,Andree.Matthew@yopmail.com,Andree.Matthew@gmail.com,police officer,20505
20605,Hyacinthe,Bandeen,Hyacinthe.Bandeen@yopmail.com,Hyacinthe.Bandeen@gmail.com,developer,20506
20606,Jan,Barrus,Jan.Barrus@yopmail.com,Jan.Barrus@gmail.com,doctor,20507
20607,Coral,Smitt,Coral.Smitt@yopmail.com,Coral.Smitt@gmail.com,developer,20508
20608,Eolanda,Charmine,Eolanda.Charmine@yopmail.com,Eolanda.Charmine@gmail.com,worker,20509
20609,Gertrud,Wenda,Gertrud.Wenda@yopmail.com,Gertrud.Wenda@gmail.com,police officer,20510
20610,Karolina,Adlare,Karolina.Adlare@yopmail.com,Karolina.Adlare@gmail.com,doctor,20511
20611,Alameda,Adamsen,Alameda.Adamsen@yopmail.com,Alameda.Adamsen@gmail.com,developer,20512
20612,Tabbatha,Phi,Tabbatha.Phi@yopmail.com,Tabbatha.Phi@gmail.com,doctor,20513
20613,Chloris,Bartlett,Chloris.Bartlett@yopmail.com,Chloris.Bartlett@gmail.com,police officer,20514
20614,Sharai,Pitt,Sharai.Pitt@yopmail.com,Sharai.Pitt@gmail.com,worker,20515
20615,Karolina,Daveta,Karolina.Daveta@yopmail.com,Karolina.Daveta@gmail.com,developer,20516
20616,Carmencita,Meli,Carmencita.Meli@yopmail.com,Carmencita.Meli@gmail.com,police officer,20517
20617,Cyb,Delila,Cyb.Delila@yopmail.com,Cyb.Delila@gmail.com,police officer,20518
20618,Gusty,Anestassia,Gusty.Anestassia@yopmail.com,Gusty.Anestassia@gmail.com,developer,20519
20619,Lorne,Alfons,Lorne.Alfons@yopmail.com,Lorne.Alfons@gmail.com,worker,20520
20620,Kayla,Nore,Kayla.Nore@yopmail.com,Kayla.Nore@gmail.com,developer,20521
20621,Devina,Moina,Devina.Moina@yopmail.com,Devina.Moina@gmail.com,developer,20522
20622,Vevay,Ehrman,Vevay.Ehrman@yopmail.com,Vevay.Ehrman@gmail.com,worker,20523
20623,Angela,Old,Angela.Old@yopmail.com,Angela.Old@gmail.com,worker,20524
20624,Rhea,Eckblad,Rhea.Eckblad@yopmail.com,Rhea.Eckblad@gmail.com,police officer,20525
20625,Leia,Glenden,Leia.Glenden@yopmail.com,Leia.Glenden@gmail.com,police officer,20526
20626,June,Loeb,June.Loeb@yopmail.com,June.Loeb@gmail.com,doctor,20527
20627,Helena,Ophelia,Helena.Ophelia@yopmail.com,Helena.Ophelia@gmail.com,firefighter,20528
20628,Fredericka,Othilia,Fredericka.Othilia@yopmail.com,Fredericka.Othilia@gmail.com,police officer,20529
20629,Danika,Grosz,Danika.Grosz@yopmail.com,Danika.Grosz@gmail.com,doctor,20530
20630,Claresta,Philoo,Claresta.Philoo@yopmail.com,Claresta.Philoo@gmail.com,developer,20531
20631,Shannah,Hepsibah,Shannah.Hepsibah@yopmail.com,Shannah.Hepsibah@gmail.com,doctor,20532
20632,Chastity,Henebry,Chastity.Henebry@yopmail.com,Chastity.Henebry@gmail.com,police officer,20533
20633,Amelia,Waldron,Amelia.Waldron@yopmail.com,Amelia.Waldron@gmail.com,worker,20534
20634,Margarette,Ezar,Margarette.Ezar@yopmail.com,Margarette.Ezar@gmail.com,worker,20535
20635,Pamella,Lemuela,Pamella.Lemuela@yopmail.com,Pamella.Lemuela@gmail.com,developer,20536
20636,Phylis,Ciapas,Phylis.Ciapas@yopmail.com,Phylis.Ciapas@gmail.com,police officer,20537
20637,Quintina,Kendrick,Quintina.Kendrick@yopmail.com,Quintina.Kendrick@gmail.com,firefighter,20538
20638,Fina,Oscar,Fina.Oscar@yopmail.com,Fina.Oscar@gmail.com,doctor,20539
20639,Devina,Hurley,Devina.Hurley@yopmail.com,Devina.Hurley@gmail.com,firefighter,20540
20640,Andeee,Dichy,Andeee.Dichy@yopmail.com,Andeee.Dichy@gmail.com,developer,20541
20641,Wendi,Campball,Wendi.Campball@yopmail.com,Wendi.Campball@gmail.com,police officer,20542
20642,Mary,Rebecka,Mary.Rebecka@yopmail.com,Mary.Rebecka@gmail.com,doctor,20543
20643,Leontine,Carey,Leontine.Carey@yopmail.com,Leontine.Carey@gmail.com,firefighter,20544
20644,Gerianna,Rona,Gerianna.Rona@yopmail.com,Gerianna.Rona@gmail.com,police officer,20545
20645,Betta,Aldric,Betta.Aldric@yopmail.com,Betta.Aldric@gmail.com,worker,20546
20646,Corry,Donoghue,Corry.Donoghue@yopmail.com,Corry.Donoghue@gmail.com,worker,20547
20647,Minda,Pitt,Minda.Pitt@yopmail.com,Minda.Pitt@gmail.com,worker,20548
20648,Rosene,Kress,Rosene.Kress@yopmail.com,Rosene.Kress@gmail.com,worker,20549
20649,Marguerite,Haerr,Marguerite.Haerr@yopmail.com,Marguerite.Haerr@gmail.com,police officer,20550
20650,Pamella,Posner,Pamella.Posner@yopmail.com,Pamella.Posner@gmail.com,doctor,20551
20651,Ayn,Pyle,Ayn.Pyle@yopmail.com,Ayn.Pyle@gmail.com,doctor,20552
20652,Tierney,Sikorski,Tierney.Sikorski@yopmail.com,Tierney.Sikorski@gmail.com,worker,20553
20653,Gaylene,Aaberg,Gaylene.Aaberg@yopmail.com,Gaylene.Aaberg@gmail.com,firefighter,20554
20654,Valeda,Glenden,Valeda.Glenden@yopmail.com,Valeda.Glenden@gmail.com,developer,20555
20655,Meg,Kiyoshi,Meg.Kiyoshi@yopmail.com,Meg.Kiyoshi@gmail.com,developer,20556
20656,Gisela,Corilla,Gisela.Corilla@yopmail.com,Gisela.Corilla@gmail.com,firefighter,20557
20657,Aili,Meter,Aili.Meter@yopmail.com,Aili.Meter@gmail.com,worker,20558
20658,Sophia,Briney,Sophia.Briney@yopmail.com,Sophia.Briney@gmail.com,worker,20559
20659,Antonietta,Gordon,Antonietta.Gordon@yopmail.com,Antonietta.Gordon@gmail.com,doctor,20560
20660,Pollyanna,Raychel,Pollyanna.Raychel@yopmail.com,Pollyanna.Raychel@gmail.com,police officer,20561
20661,Roberta,Cullin,Roberta.Cullin@yopmail.com,Roberta.Cullin@gmail.com,worker,20562
20662,Tonia,Scammon,Tonia.Scammon@yopmail.com,Tonia.Scammon@gmail.com,police officer,20563
20663,Nadine,Rozanna,Nadine.Rozanna@yopmail.com,Nadine.Rozanna@gmail.com,police officer,20564
20664,Sophia,Minetta,Sophia.Minetta@yopmail.com,Sophia.Minetta@gmail.com,doctor,20565
20665,Di,Garbe,Di.Garbe@yopmail.com,Di.Garbe@gmail.com,doctor,20566
20666,Selia,Wallis,Selia.Wallis@yopmail.com,Selia.Wallis@gmail.com,police officer,20567
20667,Chere,Maxi,Chere.Maxi@yopmail.com,Chere.Maxi@gmail.com,doctor,20568
20668,Chandra,Helfand,Chandra.Helfand@yopmail.com,Chandra.Helfand@gmail.com,police officer,20569
20669,Brynna,Urias,Brynna.Urias@yopmail.com,Brynna.Urias@gmail.com,doctor,20570
20670,Lorie,Fadiman,Lorie.Fadiman@yopmail.com,Lorie.Fadiman@gmail.com,developer,20571
20671,Pierette,Rooney,Pierette.Rooney@yopmail.com,Pierette.Rooney@gmail.com,developer,20572
20672,Nadine,Glenden,Nadine.Glenden@yopmail.com,Nadine.Glenden@gmail.com,police officer,20573
20673,Amalie,Sibyls,Amalie.Sibyls@yopmail.com,Amalie.Sibyls@gmail.com,developer,20574
20674,Aili,Nerita,Aili.Nerita@yopmail.com,Aili.Nerita@gmail.com,police officer,20575
20675,Aubrie,Holbrook,Aubrie.Holbrook@yopmail.com,Aubrie.Holbrook@gmail.com,developer,20576
20676,Arlena,Firmin,Arlena.Firmin@yopmail.com,Arlena.Firmin@gmail.com,doctor,20577
20677,Ezmeralda,Zeeba,Ezmeralda.Zeeba@yopmail.com,Ezmeralda.Zeeba@gmail.com,police officer,20578
20678,Danika,Bonucci,Danika.Bonucci@yopmail.com,Danika.Bonucci@gmail.com,firefighter,20579
20679,Averyl,Vale,Averyl.Vale@yopmail.com,Averyl.Vale@gmail.com,firefighter,20580
20680,Shannah,Gaulin,Shannah.Gaulin@yopmail.com,Shannah.Gaulin@gmail.com,worker,20581
20681,Averyl,Kravits,Averyl.Kravits@yopmail.com,Averyl.Kravits@gmail.com,developer,20582
20682,Cherrita,Gilbertson,Cherrita.Gilbertson@yopmail.com,Cherrita.Gilbertson@gmail.com,developer,20583
20683,Marline,Sherrie,Marline.Sherrie@yopmail.com,Marline.Sherrie@gmail.com,firefighter,20584
20684,Josephine,Sinegold,Josephine.Sinegold@yopmail.com,Josephine.Sinegold@gmail.com,police officer,20585
20685,Roslyn,Maiah,Roslyn.Maiah@yopmail.com,Roslyn.Maiah@gmail.com,police officer,20586
20686,Elsie,Eldrid,Elsie.Eldrid@yopmail.com,Elsie.Eldrid@gmail.com,worker,20587
20687,Jolyn,Carri,Jolyn.Carri@yopmail.com,Jolyn.Carri@gmail.com,police officer,20588
20688,Helena,Zamora,Helena.Zamora@yopmail.com,Helena.Zamora@gmail.com,firefighter,20589
20689,Aeriela,Cressida,Aeriela.Cressida@yopmail.com,Aeriela.Cressida@gmail.com,doctor,20590
20690,Amelia,Winthorpe,Amelia.Winthorpe@yopmail.com,Amelia.Winthorpe@gmail.com,firefighter,20591
20691,Luci,Bearnard,Luci.Bearnard@yopmail.com,Luci.Bearnard@gmail.com,doctor,20592
20692,Cecile,Bevin,Cecile.Bevin@yopmail.com,Cecile.Bevin@gmail.com,doctor,20593
20693,Margette,Hanshaw,Margette.Hanshaw@yopmail.com,Margette.Hanshaw@gmail.com,developer,20594
20694,Leona,Whiffen,Leona.Whiffen@yopmail.com,Leona.Whiffen@gmail.com,worker,20595
20695,Fredericka,Grosz,Fredericka.Grosz@yopmail.com,Fredericka.Grosz@gmail.com,developer,20596
20696,Tatiania,Huggins,Tatiania.Huggins@yopmail.com,Tatiania.Huggins@gmail.com,firefighter,20597
20697,Alameda,Edmund,Alameda.Edmund@yopmail.com,Alameda.Edmund@gmail.com,doctor,20598
20698,Lorie,Frendel,Lorie.Frendel@yopmail.com,Lorie.Frendel@gmail.com,firefighter,20599
20699,Lita,Edvard,Lita.Edvard@yopmail.com,Lita.Edvard@gmail.com,firefighter,20600
20700,Agathe,Iaverne,Agathe.Iaverne@yopmail.com,Agathe.Iaverne@gmail.com,doctor,20601
20701,Shell,Koziara,Shell.Koziara@yopmail.com,Shell.Koziara@gmail.com,worker,20602
20702,Noelle,Allare,Noelle.Allare@yopmail.com,Noelle.Allare@gmail.com,firefighter,20603
20703,Candi,Yam,Candi.Yam@yopmail.com,Candi.Yam@gmail.com,worker,20604
20704,Feliza,Tice,Feliza.Tice@yopmail.com,Feliza.Tice@gmail.com,worker,20605
20705,Laure,Fink,Laure.Fink@yopmail.com,Laure.Fink@gmail.com,police officer,20606
20706,Jean,Kevon,Jean.Kevon@yopmail.com,Jean.Kevon@gmail.com,doctor,20607
20707,Allis,Wandie,Allis.Wandie@yopmail.com,Allis.Wandie@gmail.com,doctor,20608
20708,Corly,Holtz,Corly.Holtz@yopmail.com,Corly.Holtz@gmail.com,firefighter,20609
20709,Madelle,Thornburg,Madelle.Thornburg@yopmail.com,Madelle.Thornburg@gmail.com,doctor,20610
20710,Romona,Hirsch,Romona.Hirsch@yopmail.com,Romona.Hirsch@gmail.com,developer,20611
20711,Iseabal,Melan,Iseabal.Melan@yopmail.com,Iseabal.Melan@gmail.com,police officer,20612
20712,Ethel,Christine,Ethel.Christine@yopmail.com,Ethel.Christine@gmail.com,police officer,20613
20713,Bobinette,Ramona,Bobinette.Ramona@yopmail.com,Bobinette.Ramona@gmail.com,firefighter,20614
20714,Esmeralda,Connelly,Esmeralda.Connelly@yopmail.com,Esmeralda.Connelly@gmail.com,police officer,20615
20715,Anthia,Sheng,Anthia.Sheng@yopmail.com,Anthia.Sheng@gmail.com,doctor,20616
20716,Amara,Emanuel,Amara.Emanuel@yopmail.com,Amara.Emanuel@gmail.com,worker,20617
20717,Angela,Liebermann,Angela.Liebermann@yopmail.com,Angela.Liebermann@gmail.com,worker,20618
20718,Luci,Kalinda,Luci.Kalinda@yopmail.com,Luci.Kalinda@gmail.com,developer,20619
20719,Yolane,Si,Yolane.Si@yopmail.com,Yolane.Si@gmail.com,police officer,20620
20720,Magdalena,Emmy,Magdalena.Emmy@yopmail.com,Magdalena.Emmy@gmail.com,doctor,20621
20721,Tilly,Lattie,Tilly.Lattie@yopmail.com,Tilly.Lattie@gmail.com,doctor,20622
20722,Viviene,Fillbert,Viviene.Fillbert@yopmail.com,Viviene.Fillbert@gmail.com,developer,20623
20723,Jacquetta,Abernon,Jacquetta.Abernon@yopmail.com,Jacquetta.Abernon@gmail.com,worker,20624
20724,Christy,Buffum,Christy.Buffum@yopmail.com,Christy.Buffum@gmail.com,developer,20625
20725,Livvyy,Lay,Livvyy.Lay@yopmail.com,Livvyy.Lay@gmail.com,police officer,20626
20726,Fidelia,Secrest,Fidelia.Secrest@yopmail.com,Fidelia.Secrest@gmail.com,police officer,20627
20727,Raf,Bonilla,Raf.Bonilla@yopmail.com,Raf.Bonilla@gmail.com,firefighter,20628
20728,Brana,Borrell,Brana.Borrell@yopmail.com,Brana.Borrell@gmail.com,doctor,20629
20729,Pollyanna,Georas,Pollyanna.Georas@yopmail.com,Pollyanna.Georas@gmail.com,firefighter,20630
20730,Alejandra,Lemuela,Alejandra.Lemuela@yopmail.com,Alejandra.Lemuela@gmail.com,police officer,20631
20731,Letizia,Hurley,Letizia.Hurley@yopmail.com,Letizia.Hurley@gmail.com,developer,20632
20732,Daryl,Lorenz,Daryl.Lorenz@yopmail.com,Daryl.Lorenz@gmail.com,doctor,20633
20733,Asia,Serilda,Asia.Serilda@yopmail.com,Asia.Serilda@gmail.com,doctor,20634
20734,Mallory,Corrine,Mallory.Corrine@yopmail.com,Mallory.Corrine@gmail.com,firefighter,20635
20735,Gavrielle,Khorma,Gavrielle.Khorma@yopmail.com,Gavrielle.Khorma@gmail.com,firefighter,20636
20736,Janey,Katrine,Janey.Katrine@yopmail.com,Janey.Katrine@gmail.com,developer,20637
20737,Emelina,Garlinda,Emelina.Garlinda@yopmail.com,Emelina.Garlinda@gmail.com,firefighter,20638
20738,Marnia,Rosemary,Marnia.Rosemary@yopmail.com,Marnia.Rosemary@gmail.com,firefighter,20639
20739,Tani,Koziara,Tani.Koziara@yopmail.com,Tani.Koziara@gmail.com,worker,20640
20740,Leanna,Lissi,Leanna.Lissi@yopmail.com,Leanna.Lissi@gmail.com,doctor,20641
20741,Fredericka,Hewitt,Fredericka.Hewitt@yopmail.com,Fredericka.Hewitt@gmail.com,worker,20642
20742,Lynea,Daniele,Lynea.Daniele@yopmail.com,Lynea.Daniele@gmail.com,doctor,20643
20743,Zaria,Isidore,Zaria.Isidore@yopmail.com,Zaria.Isidore@gmail.com,developer,20644
20744,Calla,Tryck,Calla.Tryck@yopmail.com,Calla.Tryck@gmail.com,firefighter,20645
20745,Carolina,Jeanne,Carolina.Jeanne@yopmail.com,Carolina.Jeanne@gmail.com,firefighter,20646
20746,Layla,Adrienne,Layla.Adrienne@yopmail.com,Layla.Adrienne@gmail.com,worker,20647
20747,Misha,Fennessy,Misha.Fennessy@yopmail.com,Misha.Fennessy@gmail.com,worker,20648
20748,Mathilda,Norrie,Mathilda.Norrie@yopmail.com,Mathilda.Norrie@gmail.com,police officer,20649
20749,Doralynne,Haymes,Doralynne.Haymes@yopmail.com,Doralynne.Haymes@gmail.com,firefighter,20650
20750,Orelia,Miru,Orelia.Miru@yopmail.com,Orelia.Miru@gmail.com,firefighter,20651
20751,Chrystel,Wadell,Chrystel.Wadell@yopmail.com,Chrystel.Wadell@gmail.com,doctor,20652
20752,Sidoney,Sacken,Sidoney.Sacken@yopmail.com,Sidoney.Sacken@gmail.com,doctor,20653
20753,Mara,Raul,Mara.Raul@yopmail.com,Mara.Raul@gmail.com,worker,20654
20754,Britni,Maryanne,Britni.Maryanne@yopmail.com,Britni.Maryanne@gmail.com,developer,20655
20755,Florencia,Weinreb,Florencia.Weinreb@yopmail.com,Florencia.Weinreb@gmail.com,worker,20656
20756,Dorothy,Andrel,Dorothy.Andrel@yopmail.com,Dorothy.Andrel@gmail.com,police officer,20657
20757,Stacey,Bow,Stacey.Bow@yopmail.com,Stacey.Bow@gmail.com,developer,20658
20758,Debee,Drus,Debee.Drus@yopmail.com,Debee.Drus@gmail.com,doctor,20659
20759,Chere,Fancie,Chere.Fancie@yopmail.com,Chere.Fancie@gmail.com,police officer,20660
20760,Renae,Bahr,Renae.Bahr@yopmail.com,Renae.Bahr@gmail.com,doctor,20661
20761,Cacilie,Madaih,Cacilie.Madaih@yopmail.com,Cacilie.Madaih@gmail.com,worker,20662
20762,Theodora,Podvin,Theodora.Podvin@yopmail.com,Theodora.Podvin@gmail.com,police officer,20663
20763,Xylina,Dulciana,Xylina.Dulciana@yopmail.com,Xylina.Dulciana@gmail.com,worker,20664
20764,Latisha,Judye,Latisha.Judye@yopmail.com,Latisha.Judye@gmail.com,firefighter,20665
20765,Georgetta,Horan,Georgetta.Horan@yopmail.com,Georgetta.Horan@gmail.com,developer,20666
20766,Zondra,Cimbura,Zondra.Cimbura@yopmail.com,Zondra.Cimbura@gmail.com,worker,20667
20767,Veda,Garrison,Veda.Garrison@yopmail.com,Veda.Garrison@gmail.com,worker,20668
20768,Calla,Fink,Calla.Fink@yopmail.com,Calla.Fink@gmail.com,firefighter,20669
20769,Corina,Capello,Corina.Capello@yopmail.com,Corina.Capello@gmail.com,worker,20670
20770,Catrina,Fosque,Catrina.Fosque@yopmail.com,Catrina.Fosque@gmail.com,police officer,20671
20771,Wendi,Havens,Wendi.Havens@yopmail.com,Wendi.Havens@gmail.com,developer,20672
20772,Farrah,Justinn,Farrah.Justinn@yopmail.com,Farrah.Justinn@gmail.com,police officer,20673
20773,Kelly,Yuille,Kelly.Yuille@yopmail.com,Kelly.Yuille@gmail.com,worker,20674
20774,Raquela,Edmund,Raquela.Edmund@yopmail.com,Raquela.Edmund@gmail.com,developer,20675
20775,Janenna,Hazlett,Janenna.Hazlett@yopmail.com,Janenna.Hazlett@gmail.com,developer,20676
20776,Priscilla,Toni,Priscilla.Toni@yopmail.com,Priscilla.Toni@gmail.com,worker,20677
20777,Maridel,Hachmin,Maridel.Hachmin@yopmail.com,Maridel.Hachmin@gmail.com,doctor,20678
20778,Debee,Remmer,Debee.Remmer@yopmail.com,Debee.Remmer@gmail.com,doctor,20679
20779,Ethel,Catie,Ethel.Catie@yopmail.com,Ethel.Catie@gmail.com,doctor,20680
20780,Anica,Sammons,Anica.Sammons@yopmail.com,Anica.Sammons@gmail.com,doctor,20681
20781,Elbertina,Emerson,Elbertina.Emerson@yopmail.com,Elbertina.Emerson@gmail.com,developer,20682
20782,Ivett,Kosey,Ivett.Kosey@yopmail.com,Ivett.Kosey@gmail.com,doctor,20683
20783,Lorne,Sothena,Lorne.Sothena@yopmail.com,Lorne.Sothena@gmail.com,police officer,20684
20784,Tressa,Posner,Tressa.Posner@yopmail.com,Tressa.Posner@gmail.com,doctor,20685
20785,Nessie,Tice,Nessie.Tice@yopmail.com,Nessie.Tice@gmail.com,police officer,20686
20786,Berget,Autrey,Berget.Autrey@yopmail.com,Berget.Autrey@gmail.com,developer,20687
20787,Annora,Vernier,Annora.Vernier@yopmail.com,Annora.Vernier@gmail.com,worker,20688
20788,Fanny,Bonilla,Fanny.Bonilla@yopmail.com,Fanny.Bonilla@gmail.com,developer,20689
20789,Olwen,Masao,Olwen.Masao@yopmail.com,Olwen.Masao@gmail.com,developer,20690
20790,Vere,Seessel,Vere.Seessel@yopmail.com,Vere.Seessel@gmail.com,developer,20691
20791,Lizzie,Fitzsimmons,Lizzie.Fitzsimmons@yopmail.com,Lizzie.Fitzsimmons@gmail.com,police officer,20692
20792,Phylis,Morrill,Phylis.Morrill@yopmail.com,Phylis.Morrill@gmail.com,developer,20693
20793,Cassondra,Barney,Cassondra.Barney@yopmail.com,Cassondra.Barney@gmail.com,worker,20694
20794,Dari,Darbie,Dari.Darbie@yopmail.com,Dari.Darbie@gmail.com,firefighter,20695
20795,Millie,Kolnick,Millie.Kolnick@yopmail.com,Millie.Kolnick@gmail.com,doctor,20696
20796,Zaria,Annice,Zaria.Annice@yopmail.com,Zaria.Annice@gmail.com,firefighter,20697
20797,Sean,Ralfston,Sean.Ralfston@yopmail.com,Sean.Ralfston@gmail.com,doctor,20698
20798,Carol-Jean,Alice,Carol-Jean.Alice@yopmail.com,Carol-Jean.Alice@gmail.com,worker,20699
20799,Marnia,Cloris,Marnia.Cloris@yopmail.com,Marnia.Cloris@gmail.com,firefighter,20700
20800,Marline,Ammann,Marline.Ammann@yopmail.com,Marline.Ammann@gmail.com,worker,20701
20801,Mignon,Daveta,Mignon.Daveta@yopmail.com,Mignon.Daveta@gmail.com,worker,20702
20802,Imojean,Blake,Imojean.Blake@yopmail.com,Imojean.Blake@gmail.com,police officer,20703
20803,Jenda,Gordon,Jenda.Gordon@yopmail.com,Jenda.Gordon@gmail.com,worker,20704
20804,Charlena,Cosenza,Charlena.Cosenza@yopmail.com,Charlena.Cosenza@gmail.com,firefighter,20705
20805,Catharine,Karylin,Catharine.Karylin@yopmail.com,Catharine.Karylin@gmail.com,developer,20706
20806,Pamella,Argus,Pamella.Argus@yopmail.com,Pamella.Argus@gmail.com,developer,20707
20807,Alejandra,Emerson,Alejandra.Emerson@yopmail.com,Alejandra.Emerson@gmail.com,doctor,20708
20808,Rhoda,Cadmar,Rhoda.Cadmar@yopmail.com,Rhoda.Cadmar@gmail.com,worker,20709
20809,Pamella,Firmin,Pamella.Firmin@yopmail.com,Pamella.Firmin@gmail.com,firefighter,20710
20810,Vivia,Bouchard,Vivia.Bouchard@yopmail.com,Vivia.Bouchard@gmail.com,worker,20711
20811,Ethel,Brady,Ethel.Brady@yopmail.com,Ethel.Brady@gmail.com,police officer,20712
20812,Marcy,Berne,Marcy.Berne@yopmail.com,Marcy.Berne@gmail.com,firefighter,20713
20813,Sarette,Lymann,Sarette.Lymann@yopmail.com,Sarette.Lymann@gmail.com,developer,20714
20814,Jan,Jalbert,Jan.Jalbert@yopmail.com,Jan.Jalbert@gmail.com,worker,20715
20815,Neila,Fancie,Neila.Fancie@yopmail.com,Neila.Fancie@gmail.com,firefighter,20716
20816,Trudie,Maurine,Trudie.Maurine@yopmail.com,Trudie.Maurine@gmail.com,police officer,20717
20817,Wynne,Engdahl,Wynne.Engdahl@yopmail.com,Wynne.Engdahl@gmail.com,doctor,20718
20818,Sharlene,Peonir,Sharlene.Peonir@yopmail.com,Sharlene.Peonir@gmail.com,worker,20719
20819,Lesly,Pacorro,Lesly.Pacorro@yopmail.com,Lesly.Pacorro@gmail.com,doctor,20720
20820,Renae,Sacken,Renae.Sacken@yopmail.com,Renae.Sacken@gmail.com,police officer,20721
20821,Isa,Ball,Isa.Ball@yopmail.com,Isa.Ball@gmail.com,developer,20722
20822,Viviene,Helfand,Viviene.Helfand@yopmail.com,Viviene.Helfand@gmail.com,police officer,20723
20823,Rhoda,Bari,Rhoda.Bari@yopmail.com,Rhoda.Bari@gmail.com,doctor,20724
20824,Berta,Allina,Berta.Allina@yopmail.com,Berta.Allina@gmail.com,doctor,20725
20825,Mamie,Daniele,Mamie.Daniele@yopmail.com,Mamie.Daniele@gmail.com,police officer,20726
20826,Margarette,McGrody,Margarette.McGrody@yopmail.com,Margarette.McGrody@gmail.com,police officer,20727
20827,Marnia,Elisha,Marnia.Elisha@yopmail.com,Marnia.Elisha@gmail.com,doctor,20728
20828,Andeee,Baptlsta,Andeee.Baptlsta@yopmail.com,Andeee.Baptlsta@gmail.com,worker,20729
20829,Mahalia,Ailyn,Mahalia.Ailyn@yopmail.com,Mahalia.Ailyn@gmail.com,firefighter,20730
20830,Randa,Nisbet,Randa.Nisbet@yopmail.com,Randa.Nisbet@gmail.com,worker,20731
20831,Esmeralda,Glovsky,Esmeralda.Glovsky@yopmail.com,Esmeralda.Glovsky@gmail.com,police officer,20732
20832,Sallie,Buttaro,Sallie.Buttaro@yopmail.com,Sallie.Buttaro@gmail.com,worker,20733
20833,Winifred,Frendel,Winifred.Frendel@yopmail.com,Winifred.Frendel@gmail.com,doctor,20734
20834,Starla,Bonucci,Starla.Bonucci@yopmail.com,Starla.Bonucci@gmail.com,developer,20735
20835,Clary,Giule,Clary.Giule@yopmail.com,Clary.Giule@gmail.com,police officer,20736
20836,Vivia,Peg,Vivia.Peg@yopmail.com,Vivia.Peg@gmail.com,doctor,20737
20837,Danika,Cassius,Danika.Cassius@yopmail.com,Danika.Cassius@gmail.com,police officer,20738
20838,Shaylyn,Morrill,Shaylyn.Morrill@yopmail.com,Shaylyn.Morrill@gmail.com,doctor,20739
20839,Riannon,Chaing,Riannon.Chaing@yopmail.com,Riannon.Chaing@gmail.com,police officer,20740
20840,Edith,Cookie,Edith.Cookie@yopmail.com,Edith.Cookie@gmail.com,doctor,20741
20841,Viviene,Chauncey,Viviene.Chauncey@yopmail.com,Viviene.Chauncey@gmail.com,developer,20742
20842,Mireielle,Wesle,Mireielle.Wesle@yopmail.com,Mireielle.Wesle@gmail.com,police officer,20743
20843,Lenna,Chandler,Lenna.Chandler@yopmail.com,Lenna.Chandler@gmail.com,developer,20744
20844,Aubrie,Adore,Aubrie.Adore@yopmail.com,Aubrie.Adore@gmail.com,police officer,20745
20845,Pierette,Hylan,Pierette.Hylan@yopmail.com,Pierette.Hylan@gmail.com,firefighter,20746
20846,Bee,Idelia,Bee.Idelia@yopmail.com,Bee.Idelia@gmail.com,firefighter,20747
20847,Marcelline,Zitvaa,Marcelline.Zitvaa@yopmail.com,Marcelline.Zitvaa@gmail.com,police officer,20748
20848,Deedee,Hartnett,Deedee.Hartnett@yopmail.com,Deedee.Hartnett@gmail.com,police officer,20749
20849,Britni,Bates,Britni.Bates@yopmail.com,Britni.Bates@gmail.com,doctor,20750
20850,Fanny,Hermes,Fanny.Hermes@yopmail.com,Fanny.Hermes@gmail.com,doctor,20751
20851,Fanny,Carvey,Fanny.Carvey@yopmail.com,Fanny.Carvey@gmail.com,doctor,20752
20852,Brooks,Arquit,Brooks.Arquit@yopmail.com,Brooks.Arquit@gmail.com,worker,20753
20853,Ekaterina,Ovid,Ekaterina.Ovid@yopmail.com,Ekaterina.Ovid@gmail.com,developer,20754
20854,Karolina,Brenn,Karolina.Brenn@yopmail.com,Karolina.Brenn@gmail.com,worker,20755
20855,Judy,Dahlia,Judy.Dahlia@yopmail.com,Judy.Dahlia@gmail.com,firefighter,20756
20856,Jan,Ariella,Jan.Ariella@yopmail.com,Jan.Ariella@gmail.com,firefighter,20757
20857,Nannie,Read,Nannie.Read@yopmail.com,Nannie.Read@gmail.com,doctor,20758
20858,Dominga,Verger,Dominga.Verger@yopmail.com,Dominga.Verger@gmail.com,worker,20759
20859,Lucy,Klemperer,Lucy.Klemperer@yopmail.com,Lucy.Klemperer@gmail.com,developer,20760
20860,Hayley,Thomasina,Hayley.Thomasina@yopmail.com,Hayley.Thomasina@gmail.com,developer,20761
20861,Jinny,Kannry,Jinny.Kannry@yopmail.com,Jinny.Kannry@gmail.com,developer,20762
20862,Elfreda,Delacourt,Elfreda.Delacourt@yopmail.com,Elfreda.Delacourt@gmail.com,police officer,20763
20863,Trudie,Shirberg,Trudie.Shirberg@yopmail.com,Trudie.Shirberg@gmail.com,doctor,20764
20864,Berta,Schonfeld,Berta.Schonfeld@yopmail.com,Berta.Schonfeld@gmail.com,police officer,20765
20865,Merry,Ingra,Merry.Ingra@yopmail.com,Merry.Ingra@gmail.com,worker,20766
20866,Marti,Bivins,Marti.Bivins@yopmail.com,Marti.Bivins@gmail.com,firefighter,20767
20867,Tybie,Adamsen,Tybie.Adamsen@yopmail.com,Tybie.Adamsen@gmail.com,doctor,20768
20868,Leona,Leifeste,Leona.Leifeste@yopmail.com,Leona.Leifeste@gmail.com,worker,20769
20869,Jan,Dannye,Jan.Dannye@yopmail.com,Jan.Dannye@gmail.com,developer,20770
20870,Gilda,Shields,Gilda.Shields@yopmail.com,Gilda.Shields@gmail.com,worker,20771
20871,Allyce,Malanie,Allyce.Malanie@yopmail.com,Allyce.Malanie@gmail.com,developer,20772
20872,Gusella,Rona,Gusella.Rona@yopmail.com,Gusella.Rona@gmail.com,developer,20773
20873,Moyna,Serilda,Moyna.Serilda@yopmail.com,Moyna.Serilda@gmail.com,developer,20774
20874,Therine,Fennessy,Therine.Fennessy@yopmail.com,Therine.Fennessy@gmail.com,firefighter,20775
20875,Dianemarie,Strephon,Dianemarie.Strephon@yopmail.com,Dianemarie.Strephon@gmail.com,worker,20776
20876,Petronia,Graig,Petronia.Graig@yopmail.com,Petronia.Graig@gmail.com,worker,20777
20877,Amelia,Chesna,Amelia.Chesna@yopmail.com,Amelia.Chesna@gmail.com,developer,20778
20878,Jerry,Manolo,Jerry.Manolo@yopmail.com,Jerry.Manolo@gmail.com,doctor,20779
20879,Tierney,Faria,Tierney.Faria@yopmail.com,Tierney.Faria@gmail.com,worker,20780
20880,Clarice,Donoghue,Clarice.Donoghue@yopmail.com,Clarice.Donoghue@gmail.com,doctor,20781
20881,Meghann,Waite,Meghann.Waite@yopmail.com,Meghann.Waite@gmail.com,developer,20782
20882,Fayre,Adamsen,Fayre.Adamsen@yopmail.com,Fayre.Adamsen@gmail.com,developer,20783
20883,Ebonee,Moina,Ebonee.Moina@yopmail.com,Ebonee.Moina@gmail.com,police officer,20784
20884,Pamella,Nahum,Pamella.Nahum@yopmail.com,Pamella.Nahum@gmail.com,firefighter,20785
20885,Genevra,Rossner,Genevra.Rossner@yopmail.com,Genevra.Rossner@gmail.com,firefighter,20786
20886,Dione,Teryn,Dione.Teryn@yopmail.com,Dione.Teryn@gmail.com,worker,20787
20887,Basia,Rolf,Basia.Rolf@yopmail.com,Basia.Rolf@gmail.com,developer,20788
20888,Nollie,Reidar,Nollie.Reidar@yopmail.com,Nollie.Reidar@gmail.com,worker,20789
20889,Jasmina,Pettiford,Jasmina.Pettiford@yopmail.com,Jasmina.Pettiford@gmail.com,doctor,20790
20890,Lolita,Ioab,Lolita.Ioab@yopmail.com,Lolita.Ioab@gmail.com,developer,20791
20891,Loree,Dreda,Loree.Dreda@yopmail.com,Loree.Dreda@gmail.com,doctor,20792
20892,Tilly,Nunci,Tilly.Nunci@yopmail.com,Tilly.Nunci@gmail.com,developer,20793
20893,Dominga,Emmy,Dominga.Emmy@yopmail.com,Dominga.Emmy@gmail.com,developer,20794
20894,Nanete,Leopold,Nanete.Leopold@yopmail.com,Nanete.Leopold@gmail.com,firefighter,20795
20895,Ginnie,Silvan,Ginnie.Silvan@yopmail.com,Ginnie.Silvan@gmail.com,worker,20796
20896,Binny,Tomasina,Binny.Tomasina@yopmail.com,Binny.Tomasina@gmail.com,firefighter,20797
20897,Verla,Papageno,Verla.Papageno@yopmail.com,Verla.Papageno@gmail.com,doctor,20798
20898,Dulce,Faria,Dulce.Faria@yopmail.com,Dulce.Faria@gmail.com,firefighter,20799
20899,Caryl,Schwejda,Caryl.Schwejda@yopmail.com,Caryl.Schwejda@gmail.com,worker,20800
20900,Aimil,Cloris,Aimil.Cloris@yopmail.com,Aimil.Cloris@gmail.com,doctor,20801
20901,Modestia,Shuler,Modestia.Shuler@yopmail.com,Modestia.Shuler@gmail.com,developer,20802
20902,Harmonia,Donoghue,Harmonia.Donoghue@yopmail.com,Harmonia.Donoghue@gmail.com,firefighter,20803
20903,Tersina,Wadell,Tersina.Wadell@yopmail.com,Tersina.Wadell@gmail.com,worker,20804
20904,Cassondra,Alfons,Cassondra.Alfons@yopmail.com,Cassondra.Alfons@gmail.com,worker,20805
20905,Evaleen,Faust,Evaleen.Faust@yopmail.com,Evaleen.Faust@gmail.com,doctor,20806
20906,Janis,Joni,Janis.Joni@yopmail.com,Janis.Joni@gmail.com,worker,20807
20907,Shandie,Old,Shandie.Old@yopmail.com,Shandie.Old@gmail.com,firefighter,20808
20908,Glynnis,Docilla,Glynnis.Docilla@yopmail.com,Glynnis.Docilla@gmail.com,doctor,20809
20909,Edyth,Hamil,Edyth.Hamil@yopmail.com,Edyth.Hamil@gmail.com,police officer,20810
20910,Louella,Avi,Louella.Avi@yopmail.com,Louella.Avi@gmail.com,police officer,20811
20911,Ann-Marie,Toor,Ann-Marie.Toor@yopmail.com,Ann-Marie.Toor@gmail.com,doctor,20812
20912,Lynnea,Taam,Lynnea.Taam@yopmail.com,Lynnea.Taam@gmail.com,police officer,20813
20913,Annaliese,Cristi,Annaliese.Cristi@yopmail.com,Annaliese.Cristi@gmail.com,worker,20814
20914,Constance,Kazimir,Constance.Kazimir@yopmail.com,Constance.Kazimir@gmail.com,doctor,20815
20915,Etta,Lowry,Etta.Lowry@yopmail.com,Etta.Lowry@gmail.com,police officer,20816
20916,Dyann,Milson,Dyann.Milson@yopmail.com,Dyann.Milson@gmail.com,developer,20817
20917,Elbertina,Willie,Elbertina.Willie@yopmail.com,Elbertina.Willie@gmail.com,police officer,20818
20918,Josephine,Donell,Josephine.Donell@yopmail.com,Josephine.Donell@gmail.com,developer,20819
20919,Clarice,Koziara,Clarice.Koziara@yopmail.com,Clarice.Koziara@gmail.com,police officer,20820
20920,Bertine,Ventre,Bertine.Ventre@yopmail.com,Bertine.Ventre@gmail.com,firefighter,20821
20921,Sheree,Sherrie,Sheree.Sherrie@yopmail.com,Sheree.Sherrie@gmail.com,police officer,20822
20922,Linet,Flita,Linet.Flita@yopmail.com,Linet.Flita@gmail.com,doctor,20823
20923,Karlee,Erminia,Karlee.Erminia@yopmail.com,Karlee.Erminia@gmail.com,doctor,20824
20924,Vonny,Trace,Vonny.Trace@yopmail.com,Vonny.Trace@gmail.com,police officer,20825
20925,Karina,Truc,Karina.Truc@yopmail.com,Karina.Truc@gmail.com,firefighter,20826
20926,Gabi,Anastatius,Gabi.Anastatius@yopmail.com,Gabi.Anastatius@gmail.com,doctor,20827
20927,Willetta,Granoff,Willetta.Granoff@yopmail.com,Willetta.Granoff@gmail.com,firefighter,20828
20928,Concettina,Sisile,Concettina.Sisile@yopmail.com,Concettina.Sisile@gmail.com,developer,20829
20929,Danny,Eno,Danny.Eno@yopmail.com,Danny.Eno@gmail.com,police officer,20830
20930,Gilligan,Roche,Gilligan.Roche@yopmail.com,Gilligan.Roche@gmail.com,worker,20831
20931,Corina,Avi,Corina.Avi@yopmail.com,Corina.Avi@gmail.com,firefighter,20832
20932,Correy,Jerold,Correy.Jerold@yopmail.com,Correy.Jerold@gmail.com,doctor,20833
20933,Tera,Alexandr,Tera.Alexandr@yopmail.com,Tera.Alexandr@gmail.com,developer,20834
20934,Cam,Sholley,Cam.Sholley@yopmail.com,Cam.Sholley@gmail.com,police officer,20835
20935,Alex,Niles,Alex.Niles@yopmail.com,Alex.Niles@gmail.com,developer,20836
20936,Modestia,Atcliffe,Modestia.Atcliffe@yopmail.com,Modestia.Atcliffe@gmail.com,firefighter,20837
20937,Cyndie,Madox,Cyndie.Madox@yopmail.com,Cyndie.Madox@gmail.com,doctor,20838
20938,Georgina,Schlosser,Georgina.Schlosser@yopmail.com,Georgina.Schlosser@gmail.com,police officer,20839
20939,Hayley,Fleeta,Hayley.Fleeta@yopmail.com,Hayley.Fleeta@gmail.com,doctor,20840
20940,Ketti,Fitzsimmons,Ketti.Fitzsimmons@yopmail.com,Ketti.Fitzsimmons@gmail.com,doctor,20841
20941,Shel,Virgin,Shel.Virgin@yopmail.com,Shel.Virgin@gmail.com,police officer,20842
20942,Valera,Malvino,Valera.Malvino@yopmail.com,Valera.Malvino@gmail.com,doctor,20843
20943,Sashenka,Masao,Sashenka.Masao@yopmail.com,Sashenka.Masao@gmail.com,firefighter,20844
20944,Amelia,Emerson,Amelia.Emerson@yopmail.com,Amelia.Emerson@gmail.com,police officer,20845
20945,Sadie,Amadas,Sadie.Amadas@yopmail.com,Sadie.Amadas@gmail.com,firefighter,20846
20946,Rozele,Barney,Rozele.Barney@yopmail.com,Rozele.Barney@gmail.com,firefighter,20847
20947,Melisent,Hillel,Melisent.Hillel@yopmail.com,Melisent.Hillel@gmail.com,police officer,20848
20948,Briney,Old,Briney.Old@yopmail.com,Briney.Old@gmail.com,worker,20849
20949,Brooks,Jagir,Brooks.Jagir@yopmail.com,Brooks.Jagir@gmail.com,police officer,20850
20950,Paola,Japeth,Paola.Japeth@yopmail.com,Paola.Japeth@gmail.com,worker,20851
20951,Amalie,Birdella,Amalie.Birdella@yopmail.com,Amalie.Birdella@gmail.com,police officer,20852
20952,Damaris,Aprile,Damaris.Aprile@yopmail.com,Damaris.Aprile@gmail.com,developer,20853
20953,Elvira,Afton,Elvira.Afton@yopmail.com,Elvira.Afton@gmail.com,developer,20854
20954,Yolane,Ricarda,Yolane.Ricarda@yopmail.com,Yolane.Ricarda@gmail.com,firefighter,20855
20955,Sean,Bandeen,Sean.Bandeen@yopmail.com,Sean.Bandeen@gmail.com,police officer,20856
20956,Deloria,Zina,Deloria.Zina@yopmail.com,Deloria.Zina@gmail.com,worker,20857
20957,Aigneis,Atonsah,Aigneis.Atonsah@yopmail.com,Aigneis.Atonsah@gmail.com,worker,20858
20958,Dulce,Cottle,Dulce.Cottle@yopmail.com,Dulce.Cottle@gmail.com,worker,20859
20959,Ivett,Hertzfeld,Ivett.Hertzfeld@yopmail.com,Ivett.Hertzfeld@gmail.com,doctor,20860
20960,Ivett,Heisel,Ivett.Heisel@yopmail.com,Ivett.Heisel@gmail.com,firefighter,20861
20961,Cyndie,Pyle,Cyndie.Pyle@yopmail.com,Cyndie.Pyle@gmail.com,police officer,20862
20962,Marti,Tufts,Marti.Tufts@yopmail.com,Marti.Tufts@gmail.com,developer,20863
20963,Gerianna,Forrer,Gerianna.Forrer@yopmail.com,Gerianna.Forrer@gmail.com,worker,20864
20964,Loree,Dominy,Loree.Dominy@yopmail.com,Loree.Dominy@gmail.com,doctor,20865
20965,Sara-Ann,Koziara,Sara-Ann.Koziara@yopmail.com,Sara-Ann.Koziara@gmail.com,police officer,20866
20966,Ariela,Wilona,Ariela.Wilona@yopmail.com,Ariela.Wilona@gmail.com,police officer,20867
20967,Joceline,Hillel,Joceline.Hillel@yopmail.com,Joceline.Hillel@gmail.com,police officer,20868
20968,Donetta,Solitta,Donetta.Solitta@yopmail.com,Donetta.Solitta@gmail.com,doctor,20869
20969,Candi,Truc,Candi.Truc@yopmail.com,Candi.Truc@gmail.com,developer,20870
20970,Margalo,Dituri,Margalo.Dituri@yopmail.com,Margalo.Dituri@gmail.com,worker,20871
20971,Bertine,Burnside,Bertine.Burnside@yopmail.com,Bertine.Burnside@gmail.com,developer,20872
20972,Taffy,Ogren,Taffy.Ogren@yopmail.com,Taffy.Ogren@gmail.com,developer,20873
20973,Janis,Havens,Janis.Havens@yopmail.com,Janis.Havens@gmail.com,developer,20874
20974,Imojean,Monaco,Imojean.Monaco@yopmail.com,Imojean.Monaco@gmail.com,firefighter,20875
20975,Jolyn,Guildroy,Jolyn.Guildroy@yopmail.com,Jolyn.Guildroy@gmail.com,developer,20876
20976,Asia,Presber,Asia.Presber@yopmail.com,Asia.Presber@gmail.com,police officer,20877
20977,Shannah,Sheng,Shannah.Sheng@yopmail.com,Shannah.Sheng@gmail.com,firefighter,20878
20978,Ilse,Auberbach,Ilse.Auberbach@yopmail.com,Ilse.Auberbach@gmail.com,worker,20879
20979,Dolli,Valoniah,Dolli.Valoniah@yopmail.com,Dolli.Valoniah@gmail.com,police officer,20880
20980,Talya,Ries,Talya.Ries@yopmail.com,Talya.Ries@gmail.com,firefighter,20881
20981,Merrie,Edee,Merrie.Edee@yopmail.com,Merrie.Edee@gmail.com,doctor,20882
20982,Joelly,Darrell,Joelly.Darrell@yopmail.com,Joelly.Darrell@gmail.com,firefighter,20883
20983,Sonni,Bennie,Sonni.Bennie@yopmail.com,Sonni.Bennie@gmail.com,doctor,20884
20984,Alameda,Bluh,Alameda.Bluh@yopmail.com,Alameda.Bluh@gmail.com,worker,20885
20985,Carlie,Belanger,Carlie.Belanger@yopmail.com,Carlie.Belanger@gmail.com,police officer,20886
20986,Siana,Nikaniki,Siana.Nikaniki@yopmail.com,Siana.Nikaniki@gmail.com,doctor,20887
20987,Melanie,Etom,Melanie.Etom@yopmail.com,Melanie.Etom@gmail.com,firefighter,20888
20988,Mireielle,Shelba,Mireielle.Shelba@yopmail.com,Mireielle.Shelba@gmail.com,worker,20889
20989,Lily,Rosalba,Lily.Rosalba@yopmail.com,Lily.Rosalba@gmail.com,doctor,20890
20990,Brietta,Bultman,Brietta.Bultman@yopmail.com,Brietta.Bultman@gmail.com,police officer,20891
20991,Stevana,Gillan,Stevana.Gillan@yopmail.com,Stevana.Gillan@gmail.com,firefighter,20892
20992,Roxane,Marijo,Roxane.Marijo@yopmail.com,Roxane.Marijo@gmail.com,doctor,20893
20993,Marline,Albertine,Marline.Albertine@yopmail.com,Marline.Albertine@gmail.com,doctor,20894
20994,Cathie,Brackely,Cathie.Brackely@yopmail.com,Cathie.Brackely@gmail.com,worker,20895
20995,Carol-Jean,Socha,Carol-Jean.Socha@yopmail.com,Carol-Jean.Socha@gmail.com,police officer,20896
20996,Priscilla,Joachim,Priscilla.Joachim@yopmail.com,Priscilla.Joachim@gmail.com,firefighter,20897
20997,Elise,Terrence,Elise.Terrence@yopmail.com,Elise.Terrence@gmail.com,police officer,20898
20998,Linet,Kaja,Linet.Kaja@yopmail.com,Linet.Kaja@gmail.com,doctor,20899
20999,Sissy,Syd,Sissy.Syd@yopmail.com,Sissy.Syd@gmail.com,worker,20900
21000,Jinny,Bibi,Jinny.Bibi@yopmail.com,Jinny.Bibi@gmail.com,doctor,20901
21001,Kimmy,Nickola,Kimmy.Nickola@yopmail.com,Kimmy.Nickola@gmail.com,police officer,20902
21002,Sue,Loleta,Sue.Loleta@yopmail.com,Sue.Loleta@gmail.com,police officer,20903
21003,Leia,Amethist,Leia.Amethist@yopmail.com,Leia.Amethist@gmail.com,worker,20904
21004,Dianemarie,Dannye,Dianemarie.Dannye@yopmail.com,Dianemarie.Dannye@gmail.com,worker,20905
21005,Tori,Ellerey,Tori.Ellerey@yopmail.com,Tori.Ellerey@gmail.com,police officer,20906
21006,Veda,Ventre,Veda.Ventre@yopmail.com,Veda.Ventre@gmail.com,worker,20907
21007,Anica,Wooster,Anica.Wooster@yopmail.com,Anica.Wooster@gmail.com,firefighter,20908
21008,Edith,Lanita,Edith.Lanita@yopmail.com,Edith.Lanita@gmail.com,developer,20909
21009,Stevana,Ariella,Stevana.Ariella@yopmail.com,Stevana.Ariella@gmail.com,developer,20910
21010,Paule,Monaco,Paule.Monaco@yopmail.com,Paule.Monaco@gmail.com,police officer,20911
21011,Siana,Ries,Siana.Ries@yopmail.com,Siana.Ries@gmail.com,firefighter,20912
21012,Christal,Hirsch,Christal.Hirsch@yopmail.com,Christal.Hirsch@gmail.com,worker,20913
21013,Mara,Fadiman,Mara.Fadiman@yopmail.com,Mara.Fadiman@gmail.com,worker,20914
21014,Adore,Thad,Adore.Thad@yopmail.com,Adore.Thad@gmail.com,developer,20915
21015,Jorry,McCutcheon,Jorry.McCutcheon@yopmail.com,Jorry.McCutcheon@gmail.com,worker,20916
21016,Fred,Kirstin,Fred.Kirstin@yopmail.com,Fred.Kirstin@gmail.com,doctor,20917
21017,Dianemarie,Stoller,Dianemarie.Stoller@yopmail.com,Dianemarie.Stoller@gmail.com,developer,20918
21018,Eve,Donell,Eve.Donell@yopmail.com,Eve.Donell@gmail.com,firefighter,20919
21019,Hayley,Munn,Hayley.Munn@yopmail.com,Hayley.Munn@gmail.com,doctor,20920
21020,Addia,Pattin,Addia.Pattin@yopmail.com,Addia.Pattin@gmail.com,worker,20921
21021,Alia,Rurik,Alia.Rurik@yopmail.com,Alia.Rurik@gmail.com,firefighter,20922
21022,Lilith,Peonir,Lilith.Peonir@yopmail.com,Lilith.Peonir@gmail.com,developer,20923
21023,Krystle,Duwalt,Krystle.Duwalt@yopmail.com,Krystle.Duwalt@gmail.com,firefighter,20924
21024,Lesly,Redmond,Lesly.Redmond@yopmail.com,Lesly.Redmond@gmail.com,worker,20925
21025,Lanna,Rosemary,Lanna.Rosemary@yopmail.com,Lanna.Rosemary@gmail.com,firefighter,20926
21026,Estell,Lalitta,Estell.Lalitta@yopmail.com,Estell.Lalitta@gmail.com,firefighter,20927
21027,Dorice,Ader,Dorice.Ader@yopmail.com,Dorice.Ader@gmail.com,worker,20928
21028,Caressa,Gerge,Caressa.Gerge@yopmail.com,Caressa.Gerge@gmail.com,doctor,20929
21029,Lilith,Lenny,Lilith.Lenny@yopmail.com,Lilith.Lenny@gmail.com,police officer,20930
21030,Christal,Weide,Christal.Weide@yopmail.com,Christal.Weide@gmail.com,doctor,20931
21031,Shannah,Revkah,Shannah.Revkah@yopmail.com,Shannah.Revkah@gmail.com,police officer,20932
21032,Liana,Tamar,Liana.Tamar@yopmail.com,Liana.Tamar@gmail.com,police officer,20933
21033,Rhoda,Autrey,Rhoda.Autrey@yopmail.com,Rhoda.Autrey@gmail.com,worker,20934
21034,Katleen,Delacourt,Katleen.Delacourt@yopmail.com,Katleen.Delacourt@gmail.com,police officer,20935
21035,Cyb,Celestine,Cyb.Celestine@yopmail.com,Cyb.Celestine@gmail.com,worker,20936
21036,Angela,O'Neill,Angela.O'Neill@yopmail.com,Angela.O'Neill@gmail.com,developer,20937
21037,Romona,Rebecka,Romona.Rebecka@yopmail.com,Romona.Rebecka@gmail.com,developer,20938
21038,Veda,Tannie,Veda.Tannie@yopmail.com,Veda.Tannie@gmail.com,doctor,20939
21039,Alyda,Aldric,Alyda.Aldric@yopmail.com,Alyda.Aldric@gmail.com,worker,20940
21040,Jessamyn,Mayeda,Jessamyn.Mayeda@yopmail.com,Jessamyn.Mayeda@gmail.com,police officer,20941
21041,Ann-Marie,Orpah,Ann-Marie.Orpah@yopmail.com,Ann-Marie.Orpah@gmail.com,police officer,20942
21042,Mary,Ephrem,Mary.Ephrem@yopmail.com,Mary.Ephrem@gmail.com,firefighter,20943
21043,Nerta,Emanuel,Nerta.Emanuel@yopmail.com,Nerta.Emanuel@gmail.com,developer,20944
21044,Celisse,Ricarda,Celisse.Ricarda@yopmail.com,Celisse.Ricarda@gmail.com,doctor,20945
21045,Carly,Faso,Carly.Faso@yopmail.com,Carly.Faso@gmail.com,police officer,20946
21046,Gale,Ader,Gale.Ader@yopmail.com,Gale.Ader@gmail.com,worker,20947
21047,Elsie,Peg,Elsie.Peg@yopmail.com,Elsie.Peg@gmail.com,firefighter,20948
21048,Carolina,Ajay,Carolina.Ajay@yopmail.com,Carolina.Ajay@gmail.com,developer,20949
21049,Monika,Ralfston,Monika.Ralfston@yopmail.com,Monika.Ralfston@gmail.com,developer,20950
21050,Ada,Fairweather,Ada.Fairweather@yopmail.com,Ada.Fairweather@gmail.com,worker,20951
21051,Linet,Winnick,Linet.Winnick@yopmail.com,Linet.Winnick@gmail.com,firefighter,20952
21052,Dominga,Daveta,Dominga.Daveta@yopmail.com,Dominga.Daveta@gmail.com,developer,20953
21053,Annaliese,Schenck,Annaliese.Schenck@yopmail.com,Annaliese.Schenck@gmail.com,police officer,20954
21054,Merrie,Baylor,Merrie.Baylor@yopmail.com,Merrie.Baylor@gmail.com,worker,20955
21055,Tressa,An,Tressa.An@yopmail.com,Tressa.An@gmail.com,police officer,20956
21056,Lindie,Seagraves,Lindie.Seagraves@yopmail.com,Lindie.Seagraves@gmail.com,worker,20957
21057,Shaine,Malina,Shaine.Malina@yopmail.com,Shaine.Malina@gmail.com,police officer,20958
21058,Dagmar,Ashely,Dagmar.Ashely@yopmail.com,Dagmar.Ashely@gmail.com,firefighter,20959
21059,Calla,Cecile,Calla.Cecile@yopmail.com,Calla.Cecile@gmail.com,doctor,20960
21060,Blake,Cavan,Blake.Cavan@yopmail.com,Blake.Cavan@gmail.com,developer,20961
21061,Sissy,O'Neill,Sissy.O'Neill@yopmail.com,Sissy.O'Neill@gmail.com,doctor,20962
21062,Genovera,Andrel,Genovera.Andrel@yopmail.com,Genovera.Andrel@gmail.com,developer,20963
21063,Monika,Khorma,Monika.Khorma@yopmail.com,Monika.Khorma@gmail.com,police officer,20964
21064,Sindee,Burch,Sindee.Burch@yopmail.com,Sindee.Burch@gmail.com,police officer,20965
21065,Jaclyn,Fennessy,Jaclyn.Fennessy@yopmail.com,Jaclyn.Fennessy@gmail.com,developer,20966
21066,Esmeralda,Gilbertson,Esmeralda.Gilbertson@yopmail.com,Esmeralda.Gilbertson@gmail.com,doctor,20967
21067,Tressa,Chapland,Tressa.Chapland@yopmail.com,Tressa.Chapland@gmail.com,firefighter,20968
21068,Jeanna,Konyn,Jeanna.Konyn@yopmail.com,Jeanna.Konyn@gmail.com,doctor,20969
21069,Bibby,Brandice,Bibby.Brandice@yopmail.com,Bibby.Brandice@gmail.com,firefighter,20970
21070,Paola,Rebecka,Paola.Rebecka@yopmail.com,Paola.Rebecka@gmail.com,developer,20971
21071,Oralee,Buttaro,Oralee.Buttaro@yopmail.com,Oralee.Buttaro@gmail.com,worker,20972
21072,Doro,Sothena,Doro.Sothena@yopmail.com,Doro.Sothena@gmail.com,developer,20973
21073,Perry,McLaughlin,Perry.McLaughlin@yopmail.com,Perry.McLaughlin@gmail.com,developer,20974
21074,Aurore,Abernon,Aurore.Abernon@yopmail.com,Aurore.Abernon@gmail.com,doctor,20975
21075,Pierette,Meter,Pierette.Meter@yopmail.com,Pierette.Meter@gmail.com,doctor,20976
21076,Wilma,Terencio,Wilma.Terencio@yopmail.com,Wilma.Terencio@gmail.com,worker,20977
21077,Merle,Gregrory,Merle.Gregrory@yopmail.com,Merle.Gregrory@gmail.com,firefighter,20978
21078,Kimberley,Ade,Kimberley.Ade@yopmail.com,Kimberley.Ade@gmail.com,worker,20979
21079,Brena,Poppy,Brena.Poppy@yopmail.com,Brena.Poppy@gmail.com,worker,20980
21080,Ashlee,Krystle,Ashlee.Krystle@yopmail.com,Ashlee.Krystle@gmail.com,worker,20981
21081,Jorry,Stover,Jorry.Stover@yopmail.com,Jorry.Stover@gmail.com,worker,20982
21082,Ileana,Sallyann,Ileana.Sallyann@yopmail.com,Ileana.Sallyann@gmail.com,developer,20983
21083,Misha,Erskine,Misha.Erskine@yopmail.com,Misha.Erskine@gmail.com,police officer,20984
21084,Dorene,Demitria,Dorene.Demitria@yopmail.com,Dorene.Demitria@gmail.com,firefighter,20985
21085,Teddie,Selway,Teddie.Selway@yopmail.com,Teddie.Selway@gmail.com,doctor,20986
21086,Constance,Soneson,Constance.Soneson@yopmail.com,Constance.Soneson@gmail.com,developer,20987
21087,Maye,Alice,Maye.Alice@yopmail.com,Maye.Alice@gmail.com,police officer,20988
21088,Cecile,Fitzsimmons,Cecile.Fitzsimmons@yopmail.com,Cecile.Fitzsimmons@gmail.com,worker,20989
21089,Marti,Cynar,Marti.Cynar@yopmail.com,Marti.Cynar@gmail.com,doctor,20990
21090,Arlena,Karl,Arlena.Karl@yopmail.com,Arlena.Karl@gmail.com,doctor,20991
21091,Margette,Christal,Margette.Christal@yopmail.com,Margette.Christal@gmail.com,developer,20992
21092,Maye,Maisey,Maye.Maisey@yopmail.com,Maye.Maisey@gmail.com,developer,20993
21093,Tori,Atcliffe,Tori.Atcliffe@yopmail.com,Tori.Atcliffe@gmail.com,worker,20994
21094,Kathy,Delila,Kathy.Delila@yopmail.com,Kathy.Delila@gmail.com,police officer,20995
21095,Berget,Elo,Berget.Elo@yopmail.com,Berget.Elo@gmail.com,worker,20996
21096,Dotty,Corrine,Dotty.Corrine@yopmail.com,Dotty.Corrine@gmail.com,doctor,20997
21097,Amelia,Diogenes,Amelia.Diogenes@yopmail.com,Amelia.Diogenes@gmail.com,police officer,20998
21098,Dennie,Goerke,Dennie.Goerke@yopmail.com,Dennie.Goerke@gmail.com,police officer,20999
21099,Perry,Cornelia,Perry.Cornelia@yopmail.com,Perry.Cornelia@gmail.com,police officer,21000
