id,firstname,lastname,email,email2,profession,Field Name
1100,Jaclyn,Merell,Jaclyn.Merell@yopmail.com,Jaclyn.Merell@gmail.com,firefighter,1001
1101,Ninnetta,Oscar,Ninnetta.Oscar@yopmail.com,Ninnetta.Oscar@gmail.com,firefighter,1002
1102,Bobbi,Yoko,Bobbi.Yoko@yopmail.com,Bobbi.Yoko@gmail.com,firefighter,1003
1103,Chrystel,Lynn,Chrystel.Lynn@yopmail.com,Chrystel.Lynn@gmail.com,police officer,1004
1104,Nannie,Rheingold,Nannie.Rheingold@yopmail.com,Nannie.Rheingold@gmail.com,worker,1005
1105,Letizia,Shelba,Letizia.Shelba@yopmail.com,Letizia.Shelba@gmail.com,worker,1006
1106,Neila,Maroney,Neila.Maroney@yopmail.com,Neila.Maroney@gmail.com,firefighter,1007
1107,Claresta,Dermott,Claresta.Dermott@yopmail.com,Claresta.Dermott@gmail.com,worker,1008
1108,Lyssa,Brittani,Lyssa.Brittani@yopmail.com,Lyssa.Brittani@gmail.com,doctor,1009
1109,Joleen,Gibbeon,Joleen.Gibbeon@yopmail.com,Joleen.Gibbeon@gmail.com,firefighter,1010
1110,Meg,Lipson,Meg.Lipson@yopmail.com,Meg.Lipson@gmail.com,developer,1011
1111,Verla,Persse,Verla.Persse@yopmail.com,Verla.Persse@gmail.com,worker,1012
1112,Tersina,Nance,Tersina.Nance@yopmail.com,Tersina.Nance@gmail.com,developer,1013
1113,Ilse,Hanshaw,Ilse.Hanshaw@yopmail.com,Ilse.Hanshaw@gmail.com,doctor,1014
1114,Hollie,Albertine,Hollie.Albertine@yopmail.com,Hollie.Albertine@gmail.com,police officer,1015
1115,Meriel,Holtz,Meriel.Holtz@yopmail.com,Meriel.Holtz@gmail.com,worker,1016
1116,Jsandye,Turne,Jsandye.Turne@yopmail.com,Jsandye.Turne@gmail.com,police officer,1017
1117,Blinni,Naashom,Blinni.Naashom@yopmail.com,Blinni.Naashom@gmail.com,police officer,1018
1118,Rani,Saunderson,Rani.Saunderson@yopmail.com,Rani.Saunderson@gmail.com,police officer,1019
1119,Marika,Romelda,Marika.Romelda@yopmail.com,Marika.Romelda@gmail.com,developer,1020
1120,Esmeralda,Dorothy,Esmeralda.Dorothy@yopmail.com,Esmeralda.Dorothy@gmail.com,worker,1021
1121,Joleen,Decato,Joleen.Decato@yopmail.com,Joleen.Decato@gmail.com,developer,1022
1122,Tamqrah,Cristi,Tamqrah.Cristi@yopmail.com,Tamqrah.Cristi@gmail.com,developer,1023
1123,Sindee,Albertine,Sindee.Albertine@yopmail.com,Sindee.Albertine@gmail.com,worker,1024
1124,Roberta,Ellord,Roberta.Ellord@yopmail.com,Roberta.Ellord@gmail.com,worker,1025
1125,Gabi,Ehrman,Gabi.Ehrman@yopmail.com,Gabi.Ehrman@gmail.com,police officer,1026
1126,Deane,Agle,Deane.Agle@yopmail.com,Deane.Agle@gmail.com,worker,1027
1127,Cordi,Ackerley,Cordi.Ackerley@yopmail.com,Cordi.Ackerley@gmail.com,doctor,1028
1128,Babita,Lane,Babita.Lane@yopmail.com,Babita.Lane@gmail.com,firefighter,1029
1129,Rori,O'Carroll,Rori.O'Carroll@yopmail.com,Rori.O'Carroll@gmail.com,worker,1030
1130,Bernardine,Weitman,Bernardine.Weitman@yopmail.com,Bernardine.Weitman@gmail.com,doctor,1031
1131,Ana,Oscar,Ana.Oscar@yopmail.com,Ana.Oscar@gmail.com,developer,1032
1132,Doralynne,Catie,Doralynne.Catie@yopmail.com,Doralynne.Catie@gmail.com,developer,1033
1133,Luci,Hewitt,Luci.Hewitt@yopmail.com,Luci.Hewitt@gmail.com,worker,1034
1134,Chloris,Gregrory,Chloris.Gregrory@yopmail.com,Chloris.Gregrory@gmail.com,firefighter,1035
1135,Jenilee,Ciapas,Jenilee.Ciapas@yopmail.com,Jenilee.Ciapas@gmail.com,doctor,1036
1136,Florencia,Zenas,Florencia.Zenas@yopmail.com,Florencia.Zenas@gmail.com,police officer,1037
1137,Kore,Sasnett,Kore.Sasnett@yopmail.com,Kore.Sasnett@gmail.com,doctor,1038
1138,Taffy,Catie,Taffy.Catie@yopmail.com,Taffy.Catie@gmail.com,firefighter,1039
1139,Tobe,Chaing,Tobe.Chaing@yopmail.com,Tobe.Chaing@gmail.com,firefighter,1040
1140,Barbi,Codding,Barbi.Codding@yopmail.com,Barbi.Codding@gmail.com,police officer,1041
1141,Drucie,Lareena,Drucie.Lareena@yopmail.com,Drucie.Lareena@gmail.com,developer,1042
1142,Gwyneth,Santoro,Gwyneth.Santoro@yopmail.com,Gwyneth.Santoro@gmail.com,police officer,1043
1143,Vere,Eiser,Vere.Eiser@yopmail.com,Vere.Eiser@gmail.com,developer,1044
1144,Carmela,Whiffen,Carmela.Whiffen@yopmail.com,Carmela.Whiffen@gmail.com,police officer,1045
1145,Libbie,Penelopa,Libbie.Penelopa@yopmail.com,Libbie.Penelopa@gmail.com,doctor,1046
1146,Lanna,Orlene,Lanna.Orlene@yopmail.com,Lanna.Orlene@gmail.com,doctor,1047
1147,Jessamyn,Goerke,Jessamyn.Goerke@yopmail.com,Jessamyn.Goerke@gmail.com,developer,1048
1148,Elise,Ricarda,Elise.Ricarda@yopmail.com,Elise.Ricarda@gmail.com,developer,1049
1149,Gabriellia,Sherfield,Gabriellia.Sherfield@yopmail.com,Gabriellia.Sherfield@gmail.com,police officer,1050
1150,Daryl,Evangelia,Daryl.Evangelia@yopmail.com,Daryl.Evangelia@gmail.com,firefighter,1051
1151,Vonny,Georgy,Vonny.Georgy@yopmail.com,Vonny.Georgy@gmail.com,firefighter,1052
1152,Andree,Colleen,Andree.Colleen@yopmail.com,Andree.Colleen@gmail.com,worker,1053
1153,Xylina,Skell,Xylina.Skell@yopmail.com,Xylina.Skell@gmail.com,developer,1054
1154,Frances,Kazimir,Frances.Kazimir@yopmail.com,Frances.Kazimir@gmail.com,firefighter,1055
1155,Marcy,Woodberry,Marcy.Woodberry@yopmail.com,Marcy.Woodberry@gmail.com,worker,1056
1156,Ninnetta,Bevin,Ninnetta.Bevin@yopmail.com,Ninnetta.Bevin@gmail.com,firefighter,1057
1157,Dorice,Carri,Dorice.Carri@yopmail.com,Dorice.Carri@gmail.com,developer,1058
1158,Cyb,Cordi,Cyb.Cordi@yopmail.com,Cyb.Cordi@gmail.com,worker,1059
1159,Randa,Lilas,Randa.Lilas@yopmail.com,Randa.Lilas@gmail.com,police officer,1060
1160,Olivette,Bartlett,Olivette.Bartlett@yopmail.com,Olivette.Bartlett@gmail.com,police officer,1061
1161,Netty,Hillel,Netty.Hillel@yopmail.com,Netty.Hillel@gmail.com,developer,1062
1162,Brena,Burkle,Brena.Burkle@yopmail.com,Brena.Burkle@gmail.com,developer,1063
1163,Sara-Ann,Dichy,Sara-Ann.Dichy@yopmail.com,Sara-Ann.Dichy@gmail.com,worker,1064
1164,Addia,Juan,Addia.Juan@yopmail.com,Addia.Juan@gmail.com,police officer,1065
1165,Cristine,Allys,Cristine.Allys@yopmail.com,Cristine.Allys@gmail.com,police officer,1066
1166,Shirlee,Noelyn,Shirlee.Noelyn@yopmail.com,Shirlee.Noelyn@gmail.com,doctor,1067
1167,Jeanna,Natica,Jeanna.Natica@yopmail.com,Jeanna.Natica@gmail.com,firefighter,1068
1168,Mariele,Toffic,Mariele.Toffic@yopmail.com,Mariele.Toffic@gmail.com,developer,1069
1169,Moyna,Trey,Moyna.Trey@yopmail.com,Moyna.Trey@gmail.com,doctor,1070
1170,Kathy,Dom,Kathy.Dom@yopmail.com,Kathy.Dom@gmail.com,developer,1071
1171,Shaylyn,Mott,Shaylyn.Mott@yopmail.com,Shaylyn.Mott@gmail.com,police officer,1072
1172,Jenda,Norrie,Jenda.Norrie@yopmail.com,Jenda.Norrie@gmail.com,developer,1073
1173,Shandie,Kesley,Shandie.Kesley@yopmail.com,Shandie.Kesley@gmail.com,developer,1074
1174,Anthia,Abram,Anthia.Abram@yopmail.com,Anthia.Abram@gmail.com,worker,1075
1175,Millie,Giff,Millie.Giff@yopmail.com,Millie.Giff@gmail.com,firefighter,1076
1176,Britte,Fosque,Britte.Fosque@yopmail.com,Britte.Fosque@gmail.com,firefighter,1077
1177,Minda,Alexandr,Minda.Alexandr@yopmail.com,Minda.Alexandr@gmail.com,firefighter,1078
1178,Candi,Ariella,Candi.Ariella@yopmail.com,Candi.Ariella@gmail.com,worker,1079
1179,Elmira,Virgin,Elmira.Virgin@yopmail.com,Elmira.Virgin@gmail.com,police officer,1080
1180,Tani,Faust,Tani.Faust@yopmail.com,Tani.Faust@gmail.com,firefighter,1081
1181,Gretal,Alarise,Gretal.Alarise@yopmail.com,Gretal.Alarise@gmail.com,police officer,1082
1182,Halette,Gilbertson,Halette.Gilbertson@yopmail.com,Halette.Gilbertson@gmail.com,firefighter,1083
1183,Merrie,Hoban,Merrie.Hoban@yopmail.com,Merrie.Hoban@gmail.com,firefighter,1084
1184,Cathie,Lail,Cathie.Lail@yopmail.com,Cathie.Lail@gmail.com,developer,1085
1185,Carolina,Paine,Carolina.Paine@yopmail.com,Carolina.Paine@gmail.com,worker,1086
1186,Pollyanna,Kolnick,Pollyanna.Kolnick@yopmail.com,Pollyanna.Kolnick@gmail.com,doctor,1087
1187,Chrystel,Boycey,Chrystel.Boycey@yopmail.com,Chrystel.Boycey@gmail.com,police officer,1088
1188,Merci,Ruvolo,Merci.Ruvolo@yopmail.com,Merci.Ruvolo@gmail.com,firefighter,1089
1189,Modestia,Croix,Modestia.Croix@yopmail.com,Modestia.Croix@gmail.com,worker,1090
1190,Edyth,McGrody,Edyth.McGrody@yopmail.com,Edyth.McGrody@gmail.com,worker,1091
1191,Lauryn,Sothena,Lauryn.Sothena@yopmail.com,Lauryn.Sothena@gmail.com,developer,1092
1192,Chrystel,Lamoree,Chrystel.Lamoree@yopmail.com,Chrystel.Lamoree@gmail.com,doctor,1093
1193,Emelina,Montgomery,Emelina.Montgomery@yopmail.com,Emelina.Montgomery@gmail.com,developer,1094
1194,Paulita,Cimbura,Paulita.Cimbura@yopmail.com,Paulita.Cimbura@gmail.com,police officer,1095
1195,Marnia,Myrilla,Marnia.Myrilla@yopmail.com,Marnia.Myrilla@gmail.com,firefighter,1096
1196,Adelle,Vary,Adelle.Vary@yopmail.com,Adelle.Vary@gmail.com,developer,1097
1197,Sonni,Parsaye,Sonni.Parsaye@yopmail.com,Sonni.Parsaye@gmail.com,firefighter,1098
1198,Lindie,Helfand,Lindie.Helfand@yopmail.com,Lindie.Helfand@gmail.com,worker,1099
1199,Laurene,Marsden,Laurene.Marsden@yopmail.com,Laurene.Marsden@gmail.com,worker,1100
1200,Dorothy,Primalia,Dorothy.Primalia@yopmail.com,Dorothy.Primalia@gmail.com,firefighter,1101
1201,Tabbatha,Khorma,Tabbatha.Khorma@yopmail.com,Tabbatha.Khorma@gmail.com,firefighter,1102
1202,Di,Dreda,Di.Dreda@yopmail.com,Di.Dreda@gmail.com,firefighter,1103
1203,Eugine,Dalli,Eugine.Dalli@yopmail.com,Eugine.Dalli@gmail.com,worker,1104
1204,Dorene,Scammon,Dorene.Scammon@yopmail.com,Dorene.Scammon@gmail.com,developer,1105
1205,Tierney,Kesley,Tierney.Kesley@yopmail.com,Tierney.Kesley@gmail.com,worker,1106
1206,Myriam,Erb,Myriam.Erb@yopmail.com,Myriam.Erb@gmail.com,firefighter,1107
1207,Cacilie,Danby,Cacilie.Danby@yopmail.com,Cacilie.Danby@gmail.com,firefighter,1108
1208,Micheline,Earlie,Micheline.Earlie@yopmail.com,Micheline.Earlie@gmail.com,police officer,1109
1209,Maurene,Abbot,Maurene.Abbot@yopmail.com,Maurene.Abbot@gmail.com,developer,1110
1210,Jessy,Carey,Jessy.Carey@yopmail.com,Jessy.Carey@gmail.com,police officer,1111
1211,Gertrud,Emanuel,Gertrud.Emanuel@yopmail.com,Gertrud.Emanuel@gmail.com,doctor,1112
1212,Shannah,Hieronymus,Shannah.Hieronymus@yopmail.com,Shannah.Hieronymus@gmail.com,worker,1113
1213,Codie,Lewes,Codie.Lewes@yopmail.com,Codie.Lewes@gmail.com,doctor,1114
1214,Pierette,Lesley,Pierette.Lesley@yopmail.com,Pierette.Lesley@gmail.com,developer,1115
1215,Cristine,Love,Cristine.Love@yopmail.com,Cristine.Love@gmail.com,firefighter,1116
1216,Tori,Susannah,Tori.Susannah@yopmail.com,Tori.Susannah@gmail.com,developer,1117
1217,Priscilla,Delila,Priscilla.Delila@yopmail.com,Priscilla.Delila@gmail.com,developer,1118
1218,Albertina,Charmine,Albertina.Charmine@yopmail.com,Albertina.Charmine@gmail.com,doctor,1119
1219,Liana,Louanna,Liana.Louanna@yopmail.com,Liana.Louanna@gmail.com,doctor,1120
1220,Caressa,Tremayne,Caressa.Tremayne@yopmail.com,Caressa.Tremayne@gmail.com,developer,1121
1221,Diena,Jorgan,Diena.Jorgan@yopmail.com,Diena.Jorgan@gmail.com,developer,1122
1222,Constance,Santoro,Constance.Santoro@yopmail.com,Constance.Santoro@gmail.com,doctor,1123
1223,Elvira,Redmond,Elvira.Redmond@yopmail.com,Elvira.Redmond@gmail.com,developer,1124
1224,Rosene,Stelle,Rosene.Stelle@yopmail.com,Rosene.Stelle@gmail.com,doctor,1125
1225,Kirstin,Sawtelle,Kirstin.Sawtelle@yopmail.com,Kirstin.Sawtelle@gmail.com,developer,1126
1226,Lorne,Greyson,Lorne.Greyson@yopmail.com,Lorne.Greyson@gmail.com,police officer,1127
1227,Dari,Camden,Dari.Camden@yopmail.com,Dari.Camden@gmail.com,police officer,1128
1228,Judy,Maurine,Judy.Maurine@yopmail.com,Judy.Maurine@gmail.com,developer,1129
1229,Vivia,Eiser,Vivia.Eiser@yopmail.com,Vivia.Eiser@gmail.com,police officer,1130
1230,Jillayne,Nea,Jillayne.Nea@yopmail.com,Jillayne.Nea@gmail.com,doctor,1131
1231,Kimmy,Irmine,Kimmy.Irmine@yopmail.com,Kimmy.Irmine@gmail.com,firefighter,1132
1232,Monika,Gavrila,Monika.Gavrila@yopmail.com,Monika.Gavrila@gmail.com,police officer,1133
1233,Priscilla,Khorma,Priscilla.Khorma@yopmail.com,Priscilla.Khorma@gmail.com,doctor,1134
1234,Danika,Pascia,Danika.Pascia@yopmail.com,Danika.Pascia@gmail.com,police officer,1135
1235,Katuscha,Shuler,Katuscha.Shuler@yopmail.com,Katuscha.Shuler@gmail.com,police officer,1136
1236,Violet,Tyson,Violet.Tyson@yopmail.com,Violet.Tyson@gmail.com,firefighter,1137
1237,Meriel,Nisbet,Meriel.Nisbet@yopmail.com,Meriel.Nisbet@gmail.com,police officer,1138
1238,Genovera,Sophronia,Genovera.Sophronia@yopmail.com,Genovera.Sophronia@gmail.com,doctor,1139
1239,Sheree,Skell,Sheree.Skell@yopmail.com,Sheree.Skell@gmail.com,doctor,1140
1240,Kimmy,Nikaniki,Kimmy.Nikaniki@yopmail.com,Kimmy.Nikaniki@gmail.com,doctor,1141
1241,Barbara,Melony,Barbara.Melony@yopmail.com,Barbara.Melony@gmail.com,firefighter,1142
1242,Joelly,Pascia,Joelly.Pascia@yopmail.com,Joelly.Pascia@gmail.com,worker,1143
1243,Wanda,Chobot,Wanda.Chobot@yopmail.com,Wanda.Chobot@gmail.com,worker,1144
1244,Elfreda,Delacourt,Elfreda.Delacourt@yopmail.com,Elfreda.Delacourt@gmail.com,firefighter,1145
1245,Daphne,Baptlsta,Daphne.Baptlsta@yopmail.com,Daphne.Baptlsta@gmail.com,police officer,1146
1246,Libbie,Myrilla,Libbie.Myrilla@yopmail.com,Libbie.Myrilla@gmail.com,doctor,1147
1247,Annabela,Kiyoshi,Annabela.Kiyoshi@yopmail.com,Annabela.Kiyoshi@gmail.com,developer,1148
1248,Lily,Gavrila,Lily.Gavrila@yopmail.com,Lily.Gavrila@gmail.com,worker,1149
1249,Marsiella,Dorcy,Marsiella.Dorcy@yopmail.com,Marsiella.Dorcy@gmail.com,firefighter,1150
1250,Felice,Palocz,Felice.Palocz@yopmail.com,Felice.Palocz@gmail.com,worker,1151
1251,Jaime,Wesle,Jaime.Wesle@yopmail.com,Jaime.Wesle@gmail.com,developer,1152
1252,Jere,Reneta,Jere.Reneta@yopmail.com,Jere.Reneta@gmail.com,developer,1153
1253,Elsie,Salchunas,Elsie.Salchunas@yopmail.com,Elsie.Salchunas@gmail.com,developer,1154
1254,Vivia,An,Vivia.An@yopmail.com,Vivia.An@gmail.com,worker,1155
1255,Luci,Capello,Luci.Capello@yopmail.com,Luci.Capello@gmail.com,developer,1156
1256,Leontine,Gordon,Leontine.Gordon@yopmail.com,Leontine.Gordon@gmail.com,worker,1157
1257,Ulrike,Frendel,Ulrike.Frendel@yopmail.com,Ulrike.Frendel@gmail.com,doctor,1158
1258,Vita,Robertson,Vita.Robertson@yopmail.com,Vita.Robertson@gmail.com,police officer,1159
1259,Kerrin,Thema,Kerrin.Thema@yopmail.com,Kerrin.Thema@gmail.com,developer,1160
1260,Chastity,Corrine,Chastity.Corrine@yopmail.com,Chastity.Corrine@gmail.com,developer,1161
1261,Celene,Colyer,Celene.Colyer@yopmail.com,Celene.Colyer@gmail.com,firefighter,1162
1262,Aigneis,Bryna,Aigneis.Bryna@yopmail.com,Aigneis.Bryna@gmail.com,firefighter,1163
1263,Monika,Curren,Monika.Curren@yopmail.com,Monika.Curren@gmail.com,developer,1164
1264,Glynnis,Septima,Glynnis.Septima@yopmail.com,Glynnis.Septima@gmail.com,doctor,1165
1265,Lily,Emmy,Lily.Emmy@yopmail.com,Lily.Emmy@gmail.com,developer,1166
1266,Ketti,Orelee,Ketti.Orelee@yopmail.com,Ketti.Orelee@gmail.com,developer,1167
1267,Benita,Ummersen,Benita.Ummersen@yopmail.com,Benita.Ummersen@gmail.com,doctor,1168
1268,Romona,Ovid,Romona.Ovid@yopmail.com,Romona.Ovid@gmail.com,firefighter,1169
1269,Gianina,Astra,Gianina.Astra@yopmail.com,Gianina.Astra@gmail.com,doctor,1170
1270,Mamie,Ashok,Mamie.Ashok@yopmail.com,Mamie.Ashok@gmail.com,developer,1171
1271,Madeleine,Nerita,Madeleine.Nerita@yopmail.com,Madeleine.Nerita@gmail.com,doctor,1172
1272,Hayley,Amethist,Hayley.Amethist@yopmail.com,Hayley.Amethist@gmail.com,doctor,1173
1273,Minne,Carmena,Minne.Carmena@yopmail.com,Minne.Carmena@gmail.com,police officer,1174
1274,Cyb,Carmena,Cyb.Carmena@yopmail.com,Cyb.Carmena@gmail.com,doctor,1175
1275,Rivalee,Talia,Rivalee.Talia@yopmail.com,Rivalee.Talia@gmail.com,worker,1176
1276,Wileen,Fontana,Wileen.Fontana@yopmail.com,Wileen.Fontana@gmail.com,firefighter,1177
1277,Ginnie,Prober,Ginnie.Prober@yopmail.com,Ginnie.Prober@gmail.com,doctor,1178
1278,Mahalia,Destinee,Mahalia.Destinee@yopmail.com,Mahalia.Destinee@gmail.com,police officer,1179
1279,Mallory,Mata,Mallory.Mata@yopmail.com,Mallory.Mata@gmail.com,police officer,1180
1280,Atlanta,Halla,Atlanta.Halla@yopmail.com,Atlanta.Halla@gmail.com,firefighter,1181
1281,Carilyn,Croix,Carilyn.Croix@yopmail.com,Carilyn.Croix@gmail.com,developer,1182
1282,Addia,Jacobah,Addia.Jacobah@yopmail.com,Addia.Jacobah@gmail.com,developer,1183
1283,Albertina,Orpah,Albertina.Orpah@yopmail.com,Albertina.Orpah@gmail.com,police officer,1184
1284,Joane,Ries,Joane.Ries@yopmail.com,Joane.Ries@gmail.com,developer,1185
1285,Susan,Vary,Susan.Vary@yopmail.com,Susan.Vary@gmail.com,firefighter,1186
1286,Cassandra,Heidt,Cassandra.Heidt@yopmail.com,Cassandra.Heidt@gmail.com,police officer,1187
1287,Jerry,Tound,Jerry.Tound@yopmail.com,Jerry.Tound@gmail.com,firefighter,1188
1288,Candy,Ball,Candy.Ball@yopmail.com,Candy.Ball@gmail.com,firefighter,1189
1289,Dagmar,Heisel,Dagmar.Heisel@yopmail.com,Dagmar.Heisel@gmail.com,doctor,1190
1290,Robbi,Laurianne,Robbi.Laurianne@yopmail.com,Robbi.Laurianne@gmail.com,police officer,1191
1291,Shandie,Anastatius,Shandie.Anastatius@yopmail.com,Shandie.Anastatius@gmail.com,firefighter,1192
1292,Sidoney,Deny,Sidoney.Deny@yopmail.com,Sidoney.Deny@gmail.com,doctor,1193
1293,Vinita,Olympium,Vinita.Olympium@yopmail.com,Vinita.Olympium@gmail.com,police officer,1194
1294,Elfreda,Ackerley,Elfreda.Ackerley@yopmail.com,Elfreda.Ackerley@gmail.com,doctor,1195
1295,Coral,Kiyoshi,Coral.Kiyoshi@yopmail.com,Coral.Kiyoshi@gmail.com,doctor,1196
1296,Corene,Sikorski,Corene.Sikorski@yopmail.com,Corene.Sikorski@gmail.com,developer,1197
1297,Maryellen,Kermit,Maryellen.Kermit@yopmail.com,Maryellen.Kermit@gmail.com,police officer,1198
1298,Cyb,Henrie,Cyb.Henrie@yopmail.com,Cyb.Henrie@gmail.com,police officer,1199
1299,Genovera,Hachmin,Genovera.Hachmin@yopmail.com,Genovera.Hachmin@gmail.com,worker,1200
1300,Clary,Aprile,Clary.Aprile@yopmail.com,Clary.Aprile@gmail.com,doctor,1201
1301,Madalyn,Avi,Madalyn.Avi@yopmail.com,Madalyn.Avi@gmail.com,worker,1202
1302,Sheree,Darrell,Sheree.Darrell@yopmail.com,Sheree.Darrell@gmail.com,worker,1203
1303,Konstance,Ingra,Konstance.Ingra@yopmail.com,Konstance.Ingra@gmail.com,firefighter,1204
1304,Hayley,Honoria,Hayley.Honoria@yopmail.com,Hayley.Honoria@gmail.com,doctor,1205
1305,Elfreda,Lubin,Elfreda.Lubin@yopmail.com,Elfreda.Lubin@gmail.com,police officer,1206
1306,Sadie,Melony,Sadie.Melony@yopmail.com,Sadie.Melony@gmail.com,worker,1207
1307,Judy,O'Carroll,Judy.O'Carroll@yopmail.com,Judy.O'Carroll@gmail.com,developer,1208
1308,Wanda,Philipp,Wanda.Philipp@yopmail.com,Wanda.Philipp@gmail.com,developer,1209
1309,Donetta,Taima,Donetta.Taima@yopmail.com,Donetta.Taima@gmail.com,firefighter,1210
1310,Barbi,Dom,Barbi.Dom@yopmail.com,Barbi.Dom@gmail.com,firefighter,1211
1311,Alex,Cherianne,Alex.Cherianne@yopmail.com,Alex.Cherianne@gmail.com,worker,1212
1312,Valli,Merat,Valli.Merat@yopmail.com,Valli.Merat@gmail.com,police officer,1213
1313,Wendi,Blisse,Wendi.Blisse@yopmail.com,Wendi.Blisse@gmail.com,doctor,1214
1314,Leia,Vanni,Leia.Vanni@yopmail.com,Leia.Vanni@gmail.com,developer,1215
1315,Linzy,Orlene,Linzy.Orlene@yopmail.com,Linzy.Orlene@gmail.com,developer,1216
1316,Lanae,Monaco,Lanae.Monaco@yopmail.com,Lanae.Monaco@gmail.com,worker,1217
1317,Abbie,Goth,Abbie.Goth@yopmail.com,Abbie.Goth@gmail.com,worker,1218
1318,Leanna,Maisey,Leanna.Maisey@yopmail.com,Leanna.Maisey@gmail.com,developer,1219
1319,Corry,Alejoa,Corry.Alejoa@yopmail.com,Corry.Alejoa@gmail.com,firefighter,1220
1320,Veda,Hilbert,Veda.Hilbert@yopmail.com,Veda.Hilbert@gmail.com,worker,1221
1321,Nicoli,Andrel,Nicoli.Andrel@yopmail.com,Nicoli.Andrel@gmail.com,police officer,1222
1322,Sean,Hanleigh,Sean.Hanleigh@yopmail.com,Sean.Hanleigh@gmail.com,doctor,1223
1323,Raina,Henebry,Raina.Henebry@yopmail.com,Raina.Henebry@gmail.com,developer,1224
1324,Alameda,Judye,Alameda.Judye@yopmail.com,Alameda.Judye@gmail.com,worker,1225
1325,Jennica,Joli,Jennica.Joli@yopmail.com,Jennica.Joli@gmail.com,doctor,1226
1326,Shaine,Halla,Shaine.Halla@yopmail.com,Shaine.Halla@gmail.com,police officer,1227
1327,Hettie,Sheng,Hettie.Sheng@yopmail.com,Hettie.Sheng@gmail.com,firefighter,1228
1328,Jeanna,Irmine,Jeanna.Irmine@yopmail.com,Jeanna.Irmine@gmail.com,developer,1229
1329,Kayla,Wandie,Kayla.Wandie@yopmail.com,Kayla.Wandie@gmail.com,worker,1230
1330,Violet,Paine,Violet.Paine@yopmail.com,Violet.Paine@gmail.com,developer,1231
1331,Livvyy,Boehike,Livvyy.Boehike@yopmail.com,Livvyy.Boehike@gmail.com,developer,1232
1332,Mallory,Blisse,Mallory.Blisse@yopmail.com,Mallory.Blisse@gmail.com,developer,1233
1333,Kore,Wildermuth,Kore.Wildermuth@yopmail.com,Kore.Wildermuth@gmail.com,developer,1234
1334,Jsandye,Zeeba,Jsandye.Zeeba@yopmail.com,Jsandye.Zeeba@gmail.com,worker,1235
1335,Brianna,Jethro,Brianna.Jethro@yopmail.com,Brianna.Jethro@gmail.com,worker,1236
1336,Pearline,Kenney,Pearline.Kenney@yopmail.com,Pearline.Kenney@gmail.com,firefighter,1237
1337,Diena,Zachary,Diena.Zachary@yopmail.com,Diena.Zachary@gmail.com,developer,1238
1338,Tarra,Honoria,Tarra.Honoria@yopmail.com,Tarra.Honoria@gmail.com,developer,1239
1339,Julieta,Levey,Julieta.Levey@yopmail.com,Julieta.Levey@gmail.com,police officer,1240
1340,Janenna,Robertson,Janenna.Robertson@yopmail.com,Janenna.Robertson@gmail.com,police officer,1241
1341,Selma,Lay,Selma.Lay@yopmail.com,Selma.Lay@gmail.com,developer,1242
1342,Meriel,Chobot,Meriel.Chobot@yopmail.com,Meriel.Chobot@gmail.com,developer,1243
1343,Kara-Lynn,Presber,Kara-Lynn.Presber@yopmail.com,Kara-Lynn.Presber@gmail.com,developer,1244
1344,Jordan,Redmond,Jordan.Redmond@yopmail.com,Jordan.Redmond@gmail.com,developer,1245
1345,Annora,Alabaster,Annora.Alabaster@yopmail.com,Annora.Alabaster@gmail.com,doctor,1246
1346,Kristina,Hourigan,Kristina.Hourigan@yopmail.com,Kristina.Hourigan@gmail.com,police officer,1247
1347,Chere,Jerold,Chere.Jerold@yopmail.com,Chere.Jerold@gmail.com,firefighter,1248
1348,Merle,Nedrud,Merle.Nedrud@yopmail.com,Merle.Nedrud@gmail.com,firefighter,1249
1349,Elbertina,Arvo,Elbertina.Arvo@yopmail.com,Elbertina.Arvo@gmail.com,developer,1250
1350,Chere,Brittani,Chere.Brittani@yopmail.com,Chere.Brittani@gmail.com,doctor,1251
1351,Cindelyn,Kylander,Cindelyn.Kylander@yopmail.com,Cindelyn.Kylander@gmail.com,developer,1252
1352,Aubrie,Lilas,Aubrie.Lilas@yopmail.com,Aubrie.Lilas@gmail.com,worker,1253
1353,Harrietta,Carolin,Harrietta.Carolin@yopmail.com,Harrietta.Carolin@gmail.com,police officer,1254
1354,Phedra,Waite,Phedra.Waite@yopmail.com,Phedra.Waite@gmail.com,doctor,1255
1355,Jan,Presber,Jan.Presber@yopmail.com,Jan.Presber@gmail.com,police officer,1256
1356,Brandise,Iphlgenia,Brandise.Iphlgenia@yopmail.com,Brandise.Iphlgenia@gmail.com,worker,1257
1357,Valeda,Ciro,Valeda.Ciro@yopmail.com,Valeda.Ciro@gmail.com,firefighter,1258
1358,Jessy,Jerald,Jessy.Jerald@yopmail.com,Jessy.Jerald@gmail.com,doctor,1259
1359,Gui,Constancy,Gui.Constancy@yopmail.com,Gui.Constancy@gmail.com,doctor,1260
1360,Leanna,Christal,Leanna.Christal@yopmail.com,Leanna.Christal@gmail.com,developer,1261
1361,Coral,Raama,Coral.Raama@yopmail.com,Coral.Raama@gmail.com,worker,1262
1362,Kore,Daniele,Kore.Daniele@yopmail.com,Kore.Daniele@gmail.com,worker,1263
1363,Tybie,Brittani,Tybie.Brittani@yopmail.com,Tybie.Brittani@gmail.com,developer,1264
1364,Ofilia,Berne,Ofilia.Berne@yopmail.com,Ofilia.Berne@gmail.com,police officer,1265
1365,Lisette,Lia,Lisette.Lia@yopmail.com,Lisette.Lia@gmail.com,worker,1266
1366,Paola,Sacken,Paola.Sacken@yopmail.com,Paola.Sacken@gmail.com,firefighter,1267
1367,Delilah,Vivle,Delilah.Vivle@yopmail.com,Delilah.Vivle@gmail.com,worker,1268
1368,Carol-Jean,Ranjiv,Carol-Jean.Ranjiv@yopmail.com,Carol-Jean.Ranjiv@gmail.com,police officer,1269
1369,Ericka,Ioab,Ericka.Ioab@yopmail.com,Ericka.Ioab@gmail.com,developer,1270
1370,Rozele,Lamoree,Rozele.Lamoree@yopmail.com,Rozele.Lamoree@gmail.com,police officer,1271
1371,Chastity,Duwalt,Chastity.Duwalt@yopmail.com,Chastity.Duwalt@gmail.com,firefighter,1272
1372,Gwyneth,Fitzsimmons,Gwyneth.Fitzsimmons@yopmail.com,Gwyneth.Fitzsimmons@gmail.com,doctor,1273
1373,Merry,Libna,Merry.Libna@yopmail.com,Merry.Libna@gmail.com,firefighter,1274
1374,Dania,Bobbee,Dania.Bobbee@yopmail.com,Dania.Bobbee@gmail.com,developer,1275
1375,Sybille,Tarrant,Sybille.Tarrant@yopmail.com,Sybille.Tarrant@gmail.com,worker,1276
1376,Luci,Sikorski,Luci.Sikorski@yopmail.com,Luci.Sikorski@gmail.com,doctor,1277
1377,Tabbatha,Harned,Tabbatha.Harned@yopmail.com,Tabbatha.Harned@gmail.com,worker,1278
1378,Goldie,Iphlgenia,Goldie.Iphlgenia@yopmail.com,Goldie.Iphlgenia@gmail.com,worker,1279
1379,Verla,Koehler,Verla.Koehler@yopmail.com,Verla.Koehler@gmail.com,doctor,1280
1380,Jackie,Ax,Jackie.Ax@yopmail.com,Jackie.Ax@gmail.com,worker,1281
1381,Adriana,Rolf,Adriana.Rolf@yopmail.com,Adriana.Rolf@gmail.com,worker,1282
1382,Kimberley,Roche,Kimberley.Roche@yopmail.com,Kimberley.Roche@gmail.com,doctor,1283
1383,Helena,Morgun,Helena.Morgun@yopmail.com,Helena.Morgun@gmail.com,police officer,1284
1384,Ilse,Milde,Ilse.Milde@yopmail.com,Ilse.Milde@gmail.com,police officer,1285
1385,Nonnah,Donoghue,Nonnah.Donoghue@yopmail.com,Nonnah.Donoghue@gmail.com,police officer,1286
1386,Heida,Fry,Heida.Fry@yopmail.com,Heida.Fry@gmail.com,doctor,1287
1387,Tierney,Breed,Tierney.Breed@yopmail.com,Tierney.Breed@gmail.com,police officer,1288
1388,Benita,Ledah,Benita.Ledah@yopmail.com,Benita.Ledah@gmail.com,doctor,1289
1389,Kara-Lynn,Janene,Kara-Lynn.Janene@yopmail.com,Kara-Lynn.Janene@gmail.com,doctor,1290
1390,Dorice,Thomasina,Dorice.Thomasina@yopmail.com,Dorice.Thomasina@gmail.com,doctor,1291
1391,Melisent,Madox,Melisent.Madox@yopmail.com,Melisent.Madox@gmail.com,doctor,1292
1392,Rebeca,Destinee,Rebeca.Destinee@yopmail.com,Rebeca.Destinee@gmail.com,worker,1293
1393,Ashlee,Suzetta,Ashlee.Suzetta@yopmail.com,Ashlee.Suzetta@gmail.com,doctor,1294
1394,Gianina,Fennessy,Gianina.Fennessy@yopmail.com,Gianina.Fennessy@gmail.com,worker,1295
1395,Christal,Meli,Christal.Meli@yopmail.com,Christal.Meli@gmail.com,firefighter,1296
1396,Bobbi,Rosette,Bobbi.Rosette@yopmail.com,Bobbi.Rosette@gmail.com,firefighter,1297
1397,Marcelline,Loring,Marcelline.Loring@yopmail.com,Marcelline.Loring@gmail.com,doctor,1298
1398,Fina,Borrell,Fina.Borrell@yopmail.com,Fina.Borrell@gmail.com,doctor,1299
1399,Amalie,Shama,Amalie.Shama@yopmail.com,Amalie.Shama@gmail.com,firefighter,1300
1400,Isa,Ariella,Isa.Ariella@yopmail.com,Isa.Ariella@gmail.com,doctor,1301
1401,Georgina,Bivins,Georgina.Bivins@yopmail.com,Georgina.Bivins@gmail.com,doctor,1302
1402,Lizzie,Percy,Lizzie.Percy@yopmail.com,Lizzie.Percy@gmail.com,doctor,1303
1403,Elise,Sheng,Elise.Sheng@yopmail.com,Elise.Sheng@gmail.com,police officer,1304
1404,Karlee,Brandice,Karlee.Brandice@yopmail.com,Karlee.Brandice@gmail.com,developer,1305
1405,Tressa,Kunin,Tressa.Kunin@yopmail.com,Tressa.Kunin@gmail.com,worker,1306
1406,Misha,Goth,Misha.Goth@yopmail.com,Misha.Goth@gmail.com,developer,1307
1407,Kathy,Schenck,Kathy.Schenck@yopmail.com,Kathy.Schenck@gmail.com,firefighter,1308
1408,Josephine,Nea,Josephine.Nea@yopmail.com,Josephine.Nea@gmail.com,developer,1309
1409,Gusty,Lay,Gusty.Lay@yopmail.com,Gusty.Lay@gmail.com,firefighter,1310
1410,Dagmar,Dituri,Dagmar.Dituri@yopmail.com,Dagmar.Dituri@gmail.com,worker,1311
1411,Priscilla,Pascia,Priscilla.Pascia@yopmail.com,Priscilla.Pascia@gmail.com,police officer,1312
1412,Selia,Stuart,Selia.Stuart@yopmail.com,Selia.Stuart@gmail.com,doctor,1313
1413,Demetris,Idelia,Demetris.Idelia@yopmail.com,Demetris.Idelia@gmail.com,police officer,1314
1414,Cassondra,Brieta,Cassondra.Brieta@yopmail.com,Cassondra.Brieta@gmail.com,developer,1315
1415,Edee,Ivens,Edee.Ivens@yopmail.com,Edee.Ivens@gmail.com,worker,1316
1416,Liana,Malvino,Liana.Malvino@yopmail.com,Liana.Malvino@gmail.com,firefighter,1317
1417,Tabbatha,Sprage,Tabbatha.Sprage@yopmail.com,Tabbatha.Sprage@gmail.com,police officer,1318
1418,Brietta,Himelman,Brietta.Himelman@yopmail.com,Brietta.Himelman@gmail.com,police officer,1319
1419,Wynne,Goerke,Wynne.Goerke@yopmail.com,Wynne.Goerke@gmail.com,developer,1320
1420,Renie,Modie,Renie.Modie@yopmail.com,Renie.Modie@gmail.com,firefighter,1321
1421,Blake,Ruvolo,Blake.Ruvolo@yopmail.com,Blake.Ruvolo@gmail.com,developer,1322
1422,Adore,Stelle,Adore.Stelle@yopmail.com,Adore.Stelle@gmail.com,developer,1323
1423,Danika,Hoenack,Danika.Hoenack@yopmail.com,Danika.Hoenack@gmail.com,worker,1324
1424,Leeanne,Tyson,Leeanne.Tyson@yopmail.com,Leeanne.Tyson@gmail.com,police officer,1325
1425,Brietta,Douglass,Brietta.Douglass@yopmail.com,Brietta.Douglass@gmail.com,worker,1326
1426,Natka,McGrody,Natka.McGrody@yopmail.com,Natka.McGrody@gmail.com,developer,1327
1427,Lynde,Trey,Lynde.Trey@yopmail.com,Lynde.Trey@gmail.com,police officer,1328
1428,Elena,Saree,Elena.Saree@yopmail.com,Elena.Saree@gmail.com,firefighter,1329
1429,Lolita,Irmine,Lolita.Irmine@yopmail.com,Lolita.Irmine@gmail.com,worker,1330
1430,Romona,Deny,Romona.Deny@yopmail.com,Romona.Deny@gmail.com,police officer,1331
1431,Tressa,Socha,Tressa.Socha@yopmail.com,Tressa.Socha@gmail.com,police officer,1332
1432,Anthia,Leopold,Anthia.Leopold@yopmail.com,Anthia.Leopold@gmail.com,firefighter,1333
1433,Sophia,Mata,Sophia.Mata@yopmail.com,Sophia.Mata@gmail.com,firefighter,1334
1434,Jsandye,Robertson,Jsandye.Robertson@yopmail.com,Jsandye.Robertson@gmail.com,developer,1335
1435,Winifred,Hashim,Winifred.Hashim@yopmail.com,Winifred.Hashim@gmail.com,doctor,1336
1436,Justinn,Amethist,Justinn.Amethist@yopmail.com,Justinn.Amethist@gmail.com,firefighter,1337
1437,Oona,Pulsifer,Oona.Pulsifer@yopmail.com,Oona.Pulsifer@gmail.com,firefighter,1338
1438,Jordan,Lilas,Jordan.Lilas@yopmail.com,Jordan.Lilas@gmail.com,doctor,1339
1439,Meg,Fiester,Meg.Fiester@yopmail.com,Meg.Fiester@gmail.com,firefighter,1340
1440,Rozele,Sadowski,Rozele.Sadowski@yopmail.com,Rozele.Sadowski@gmail.com,developer,1341
1441,Anestassia,Odysseus,Anestassia.Odysseus@yopmail.com,Anestassia.Odysseus@gmail.com,firefighter,1342
1442,Mildrid,Si,Mildrid.Si@yopmail.com,Mildrid.Si@gmail.com,developer,1343
1443,Paola,Klotz,Paola.Klotz@yopmail.com,Paola.Klotz@gmail.com,firefighter,1344
1444,Mady,Selway,Mady.Selway@yopmail.com,Mady.Selway@gmail.com,developer,1345
1445,Viviene,Ledah,Viviene.Ledah@yopmail.com,Viviene.Ledah@gmail.com,police officer,1346
1446,Maud,Taima,Maud.Taima@yopmail.com,Maud.Taima@gmail.com,worker,1347
1447,Brynna,Ax,Brynna.Ax@yopmail.com,Brynna.Ax@gmail.com,worker,1348
1448,Philis,Krystle,Philis.Krystle@yopmail.com,Philis.Krystle@gmail.com,firefighter,1349
1449,Joane,Allare,Joane.Allare@yopmail.com,Joane.Allare@gmail.com,worker,1350
1450,Donnie,Greenwald,Donnie.Greenwald@yopmail.com,Donnie.Greenwald@gmail.com,developer,1351
1451,Amii,Kiersten,Amii.Kiersten@yopmail.com,Amii.Kiersten@gmail.com,police officer,1352
1452,Kylynn,Emanuel,Kylynn.Emanuel@yopmail.com,Kylynn.Emanuel@gmail.com,police officer,1353
1453,Candi,Emerson,Candi.Emerson@yopmail.com,Candi.Emerson@gmail.com,worker,1354
1454,Marsiella,Latini,Marsiella.Latini@yopmail.com,Marsiella.Latini@gmail.com,police officer,1355
1455,Agathe,Kirstin,Agathe.Kirstin@yopmail.com,Agathe.Kirstin@gmail.com,doctor,1356
1456,Addia,Demitria,Addia.Demitria@yopmail.com,Addia.Demitria@gmail.com,firefighter,1357
1457,Quintina,Philoo,Quintina.Philoo@yopmail.com,Quintina.Philoo@gmail.com,firefighter,1358
1458,Ottilie,Albertine,Ottilie.Albertine@yopmail.com,Ottilie.Albertine@gmail.com,police officer,1359
1459,Phedra,Giule,Phedra.Giule@yopmail.com,Phedra.Giule@gmail.com,developer,1360
1460,Jany,Garrison,Jany.Garrison@yopmail.com,Jany.Garrison@gmail.com,developer,1361
1461,Myriam,Randene,Myriam.Randene@yopmail.com,Myriam.Randene@gmail.com,developer,1362
1462,Bibby,Kermit,Bibby.Kermit@yopmail.com,Bibby.Kermit@gmail.com,developer,1363
1463,Deedee,Frendel,Deedee.Frendel@yopmail.com,Deedee.Frendel@gmail.com,worker,1364
1464,Cissiee,Phaidra,Cissiee.Phaidra@yopmail.com,Cissiee.Phaidra@gmail.com,police officer,1365
1465,Tonia,Yoko,Tonia.Yoko@yopmail.com,Tonia.Yoko@gmail.com,worker,1366
1466,Hyacinthe,Francyne,Hyacinthe.Francyne@yopmail.com,Hyacinthe.Francyne@gmail.com,doctor,1367
1467,Adelle,Vacuva,Adelle.Vacuva@yopmail.com,Adelle.Vacuva@gmail.com,doctor,1368
1468,Tani,Shelba,Tani.Shelba@yopmail.com,Tani.Shelba@gmail.com,firefighter,1369
1469,Flo,Mozelle,Flo.Mozelle@yopmail.com,Flo.Mozelle@gmail.com,police officer,1370
1470,Emylee,Bearnard,Emylee.Bearnard@yopmail.com,Emylee.Bearnard@gmail.com,police officer,1371
1471,Arabel,Duwalt,Arabel.Duwalt@yopmail.com,Arabel.Duwalt@gmail.com,police officer,1372
1472,Rori,Bennie,Rori.Bennie@yopmail.com,Rori.Bennie@gmail.com,police officer,1373
1473,Angelique,Mozelle,Angelique.Mozelle@yopmail.com,Angelique.Mozelle@gmail.com,worker,1374
1474,Marita,Lewes,Marita.Lewes@yopmail.com,Marita.Lewes@gmail.com,worker,1375
1475,Maye,Winthorpe,Maye.Winthorpe@yopmail.com,Maye.Winthorpe@gmail.com,police officer,1376
1476,Therine,Koehler,Therine.Koehler@yopmail.com,Therine.Koehler@gmail.com,developer,1377
1477,Dacia,Lattie,Dacia.Lattie@yopmail.com,Dacia.Lattie@gmail.com,police officer,1378
1478,Peri,Leffen,Peri.Leffen@yopmail.com,Peri.Leffen@gmail.com,police officer,1379
1479,Sharlene,Mata,Sharlene.Mata@yopmail.com,Sharlene.Mata@gmail.com,police officer,1380
1480,Nikki,Hillel,Nikki.Hillel@yopmail.com,Nikki.Hillel@gmail.com,worker,1381
1481,Dulce,Elsinore,Dulce.Elsinore@yopmail.com,Dulce.Elsinore@gmail.com,firefighter,1382
1482,Nyssa,Travax,Nyssa.Travax@yopmail.com,Nyssa.Travax@gmail.com,doctor,1383
1483,Teriann,Toni,Teriann.Toni@yopmail.com,Teriann.Toni@gmail.com,developer,1384
1484,Chandra,Muriel,Chandra.Muriel@yopmail.com,Chandra.Muriel@gmail.com,police officer,1385
1485,Charissa,Mallon,Charissa.Mallon@yopmail.com,Charissa.Mallon@gmail.com,firefighter,1386
1486,Minda,Loeb,Minda.Loeb@yopmail.com,Minda.Loeb@gmail.com,doctor,1387
1487,Bertine,Granoff,Bertine.Granoff@yopmail.com,Bertine.Granoff@gmail.com,firefighter,1388
1488,Maye,Keily,Maye.Keily@yopmail.com,Maye.Keily@gmail.com,developer,1389
1489,Kellen,Wiener,Kellen.Wiener@yopmail.com,Kellen.Wiener@gmail.com,doctor,1390
1490,Anestassia,Joseph,Anestassia.Joseph@yopmail.com,Anestassia.Joseph@gmail.com,doctor,1391
1491,Sissy,Nicoline,Sissy.Nicoline@yopmail.com,Sissy.Nicoline@gmail.com,developer,1392
1492,Ebonee,Peonir,Ebonee.Peonir@yopmail.com,Ebonee.Peonir@gmail.com,police officer,1393
1493,Larine,Socha,Larine.Socha@yopmail.com,Larine.Socha@gmail.com,police officer,1394
1494,Aaren,Carleen,Aaren.Carleen@yopmail.com,Aaren.Carleen@gmail.com,worker,1395
1495,Riannon,Bandeen,Riannon.Bandeen@yopmail.com,Riannon.Bandeen@gmail.com,doctor,1396
1496,Candy,Charity,Candy.Charity@yopmail.com,Candy.Charity@gmail.com,developer,1397
1497,Jolyn,Francene,Jolyn.Francene@yopmail.com,Jolyn.Francene@gmail.com,doctor,1398
1498,Angelique,Mendez,Angelique.Mendez@yopmail.com,Angelique.Mendez@gmail.com,developer,1399
1499,Berget,Ferino,Berget.Ferino@yopmail.com,Berget.Ferino@gmail.com,police officer,1400
1500,Jobi,Narton,Jobi.Narton@yopmail.com,Jobi.Narton@gmail.com,firefighter,1401
1501,Ketti,Cavan,Ketti.Cavan@yopmail.com,Ketti.Cavan@gmail.com,firefighter,1402
1502,Tonia,Othilia,Tonia.Othilia@yopmail.com,Tonia.Othilia@gmail.com,police officer,1403
1503,Marti,Ovid,Marti.Ovid@yopmail.com,Marti.Ovid@gmail.com,doctor,1404
1504,Odessa,Hartnett,Odessa.Hartnett@yopmail.com,Odessa.Hartnett@gmail.com,police officer,1405
1505,Brietta,Pip,Brietta.Pip@yopmail.com,Brietta.Pip@gmail.com,developer,1406
1506,Edyth,Marisa,Edyth.Marisa@yopmail.com,Edyth.Marisa@gmail.com,police officer,1407
1507,Arabel,Salvidor,Arabel.Salvidor@yopmail.com,Arabel.Salvidor@gmail.com,worker,1408
1508,Minda,Pelagias,Minda.Pelagias@yopmail.com,Minda.Pelagias@gmail.com,doctor,1409
1509,Mara,Orelee,Mara.Orelee@yopmail.com,Mara.Orelee@gmail.com,worker,1410
1510,Felice,Bouchard,Felice.Bouchard@yopmail.com,Felice.Bouchard@gmail.com,worker,1411
1511,Dulce,Dimitris,Dulce.Dimitris@yopmail.com,Dulce.Dimitris@gmail.com,developer,1412
1512,Madelle,Longfellow,Madelle.Longfellow@yopmail.com,Madelle.Longfellow@gmail.com,police officer,1413
1513,Genevra,Telfer,Genevra.Telfer@yopmail.com,Genevra.Telfer@gmail.com,firefighter,1414
1514,Sue,Miru,Sue.Miru@yopmail.com,Sue.Miru@gmail.com,police officer,1415
1515,Rosene,Barney,Rosene.Barney@yopmail.com,Rosene.Barney@gmail.com,police officer,1416
1516,Robinia,Tiffa,Robinia.Tiffa@yopmail.com,Robinia.Tiffa@gmail.com,police officer,1417
1517,Ezmeralda,Kimmie,Ezmeralda.Kimmie@yopmail.com,Ezmeralda.Kimmie@gmail.com,police officer,1418
1518,Corina,Joseph,Corina.Joseph@yopmail.com,Corina.Joseph@gmail.com,police officer,1419
1519,Vinita,Rocray,Vinita.Rocray@yopmail.com,Vinita.Rocray@gmail.com,police officer,1420
1520,Rivalee,Charity,Rivalee.Charity@yopmail.com,Rivalee.Charity@gmail.com,developer,1421
1521,Kary,Willie,Kary.Willie@yopmail.com,Kary.Willie@gmail.com,firefighter,1422
1522,Ardeen,Mozelle,Ardeen.Mozelle@yopmail.com,Ardeen.Mozelle@gmail.com,doctor,1423
1523,Adelle,Boehike,Adelle.Boehike@yopmail.com,Adelle.Boehike@gmail.com,worker,1424
1524,Yetty,Ummersen,Yetty.Ummersen@yopmail.com,Yetty.Ummersen@gmail.com,doctor,1425
1525,Ginnie,Ries,Ginnie.Ries@yopmail.com,Ginnie.Ries@gmail.com,doctor,1426
1526,Ileana,Han,Ileana.Han@yopmail.com,Ileana.Han@gmail.com,police officer,1427
1527,Roz,Payson,Roz.Payson@yopmail.com,Roz.Payson@gmail.com,doctor,1428
1528,Letizia,Burch,Letizia.Burch@yopmail.com,Letizia.Burch@gmail.com,police officer,1429
1529,Annice,Munn,Annice.Munn@yopmail.com,Annice.Munn@gmail.com,developer,1430
1530,Brynna,Casimir,Brynna.Casimir@yopmail.com,Brynna.Casimir@gmail.com,firefighter,1431
1531,Nyssa,Bouchard,Nyssa.Bouchard@yopmail.com,Nyssa.Bouchard@gmail.com,doctor,1432
1532,Ruthe,Secrest,Ruthe.Secrest@yopmail.com,Ruthe.Secrest@gmail.com,police officer,1433
1533,Florie,Poppy,Florie.Poppy@yopmail.com,Florie.Poppy@gmail.com,worker,1434
1534,Danika,Beniamino,Danika.Beniamino@yopmail.com,Danika.Beniamino@gmail.com,police officer,1435
1535,Fanchon,Niles,Fanchon.Niles@yopmail.com,Fanchon.Niles@gmail.com,worker,1436
1536,Georgetta,Tayib,Georgetta.Tayib@yopmail.com,Georgetta.Tayib@gmail.com,police officer,1437
1537,Lyssa,Pacorro,Lyssa.Pacorro@yopmail.com,Lyssa.Pacorro@gmail.com,worker,1438
1538,Wilma,Destinee,Wilma.Destinee@yopmail.com,Wilma.Destinee@gmail.com,developer,1439
1539,Norine,Bohlin,Norine.Bohlin@yopmail.com,Norine.Bohlin@gmail.com,worker,1440
1540,Eadie,Eno,Eadie.Eno@yopmail.com,Eadie.Eno@gmail.com,police officer,1441
1541,Deirdre,Prouty,Deirdre.Prouty@yopmail.com,Deirdre.Prouty@gmail.com,police officer,1442
1542,Sara-Ann,Ariella,Sara-Ann.Ariella@yopmail.com,Sara-Ann.Ariella@gmail.com,worker,1443
1543,Rayna,Aldric,Rayna.Aldric@yopmail.com,Rayna.Aldric@gmail.com,doctor,1444
1544,Christian,Norvol,Christian.Norvol@yopmail.com,Christian.Norvol@gmail.com,worker,1445
1545,Dale,Anyah,Dale.Anyah@yopmail.com,Dale.Anyah@gmail.com,developer,1446
1546,Rosaline,Marcellus,Rosaline.Marcellus@yopmail.com,Rosaline.Marcellus@gmail.com,worker,1447
1547,Deloria,Louanna,Deloria.Louanna@yopmail.com,Deloria.Louanna@gmail.com,developer,1448
1548,Clementine,Ochs,Clementine.Ochs@yopmail.com,Clementine.Ochs@gmail.com,doctor,1449
1549,Louella,Jacinda,Louella.Jacinda@yopmail.com,Louella.Jacinda@gmail.com,doctor,1450
1550,Maryellen,Barney,Maryellen.Barney@yopmail.com,Maryellen.Barney@gmail.com,firefighter,1451
1551,Merrie,Ludewig,Merrie.Ludewig@yopmail.com,Merrie.Ludewig@gmail.com,developer,1452
1552,Elise,Tacye,Elise.Tacye@yopmail.com,Elise.Tacye@gmail.com,police officer,1453
1553,Henriette,Chauncey,Henriette.Chauncey@yopmail.com,Henriette.Chauncey@gmail.com,developer,1454
1554,Lorie,Slifka,Lorie.Slifka@yopmail.com,Lorie.Slifka@gmail.com,firefighter,1455
1555,Sabina,Kenwood,Sabina.Kenwood@yopmail.com,Sabina.Kenwood@gmail.com,doctor,1456
1556,Gilligan,Terencio,Gilligan.Terencio@yopmail.com,Gilligan.Terencio@gmail.com,developer,1457
1557,Lenna,Means,Lenna.Means@yopmail.com,Lenna.Means@gmail.com,firefighter,1458
1558,Pamella,Ball,Pamella.Ball@yopmail.com,Pamella.Ball@gmail.com,doctor,1459
1559,Doralynne,Bendick,Doralynne.Bendick@yopmail.com,Doralynne.Bendick@gmail.com,worker,1460
1560,Tracey,Arquit,Tracey.Arquit@yopmail.com,Tracey.Arquit@gmail.com,developer,1461
1561,Dania,Adamsen,Dania.Adamsen@yopmail.com,Dania.Adamsen@gmail.com,doctor,1462
1562,Cam,Lane,Cam.Lane@yopmail.com,Cam.Lane@gmail.com,doctor,1463
1563,Tiffie,Garek,Tiffie.Garek@yopmail.com,Tiffie.Garek@gmail.com,police officer,1464
1564,Eolanda,Dorothy,Eolanda.Dorothy@yopmail.com,Eolanda.Dorothy@gmail.com,police officer,1465
1565,Stacey,Paine,Stacey.Paine@yopmail.com,Stacey.Paine@gmail.com,police officer,1466
1566,Jacenta,Catie,Jacenta.Catie@yopmail.com,Jacenta.Catie@gmail.com,police officer,1467
1567,Jere,Tamsky,Jere.Tamsky@yopmail.com,Jere.Tamsky@gmail.com,police officer,1468
1568,Etta,Tiffa,Etta.Tiffa@yopmail.com,Etta.Tiffa@gmail.com,police officer,1469
1569,Jacenta,Darrell,Jacenta.Darrell@yopmail.com,Jacenta.Darrell@gmail.com,developer,1470
1570,Jinny,Merna,Jinny.Merna@yopmail.com,Jinny.Merna@gmail.com,doctor,1471
1571,Letizia,Merna,Letizia.Merna@yopmail.com,Letizia.Merna@gmail.com,firefighter,1472
1572,Ninnetta,Sharl,Ninnetta.Sharl@yopmail.com,Ninnetta.Sharl@gmail.com,doctor,1473
1573,Ardenia,Nadia,Ardenia.Nadia@yopmail.com,Ardenia.Nadia@gmail.com,doctor,1474
1574,Livvyy,Glovsky,Livvyy.Glovsky@yopmail.com,Livvyy.Glovsky@gmail.com,firefighter,1475
1575,Annaliese,Stoller,Annaliese.Stoller@yopmail.com,Annaliese.Stoller@gmail.com,firefighter,1476
1576,Delilah,Tamar,Delilah.Tamar@yopmail.com,Delilah.Tamar@gmail.com,doctor,1477
1577,Marti,Linskey,Marti.Linskey@yopmail.com,Marti.Linskey@gmail.com,police officer,1478
1578,Roseline,Gombach,Roseline.Gombach@yopmail.com,Roseline.Gombach@gmail.com,police officer,1479
1579,Susan,Rona,Susan.Rona@yopmail.com,Susan.Rona@gmail.com,doctor,1480
1580,Valli,Cleo,Valli.Cleo@yopmail.com,Valli.Cleo@gmail.com,police officer,1481
1581,Elbertina,Gwenore,Elbertina.Gwenore@yopmail.com,Elbertina.Gwenore@gmail.com,firefighter,1482
1582,Antonietta,Serilda,Antonietta.Serilda@yopmail.com,Antonietta.Serilda@gmail.com,developer,1483
1583,Sonni,Ludewig,Sonni.Ludewig@yopmail.com,Sonni.Ludewig@gmail.com,developer,1484
1584,Margalo,Ovid,Margalo.Ovid@yopmail.com,Margalo.Ovid@gmail.com,developer,1485
1585,Annaliese,Cadmar,Annaliese.Cadmar@yopmail.com,Annaliese.Cadmar@gmail.com,police officer,1486
1586,Alie,Boycey,Alie.Boycey@yopmail.com,Alie.Boycey@gmail.com,firefighter,1487
1587,Arabel,Neva,Arabel.Neva@yopmail.com,Arabel.Neva@gmail.com,doctor,1488
1588,Corry,Woodberry,Corry.Woodberry@yopmail.com,Corry.Woodberry@gmail.com,developer,1489
1589,Ada,Leifeste,Ada.Leifeste@yopmail.com,Ada.Leifeste@gmail.com,developer,1490
1590,Gui,Shaddock,Gui.Shaddock@yopmail.com,Gui.Shaddock@gmail.com,worker,1491
1591,Lucy,Abernon,Lucy.Abernon@yopmail.com,Lucy.Abernon@gmail.com,police officer,1492
1592,Ruthe,Peonir,Ruthe.Peonir@yopmail.com,Ruthe.Peonir@gmail.com,doctor,1493
1593,Taffy,Sisile,Taffy.Sisile@yopmail.com,Taffy.Sisile@gmail.com,firefighter,1494
1594,Sharlene,Blase,Sharlene.Blase@yopmail.com,Sharlene.Blase@gmail.com,worker,1495
1595,Wendi,Salchunas,Wendi.Salchunas@yopmail.com,Wendi.Salchunas@gmail.com,police officer,1496
1596,Anica,Adlare,Anica.Adlare@yopmail.com,Anica.Adlare@gmail.com,doctor,1497
1597,Tressa,Pettiford,Tressa.Pettiford@yopmail.com,Tressa.Pettiford@gmail.com,police officer,1498
1598,Netty,Bashemeth,Netty.Bashemeth@yopmail.com,Netty.Bashemeth@gmail.com,police officer,1499
1599,Lusa,Sekofski,Lusa.Sekofski@yopmail.com,Lusa.Sekofski@gmail.com,firefighter,1500
