id,firstname,lastname,email,email2,profession,Field Name
47300,Winifred,Elo,Winifred.Elo@yopmail.com,Winifred.Elo@gmail.com,police officer,47201
47301,Rosene,Vastah,Rosene.Vastah@yopmail.com,Rosene.Vastah@gmail.com,firefighter,47202
47302,Delilah,My,Delilah.My@yopmail.com,Delilah.My@gmail.com,worker,47203
47303,Glynnis,Alcott,Glynnis.Alcott@yopmail.com,Glynnis.Alcott@gmail.com,police officer,47204
47304,Roberta,Waite,Roberta.Waite@yopmail.com,Roberta.Waite@gmail.com,doctor,47205
47305,Verla,Boehike,Verla.Boehike@yopmail.com,Verla.Boehike@gmail.com,doctor,47206
47306,Robbi,Uird,Robbi.Uird@yopmail.com,Robbi.Uird@gmail.com,doctor,47207
47307,Carmela,Anderea,Carmela.Anderea@yopmail.com,Carmela.Anderea@gmail.com,police officer,47208
47308,Janeczka,Gower,Janeczka.Gower@yopmail.com,Janeczka.Gower@gmail.com,worker,47209
47309,Rosabelle,Graig,Rosabelle.Graig@yopmail.com,Rosabelle.Graig@gmail.com,police officer,47210
47310,Tonia,Miru,Tonia.Miru@yopmail.com,Tonia.Miru@gmail.com,firefighter,47211
47311,Jere,Blisse,Jere.Blisse@yopmail.com,Jere.Blisse@gmail.com,developer,47212
47312,Nariko,Anton,Nariko.Anton@yopmail.com,Nariko.Anton@gmail.com,police officer,47213
47313,Mariann,Ursulette,Mariann.Ursulette@yopmail.com,Mariann.Ursulette@gmail.com,developer,47214
47314,Karina,Stilwell,Karina.Stilwell@yopmail.com,Karina.Stilwell@gmail.com,firefighter,47215
47315,Nelle,Rooney,Nelle.Rooney@yopmail.com,Nelle.Rooney@gmail.com,doctor,47216
47316,Lisette,Fabiola,Lisette.Fabiola@yopmail.com,Lisette.Fabiola@gmail.com,developer,47217
47317,Johna,Amasa,Johna.Amasa@yopmail.com,Johna.Amasa@gmail.com,doctor,47218
47318,Shauna,Philipp,Shauna.Philipp@yopmail.com,Shauna.Philipp@gmail.com,worker,47219
47319,Felice,Obed,Felice.Obed@yopmail.com,Felice.Obed@gmail.com,firefighter,47220
47320,Viki,Raffo,Viki.Raffo@yopmail.com,Viki.Raffo@gmail.com,doctor,47221
47321,Brietta,Woodberry,Brietta.Woodberry@yopmail.com,Brietta.Woodberry@gmail.com,developer,47222
47322,Tori,Sophronia,Tori.Sophronia@yopmail.com,Tori.Sophronia@gmail.com,worker,47223
47323,Kellen,Bach,Kellen.Bach@yopmail.com,Kellen.Bach@gmail.com,doctor,47224
47324,Steffane,Myrilla,Steffane.Myrilla@yopmail.com,Steffane.Myrilla@gmail.com,worker,47225
47325,Rosanne,Miru,Rosanne.Miru@yopmail.com,Rosanne.Miru@gmail.com,police officer,47226
47326,Janey,Anestassia,Janey.Anestassia@yopmail.com,Janey.Anestassia@gmail.com,doctor,47227
47327,Ardys,Ailyn,Ardys.Ailyn@yopmail.com,Ardys.Ailyn@gmail.com,firefighter,47228
47328,Rozele,Arvo,Rozele.Arvo@yopmail.com,Rozele.Arvo@gmail.com,firefighter,47229
47329,Babita,Pip,Babita.Pip@yopmail.com,Babita.Pip@gmail.com,doctor,47230
47330,Ebonee,Taima,Ebonee.Taima@yopmail.com,Ebonee.Taima@gmail.com,firefighter,47231
47331,Luci,Schonfeld,Luci.Schonfeld@yopmail.com,Luci.Schonfeld@gmail.com,firefighter,47232
47332,Paule,Nadia,Paule.Nadia@yopmail.com,Paule.Nadia@gmail.com,doctor,47233
47333,Brana,Euridice,Brana.Euridice@yopmail.com,Brana.Euridice@gmail.com,developer,47234
47334,Myriam,Heisel,Myriam.Heisel@yopmail.com,Myriam.Heisel@gmail.com,worker,47235
47335,Ebonee,Carolin,Ebonee.Carolin@yopmail.com,Ebonee.Carolin@gmail.com,police officer,47236
47336,Cathyleen,Cosenza,Cathyleen.Cosenza@yopmail.com,Cathyleen.Cosenza@gmail.com,doctor,47237
47337,Cristabel,Izaak,Cristabel.Izaak@yopmail.com,Cristabel.Izaak@gmail.com,worker,47238
47338,Miquela,Katrine,Miquela.Katrine@yopmail.com,Miquela.Katrine@gmail.com,worker,47239
47339,Britte,Edmund,Britte.Edmund@yopmail.com,Britte.Edmund@gmail.com,police officer,47240
47340,Evaleen,Oscar,Evaleen.Oscar@yopmail.com,Evaleen.Oscar@gmail.com,firefighter,47241
47341,Pierette,Zina,Pierette.Zina@yopmail.com,Pierette.Zina@gmail.com,doctor,47242
47342,Shell,Rolf,Shell.Rolf@yopmail.com,Shell.Rolf@gmail.com,firefighter,47243
47343,Dari,Norrie,Dari.Norrie@yopmail.com,Dari.Norrie@gmail.com,firefighter,47244
47344,Leeanne,Margret,Leeanne.Margret@yopmail.com,Leeanne.Margret@gmail.com,doctor,47245
47345,Sharai,Zuzana,Sharai.Zuzana@yopmail.com,Sharai.Zuzana@gmail.com,worker,47246
47346,Berget,Paton,Berget.Paton@yopmail.com,Berget.Paton@gmail.com,developer,47247
47347,Aubrie,Tamar,Aubrie.Tamar@yopmail.com,Aubrie.Tamar@gmail.com,developer,47248
47348,Caressa,Sophronia,Caressa.Sophronia@yopmail.com,Caressa.Sophronia@gmail.com,worker,47249
47349,Edith,Bebe,Edith.Bebe@yopmail.com,Edith.Bebe@gmail.com,doctor,47250
