id,firstname,lastname,email,email2,profession,Field Name
21100,Nelle,Dituri,Nelle.Dituri@yopmail.com,Nelle.Dituri@gmail.com,firefighter,21001
21101,Sibella,Breed,Sibella.Breed@yopmail.com,Sibella.Breed@gmail.com,doctor,21002
21102,Myrtice,Fillbert,Myrtice.Fillbert@yopmail.com,Myrtice.Fillbert@gmail.com,police officer,21003
21103,Merrie,Travax,Merrie.Travax@yopmail.com,Merrie.Travax@gmail.com,developer,21004
21104,Lorne,Gahl,Lorne.Gahl@yopmail.com,Lorne.Gahl@gmail.com,police officer,21005
21105,Fanny,Kiyoshi,Fanny.Kiyoshi@yopmail.com,Fanny.Kiyoshi@gmail.com,police officer,21006
21106,Pamella,Schlosser,Pamella.Schlosser@yopmail.com,Pamella.Schlosser@gmail.com,doctor,21007
21107,Ofilia,Goth,Ofilia.Goth@yopmail.com,Ofilia.Goth@gmail.com,developer,21008
21108,Kirbee,Bakerman,Kirbee.Bakerman@yopmail.com,Kirbee.Bakerman@gmail.com,worker,21009
21109,Basia,Euridice,Basia.Euridice@yopmail.com,Basia.Euridice@gmail.com,firefighter,21010
21110,Sharlene,Clara,Sharlene.Clara@yopmail.com,Sharlene.Clara@gmail.com,firefighter,21011
21111,Alleen,Telfer,Alleen.Telfer@yopmail.com,Alleen.Telfer@gmail.com,police officer,21012
21112,Cristabel,Claudine,Cristabel.Claudine@yopmail.com,Cristabel.Claudine@gmail.com,police officer,21013
21113,Althea,Warthman,Althea.Warthman@yopmail.com,Althea.Warthman@gmail.com,police officer,21014
21114,Roslyn,Calhoun,Roslyn.Calhoun@yopmail.com,Roslyn.Calhoun@gmail.com,developer,21015
21115,Binny,Margret,Binny.Margret@yopmail.com,Binny.Margret@gmail.com,police officer,21016
21116,Dorthy,Natica,Dorthy.Natica@yopmail.com,Dorthy.Natica@gmail.com,doctor,21017
21117,Ellette,Delacourt,Ellette.Delacourt@yopmail.com,Ellette.Delacourt@gmail.com,doctor,21018
21118,Elvira,Toni,Elvira.Toni@yopmail.com,Elvira.Toni@gmail.com,police officer,21019
21119,Ethel,Paton,Ethel.Paton@yopmail.com,Ethel.Paton@gmail.com,developer,21020
21120,Krystle,Naashom,Krystle.Naashom@yopmail.com,Krystle.Naashom@gmail.com,firefighter,21021
21121,Valeda,Alabaster,Valeda.Alabaster@yopmail.com,Valeda.Alabaster@gmail.com,developer,21022
21122,Jolyn,Emerson,Jolyn.Emerson@yopmail.com,Jolyn.Emerson@gmail.com,firefighter,21023
21123,Delilah,Jehu,Delilah.Jehu@yopmail.com,Delilah.Jehu@gmail.com,doctor,21024
21124,Clementine,Wittie,Clementine.Wittie@yopmail.com,Clementine.Wittie@gmail.com,worker,21025
21125,Gretal,Lipson,Gretal.Lipson@yopmail.com,Gretal.Lipson@gmail.com,doctor,21026
21126,Ida,Earlie,Ida.Earlie@yopmail.com,Ida.Earlie@gmail.com,developer,21027
21127,Trixi,Wadell,Trixi.Wadell@yopmail.com,Trixi.Wadell@gmail.com,doctor,21028
21128,Marinna,Annabella,Marinna.Annabella@yopmail.com,Marinna.Annabella@gmail.com,worker,21029
21129,Beth,Talia,Beth.Talia@yopmail.com,Beth.Talia@gmail.com,doctor,21030
21130,Florencia,Heidt,Florencia.Heidt@yopmail.com,Florencia.Heidt@gmail.com,doctor,21031
21131,Frieda,Lowry,Frieda.Lowry@yopmail.com,Frieda.Lowry@gmail.com,worker,21032
21132,Dede,Nedrud,Dede.Nedrud@yopmail.com,Dede.Nedrud@gmail.com,doctor,21033
21133,Aubrie,Brodench,Aubrie.Brodench@yopmail.com,Aubrie.Brodench@gmail.com,developer,21034
21134,Mara,Sancho,Mara.Sancho@yopmail.com,Mara.Sancho@gmail.com,developer,21035
21135,Nariko,Irmine,Nariko.Irmine@yopmail.com,Nariko.Irmine@gmail.com,doctor,21036
21136,Pierette,Ioab,Pierette.Ioab@yopmail.com,Pierette.Ioab@gmail.com,police officer,21037
21137,Deane,Dowski,Deane.Dowski@yopmail.com,Deane.Dowski@gmail.com,firefighter,21038
21138,Candy,Chick,Candy.Chick@yopmail.com,Candy.Chick@gmail.com,firefighter,21039
21139,Millie,Ader,Millie.Ader@yopmail.com,Millie.Ader@gmail.com,developer,21040
21140,Aigneis,Calhoun,Aigneis.Calhoun@yopmail.com,Aigneis.Calhoun@gmail.com,developer,21041
21141,Marinna,Clarissa,Marinna.Clarissa@yopmail.com,Marinna.Clarissa@gmail.com,firefighter,21042
21142,Verla,Read,Verla.Read@yopmail.com,Verla.Read@gmail.com,police officer,21043
21143,Marcy,Zetta,Marcy.Zetta@yopmail.com,Marcy.Zetta@gmail.com,police officer,21044
21144,Lorie,Malvino,Lorie.Malvino@yopmail.com,Lorie.Malvino@gmail.com,doctor,21045
21145,Dacia,Fosque,Dacia.Fosque@yopmail.com,Dacia.Fosque@gmail.com,developer,21046
21146,Brandise,Wareing,Brandise.Wareing@yopmail.com,Brandise.Wareing@gmail.com,firefighter,21047
21147,Ileana,Arne,Ileana.Arne@yopmail.com,Ileana.Arne@gmail.com,doctor,21048
21148,Florencia,Rubie,Florencia.Rubie@yopmail.com,Florencia.Rubie@gmail.com,police officer,21049
21149,Adele,Harriman,Adele.Harriman@yopmail.com,Adele.Harriman@gmail.com,worker,21050
21150,Ayn,Gaulin,Ayn.Gaulin@yopmail.com,Ayn.Gaulin@gmail.com,police officer,21051
21151,Ayn,Obed,Ayn.Obed@yopmail.com,Ayn.Obed@gmail.com,worker,21052
21152,Estell,Redmond,Estell.Redmond@yopmail.com,Estell.Redmond@gmail.com,police officer,21053
21153,Tani,Ackerley,Tani.Ackerley@yopmail.com,Tani.Ackerley@gmail.com,developer,21054
21154,Iseabal,Wind,Iseabal.Wind@yopmail.com,Iseabal.Wind@gmail.com,worker,21055
21155,Babita,Ashok,Babita.Ashok@yopmail.com,Babita.Ashok@gmail.com,developer,21056
21156,Alexine,Mandler,Alexine.Mandler@yopmail.com,Alexine.Mandler@gmail.com,doctor,21057
21157,Melina,Grobe,Melina.Grobe@yopmail.com,Melina.Grobe@gmail.com,doctor,21058
21158,Cyndie,Loleta,Cyndie.Loleta@yopmail.com,Cyndie.Loleta@gmail.com,developer,21059
21159,Violet,Travax,Violet.Travax@yopmail.com,Violet.Travax@gmail.com,developer,21060
21160,Lynde,Felecia,Lynde.Felecia@yopmail.com,Lynde.Felecia@gmail.com,developer,21061
21161,Maridel,Clara,Maridel.Clara@yopmail.com,Maridel.Clara@gmail.com,firefighter,21062
21162,Sean,Blake,Sean.Blake@yopmail.com,Sean.Blake@gmail.com,police officer,21063
21163,Dione,Ingra,Dione.Ingra@yopmail.com,Dione.Ingra@gmail.com,doctor,21064
21164,Agathe,Modie,Agathe.Modie@yopmail.com,Agathe.Modie@gmail.com,police officer,21065
21165,Livvyy,Stover,Livvyy.Stover@yopmail.com,Livvyy.Stover@gmail.com,developer,21066
21166,Darlleen,Uird,Darlleen.Uird@yopmail.com,Darlleen.Uird@gmail.com,police officer,21067
21167,Blondelle,Schroth,Blondelle.Schroth@yopmail.com,Blondelle.Schroth@gmail.com,firefighter,21068
21168,Marsiella,Dulciana,Marsiella.Dulciana@yopmail.com,Marsiella.Dulciana@gmail.com,worker,21069
21169,Kimmy,Charity,Kimmy.Charity@yopmail.com,Kimmy.Charity@gmail.com,police officer,21070
21170,Eadie,Minetta,Eadie.Minetta@yopmail.com,Eadie.Minetta@gmail.com,police officer,21071
21171,Mara,Reneta,Mara.Reneta@yopmail.com,Mara.Reneta@gmail.com,worker,21072
21172,Judy,Bebe,Judy.Bebe@yopmail.com,Judy.Bebe@gmail.com,police officer,21073
21173,Leeanne,Vorster,Leeanne.Vorster@yopmail.com,Leeanne.Vorster@gmail.com,worker,21074
21174,Brianna,Fairweather,Brianna.Fairweather@yopmail.com,Brianna.Fairweather@gmail.com,developer,21075
21175,Britte,Afton,Britte.Afton@yopmail.com,Britte.Afton@gmail.com,doctor,21076
21176,Donnie,Brenn,Donnie.Brenn@yopmail.com,Donnie.Brenn@gmail.com,firefighter,21077
21177,Brianna,Bibi,Brianna.Bibi@yopmail.com,Brianna.Bibi@gmail.com,developer,21078
21178,Molli,Burnside,Molli.Burnside@yopmail.com,Molli.Burnside@gmail.com,firefighter,21079
21179,Clo,Dearborn,Clo.Dearborn@yopmail.com,Clo.Dearborn@gmail.com,worker,21080
21180,Karena,Sandye,Karena.Sandye@yopmail.com,Karena.Sandye@gmail.com,police officer,21081
21181,Benita,Emerson,Benita.Emerson@yopmail.com,Benita.Emerson@gmail.com,doctor,21082
21182,Eadie,Chem,Eadie.Chem@yopmail.com,Eadie.Chem@gmail.com,police officer,21083
21183,Sindee,Marisa,Sindee.Marisa@yopmail.com,Sindee.Marisa@gmail.com,police officer,21084
21184,Lyssa,Faria,Lyssa.Faria@yopmail.com,Lyssa.Faria@gmail.com,doctor,21085
21185,Myrtice,Tristram,Myrtice.Tristram@yopmail.com,Myrtice.Tristram@gmail.com,worker,21086
21186,Jolyn,Lory,Jolyn.Lory@yopmail.com,Jolyn.Lory@gmail.com,firefighter,21087
21187,Gusty,Keelia,Gusty.Keelia@yopmail.com,Gusty.Keelia@gmail.com,developer,21088
21188,Genevra,Adrienne,Genevra.Adrienne@yopmail.com,Genevra.Adrienne@gmail.com,worker,21089
21189,Hope,Ade,Hope.Ade@yopmail.com,Hope.Ade@gmail.com,developer,21090
21190,Genevra,Goddard,Genevra.Goddard@yopmail.com,Genevra.Goddard@gmail.com,firefighter,21091
21191,Flory,Bonilla,Flory.Bonilla@yopmail.com,Flory.Bonilla@gmail.com,doctor,21092
21192,Gilda,Stelle,Gilda.Stelle@yopmail.com,Gilda.Stelle@gmail.com,worker,21093
21193,Caressa,Darrell,Caressa.Darrell@yopmail.com,Caressa.Darrell@gmail.com,police officer,21094
21194,Suzette,Fillbert,Suzette.Fillbert@yopmail.com,Suzette.Fillbert@gmail.com,developer,21095
21195,Ida,Lytton,Ida.Lytton@yopmail.com,Ida.Lytton@gmail.com,developer,21096
21196,Hannis,Clarissa,Hannis.Clarissa@yopmail.com,Hannis.Clarissa@gmail.com,worker,21097
21197,Brandise,Lareena,Brandise.Lareena@yopmail.com,Brandise.Lareena@gmail.com,firefighter,21098
21198,Vere,Zaslow,Vere.Zaslow@yopmail.com,Vere.Zaslow@gmail.com,developer,21099
21199,Harrietta,Buttaro,Harrietta.Buttaro@yopmail.com,Harrietta.Buttaro@gmail.com,worker,21100
21200,Korrie,Thilda,Korrie.Thilda@yopmail.com,Korrie.Thilda@gmail.com,doctor,21101
21201,Ana,Jorgan,Ana.Jorgan@yopmail.com,Ana.Jorgan@gmail.com,developer,21102
21202,Letizia,Engdahl,Letizia.Engdahl@yopmail.com,Letizia.Engdahl@gmail.com,police officer,21103
21203,Mathilda,Kristi,Mathilda.Kristi@yopmail.com,Mathilda.Kristi@gmail.com,doctor,21104
21204,Kara-Lynn,Kylander,Kara-Lynn.Kylander@yopmail.com,Kara-Lynn.Kylander@gmail.com,developer,21105
21205,Anthia,Greyson,Anthia.Greyson@yopmail.com,Anthia.Greyson@gmail.com,worker,21106
21206,Arabel,Rugen,Arabel.Rugen@yopmail.com,Arabel.Rugen@gmail.com,doctor,21107
21207,Fidelia,Haymes,Fidelia.Haymes@yopmail.com,Fidelia.Haymes@gmail.com,doctor,21108
21208,Violet,Tryck,Violet.Tryck@yopmail.com,Violet.Tryck@gmail.com,worker,21109
21209,Lucy,Ranjiv,Lucy.Ranjiv@yopmail.com,Lucy.Ranjiv@gmail.com,developer,21110
21210,Katleen,Gualtiero,Katleen.Gualtiero@yopmail.com,Katleen.Gualtiero@gmail.com,developer,21111
21211,Dorothy,Mozelle,Dorothy.Mozelle@yopmail.com,Dorothy.Mozelle@gmail.com,police officer,21112
21212,Raf,Susannah,Raf.Susannah@yopmail.com,Raf.Susannah@gmail.com,developer,21113
21213,Fina,Ball,Fina.Ball@yopmail.com,Fina.Ball@gmail.com,doctor,21114
21214,Cherrita,Greenwald,Cherrita.Greenwald@yopmail.com,Cherrita.Greenwald@gmail.com,doctor,21115
21215,Mariele,Bashemeth,Mariele.Bashemeth@yopmail.com,Mariele.Bashemeth@gmail.com,developer,21116
21216,Viviene,Deny,Viviene.Deny@yopmail.com,Viviene.Deny@gmail.com,developer,21117
21217,Kylynn,Bari,Kylynn.Bari@yopmail.com,Kylynn.Bari@gmail.com,firefighter,21118
21218,Merry,Arley,Merry.Arley@yopmail.com,Merry.Arley@gmail.com,doctor,21119
21219,Lorne,Denis,Lorne.Denis@yopmail.com,Lorne.Denis@gmail.com,worker,21120
21220,Celisse,Alejoa,Celisse.Alejoa@yopmail.com,Celisse.Alejoa@gmail.com,doctor,21121
21221,Cissiee,Elisha,Cissiee.Elisha@yopmail.com,Cissiee.Elisha@gmail.com,doctor,21122
21222,Lila,Kaete,Lila.Kaete@yopmail.com,Lila.Kaete@gmail.com,worker,21123
21223,Jere,Nore,Jere.Nore@yopmail.com,Jere.Nore@gmail.com,firefighter,21124
21224,Angela,Toni,Angela.Toni@yopmail.com,Angela.Toni@gmail.com,worker,21125
21225,Gui,Bergman,Gui.Bergman@yopmail.com,Gui.Bergman@gmail.com,firefighter,21126
21226,Sidoney,Bennie,Sidoney.Bennie@yopmail.com,Sidoney.Bennie@gmail.com,doctor,21127
21227,Katharina,Keelia,Katharina.Keelia@yopmail.com,Katharina.Keelia@gmail.com,doctor,21128
21228,Emmey,Joli,Emmey.Joli@yopmail.com,Emmey.Joli@gmail.com,developer,21129
21229,Petronia,Sheedy,Petronia.Sheedy@yopmail.com,Petronia.Sheedy@gmail.com,developer,21130
21230,Fred,Voletta,Fred.Voletta@yopmail.com,Fred.Voletta@gmail.com,developer,21131
21231,Vere,Germann,Vere.Germann@yopmail.com,Vere.Germann@gmail.com,doctor,21132
21232,Lita,Cassius,Lita.Cassius@yopmail.com,Lita.Cassius@gmail.com,doctor,21133
21233,Eugine,Peonir,Eugine.Peonir@yopmail.com,Eugine.Peonir@gmail.com,firefighter,21134
21234,Dyann,Kalinda,Dyann.Kalinda@yopmail.com,Dyann.Kalinda@gmail.com,developer,21135
21235,Anestassia,Horan,Anestassia.Horan@yopmail.com,Anestassia.Horan@gmail.com,firefighter,21136
21236,Albertina,Redmond,Albertina.Redmond@yopmail.com,Albertina.Redmond@gmail.com,worker,21137
21237,Theodora,Gower,Theodora.Gower@yopmail.com,Theodora.Gower@gmail.com,developer,21138
21238,Rori,Leler,Rori.Leler@yopmail.com,Rori.Leler@gmail.com,firefighter,21139
21239,Blinni,Deny,Blinni.Deny@yopmail.com,Blinni.Deny@gmail.com,worker,21140
21240,Dale,Loring,Dale.Loring@yopmail.com,Dale.Loring@gmail.com,doctor,21141
21241,Cacilie,Korey,Cacilie.Korey@yopmail.com,Cacilie.Korey@gmail.com,doctor,21142
21242,Amii,Rodmann,Amii.Rodmann@yopmail.com,Amii.Rodmann@gmail.com,doctor,21143
21243,Patricia,Imelida,Patricia.Imelida@yopmail.com,Patricia.Imelida@gmail.com,doctor,21144
21244,Justinn,Sperling,Justinn.Sperling@yopmail.com,Justinn.Sperling@gmail.com,firefighter,21145
21245,Rebeca,Colbert,Rebeca.Colbert@yopmail.com,Rebeca.Colbert@gmail.com,developer,21146
21246,Blinni,Kaja,Blinni.Kaja@yopmail.com,Blinni.Kaja@gmail.com,police officer,21147
21247,Tina,Lacombe,Tina.Lacombe@yopmail.com,Tina.Lacombe@gmail.com,doctor,21148
21248,Claudina,Standing,Claudina.Standing@yopmail.com,Claudina.Standing@gmail.com,developer,21149
21249,Myrtice,Wallis,Myrtice.Wallis@yopmail.com,Myrtice.Wallis@gmail.com,developer,21150
21250,Lynea,Afton,Lynea.Afton@yopmail.com,Lynea.Afton@gmail.com,firefighter,21151
21251,Gui,Phi,Gui.Phi@yopmail.com,Gui.Phi@gmail.com,developer,21152
21252,Amara,Berl,Amara.Berl@yopmail.com,Amara.Berl@gmail.com,worker,21153
21253,Katuscha,Brodench,Katuscha.Brodench@yopmail.com,Katuscha.Brodench@gmail.com,worker,21154
21254,Lelah,Fosque,Lelah.Fosque@yopmail.com,Lelah.Fosque@gmail.com,developer,21155
21255,Kathi,Garek,Kathi.Garek@yopmail.com,Kathi.Garek@gmail.com,developer,21156
21256,Elyssa,Dominy,Elyssa.Dominy@yopmail.com,Elyssa.Dominy@gmail.com,worker,21157
21257,Carmencita,Idelia,Carmencita.Idelia@yopmail.com,Carmencita.Idelia@gmail.com,doctor,21158
21258,Chastity,Joeann,Chastity.Joeann@yopmail.com,Chastity.Joeann@gmail.com,police officer,21159
21259,Sashenka,Fabiola,Sashenka.Fabiola@yopmail.com,Sashenka.Fabiola@gmail.com,developer,21160
21260,Gwenneth,Danby,Gwenneth.Danby@yopmail.com,Gwenneth.Danby@gmail.com,worker,21161
21261,Addia,Zuzana,Addia.Zuzana@yopmail.com,Addia.Zuzana@gmail.com,police officer,21162
21262,Karina,Seumas,Karina.Seumas@yopmail.com,Karina.Seumas@gmail.com,police officer,21163
21263,Jorry,Maribeth,Jorry.Maribeth@yopmail.com,Jorry.Maribeth@gmail.com,doctor,21164
21264,Ginnie,Weinreb,Ginnie.Weinreb@yopmail.com,Ginnie.Weinreb@gmail.com,police officer,21165
21265,Corly,Hoban,Corly.Hoban@yopmail.com,Corly.Hoban@gmail.com,worker,21166
21266,Sam,Torray,Sam.Torray@yopmail.com,Sam.Torray@gmail.com,doctor,21167
21267,Gwenneth,Giff,Gwenneth.Giff@yopmail.com,Gwenneth.Giff@gmail.com,worker,21168
21268,Bee,Lutero,Bee.Lutero@yopmail.com,Bee.Lutero@gmail.com,doctor,21169
21269,Maisey,Francyne,Maisey.Francyne@yopmail.com,Maisey.Francyne@gmail.com,worker,21170
21270,Evita,Han,Evita.Han@yopmail.com,Evita.Han@gmail.com,worker,21171
21271,Maurene,Vivle,Maurene.Vivle@yopmail.com,Maurene.Vivle@gmail.com,police officer,21172
21272,Katleen,Shanley,Katleen.Shanley@yopmail.com,Katleen.Shanley@gmail.com,developer,21173
21273,Babita,Grayce,Babita.Grayce@yopmail.com,Babita.Grayce@gmail.com,police officer,21174
21274,Chere,Nedrud,Chere.Nedrud@yopmail.com,Chere.Nedrud@gmail.com,developer,21175
21275,Lucille,Dimitris,Lucille.Dimitris@yopmail.com,Lucille.Dimitris@gmail.com,worker,21176
21276,Ethel,Norrie,Ethel.Norrie@yopmail.com,Ethel.Norrie@gmail.com,police officer,21177
21277,Dawn,Barrus,Dawn.Barrus@yopmail.com,Dawn.Barrus@gmail.com,doctor,21178
21278,Myrtice,Joeann,Myrtice.Joeann@yopmail.com,Myrtice.Joeann@gmail.com,doctor,21179
21279,Loree,Rosemary,Loree.Rosemary@yopmail.com,Loree.Rosemary@gmail.com,firefighter,21180
21280,Alleen,Cherianne,Alleen.Cherianne@yopmail.com,Alleen.Cherianne@gmail.com,firefighter,21181
21281,Lonnie,Maisey,Lonnie.Maisey@yopmail.com,Lonnie.Maisey@gmail.com,police officer,21182
21282,Magdalena,Ortrude,Magdalena.Ortrude@yopmail.com,Magdalena.Ortrude@gmail.com,police officer,21183
21283,Nyssa,Weide,Nyssa.Weide@yopmail.com,Nyssa.Weide@gmail.com,police officer,21184
21284,Joeann,Dorothy,Joeann.Dorothy@yopmail.com,Joeann.Dorothy@gmail.com,police officer,21185
21285,Laure,Albertine,Laure.Albertine@yopmail.com,Laure.Albertine@gmail.com,police officer,21186
21286,Jeanna,Cherianne,Jeanna.Cherianne@yopmail.com,Jeanna.Cherianne@gmail.com,worker,21187
21287,Lilith,Ivens,Lilith.Ivens@yopmail.com,Lilith.Ivens@gmail.com,worker,21188
21288,Arlena,Screens,Arlena.Screens@yopmail.com,Arlena.Screens@gmail.com,doctor,21189
21289,Gianina,Alva,Gianina.Alva@yopmail.com,Gianina.Alva@gmail.com,developer,21190
21290,Ayn,Laverne,Ayn.Laverne@yopmail.com,Ayn.Laverne@gmail.com,doctor,21191
21291,Pollyanna,Magnolia,Pollyanna.Magnolia@yopmail.com,Pollyanna.Magnolia@gmail.com,police officer,21192
21292,Ericka,Ophelia,Ericka.Ophelia@yopmail.com,Ericka.Ophelia@gmail.com,doctor,21193
21293,Wilma,Ajay,Wilma.Ajay@yopmail.com,Wilma.Ajay@gmail.com,worker,21194
21294,Dolli,Alwin,Dolli.Alwin@yopmail.com,Dolli.Alwin@gmail.com,doctor,21195
21295,Di,Vivle,Di.Vivle@yopmail.com,Di.Vivle@gmail.com,worker,21196
21296,Gusella,Stuart,Gusella.Stuart@yopmail.com,Gusella.Stuart@gmail.com,police officer,21197
21297,Florie,Anis,Florie.Anis@yopmail.com,Florie.Anis@gmail.com,developer,21198
21298,Tina,Decato,Tina.Decato@yopmail.com,Tina.Decato@gmail.com,doctor,21199
21299,Oralee,Sadowski,Oralee.Sadowski@yopmail.com,Oralee.Sadowski@gmail.com,worker,21200
21300,Ira,Uird,Ira.Uird@yopmail.com,Ira.Uird@gmail.com,police officer,21201
21301,Di,Granoff,Di.Granoff@yopmail.com,Di.Granoff@gmail.com,worker,21202
21302,Caryl,Erb,Caryl.Erb@yopmail.com,Caryl.Erb@gmail.com,doctor,21203
21303,Nickie,Carolin,Nickie.Carolin@yopmail.com,Nickie.Carolin@gmail.com,firefighter,21204
21304,Celene,Liva,Celene.Liva@yopmail.com,Celene.Liva@gmail.com,worker,21205
21305,Charlena,Dex,Charlena.Dex@yopmail.com,Charlena.Dex@gmail.com,firefighter,21206
21306,Loree,Sherfield,Loree.Sherfield@yopmail.com,Loree.Sherfield@gmail.com,doctor,21207
21307,Emelina,Izaak,Emelina.Izaak@yopmail.com,Emelina.Izaak@gmail.com,firefighter,21208
21308,Fernande,Rad,Fernande.Rad@yopmail.com,Fernande.Rad@gmail.com,doctor,21209
21309,Sue,Freddi,Sue.Freddi@yopmail.com,Sue.Freddi@gmail.com,developer,21210
21310,Cathyleen,Maryanne,Cathyleen.Maryanne@yopmail.com,Cathyleen.Maryanne@gmail.com,firefighter,21211
21311,Vere,Kenney,Vere.Kenney@yopmail.com,Vere.Kenney@gmail.com,firefighter,21212
21312,Kimberley,Nisbet,Kimberley.Nisbet@yopmail.com,Kimberley.Nisbet@gmail.com,police officer,21213
21313,Elbertina,Karl,Elbertina.Karl@yopmail.com,Elbertina.Karl@gmail.com,doctor,21214
21314,Elsie,Tippets,Elsie.Tippets@yopmail.com,Elsie.Tippets@gmail.com,firefighter,21215
21315,Andree,Edee,Andree.Edee@yopmail.com,Andree.Edee@gmail.com,worker,21216
21316,Pearline,Daveta,Pearline.Daveta@yopmail.com,Pearline.Daveta@gmail.com,police officer,21217
21317,Florie,Cherianne,Florie.Cherianne@yopmail.com,Florie.Cherianne@gmail.com,doctor,21218
21318,Ivett,Tybald,Ivett.Tybald@yopmail.com,Ivett.Tybald@gmail.com,doctor,21219
21319,Zia,Gaynor,Zia.Gaynor@yopmail.com,Zia.Gaynor@gmail.com,police officer,21220
21320,Doralynne,Jobi,Doralynne.Jobi@yopmail.com,Doralynne.Jobi@gmail.com,firefighter,21221
21321,Gloria,Zina,Gloria.Zina@yopmail.com,Gloria.Zina@gmail.com,worker,21222
21322,Kylynn,Holbrook,Kylynn.Holbrook@yopmail.com,Kylynn.Holbrook@gmail.com,developer,21223
21323,Lenna,Corabella,Lenna.Corabella@yopmail.com,Lenna.Corabella@gmail.com,police officer,21224
21324,Roslyn,Wenoa,Roslyn.Wenoa@yopmail.com,Roslyn.Wenoa@gmail.com,developer,21225
21325,Pamella,Waite,Pamella.Waite@yopmail.com,Pamella.Waite@gmail.com,worker,21226
21326,Allyce,Tiffa,Allyce.Tiffa@yopmail.com,Allyce.Tiffa@gmail.com,developer,21227
21327,Elsie,Saint,Elsie.Saint@yopmail.com,Elsie.Saint@gmail.com,doctor,21228
21328,Brooks,Haymes,Brooks.Haymes@yopmail.com,Brooks.Haymes@gmail.com,doctor,21229
21329,Marinna,Salvidor,Marinna.Salvidor@yopmail.com,Marinna.Salvidor@gmail.com,developer,21230
21330,Oona,Lubin,Oona.Lubin@yopmail.com,Oona.Lubin@gmail.com,police officer,21231
21331,Lory,Byrne,Lory.Byrne@yopmail.com,Lory.Byrne@gmail.com,developer,21232
21332,Winny,Jess,Winny.Jess@yopmail.com,Winny.Jess@gmail.com,firefighter,21233
21333,Trixi,Nore,Trixi.Nore@yopmail.com,Trixi.Nore@gmail.com,doctor,21234
21334,Keelia,Rosemary,Keelia.Rosemary@yopmail.com,Keelia.Rosemary@gmail.com,developer,21235
21335,Maridel,Phi,Maridel.Phi@yopmail.com,Maridel.Phi@gmail.com,worker,21236
21336,Gianina,Mathilde,Gianina.Mathilde@yopmail.com,Gianina.Mathilde@gmail.com,police officer,21237
21337,Andeee,Suanne,Andeee.Suanne@yopmail.com,Andeee.Suanne@gmail.com,police officer,21238
21338,Verla,Narton,Verla.Narton@yopmail.com,Verla.Narton@gmail.com,doctor,21239
21339,Lulita,Schroth,Lulita.Schroth@yopmail.com,Lulita.Schroth@gmail.com,doctor,21240
21340,Rayna,Zeeba,Rayna.Zeeba@yopmail.com,Rayna.Zeeba@gmail.com,firefighter,21241
21341,Mellicent,Henebry,Mellicent.Henebry@yopmail.com,Mellicent.Henebry@gmail.com,police officer,21242
21342,Zaria,Decato,Zaria.Decato@yopmail.com,Zaria.Decato@gmail.com,developer,21243
21343,Shandie,Stilwell,Shandie.Stilwell@yopmail.com,Shandie.Stilwell@gmail.com,doctor,21244
21344,Jobi,Kaete,Jobi.Kaete@yopmail.com,Jobi.Kaete@gmail.com,doctor,21245
21345,Mallory,Nelsen,Mallory.Nelsen@yopmail.com,Mallory.Nelsen@gmail.com,firefighter,21246
21346,Jolyn,Phi,Jolyn.Phi@yopmail.com,Jolyn.Phi@gmail.com,firefighter,21247
21347,Perry,Adamsen,Perry.Adamsen@yopmail.com,Perry.Adamsen@gmail.com,police officer,21248
21348,Myriam,Vacuva,Myriam.Vacuva@yopmail.com,Myriam.Vacuva@gmail.com,doctor,21249
21349,Marsiella,Avi,Marsiella.Avi@yopmail.com,Marsiella.Avi@gmail.com,firefighter,21250
21350,Correy,Dex,Correy.Dex@yopmail.com,Correy.Dex@gmail.com,doctor,21251
21351,Gusty,Chrystel,Gusty.Chrystel@yopmail.com,Gusty.Chrystel@gmail.com,firefighter,21252
21352,Tomasina,Robertson,Tomasina.Robertson@yopmail.com,Tomasina.Robertson@gmail.com,doctor,21253
21353,Jasmina,Posner,Jasmina.Posner@yopmail.com,Jasmina.Posner@gmail.com,developer,21254
21354,Briney,Atonsah,Briney.Atonsah@yopmail.com,Briney.Atonsah@gmail.com,developer,21255
21355,Correy,Podvin,Correy.Podvin@yopmail.com,Correy.Podvin@gmail.com,developer,21256
21356,Nickie,Pearse,Nickie.Pearse@yopmail.com,Nickie.Pearse@gmail.com,doctor,21257
21357,Selma,Latini,Selma.Latini@yopmail.com,Selma.Latini@gmail.com,developer,21258
21358,Miquela,Anis,Miquela.Anis@yopmail.com,Miquela.Anis@gmail.com,police officer,21259
21359,Britte,Kress,Britte.Kress@yopmail.com,Britte.Kress@gmail.com,firefighter,21260
21360,Daune,O'Neill,Daune.O'Neill@yopmail.com,Daune.O'Neill@gmail.com,worker,21261
21361,Brena,Jarib,Brena.Jarib@yopmail.com,Brena.Jarib@gmail.com,police officer,21262
21362,Rosabelle,Baptlsta,Rosabelle.Baptlsta@yopmail.com,Rosabelle.Baptlsta@gmail.com,firefighter,21263
21363,Shirlee,Lenny,Shirlee.Lenny@yopmail.com,Shirlee.Lenny@gmail.com,doctor,21264
21364,Annice,Billye,Annice.Billye@yopmail.com,Annice.Billye@gmail.com,police officer,21265
21365,Kenna,Kelula,Kenna.Kelula@yopmail.com,Kenna.Kelula@gmail.com,police officer,21266
21366,Mireielle,Alisia,Mireielle.Alisia@yopmail.com,Mireielle.Alisia@gmail.com,doctor,21267
21367,Rubie,Flita,Rubie.Flita@yopmail.com,Rubie.Flita@gmail.com,firefighter,21268
21368,Molli,Dyche,Molli.Dyche@yopmail.com,Molli.Dyche@gmail.com,developer,21269
21369,Wilma,Rillings,Wilma.Rillings@yopmail.com,Wilma.Rillings@gmail.com,firefighter,21270
21370,Zia,Si,Zia.Si@yopmail.com,Zia.Si@gmail.com,police officer,21271
21371,Kelly,Monk,Kelly.Monk@yopmail.com,Kelly.Monk@gmail.com,worker,21272
21372,Madalyn,Tannie,Madalyn.Tannie@yopmail.com,Madalyn.Tannie@gmail.com,developer,21273
21373,Brandise,Drisko,Brandise.Drisko@yopmail.com,Brandise.Drisko@gmail.com,doctor,21274
21374,Hildegaard,Killigrew,Hildegaard.Killigrew@yopmail.com,Hildegaard.Killigrew@gmail.com,worker,21275
21375,Amalie,Rosalba,Amalie.Rosalba@yopmail.com,Amalie.Rosalba@gmail.com,police officer,21276
21376,Modestia,Bettine,Modestia.Bettine@yopmail.com,Modestia.Bettine@gmail.com,police officer,21277
21377,Vonny,Malanie,Vonny.Malanie@yopmail.com,Vonny.Malanie@gmail.com,developer,21278
21378,Sheree,Giff,Sheree.Giff@yopmail.com,Sheree.Giff@gmail.com,developer,21279
21379,Arlena,Ranjiv,Arlena.Ranjiv@yopmail.com,Arlena.Ranjiv@gmail.com,developer,21280
21380,Cyb,Tannie,Cyb.Tannie@yopmail.com,Cyb.Tannie@gmail.com,doctor,21281
21381,Shirlee,Ahab,Shirlee.Ahab@yopmail.com,Shirlee.Ahab@gmail.com,worker,21282
21382,Kathi,Phi,Kathi.Phi@yopmail.com,Kathi.Phi@gmail.com,firefighter,21283
21383,Alie,Selway,Alie.Selway@yopmail.com,Alie.Selway@gmail.com,worker,21284
21384,Julieta,Azeria,Julieta.Azeria@yopmail.com,Julieta.Azeria@gmail.com,doctor,21285
21385,Alie,Urias,Alie.Urias@yopmail.com,Alie.Urias@gmail.com,police officer,21286
21386,Tobe,Maples,Tobe.Maples@yopmail.com,Tobe.Maples@gmail.com,worker,21287
21387,Georgetta,Evangelia,Georgetta.Evangelia@yopmail.com,Georgetta.Evangelia@gmail.com,doctor,21288
21388,Annecorinne,Gilbertson,Annecorinne.Gilbertson@yopmail.com,Annecorinne.Gilbertson@gmail.com,worker,21289
21389,Ardeen,Dawkins,Ardeen.Dawkins@yopmail.com,Ardeen.Dawkins@gmail.com,worker,21290
21390,Aubrie,Maiah,Aubrie.Maiah@yopmail.com,Aubrie.Maiah@gmail.com,worker,21291
21391,Tobe,Wareing,Tobe.Wareing@yopmail.com,Tobe.Wareing@gmail.com,police officer,21292
21392,Alie,Deny,Alie.Deny@yopmail.com,Alie.Deny@gmail.com,worker,21293
21393,Flo,McGrody,Flo.McGrody@yopmail.com,Flo.McGrody@gmail.com,doctor,21294
21394,Hermione,Stav,Hermione.Stav@yopmail.com,Hermione.Stav@gmail.com,worker,21295
21395,Phylis,Cavan,Phylis.Cavan@yopmail.com,Phylis.Cavan@gmail.com,worker,21296
21396,Tracey,Carri,Tracey.Carri@yopmail.com,Tracey.Carri@gmail.com,worker,21297
21397,Basia,Hepsibah,Basia.Hepsibah@yopmail.com,Basia.Hepsibah@gmail.com,worker,21298
21398,Cyndie,Rosalba,Cyndie.Rosalba@yopmail.com,Cyndie.Rosalba@gmail.com,firefighter,21299
21399,Melisent,Pillsbury,Melisent.Pillsbury@yopmail.com,Melisent.Pillsbury@gmail.com,firefighter,21300
21400,Vanessa,Fillbert,Vanessa.Fillbert@yopmail.com,Vanessa.Fillbert@gmail.com,police officer,21301
21401,Bernie,Anton,Bernie.Anton@yopmail.com,Bernie.Anton@gmail.com,developer,21302
21402,Gaylene,Friede,Gaylene.Friede@yopmail.com,Gaylene.Friede@gmail.com,firefighter,21303
21403,Etta,Seligman,Etta.Seligman@yopmail.com,Etta.Seligman@gmail.com,police officer,21304
21404,Mariele,Thunell,Mariele.Thunell@yopmail.com,Mariele.Thunell@gmail.com,developer,21305
21405,Donnie,Bivins,Donnie.Bivins@yopmail.com,Donnie.Bivins@gmail.com,police officer,21306
21406,Grier,Nance,Grier.Nance@yopmail.com,Grier.Nance@gmail.com,police officer,21307
21407,Hollie,Sandye,Hollie.Sandye@yopmail.com,Hollie.Sandye@gmail.com,firefighter,21308
21408,Phylis,Weide,Phylis.Weide@yopmail.com,Phylis.Weide@gmail.com,doctor,21309
21409,Paule,Ramona,Paule.Ramona@yopmail.com,Paule.Ramona@gmail.com,firefighter,21310
21410,Britni,Eno,Britni.Eno@yopmail.com,Britni.Eno@gmail.com,developer,21311
21411,Kenna,Vary,Kenna.Vary@yopmail.com,Kenna.Vary@gmail.com,developer,21312
21412,Alie,Grosz,Alie.Grosz@yopmail.com,Alie.Grosz@gmail.com,developer,21313
21413,Tina,Romelda,Tina.Romelda@yopmail.com,Tina.Romelda@gmail.com,developer,21314
21414,Viviene,Behre,Viviene.Behre@yopmail.com,Viviene.Behre@gmail.com,firefighter,21315
21415,Marika,Terencio,Marika.Terencio@yopmail.com,Marika.Terencio@gmail.com,doctor,21316
21416,Ashlee,Valoniah,Ashlee.Valoniah@yopmail.com,Ashlee.Valoniah@gmail.com,police officer,21317
21417,Mahalia,Isidore,Mahalia.Isidore@yopmail.com,Mahalia.Isidore@gmail.com,doctor,21318
21418,Keelia,Pillsbury,Keelia.Pillsbury@yopmail.com,Keelia.Pillsbury@gmail.com,firefighter,21319
21419,Adore,Zachary,Adore.Zachary@yopmail.com,Adore.Zachary@gmail.com,worker,21320
21420,Averyl,Ball,Averyl.Ball@yopmail.com,Averyl.Ball@gmail.com,worker,21321
21421,Bernardine,Christine,Bernardine.Christine@yopmail.com,Bernardine.Christine@gmail.com,worker,21322
21422,Lucille,Granoff,Lucille.Granoff@yopmail.com,Lucille.Granoff@gmail.com,developer,21323
21423,Sara-Ann,Ramona,Sara-Ann.Ramona@yopmail.com,Sara-Ann.Ramona@gmail.com,developer,21324
21424,Jacenta,Faro,Jacenta.Faro@yopmail.com,Jacenta.Faro@gmail.com,police officer,21325
21425,Paulita,Vharat,Paulita.Vharat@yopmail.com,Paulita.Vharat@gmail.com,doctor,21326
21426,Sadie,Shama,Sadie.Shama@yopmail.com,Sadie.Shama@gmail.com,worker,21327
21427,Lorenza,Demitria,Lorenza.Demitria@yopmail.com,Lorenza.Demitria@gmail.com,police officer,21328
21428,Annaliese,Grosz,Annaliese.Grosz@yopmail.com,Annaliese.Grosz@gmail.com,doctor,21329
21429,Alexine,Markman,Alexine.Markman@yopmail.com,Alexine.Markman@gmail.com,police officer,21330
21430,Arlena,Kunin,Arlena.Kunin@yopmail.com,Arlena.Kunin@gmail.com,police officer,21331
21431,Nicoli,Willie,Nicoli.Willie@yopmail.com,Nicoli.Willie@gmail.com,developer,21332
21432,Mary,Behre,Mary.Behre@yopmail.com,Mary.Behre@gmail.com,developer,21333
21433,Celene,Auberbach,Celene.Auberbach@yopmail.com,Celene.Auberbach@gmail.com,developer,21334
21434,Lanna,Flyn,Lanna.Flyn@yopmail.com,Lanna.Flyn@gmail.com,doctor,21335
21435,Caritta,Urania,Caritta.Urania@yopmail.com,Caritta.Urania@gmail.com,police officer,21336
21436,Dorothy,Jerold,Dorothy.Jerold@yopmail.com,Dorothy.Jerold@gmail.com,firefighter,21337
21437,Dania,Koziara,Dania.Koziara@yopmail.com,Dania.Koziara@gmail.com,developer,21338
21438,Tori,Stanwood,Tori.Stanwood@yopmail.com,Tori.Stanwood@gmail.com,firefighter,21339
21439,Annora,Brady,Annora.Brady@yopmail.com,Annora.Brady@gmail.com,worker,21340
21440,Sherrie,Friede,Sherrie.Friede@yopmail.com,Sherrie.Friede@gmail.com,developer,21341
21441,Genovera,Wyn,Genovera.Wyn@yopmail.com,Genovera.Wyn@gmail.com,police officer,21342
21442,Flory,Valoniah,Flory.Valoniah@yopmail.com,Flory.Valoniah@gmail.com,police officer,21343
21443,Britte,Zaslow,Britte.Zaslow@yopmail.com,Britte.Zaslow@gmail.com,firefighter,21344
21444,Annaliese,Reneta,Annaliese.Reneta@yopmail.com,Annaliese.Reneta@gmail.com,worker,21345
21445,Pollyanna,Callista,Pollyanna.Callista@yopmail.com,Pollyanna.Callista@gmail.com,worker,21346
21446,Ermengarde,O'Carroll,Ermengarde.O'Carroll@yopmail.com,Ermengarde.O'Carroll@gmail.com,doctor,21347
21447,Danika,Grimbly,Danika.Grimbly@yopmail.com,Danika.Grimbly@gmail.com,doctor,21348
21448,Ida,Thomasina,Ida.Thomasina@yopmail.com,Ida.Thomasina@gmail.com,police officer,21349
21449,Elfreda,Grayce,Elfreda.Grayce@yopmail.com,Elfreda.Grayce@gmail.com,doctor,21350
21450,Vanessa,Geffner,Vanessa.Geffner@yopmail.com,Vanessa.Geffner@gmail.com,police officer,21351
21451,Romona,Infield,Romona.Infield@yopmail.com,Romona.Infield@gmail.com,police officer,21352
21452,Carmencita,Ries,Carmencita.Ries@yopmail.com,Carmencita.Ries@gmail.com,worker,21353
21453,Annice,Sigfrid,Annice.Sigfrid@yopmail.com,Annice.Sigfrid@gmail.com,worker,21354
21454,Celisse,Sacken,Celisse.Sacken@yopmail.com,Celisse.Sacken@gmail.com,doctor,21355
21455,Orsola,Septima,Orsola.Septima@yopmail.com,Orsola.Septima@gmail.com,doctor,21356
21456,Estell,Belldas,Estell.Belldas@yopmail.com,Estell.Belldas@gmail.com,firefighter,21357
21457,Bernie,Kathie,Bernie.Kathie@yopmail.com,Bernie.Kathie@gmail.com,doctor,21358
21458,Barbara,Aaberg,Barbara.Aaberg@yopmail.com,Barbara.Aaberg@gmail.com,firefighter,21359
21459,Kathi,Sinegold,Kathi.Sinegold@yopmail.com,Kathi.Sinegold@gmail.com,police officer,21360
21460,Dyann,Stephie,Dyann.Stephie@yopmail.com,Dyann.Stephie@gmail.com,doctor,21361
21461,Evita,Kimmie,Evita.Kimmie@yopmail.com,Evita.Kimmie@gmail.com,developer,21362
21462,Leontine,Freddi,Leontine.Freddi@yopmail.com,Leontine.Freddi@gmail.com,police officer,21363
21463,Gaylene,Adamsen,Gaylene.Adamsen@yopmail.com,Gaylene.Adamsen@gmail.com,developer,21364
21464,Misha,Fax,Misha.Fax@yopmail.com,Misha.Fax@gmail.com,developer,21365
21465,Winny,Nedrud,Winny.Nedrud@yopmail.com,Winny.Nedrud@gmail.com,firefighter,21366
21466,Arabel,Niccolo,Arabel.Niccolo@yopmail.com,Arabel.Niccolo@gmail.com,firefighter,21367
21467,Deirdre,Ambrosia,Deirdre.Ambrosia@yopmail.com,Deirdre.Ambrosia@gmail.com,developer,21368
21468,Marsiella,Hylan,Marsiella.Hylan@yopmail.com,Marsiella.Hylan@gmail.com,worker,21369
21469,Althea,Jorgan,Althea.Jorgan@yopmail.com,Althea.Jorgan@gmail.com,worker,21370
21470,Elbertina,Fink,Elbertina.Fink@yopmail.com,Elbertina.Fink@gmail.com,police officer,21371
21471,Mildrid,Wind,Mildrid.Wind@yopmail.com,Mildrid.Wind@gmail.com,developer,21372
21472,Sybille,Dash,Sybille.Dash@yopmail.com,Sybille.Dash@gmail.com,police officer,21373
21473,Tilly,Therine,Tilly.Therine@yopmail.com,Tilly.Therine@gmail.com,doctor,21374
21474,Jaime,Lesley,Jaime.Lesley@yopmail.com,Jaime.Lesley@gmail.com,firefighter,21375
21475,Nerta,Roscoe,Nerta.Roscoe@yopmail.com,Nerta.Roscoe@gmail.com,developer,21376
21476,Viki,Podvin,Viki.Podvin@yopmail.com,Viki.Podvin@gmail.com,police officer,21377
21477,Raquela,Amadas,Raquela.Amadas@yopmail.com,Raquela.Amadas@gmail.com,police officer,21378
21478,Valera,Cohdwell,Valera.Cohdwell@yopmail.com,Valera.Cohdwell@gmail.com,worker,21379
21479,Luci,Jammal,Luci.Jammal@yopmail.com,Luci.Jammal@gmail.com,firefighter,21380
21480,Doralynne,Roxanna,Doralynne.Roxanna@yopmail.com,Doralynne.Roxanna@gmail.com,doctor,21381
21481,Elvira,Lacombe,Elvira.Lacombe@yopmail.com,Elvira.Lacombe@gmail.com,worker,21382
21482,Kimberley,Ogren,Kimberley.Ogren@yopmail.com,Kimberley.Ogren@gmail.com,doctor,21383
21483,Perry,Cleavland,Perry.Cleavland@yopmail.com,Perry.Cleavland@gmail.com,firefighter,21384
21484,Danny,Jacobah,Danny.Jacobah@yopmail.com,Danny.Jacobah@gmail.com,doctor,21385
21485,Eolanda,Sholley,Eolanda.Sholley@yopmail.com,Eolanda.Sholley@gmail.com,firefighter,21386
21486,Leeanne,Bronk,Leeanne.Bronk@yopmail.com,Leeanne.Bronk@gmail.com,police officer,21387
21487,Willetta,Magdalen,Willetta.Magdalen@yopmail.com,Willetta.Magdalen@gmail.com,worker,21388
21488,Ermengarde,Shelba,Ermengarde.Shelba@yopmail.com,Ermengarde.Shelba@gmail.com,worker,21389
21489,Maridel,Corrine,Maridel.Corrine@yopmail.com,Maridel.Corrine@gmail.com,police officer,21390
21490,Winny,Tryck,Winny.Tryck@yopmail.com,Winny.Tryck@gmail.com,firefighter,21391
21491,Karolina,Markman,Karolina.Markman@yopmail.com,Karolina.Markman@gmail.com,police officer,21392
21492,Kimmy,Junie,Kimmy.Junie@yopmail.com,Kimmy.Junie@gmail.com,police officer,21393
21493,Loree,Jary,Loree.Jary@yopmail.com,Loree.Jary@gmail.com,developer,21394
21494,Esmeralda,Raffo,Esmeralda.Raffo@yopmail.com,Esmeralda.Raffo@gmail.com,doctor,21395
21495,Jackie,Curren,Jackie.Curren@yopmail.com,Jackie.Curren@gmail.com,developer,21396
21496,Candi,Killigrew,Candi.Killigrew@yopmail.com,Candi.Killigrew@gmail.com,police officer,21397
21497,Flo,Alwin,Flo.Alwin@yopmail.com,Flo.Alwin@gmail.com,developer,21398
21498,Rosene,Blisse,Rosene.Blisse@yopmail.com,Rosene.Blisse@gmail.com,developer,21399
21499,Feliza,Jacobah,Feliza.Jacobah@yopmail.com,Feliza.Jacobah@gmail.com,doctor,21400
21500,Elora,Tybald,Elora.Tybald@yopmail.com,Elora.Tybald@gmail.com,doctor,21401
21501,Ketti,Gino,Ketti.Gino@yopmail.com,Ketti.Gino@gmail.com,firefighter,21402
21502,Estell,Koziara,Estell.Koziara@yopmail.com,Estell.Koziara@gmail.com,developer,21403
21503,Lenna,Travax,Lenna.Travax@yopmail.com,Lenna.Travax@gmail.com,police officer,21404
21504,Arlena,Pelagias,Arlena.Pelagias@yopmail.com,Arlena.Pelagias@gmail.com,worker,21405
21505,Tobe,Lissi,Tobe.Lissi@yopmail.com,Tobe.Lissi@gmail.com,doctor,21406
21506,Carol-Jean,Vorster,Carol-Jean.Vorster@yopmail.com,Carol-Jean.Vorster@gmail.com,doctor,21407
21507,Rozele,Kermit,Rozele.Kermit@yopmail.com,Rozele.Kermit@gmail.com,doctor,21408
21508,Laurene,Kare,Laurene.Kare@yopmail.com,Laurene.Kare@gmail.com,police officer,21409
21509,Leontine,Marden,Leontine.Marden@yopmail.com,Leontine.Marden@gmail.com,police officer,21410
21510,Joceline,Sallyann,Joceline.Sallyann@yopmail.com,Joceline.Sallyann@gmail.com,firefighter,21411
21511,Madalyn,Karl,Madalyn.Karl@yopmail.com,Madalyn.Karl@gmail.com,developer,21412
21512,Glenda,Pacorro,Glenda.Pacorro@yopmail.com,Glenda.Pacorro@gmail.com,developer,21413
21513,Malina,Bevin,Malina.Bevin@yopmail.com,Malina.Bevin@gmail.com,firefighter,21414
21514,Etta,Linskey,Etta.Linskey@yopmail.com,Etta.Linskey@gmail.com,developer,21415
21515,Dyann,Albertine,Dyann.Albertine@yopmail.com,Dyann.Albertine@gmail.com,police officer,21416
21516,Cam,Drisko,Cam.Drisko@yopmail.com,Cam.Drisko@gmail.com,firefighter,21417
21517,Blondelle,Ethban,Blondelle.Ethban@yopmail.com,Blondelle.Ethban@gmail.com,firefighter,21418
21518,Hermione,Aloise,Hermione.Aloise@yopmail.com,Hermione.Aloise@gmail.com,police officer,21419
21519,Kylynn,Schonfeld,Kylynn.Schonfeld@yopmail.com,Kylynn.Schonfeld@gmail.com,worker,21420
21520,Anestassia,Larochelle,Anestassia.Larochelle@yopmail.com,Anestassia.Larochelle@gmail.com,developer,21421
21521,Brana,Suanne,Brana.Suanne@yopmail.com,Brana.Suanne@gmail.com,police officer,21422
21522,Nicoli,Rheingold,Nicoli.Rheingold@yopmail.com,Nicoli.Rheingold@gmail.com,developer,21423
21523,Frieda,Urias,Frieda.Urias@yopmail.com,Frieda.Urias@gmail.com,doctor,21424
21524,Chickie,Dermott,Chickie.Dermott@yopmail.com,Chickie.Dermott@gmail.com,worker,21425
21525,Justinn,Helve,Justinn.Helve@yopmail.com,Justinn.Helve@gmail.com,firefighter,21426
21526,Lisette,Allys,Lisette.Allys@yopmail.com,Lisette.Allys@gmail.com,worker,21427
21527,Ofilia,Fiester,Ofilia.Fiester@yopmail.com,Ofilia.Fiester@gmail.com,developer,21428
21528,Carly,Hertzfeld,Carly.Hertzfeld@yopmail.com,Carly.Hertzfeld@gmail.com,firefighter,21429
21529,Siana,Janith,Siana.Janith@yopmail.com,Siana.Janith@gmail.com,doctor,21430
21530,Aryn,Mendez,Aryn.Mendez@yopmail.com,Aryn.Mendez@gmail.com,developer,21431
21531,Celisse,Vacuva,Celisse.Vacuva@yopmail.com,Celisse.Vacuva@gmail.com,police officer,21432
21532,Ursulina,Chaing,Ursulina.Chaing@yopmail.com,Ursulina.Chaing@gmail.com,doctor,21433
21533,Jordan,Bertold,Jordan.Bertold@yopmail.com,Jordan.Bertold@gmail.com,police officer,21434
21534,Loree,Ashely,Loree.Ashely@yopmail.com,Loree.Ashely@gmail.com,police officer,21435
21535,Caressa,Ranjiv,Caressa.Ranjiv@yopmail.com,Caressa.Ranjiv@gmail.com,worker,21436
21536,Wendi,Vacuva,Wendi.Vacuva@yopmail.com,Wendi.Vacuva@gmail.com,firefighter,21437
21537,Korrie,Montgomery,Korrie.Montgomery@yopmail.com,Korrie.Montgomery@gmail.com,doctor,21438
21538,Patricia,Vilma,Patricia.Vilma@yopmail.com,Patricia.Vilma@gmail.com,doctor,21439
21539,Pollyanna,Rustice,Pollyanna.Rustice@yopmail.com,Pollyanna.Rustice@gmail.com,worker,21440
21540,Minda,Haldas,Minda.Haldas@yopmail.com,Minda.Haldas@gmail.com,doctor,21441
21541,Teddie,Bendick,Teddie.Bendick@yopmail.com,Teddie.Bendick@gmail.com,developer,21442
21542,Cherrita,Levey,Cherrita.Levey@yopmail.com,Cherrita.Levey@gmail.com,doctor,21443
21543,Goldie,Paton,Goldie.Paton@yopmail.com,Goldie.Paton@gmail.com,developer,21444
21544,Oralee,Bonilla,Oralee.Bonilla@yopmail.com,Oralee.Bonilla@gmail.com,police officer,21445
21545,Lynnea,Ashely,Lynnea.Ashely@yopmail.com,Lynnea.Ashely@gmail.com,worker,21446
21546,Meg,Adlare,Meg.Adlare@yopmail.com,Meg.Adlare@gmail.com,firefighter,21447
21547,Lily,Toni,Lily.Toni@yopmail.com,Lily.Toni@gmail.com,police officer,21448
21548,Jobi,Lesley,Jobi.Lesley@yopmail.com,Jobi.Lesley@gmail.com,worker,21449
21549,Krystle,Quinn,Krystle.Quinn@yopmail.com,Krystle.Quinn@gmail.com,doctor,21450
21550,Tatiania,Edvard,Tatiania.Edvard@yopmail.com,Tatiania.Edvard@gmail.com,firefighter,21451
21551,Lexine,Tayib,Lexine.Tayib@yopmail.com,Lexine.Tayib@gmail.com,doctor,21452
21552,Elise,Rugen,Elise.Rugen@yopmail.com,Elise.Rugen@gmail.com,doctor,21453
21553,Patricia,Leler,Patricia.Leler@yopmail.com,Patricia.Leler@gmail.com,police officer,21454
21554,Violet,Cadmar,Violet.Cadmar@yopmail.com,Violet.Cadmar@gmail.com,firefighter,21455
21555,Teddie,Pierette,Teddie.Pierette@yopmail.com,Teddie.Pierette@gmail.com,developer,21456
21556,Eugine,Uird,Eugine.Uird@yopmail.com,Eugine.Uird@gmail.com,worker,21457
21557,Gusty,Sekofski,Gusty.Sekofski@yopmail.com,Gusty.Sekofski@gmail.com,developer,21458
21558,Elka,Ovid,Elka.Ovid@yopmail.com,Elka.Ovid@gmail.com,firefighter,21459
21559,Orsola,Bollay,Orsola.Bollay@yopmail.com,Orsola.Bollay@gmail.com,police officer,21460
21560,Nelle,Madelene,Nelle.Madelene@yopmail.com,Nelle.Madelene@gmail.com,firefighter,21461
21561,Cristine,Argus,Cristine.Argus@yopmail.com,Cristine.Argus@gmail.com,doctor,21462
21562,Teddie,Carri,Teddie.Carri@yopmail.com,Teddie.Carri@gmail.com,developer,21463
21563,Lucy,Ferino,Lucy.Ferino@yopmail.com,Lucy.Ferino@gmail.com,firefighter,21464
21564,Sashenka,Crudden,Sashenka.Crudden@yopmail.com,Sashenka.Crudden@gmail.com,developer,21465
21565,Justinn,Charmine,Justinn.Charmine@yopmail.com,Justinn.Charmine@gmail.com,developer,21466
21566,Mignon,Gino,Mignon.Gino@yopmail.com,Mignon.Gino@gmail.com,developer,21467
21567,Henriette,Miru,Henriette.Miru@yopmail.com,Henriette.Miru@gmail.com,worker,21468
21568,Millie,Poppy,Millie.Poppy@yopmail.com,Millie.Poppy@gmail.com,worker,21469
21569,Fina,Kenwood,Fina.Kenwood@yopmail.com,Fina.Kenwood@gmail.com,developer,21470
21570,Brana,Thar,Brana.Thar@yopmail.com,Brana.Thar@gmail.com,police officer,21471
21571,Clo,Abram,Clo.Abram@yopmail.com,Clo.Abram@gmail.com,firefighter,21472
21572,Annabela,Jeanne,Annabela.Jeanne@yopmail.com,Annabela.Jeanne@gmail.com,developer,21473
21573,Hallie,Cavan,Hallie.Cavan@yopmail.com,Hallie.Cavan@gmail.com,police officer,21474
21574,Giustina,Garrison,Giustina.Garrison@yopmail.com,Giustina.Garrison@gmail.com,firefighter,21475
21575,Di,Sidonius,Di.Sidonius@yopmail.com,Di.Sidonius@gmail.com,developer,21476
21576,Daune,Schalles,Daune.Schalles@yopmail.com,Daune.Schalles@gmail.com,doctor,21477
21577,Violet,Eno,Violet.Eno@yopmail.com,Violet.Eno@gmail.com,worker,21478
21578,Dagmar,Elsinore,Dagmar.Elsinore@yopmail.com,Dagmar.Elsinore@gmail.com,doctor,21479
21579,Wilma,Diann,Wilma.Diann@yopmail.com,Wilma.Diann@gmail.com,doctor,21480
21580,Eugine,Jehu,Eugine.Jehu@yopmail.com,Eugine.Jehu@gmail.com,doctor,21481
21581,Ira,Carbo,Ira.Carbo@yopmail.com,Ira.Carbo@gmail.com,worker,21482
21582,Tobe,Harday,Tobe.Harday@yopmail.com,Tobe.Harday@gmail.com,firefighter,21483
21583,Leeanne,Harriman,Leeanne.Harriman@yopmail.com,Leeanne.Harriman@gmail.com,worker,21484
21584,Cordi,Kannry,Cordi.Kannry@yopmail.com,Cordi.Kannry@gmail.com,worker,21485
21585,Tilly,Sabella,Tilly.Sabella@yopmail.com,Tilly.Sabella@gmail.com,firefighter,21486
21586,Keelia,Seessel,Keelia.Seessel@yopmail.com,Keelia.Seessel@gmail.com,developer,21487
21587,Shauna,Lynn,Shauna.Lynn@yopmail.com,Shauna.Lynn@gmail.com,police officer,21488
21588,Shell,Dermott,Shell.Dermott@yopmail.com,Shell.Dermott@gmail.com,worker,21489
21589,Corene,Cookie,Corene.Cookie@yopmail.com,Corene.Cookie@gmail.com,police officer,21490
21590,Kerrin,Lorain,Kerrin.Lorain@yopmail.com,Kerrin.Lorain@gmail.com,police officer,21491
21591,Dyann,Craggie,Dyann.Craggie@yopmail.com,Dyann.Craggie@gmail.com,police officer,21492
21592,Tarra,Corilla,Tarra.Corilla@yopmail.com,Tarra.Corilla@gmail.com,worker,21493
21593,Phylis,Autrey,Phylis.Autrey@yopmail.com,Phylis.Autrey@gmail.com,police officer,21494
21594,Dale,Kannry,Dale.Kannry@yopmail.com,Dale.Kannry@gmail.com,doctor,21495
21595,Fidelia,Wooster,Fidelia.Wooster@yopmail.com,Fidelia.Wooster@gmail.com,developer,21496
21596,Flo,Sawtelle,Flo.Sawtelle@yopmail.com,Flo.Sawtelle@gmail.com,police officer,21497
21597,Dorice,Cookie,Dorice.Cookie@yopmail.com,Dorice.Cookie@gmail.com,developer,21498
21598,Daryl,Bettine,Daryl.Bettine@yopmail.com,Daryl.Bettine@gmail.com,police officer,21499
21599,Desirae,Kimmie,Desirae.Kimmie@yopmail.com,Desirae.Kimmie@gmail.com,doctor,21500
