id,firstname,lastname,email,email2,profession,Field Name
47000,Glynnis,Barney,Glynnis.Barney@yopmail.com,Glynnis.Barney@gmail.com,police officer,46901
47001,Jan,Love,Jan.Love@yopmail.com,Jan.Love@gmail.com,doctor,46902
47002,Lilith,Adlare,Lilith.Adlare@yopmail.com,Lilith.Adlare@gmail.com,police officer,46903
47003,Elise,Marden,Elise.Marden@yopmail.com,Elise.Marden@gmail.com,police officer,46904
47004,Sue,Stuart,Sue.Stuart@yopmail.com,Sue.Stuart@gmail.com,police officer,46905
47005,Marika,Persse,Marika.Persse@yopmail.com,Marika.Persse@gmail.com,police officer,46906
47006,Paulita,Katrine,Paulita.Katrine@yopmail.com,Paulita.Katrine@gmail.com,firefighter,46907
47007,Elyssa,Juliet,Elyssa.Juliet@yopmail.com,Elyssa.Juliet@gmail.com,developer,46908
47008,Jan,Seagraves,Jan.Seagraves@yopmail.com,Jan.Seagraves@gmail.com,developer,46909
47009,Jinny,Vacuva,Jinny.Vacuva@yopmail.com,Jinny.Vacuva@gmail.com,firefighter,46910
47010,Kittie,Konyn,Kittie.Konyn@yopmail.com,Kittie.Konyn@gmail.com,firefighter,46911
47011,Tera,Concha,Tera.Concha@yopmail.com,Tera.Concha@gmail.com,firefighter,46912
47012,Ellette,Fulmer,Ellette.Fulmer@yopmail.com,Ellette.Fulmer@gmail.com,worker,46913
47013,Mignon,Dannye,Mignon.Dannye@yopmail.com,Mignon.Dannye@gmail.com,police officer,46914
47014,Kamilah,Ries,Kamilah.Ries@yopmail.com,Kamilah.Ries@gmail.com,firefighter,46915
47015,Margalo,Cecile,Margalo.Cecile@yopmail.com,Margalo.Cecile@gmail.com,firefighter,46916
47016,Kassey,Dex,Kassey.Dex@yopmail.com,Kassey.Dex@gmail.com,firefighter,46917
47017,Vita,Stuart,Vita.Stuart@yopmail.com,Vita.Stuart@gmail.com,worker,46918
47018,Rozele,Deegan,Rozele.Deegan@yopmail.com,Rozele.Deegan@gmail.com,firefighter,46919
47019,Wileen,Kevon,Wileen.Kevon@yopmail.com,Wileen.Kevon@gmail.com,developer,46920
47020,Amara,Atonsah,Amara.Atonsah@yopmail.com,Amara.Atonsah@gmail.com,worker,46921
47021,Aurore,Tarrant,Aurore.Tarrant@yopmail.com,Aurore.Tarrant@gmail.com,firefighter,46922
47022,Elena,Aaberg,Elena.Aaberg@yopmail.com,Elena.Aaberg@gmail.com,worker,46923
47023,Viviene,Genna,Viviene.Genna@yopmail.com,Viviene.Genna@gmail.com,worker,46924
47024,Gwenneth,Mott,Gwenneth.Mott@yopmail.com,Gwenneth.Mott@gmail.com,worker,46925
47025,Kimmy,Sherrie,Kimmy.Sherrie@yopmail.com,Kimmy.Sherrie@gmail.com,worker,46926
47026,Frances,Loeb,Frances.Loeb@yopmail.com,Frances.Loeb@gmail.com,developer,46927
47027,Laurene,Merell,Laurene.Merell@yopmail.com,Laurene.Merell@gmail.com,doctor,46928
47028,Florencia,Macey,Florencia.Macey@yopmail.com,Florencia.Macey@gmail.com,developer,46929
47029,Giustina,Ferino,Giustina.Ferino@yopmail.com,Giustina.Ferino@gmail.com,firefighter,46930
47030,Fanchon,Bultman,Fanchon.Bultman@yopmail.com,Fanchon.Bultman@gmail.com,doctor,46931
47031,Elora,Hirsch,Elora.Hirsch@yopmail.com,Elora.Hirsch@gmail.com,worker,46932
47032,Ottilie,Nadia,Ottilie.Nadia@yopmail.com,Ottilie.Nadia@gmail.com,developer,46933
47033,Glynnis,Helve,Glynnis.Helve@yopmail.com,Glynnis.Helve@gmail.com,developer,46934
47034,Lonnie,Sheng,Lonnie.Sheng@yopmail.com,Lonnie.Sheng@gmail.com,doctor,46935
47035,Gusella,Judye,Gusella.Judye@yopmail.com,Gusella.Judye@gmail.com,firefighter,46936
47036,Lulita,Breed,Lulita.Breed@yopmail.com,Lulita.Breed@gmail.com,firefighter,46937
47037,Leia,Seagraves,Leia.Seagraves@yopmail.com,Leia.Seagraves@gmail.com,developer,46938
47038,Augustine,Fredi,Augustine.Fredi@yopmail.com,Augustine.Fredi@gmail.com,doctor,46939
47039,Neila,Jillane,Neila.Jillane@yopmail.com,Neila.Jillane@gmail.com,doctor,46940
47040,Esmeralda,Pernick,Esmeralda.Pernick@yopmail.com,Esmeralda.Pernick@gmail.com,worker,46941
47041,Ayn,Dash,Ayn.Dash@yopmail.com,Ayn.Dash@gmail.com,doctor,46942
47042,Dari,Dorcy,Dari.Dorcy@yopmail.com,Dari.Dorcy@gmail.com,developer,46943
47043,Mara,Pulsifer,Mara.Pulsifer@yopmail.com,Mara.Pulsifer@gmail.com,worker,46944
47044,Antonietta,Aldric,Antonietta.Aldric@yopmail.com,Antonietta.Aldric@gmail.com,worker,46945
47045,Pollyanna,Minetta,Pollyanna.Minetta@yopmail.com,Pollyanna.Minetta@gmail.com,developer,46946
47046,Cindelyn,Sacken,Cindelyn.Sacken@yopmail.com,Cindelyn.Sacken@gmail.com,doctor,46947
47047,Rosene,Nisbet,Rosene.Nisbet@yopmail.com,Rosene.Nisbet@gmail.com,doctor,46948
47048,Ketti,Bendick,Ketti.Bendick@yopmail.com,Ketti.Bendick@gmail.com,firefighter,46949
47049,Kathy,Rossner,Kathy.Rossner@yopmail.com,Kathy.Rossner@gmail.com,police officer,46950
47050,Alex,Gilbertson,Alex.Gilbertson@yopmail.com,Alex.Gilbertson@gmail.com,firefighter,46951
47051,Marnia,Kylander,Marnia.Kylander@yopmail.com,Marnia.Kylander@gmail.com,police officer,46952
47052,Ezmeralda,Buffum,Ezmeralda.Buffum@yopmail.com,Ezmeralda.Buffum@gmail.com,developer,46953
47053,Liana,Toni,Liana.Toni@yopmail.com,Liana.Toni@gmail.com,police officer,46954
47054,Codie,Kare,Codie.Kare@yopmail.com,Codie.Kare@gmail.com,firefighter,46955
47055,Fawne,Linskey,Fawne.Linskey@yopmail.com,Fawne.Linskey@gmail.com,developer,46956
47056,Emilia,Erlandson,Emilia.Erlandson@yopmail.com,Emilia.Erlandson@gmail.com,developer,46957
47057,Florencia,Clie,Florencia.Clie@yopmail.com,Florencia.Clie@gmail.com,police officer,46958
47058,Mellicent,Aprile,Mellicent.Aprile@yopmail.com,Mellicent.Aprile@gmail.com,developer,46959
47059,Phylis,Chapland,Phylis.Chapland@yopmail.com,Phylis.Chapland@gmail.com,worker,46960
47060,Sabina,Carleen,Sabina.Carleen@yopmail.com,Sabina.Carleen@gmail.com,firefighter,46961
47061,Ardys,Carolin,Ardys.Carolin@yopmail.com,Ardys.Carolin@gmail.com,police officer,46962
47062,Evaleen,Etom,Evaleen.Etom@yopmail.com,Evaleen.Etom@gmail.com,doctor,46963
47063,Orelia,Lane,Orelia.Lane@yopmail.com,Orelia.Lane@gmail.com,worker,46964
47064,Annaliese,Wolfgram,Annaliese.Wolfgram@yopmail.com,Annaliese.Wolfgram@gmail.com,developer,46965
47065,Tonia,Dimitris,Tonia.Dimitris@yopmail.com,Tonia.Dimitris@gmail.com,police officer,46966
47066,Atlanta,Huggins,Atlanta.Huggins@yopmail.com,Atlanta.Huggins@gmail.com,doctor,46967
47067,Fawne,Docilla,Fawne.Docilla@yopmail.com,Fawne.Docilla@gmail.com,doctor,46968
47068,Mathilda,Adrienne,Mathilda.Adrienne@yopmail.com,Mathilda.Adrienne@gmail.com,police officer,46969
47069,Pierette,Lia,Pierette.Lia@yopmail.com,Pierette.Lia@gmail.com,doctor,46970
47070,Madalyn,Capello,Madalyn.Capello@yopmail.com,Madalyn.Capello@gmail.com,doctor,46971
47071,Brooks,Cyrie,Brooks.Cyrie@yopmail.com,Brooks.Cyrie@gmail.com,developer,46972
47072,Tobe,Vins,Tobe.Vins@yopmail.com,Tobe.Vins@gmail.com,police officer,46973
47073,Marnia,Rheingold,Marnia.Rheingold@yopmail.com,Marnia.Rheingold@gmail.com,developer,46974
47074,Zondra,Chobot,Zondra.Chobot@yopmail.com,Zondra.Chobot@gmail.com,firefighter,46975
47075,Lila,Oscar,Lila.Oscar@yopmail.com,Lila.Oscar@gmail.com,developer,46976
47076,Marguerite,Zola,Marguerite.Zola@yopmail.com,Marguerite.Zola@gmail.com,developer,46977
47077,Georgetta,Colyer,Georgetta.Colyer@yopmail.com,Georgetta.Colyer@gmail.com,developer,46978
47078,Shaylyn,Vorster,Shaylyn.Vorster@yopmail.com,Shaylyn.Vorster@gmail.com,firefighter,46979
47079,Aigneis,Avi,Aigneis.Avi@yopmail.com,Aigneis.Avi@gmail.com,doctor,46980
47080,Tilly,Luhe,Tilly.Luhe@yopmail.com,Tilly.Luhe@gmail.com,worker,46981
47081,Elyssa,Berard,Elyssa.Berard@yopmail.com,Elyssa.Berard@gmail.com,developer,46982
47082,Gretal,Swigart,Gretal.Swigart@yopmail.com,Gretal.Swigart@gmail.com,doctor,46983
47083,Aili,Hirsch,Aili.Hirsch@yopmail.com,Aili.Hirsch@gmail.com,worker,46984
47084,Eugine,Jeanne,Eugine.Jeanne@yopmail.com,Eugine.Jeanne@gmail.com,worker,46985
47085,Laure,Suzetta,Laure.Suzetta@yopmail.com,Laure.Suzetta@gmail.com,doctor,46986
47086,Ardenia,Xerxes,Ardenia.Xerxes@yopmail.com,Ardenia.Xerxes@gmail.com,firefighter,46987
47087,Lucille,Vivle,Lucille.Vivle@yopmail.com,Lucille.Vivle@gmail.com,firefighter,46988
47088,Belva,Waldron,Belva.Waldron@yopmail.com,Belva.Waldron@gmail.com,worker,46989
47089,Donetta,Durante,Donetta.Durante@yopmail.com,Donetta.Durante@gmail.com,police officer,46990
47090,Kore,McClimans,Kore.McClimans@yopmail.com,Kore.McClimans@gmail.com,developer,46991
47091,Shauna,Herrera,Shauna.Herrera@yopmail.com,Shauna.Herrera@gmail.com,police officer,46992
47092,Courtnay,Havens,Courtnay.Havens@yopmail.com,Courtnay.Havens@gmail.com,doctor,46993
47093,Darlleen,Ulphia,Darlleen.Ulphia@yopmail.com,Darlleen.Ulphia@gmail.com,firefighter,46994
47094,Mamie,Waldron,Mamie.Waldron@yopmail.com,Mamie.Waldron@gmail.com,police officer,46995
47095,Merci,Cleo,Merci.Cleo@yopmail.com,Merci.Cleo@gmail.com,worker,46996
47096,Lorne,Bendick,Lorne.Bendick@yopmail.com,Lorne.Bendick@gmail.com,police officer,46997
47097,Sharai,Leonard,Sharai.Leonard@yopmail.com,Sharai.Leonard@gmail.com,police officer,46998
47098,Tressa,Millda,Tressa.Millda@yopmail.com,Tressa.Millda@gmail.com,police officer,46999
47099,Alyda,Bouchard,Alyda.Bouchard@yopmail.com,Alyda.Bouchard@gmail.com,developer,47000
47100,Cindelyn,Stuart,Cindelyn.Stuart@yopmail.com,Cindelyn.Stuart@gmail.com,developer,47001
47101,Lorie,Kaete,Lorie.Kaete@yopmail.com,Lorie.Kaete@gmail.com,police officer,47002
47102,Celestyna,Kalinda,Celestyna.Kalinda@yopmail.com,Celestyna.Kalinda@gmail.com,worker,47003
47103,Dominga,Haerr,Dominga.Haerr@yopmail.com,Dominga.Haerr@gmail.com,worker,47004
47104,Hannis,Fennessy,Hannis.Fennessy@yopmail.com,Hannis.Fennessy@gmail.com,firefighter,47005
47105,Talya,Vilma,Talya.Vilma@yopmail.com,Talya.Vilma@gmail.com,worker,47006
47106,Stevana,Joseph,Stevana.Joseph@yopmail.com,Stevana.Joseph@gmail.com,worker,47007
47107,Zia,Tillford,Zia.Tillford@yopmail.com,Zia.Tillford@gmail.com,doctor,47008
47108,Jobi,Izaak,Jobi.Izaak@yopmail.com,Jobi.Izaak@gmail.com,developer,47009
47109,Alameda,Aloise,Alameda.Aloise@yopmail.com,Alameda.Aloise@gmail.com,doctor,47010
47110,Myriam,Maisey,Myriam.Maisey@yopmail.com,Myriam.Maisey@gmail.com,police officer,47011
47111,Trudie,Kaja,Trudie.Kaja@yopmail.com,Trudie.Kaja@gmail.com,firefighter,47012
47112,Maye,Wu,Maye.Wu@yopmail.com,Maye.Wu@gmail.com,developer,47013
47113,Alejandra,Baylor,Alejandra.Baylor@yopmail.com,Alejandra.Baylor@gmail.com,developer,47014
47114,Elena,Harned,Elena.Harned@yopmail.com,Elena.Harned@gmail.com,worker,47015
47115,Bertine,Hunfredo,Bertine.Hunfredo@yopmail.com,Bertine.Hunfredo@gmail.com,police officer,47016
47116,Fred,Fairweather,Fred.Fairweather@yopmail.com,Fred.Fairweather@gmail.com,police officer,47017
47117,Ethel,Klemperer,Ethel.Klemperer@yopmail.com,Ethel.Klemperer@gmail.com,doctor,47018
47118,Atlanta,Nea,Atlanta.Nea@yopmail.com,Atlanta.Nea@gmail.com,police officer,47019
47119,Lulita,Palocz,Lulita.Palocz@yopmail.com,Lulita.Palocz@gmail.com,firefighter,47020
47120,Jere,Lucienne,Jere.Lucienne@yopmail.com,Jere.Lucienne@gmail.com,doctor,47021
47121,Aubrie,Pitt,Aubrie.Pitt@yopmail.com,Aubrie.Pitt@gmail.com,developer,47022
47122,Viviene,Vivle,Viviene.Vivle@yopmail.com,Viviene.Vivle@gmail.com,worker,47023
47123,Clarice,Seagraves,Clarice.Seagraves@yopmail.com,Clarice.Seagraves@gmail.com,doctor,47024
47124,Jobi,Allina,Jobi.Allina@yopmail.com,Jobi.Allina@gmail.com,police officer,47025
47125,Dede,Rugen,Dede.Rugen@yopmail.com,Dede.Rugen@gmail.com,doctor,47026
47126,Iseabal,Malanie,Iseabal.Malanie@yopmail.com,Iseabal.Malanie@gmail.com,firefighter,47027
47127,Imojean,Stacy,Imojean.Stacy@yopmail.com,Imojean.Stacy@gmail.com,worker,47028
47128,Johna,McLaughlin,Johna.McLaughlin@yopmail.com,Johna.McLaughlin@gmail.com,doctor,47029
47129,Lusa,Gillan,Lusa.Gillan@yopmail.com,Lusa.Gillan@gmail.com,doctor,47030
47130,Sophia,Sparhawk,Sophia.Sparhawk@yopmail.com,Sophia.Sparhawk@gmail.com,worker,47031
47131,Vita,Oscar,Vita.Oscar@yopmail.com,Vita.Oscar@gmail.com,developer,47032
47132,Aubrie,Helfand,Aubrie.Helfand@yopmail.com,Aubrie.Helfand@gmail.com,doctor,47033
47133,Mariann,Wilona,Mariann.Wilona@yopmail.com,Mariann.Wilona@gmail.com,doctor,47034
47134,Halette,Chauncey,Halette.Chauncey@yopmail.com,Halette.Chauncey@gmail.com,worker,47035
47135,Rosaline,Albertine,Rosaline.Albertine@yopmail.com,Rosaline.Albertine@gmail.com,police officer,47036
47136,Mahalia,Longfellow,Mahalia.Longfellow@yopmail.com,Mahalia.Longfellow@gmail.com,firefighter,47037
47137,Maurene,Thema,Maurene.Thema@yopmail.com,Maurene.Thema@gmail.com,police officer,47038
47138,Gwyneth,Wilkinson,Gwyneth.Wilkinson@yopmail.com,Gwyneth.Wilkinson@gmail.com,doctor,47039
47139,Shauna,Cynar,Shauna.Cynar@yopmail.com,Shauna.Cynar@gmail.com,developer,47040
47140,Deirdre,Linehan,Deirdre.Linehan@yopmail.com,Deirdre.Linehan@gmail.com,doctor,47041
47141,Daryl,Pelagias,Daryl.Pelagias@yopmail.com,Daryl.Pelagias@gmail.com,firefighter,47042
47142,Doro,Aldric,Doro.Aldric@yopmail.com,Doro.Aldric@gmail.com,developer,47043
47143,Corly,Edee,Corly.Edee@yopmail.com,Corly.Edee@gmail.com,doctor,47044
47144,Sibella,Dom,Sibella.Dom@yopmail.com,Sibella.Dom@gmail.com,police officer,47045
47145,Nonnah,Stav,Nonnah.Stav@yopmail.com,Nonnah.Stav@gmail.com,doctor,47046
47146,Teddie,Wittie,Teddie.Wittie@yopmail.com,Teddie.Wittie@gmail.com,doctor,47047
47147,Minda,Hillel,Minda.Hillel@yopmail.com,Minda.Hillel@gmail.com,worker,47048
47148,Phedra,Tayib,Phedra.Tayib@yopmail.com,Phedra.Tayib@gmail.com,firefighter,47049
47149,Atlanta,Geffner,Atlanta.Geffner@yopmail.com,Atlanta.Geffner@gmail.com,police officer,47050
47150,Tressa,Lauraine,Tressa.Lauraine@yopmail.com,Tressa.Lauraine@gmail.com,developer,47051
47151,Chloris,Lipson,Chloris.Lipson@yopmail.com,Chloris.Lipson@gmail.com,firefighter,47052
47152,Beatriz,Arley,Beatriz.Arley@yopmail.com,Beatriz.Arley@gmail.com,worker,47053
47153,Lynnea,Urias,Lynnea.Urias@yopmail.com,Lynnea.Urias@gmail.com,firefighter,47054
47154,Eolanda,Olympium,Eolanda.Olympium@yopmail.com,Eolanda.Olympium@gmail.com,worker,47055
47155,Candy,Cookie,Candy.Cookie@yopmail.com,Candy.Cookie@gmail.com,developer,47056
47156,Bibby,Cloris,Bibby.Cloris@yopmail.com,Bibby.Cloris@gmail.com,doctor,47057
47157,Ruthe,Irmine,Ruthe.Irmine@yopmail.com,Ruthe.Irmine@gmail.com,worker,47058
47158,Di,Remmer,Di.Remmer@yopmail.com,Di.Remmer@gmail.com,firefighter,47059
47159,Maisey,Etom,Maisey.Etom@yopmail.com,Maisey.Etom@gmail.com,doctor,47060
47160,Alleen,Karl,Alleen.Karl@yopmail.com,Alleen.Karl@gmail.com,developer,47061
47161,Fayre,Santoro,Fayre.Santoro@yopmail.com,Fayre.Santoro@gmail.com,police officer,47062
47162,Micheline,Urania,Micheline.Urania@yopmail.com,Micheline.Urania@gmail.com,doctor,47063
47163,Dacia,Argus,Dacia.Argus@yopmail.com,Dacia.Argus@gmail.com,doctor,47064
47164,Lorne,Brady,Lorne.Brady@yopmail.com,Lorne.Brady@gmail.com,firefighter,47065
47165,Belva,Laverne,Belva.Laverne@yopmail.com,Belva.Laverne@gmail.com,doctor,47066
47166,Gui,Weide,Gui.Weide@yopmail.com,Gui.Weide@gmail.com,firefighter,47067
47167,Danny,Salvidor,Danny.Salvidor@yopmail.com,Danny.Salvidor@gmail.com,doctor,47068
47168,Alie,Lanita,Alie.Lanita@yopmail.com,Alie.Lanita@gmail.com,developer,47069
47169,Gaylene,Dorine,Gaylene.Dorine@yopmail.com,Gaylene.Dorine@gmail.com,worker,47070
47170,Amara,Thad,Amara.Thad@yopmail.com,Amara.Thad@gmail.com,police officer,47071
47171,Corry,Diann,Corry.Diann@yopmail.com,Corry.Diann@gmail.com,developer,47072
47172,Harmonia,MacIntosh,Harmonia.MacIntosh@yopmail.com,Harmonia.MacIntosh@gmail.com,doctor,47073
47173,Jacenta,Holtz,Jacenta.Holtz@yopmail.com,Jacenta.Holtz@gmail.com,police officer,47074
47174,Halette,Gert,Halette.Gert@yopmail.com,Halette.Gert@gmail.com,firefighter,47075
47175,Peri,Karylin,Peri.Karylin@yopmail.com,Peri.Karylin@gmail.com,doctor,47076
47176,Rori,Delila,Rori.Delila@yopmail.com,Rori.Delila@gmail.com,doctor,47077
47177,Olivette,Modie,Olivette.Modie@yopmail.com,Olivette.Modie@gmail.com,firefighter,47078
47178,Molli,Paton,Molli.Paton@yopmail.com,Molli.Paton@gmail.com,firefighter,47079
47179,Almeta,Noman,Almeta.Noman@yopmail.com,Almeta.Noman@gmail.com,firefighter,47080
47180,Lily,Jess,Lily.Jess@yopmail.com,Lily.Jess@gmail.com,developer,47081
47181,Ermengarde,Pandolfi,Ermengarde.Pandolfi@yopmail.com,Ermengarde.Pandolfi@gmail.com,firefighter,47082
47182,Karina,Gilmour,Karina.Gilmour@yopmail.com,Karina.Gilmour@gmail.com,developer,47083
47183,Karlee,Chinua,Karlee.Chinua@yopmail.com,Karlee.Chinua@gmail.com,firefighter,47084
47184,Alie,Ochs,Alie.Ochs@yopmail.com,Alie.Ochs@gmail.com,worker,47085
47185,Lory,Zeeba,Lory.Zeeba@yopmail.com,Lory.Zeeba@gmail.com,police officer,47086
47186,Feliza,Dermott,Feliza.Dermott@yopmail.com,Feliza.Dermott@gmail.com,doctor,47087
47187,Lily,Socha,Lily.Socha@yopmail.com,Lily.Socha@gmail.com,doctor,47088
47188,Karlee,Levey,Karlee.Levey@yopmail.com,Karlee.Levey@gmail.com,firefighter,47089
47189,Desirae,Pip,Desirae.Pip@yopmail.com,Desirae.Pip@gmail.com,worker,47090
47190,Cordi,Philipp,Cordi.Philipp@yopmail.com,Cordi.Philipp@gmail.com,firefighter,47091
47191,Candi,Erb,Candi.Erb@yopmail.com,Candi.Erb@gmail.com,doctor,47092
47192,Yetty,Kesley,Yetty.Kesley@yopmail.com,Yetty.Kesley@gmail.com,police officer,47093
47193,Lory,Hanleigh,Lory.Hanleigh@yopmail.com,Lory.Hanleigh@gmail.com,doctor,47094
47194,Karena,Septima,Karena.Septima@yopmail.com,Karena.Septima@gmail.com,developer,47095
47195,Evaleen,Blisse,Evaleen.Blisse@yopmail.com,Evaleen.Blisse@gmail.com,worker,47096
47196,Roxane,Lymann,Roxane.Lymann@yopmail.com,Roxane.Lymann@gmail.com,firefighter,47097
47197,Elise,Saunderson,Elise.Saunderson@yopmail.com,Elise.Saunderson@gmail.com,worker,47098
47198,June,Linehan,June.Linehan@yopmail.com,June.Linehan@gmail.com,developer,47099
47199,Valera,Maribeth,Valera.Maribeth@yopmail.com,Valera.Maribeth@gmail.com,doctor,47100
47200,Alleen,Pillsbury,Alleen.Pillsbury@yopmail.com,Alleen.Pillsbury@gmail.com,firefighter,47101
47201,Margette,Hamil,Margette.Hamil@yopmail.com,Margette.Hamil@gmail.com,worker,47102
47202,Brooks,Shelba,Brooks.Shelba@yopmail.com,Brooks.Shelba@gmail.com,police officer,47103
47203,Georgina,Flita,Georgina.Flita@yopmail.com,Georgina.Flita@gmail.com,firefighter,47104
47204,Heddie,Blase,Heddie.Blase@yopmail.com,Heddie.Blase@gmail.com,developer,47105
47205,Jsandye,Kosey,Jsandye.Kosey@yopmail.com,Jsandye.Kosey@gmail.com,police officer,47106
47206,Alejandra,Shelba,Alejandra.Shelba@yopmail.com,Alejandra.Shelba@gmail.com,firefighter,47107
47207,Elyssa,Korey,Elyssa.Korey@yopmail.com,Elyssa.Korey@gmail.com,worker,47108
47208,Yetty,Devlen,Yetty.Devlen@yopmail.com,Yetty.Devlen@gmail.com,doctor,47109
47209,Benita,Pernick,Benita.Pernick@yopmail.com,Benita.Pernick@gmail.com,developer,47110
47210,Harmonia,Ciro,Harmonia.Ciro@yopmail.com,Harmonia.Ciro@gmail.com,developer,47111
47211,Gwyneth,Bluh,Gwyneth.Bluh@yopmail.com,Gwyneth.Bluh@gmail.com,police officer,47112
47212,Ermengarde,Karl,Ermengarde.Karl@yopmail.com,Ermengarde.Karl@gmail.com,worker,47113
47213,Stephanie,Ietta,Stephanie.Ietta@yopmail.com,Stephanie.Ietta@gmail.com,worker,47114
47214,Berget,Alarise,Berget.Alarise@yopmail.com,Berget.Alarise@gmail.com,doctor,47115
47215,Elfreda,Giff,Elfreda.Giff@yopmail.com,Elfreda.Giff@gmail.com,firefighter,47116
47216,Lily,Amand,Lily.Amand@yopmail.com,Lily.Amand@gmail.com,worker,47117
47217,Olivette,Pattin,Olivette.Pattin@yopmail.com,Olivette.Pattin@gmail.com,developer,47118
47218,Elvira,Maples,Elvira.Maples@yopmail.com,Elvira.Maples@gmail.com,developer,47119
47219,Nerta,Imelida,Nerta.Imelida@yopmail.com,Nerta.Imelida@gmail.com,worker,47120
47220,Fred,Poppy,Fred.Poppy@yopmail.com,Fred.Poppy@gmail.com,doctor,47121
47221,Edith,Avi,Edith.Avi@yopmail.com,Edith.Avi@gmail.com,developer,47122
47222,Romona,Henebry,Romona.Henebry@yopmail.com,Romona.Henebry@gmail.com,doctor,47123
47223,Tami,Bivins,Tami.Bivins@yopmail.com,Tami.Bivins@gmail.com,worker,47124
47224,Edee,Madelene,Edee.Madelene@yopmail.com,Edee.Madelene@gmail.com,firefighter,47125
47225,Tabbatha,Lia,Tabbatha.Lia@yopmail.com,Tabbatha.Lia@gmail.com,police officer,47126
47226,Vere,Luhe,Vere.Luhe@yopmail.com,Vere.Luhe@gmail.com,worker,47127
47227,Tierney,Brotherson,Tierney.Brotherson@yopmail.com,Tierney.Brotherson@gmail.com,police officer,47128
47228,Roz,Pip,Roz.Pip@yopmail.com,Roz.Pip@gmail.com,firefighter,47129
47229,Rani,O'Neill,Rani.O'Neill@yopmail.com,Rani.O'Neill@gmail.com,doctor,47130
47230,Helsa,Robertson,Helsa.Robertson@yopmail.com,Helsa.Robertson@gmail.com,worker,47131
47231,Susan,Riva,Susan.Riva@yopmail.com,Susan.Riva@gmail.com,police officer,47132
47232,Paule,Telfer,Paule.Telfer@yopmail.com,Paule.Telfer@gmail.com,worker,47133
47233,Kalina,Christine,Kalina.Christine@yopmail.com,Kalina.Christine@gmail.com,developer,47134
47234,Catharine,Kronfeld,Catharine.Kronfeld@yopmail.com,Catharine.Kronfeld@gmail.com,police officer,47135
47235,Chandra,Creamer,Chandra.Creamer@yopmail.com,Chandra.Creamer@gmail.com,worker,47136
47236,Lynea,Chandler,Lynea.Chandler@yopmail.com,Lynea.Chandler@gmail.com,police officer,47137
47237,Bee,Weide,Bee.Weide@yopmail.com,Bee.Weide@gmail.com,developer,47138
47238,Heddie,Hanshaw,Heddie.Hanshaw@yopmail.com,Heddie.Hanshaw@gmail.com,firefighter,47139
47239,Adele,Engdahl,Adele.Engdahl@yopmail.com,Adele.Engdahl@gmail.com,worker,47140
47240,Cyb,Federica,Cyb.Federica@yopmail.com,Cyb.Federica@gmail.com,firefighter,47141
47241,Drucie,Septima,Drucie.Septima@yopmail.com,Drucie.Septima@gmail.com,developer,47142
47242,Helena,Briney,Helena.Briney@yopmail.com,Helena.Briney@gmail.com,firefighter,47143
47243,Ethel,Vins,Ethel.Vins@yopmail.com,Ethel.Vins@gmail.com,firefighter,47144
47244,Adriana,Hollingsworth,Adriana.Hollingsworth@yopmail.com,Adriana.Hollingsworth@gmail.com,firefighter,47145
47245,Tracey,Ambrosia,Tracey.Ambrosia@yopmail.com,Tracey.Ambrosia@gmail.com,firefighter,47146
47246,Cristabel,Stav,Cristabel.Stav@yopmail.com,Cristabel.Stav@gmail.com,police officer,47147
47247,Kimmy,Vins,Kimmy.Vins@yopmail.com,Kimmy.Vins@gmail.com,worker,47148
47248,Valera,Ledah,Valera.Ledah@yopmail.com,Valera.Ledah@gmail.com,police officer,47149
47249,Max,Catie,Max.Catie@yopmail.com,Max.Catie@gmail.com,worker,47150
47250,Brooks,Gilmour,Brooks.Gilmour@yopmail.com,Brooks.Gilmour@gmail.com,firefighter,47151
47251,Riannon,Stephie,Riannon.Stephie@yopmail.com,Riannon.Stephie@gmail.com,police officer,47152
47252,Emma,Myrilla,Emma.Myrilla@yopmail.com,Emma.Myrilla@gmail.com,doctor,47153
47253,Raquela,Diann,Raquela.Diann@yopmail.com,Raquela.Diann@gmail.com,doctor,47154
47254,Jaime,Rosalba,Jaime.Rosalba@yopmail.com,Jaime.Rosalba@gmail.com,developer,47155
47255,Wanda,Elo,Wanda.Elo@yopmail.com,Wanda.Elo@gmail.com,police officer,47156
47256,Cecile,Gunn,Cecile.Gunn@yopmail.com,Cecile.Gunn@gmail.com,police officer,47157
47257,Amara,Rocray,Amara.Rocray@yopmail.com,Amara.Rocray@gmail.com,doctor,47158
47258,Talya,Federica,Talya.Federica@yopmail.com,Talya.Federica@gmail.com,developer,47159
47259,Juliane,Hutchison,Juliane.Hutchison@yopmail.com,Juliane.Hutchison@gmail.com,doctor,47160
47260,Gwenneth,Loeb,Gwenneth.Loeb@yopmail.com,Gwenneth.Loeb@gmail.com,police officer,47161
47261,Alex,Nisbet,Alex.Nisbet@yopmail.com,Alex.Nisbet@gmail.com,worker,47162
47262,Dari,Bronk,Dari.Bronk@yopmail.com,Dari.Bronk@gmail.com,firefighter,47163
47263,Drucie,Mitzi,Drucie.Mitzi@yopmail.com,Drucie.Mitzi@gmail.com,firefighter,47164
47264,Collen,Screens,Collen.Screens@yopmail.com,Collen.Screens@gmail.com,firefighter,47165
47265,Anthia,Claudine,Anthia.Claudine@yopmail.com,Anthia.Claudine@gmail.com,firefighter,47166
47266,Nikki,Alwin,Nikki.Alwin@yopmail.com,Nikki.Alwin@gmail.com,firefighter,47167
47267,Tatiania,Luhe,Tatiania.Luhe@yopmail.com,Tatiania.Luhe@gmail.com,worker,47168
47268,Sharai,Nerita,Sharai.Nerita@yopmail.com,Sharai.Nerita@gmail.com,worker,47169
47269,Belinda,Jaylene,Belinda.Jaylene@yopmail.com,Belinda.Jaylene@gmail.com,firefighter,47170
47270,Aurore,Chick,Aurore.Chick@yopmail.com,Aurore.Chick@gmail.com,doctor,47171
47271,Fawne,Leifeste,Fawne.Leifeste@yopmail.com,Fawne.Leifeste@gmail.com,police officer,47172
47272,Dari,Faso,Dari.Faso@yopmail.com,Dari.Faso@gmail.com,firefighter,47173
47273,Bobinette,Drus,Bobinette.Drus@yopmail.com,Bobinette.Drus@gmail.com,doctor,47174
47274,Cecile,Rad,Cecile.Rad@yopmail.com,Cecile.Rad@gmail.com,police officer,47175
47275,Laure,Crudden,Laure.Crudden@yopmail.com,Laure.Crudden@gmail.com,doctor,47176
47276,Jackie,Barrus,Jackie.Barrus@yopmail.com,Jackie.Barrus@gmail.com,developer,47177
47277,Darci,Jotham,Darci.Jotham@yopmail.com,Darci.Jotham@gmail.com,police officer,47178
47278,Jan,Guthrie,Jan.Guthrie@yopmail.com,Jan.Guthrie@gmail.com,doctor,47179
47279,Dorice,Lalitta,Dorice.Lalitta@yopmail.com,Dorice.Lalitta@gmail.com,firefighter,47180
47280,Andeee,Persse,Andeee.Persse@yopmail.com,Andeee.Persse@gmail.com,firefighter,47181
47281,Molli,Phaidra,Molli.Phaidra@yopmail.com,Molli.Phaidra@gmail.com,developer,47182
47282,Elfreda,Macey,Elfreda.Macey@yopmail.com,Elfreda.Macey@gmail.com,firefighter,47183
47283,Jennica,Merriott,Jennica.Merriott@yopmail.com,Jennica.Merriott@gmail.com,firefighter,47184
47284,Dennie,Vilma,Dennie.Vilma@yopmail.com,Dennie.Vilma@gmail.com,worker,47185
47285,Carlie,Janith,Carlie.Janith@yopmail.com,Carlie.Janith@gmail.com,worker,47186
47286,Wilma,O'Carroll,Wilma.O'Carroll@yopmail.com,Wilma.O'Carroll@gmail.com,doctor,47187
47287,Mara,Daniele,Mara.Daniele@yopmail.com,Mara.Daniele@gmail.com,firefighter,47188
47288,Marnia,Helfand,Marnia.Helfand@yopmail.com,Marnia.Helfand@gmail.com,developer,47189
47289,Louella,Dituri,Louella.Dituri@yopmail.com,Louella.Dituri@gmail.com,worker,47190
47290,Asia,Drisko,Asia.Drisko@yopmail.com,Asia.Drisko@gmail.com,firefighter,47191
47291,Maye,Chick,Maye.Chick@yopmail.com,Maye.Chick@gmail.com,firefighter,47192
47292,Gerianna,Sharl,Gerianna.Sharl@yopmail.com,Gerianna.Sharl@gmail.com,developer,47193
47293,Zondra,Skell,Zondra.Skell@yopmail.com,Zondra.Skell@gmail.com,doctor,47194
47294,Jacquetta,Travax,Jacquetta.Travax@yopmail.com,Jacquetta.Travax@gmail.com,police officer,47195
47295,Sheree,Henebry,Sheree.Henebry@yopmail.com,Sheree.Henebry@gmail.com,firefighter,47196
47296,Jsandye,Leonard,Jsandye.Leonard@yopmail.com,Jsandye.Leonard@gmail.com,developer,47197
47297,Amii,Xerxes,Amii.Xerxes@yopmail.com,Amii.Xerxes@gmail.com,firefighter,47198
47298,Charissa,Latini,Charissa.Latini@yopmail.com,Charissa.Latini@gmail.com,doctor,47199
47299,Angelique,Kaja,Angelique.Kaja@yopmail.com,Angelique.Kaja@gmail.com,police officer,47200
47300,Winifred,Elo,Winifred.Elo@yopmail.com,Winifred.Elo@gmail.com,police officer,47201
47301,Rosene,Vastah,Rosene.Vastah@yopmail.com,Rosene.Vastah@gmail.com,firefighter,47202
47302,Delilah,My,Delilah.My@yopmail.com,Delilah.My@gmail.com,worker,47203
47303,Glynnis,Alcott,Glynnis.Alcott@yopmail.com,Glynnis.Alcott@gmail.com,police officer,47204
47304,Roberta,Waite,Roberta.Waite@yopmail.com,Roberta.Waite@gmail.com,doctor,47205
47305,Verla,Boehike,Verla.Boehike@yopmail.com,Verla.Boehike@gmail.com,doctor,47206
47306,Robbi,Uird,Robbi.Uird@yopmail.com,Robbi.Uird@gmail.com,doctor,47207
47307,Carmela,Anderea,Carmela.Anderea@yopmail.com,Carmela.Anderea@gmail.com,police officer,47208
47308,Janeczka,Gower,Janeczka.Gower@yopmail.com,Janeczka.Gower@gmail.com,worker,47209
47309,Rosabelle,Graig,Rosabelle.Graig@yopmail.com,Rosabelle.Graig@gmail.com,police officer,47210
47310,Tonia,Miru,Tonia.Miru@yopmail.com,Tonia.Miru@gmail.com,firefighter,47211
47311,Jere,Blisse,Jere.Blisse@yopmail.com,Jere.Blisse@gmail.com,developer,47212
47312,Nariko,Anton,Nariko.Anton@yopmail.com,Nariko.Anton@gmail.com,police officer,47213
47313,Mariann,Ursulette,Mariann.Ursulette@yopmail.com,Mariann.Ursulette@gmail.com,developer,47214
47314,Karina,Stilwell,Karina.Stilwell@yopmail.com,Karina.Stilwell@gmail.com,firefighter,47215
47315,Nelle,Rooney,Nelle.Rooney@yopmail.com,Nelle.Rooney@gmail.com,doctor,47216
47316,Lisette,Fabiola,Lisette.Fabiola@yopmail.com,Lisette.Fabiola@gmail.com,developer,47217
47317,Johna,Amasa,Johna.Amasa@yopmail.com,Johna.Amasa@gmail.com,doctor,47218
47318,Shauna,Philipp,Shauna.Philipp@yopmail.com,Shauna.Philipp@gmail.com,worker,47219
47319,Felice,Obed,Felice.Obed@yopmail.com,Felice.Obed@gmail.com,firefighter,47220
47320,Viki,Raffo,Viki.Raffo@yopmail.com,Viki.Raffo@gmail.com,doctor,47221
47321,Brietta,Woodberry,Brietta.Woodberry@yopmail.com,Brietta.Woodberry@gmail.com,developer,47222
47322,Tori,Sophronia,Tori.Sophronia@yopmail.com,Tori.Sophronia@gmail.com,worker,47223
47323,Kellen,Bach,Kellen.Bach@yopmail.com,Kellen.Bach@gmail.com,doctor,47224
47324,Steffane,Myrilla,Steffane.Myrilla@yopmail.com,Steffane.Myrilla@gmail.com,worker,47225
47325,Rosanne,Miru,Rosanne.Miru@yopmail.com,Rosanne.Miru@gmail.com,police officer,47226
47326,Janey,Anestassia,Janey.Anestassia@yopmail.com,Janey.Anestassia@gmail.com,doctor,47227
47327,Ardys,Ailyn,Ardys.Ailyn@yopmail.com,Ardys.Ailyn@gmail.com,firefighter,47228
47328,Rozele,Arvo,Rozele.Arvo@yopmail.com,Rozele.Arvo@gmail.com,firefighter,47229
47329,Babita,Pip,Babita.Pip@yopmail.com,Babita.Pip@gmail.com,doctor,47230
47330,Ebonee,Taima,Ebonee.Taima@yopmail.com,Ebonee.Taima@gmail.com,firefighter,47231
47331,Luci,Schonfeld,Luci.Schonfeld@yopmail.com,Luci.Schonfeld@gmail.com,firefighter,47232
47332,Paule,Nadia,Paule.Nadia@yopmail.com,Paule.Nadia@gmail.com,doctor,47233
47333,Brana,Euridice,Brana.Euridice@yopmail.com,Brana.Euridice@gmail.com,developer,47234
47334,Myriam,Heisel,Myriam.Heisel@yopmail.com,Myriam.Heisel@gmail.com,worker,47235
47335,Ebonee,Carolin,Ebonee.Carolin@yopmail.com,Ebonee.Carolin@gmail.com,police officer,47236
47336,Cathyleen,Cosenza,Cathyleen.Cosenza@yopmail.com,Cathyleen.Cosenza@gmail.com,doctor,47237
47337,Cristabel,Izaak,Cristabel.Izaak@yopmail.com,Cristabel.Izaak@gmail.com,worker,47238
47338,Miquela,Katrine,Miquela.Katrine@yopmail.com,Miquela.Katrine@gmail.com,worker,47239
47339,Britte,Edmund,Britte.Edmund@yopmail.com,Britte.Edmund@gmail.com,police officer,47240
47340,Evaleen,Oscar,Evaleen.Oscar@yopmail.com,Evaleen.Oscar@gmail.com,firefighter,47241
47341,Pierette,Zina,Pierette.Zina@yopmail.com,Pierette.Zina@gmail.com,doctor,47242
47342,Shell,Rolf,Shell.Rolf@yopmail.com,Shell.Rolf@gmail.com,firefighter,47243
47343,Dari,Norrie,Dari.Norrie@yopmail.com,Dari.Norrie@gmail.com,firefighter,47244
47344,Leeanne,Margret,Leeanne.Margret@yopmail.com,Leeanne.Margret@gmail.com,doctor,47245
47345,Sharai,Zuzana,Sharai.Zuzana@yopmail.com,Sharai.Zuzana@gmail.com,worker,47246
47346,Berget,Paton,Berget.Paton@yopmail.com,Berget.Paton@gmail.com,developer,47247
47347,Aubrie,Tamar,Aubrie.Tamar@yopmail.com,Aubrie.Tamar@gmail.com,developer,47248
47348,Caressa,Sophronia,Caressa.Sophronia@yopmail.com,Caressa.Sophronia@gmail.com,worker,47249
47349,Edith,Bebe,Edith.Bebe@yopmail.com,Edith.Bebe@gmail.com,doctor,47250
