id,firstname,lastname,email,email2,profession,Field Name
14600,Emilia,O'Rourke,Emilia.O'Rourke@yopmail.com,Emilia.O'Rourke@gmail.com,worker,14501
14601,Edyth,Sigfrid,Edyth.Sigfrid@yopmail.com,Edyth.Sigfrid@gmail.com,doctor,14502
14602,Margette,Noam,Margette.Noam@yopmail.com,Margette.Noam@gmail.com,doctor,14503
14603,Philis,Bevin,Philis.Bevin@yopmail.com,Philis.Bevin@gmail.com,worker,14504
14604,Suzette,Peonir,Suzette.Peonir@yopmail.com,Suzette.Peonir@gmail.com,firefighter,14505
14605,Corly,Alarise,Corly.Alarise@yopmail.com,Corly.Alarise@gmail.com,worker,14506
14606,Valera,Cimbura,Valera.Cimbura@yopmail.com,Valera.Cimbura@gmail.com,firefighter,14507
14607,Esmeralda,Dom,Esmeralda.Dom@yopmail.com,Esmeralda.Dom@gmail.com,police officer,14508
14608,Dyann,Kravits,Dyann.Kravits@yopmail.com,Dyann.Kravits@gmail.com,police officer,14509
14609,Audrie,Janene,Audrie.Janene@yopmail.com,Audrie.Janene@gmail.com,firefighter,14510
14610,Elena,Ranjiv,Elena.Ranjiv@yopmail.com,Elena.Ranjiv@gmail.com,police officer,14511
14611,Aili,Malanie,Aili.Malanie@yopmail.com,Aili.Malanie@gmail.com,doctor,14512
14612,Hannis,Casimir,Hannis.Casimir@yopmail.com,Hannis.Casimir@gmail.com,developer,14513
14613,Malina,Evangelia,Malina.Evangelia@yopmail.com,Malina.Evangelia@gmail.com,doctor,14514
14614,Paule,Bandeen,Paule.Bandeen@yopmail.com,Paule.Bandeen@gmail.com,firefighter,14515
14615,Jacquetta,Lattie,Jacquetta.Lattie@yopmail.com,Jacquetta.Lattie@gmail.com,police officer,14516
14616,Halette,Himelman,Halette.Himelman@yopmail.com,Halette.Himelman@gmail.com,worker,14517
14617,Helsa,Wiener,Helsa.Wiener@yopmail.com,Helsa.Wiener@gmail.com,firefighter,14518
14618,Gretal,Corilla,Gretal.Corilla@yopmail.com,Gretal.Corilla@gmail.com,developer,14519
14619,Emmey,Muriel,Emmey.Muriel@yopmail.com,Emmey.Muriel@gmail.com,firefighter,14520
14620,Mildrid,Ogren,Mildrid.Ogren@yopmail.com,Mildrid.Ogren@gmail.com,worker,14521
14621,Stevana,Catie,Stevana.Catie@yopmail.com,Stevana.Catie@gmail.com,firefighter,14522
14622,Jaime,Cavan,Jaime.Cavan@yopmail.com,Jaime.Cavan@gmail.com,developer,14523
14623,Lesly,Nicoline,Lesly.Nicoline@yopmail.com,Lesly.Nicoline@gmail.com,police officer,14524
14624,Darci,Ietta,Darci.Ietta@yopmail.com,Darci.Ietta@gmail.com,worker,14525
14625,Rochette,Pulsifer,Rochette.Pulsifer@yopmail.com,Rochette.Pulsifer@gmail.com,doctor,14526
14626,Tera,Lipson,Tera.Lipson@yopmail.com,Tera.Lipson@gmail.com,police officer,14527
14627,Romona,Saunderson,Romona.Saunderson@yopmail.com,Romona.Saunderson@gmail.com,doctor,14528
14628,Rozele,Concha,Rozele.Concha@yopmail.com,Rozele.Concha@gmail.com,worker,14529
14629,Melina,Dosia,Melina.Dosia@yopmail.com,Melina.Dosia@gmail.com,doctor,14530
14630,Almeta,Greyson,Almeta.Greyson@yopmail.com,Almeta.Greyson@gmail.com,firefighter,14531
14631,Joelly,Lucienne,Joelly.Lucienne@yopmail.com,Joelly.Lucienne@gmail.com,firefighter,14532
14632,Nariko,Taima,Nariko.Taima@yopmail.com,Nariko.Taima@gmail.com,doctor,14533
14633,Dianemarie,Viddah,Dianemarie.Viddah@yopmail.com,Dianemarie.Viddah@gmail.com,worker,14534
14634,Dotty,Ietta,Dotty.Ietta@yopmail.com,Dotty.Ietta@gmail.com,doctor,14535
14635,Vivia,Cleavland,Vivia.Cleavland@yopmail.com,Vivia.Cleavland@gmail.com,developer,14536
14636,Teriann,Alrich,Teriann.Alrich@yopmail.com,Teriann.Alrich@gmail.com,developer,14537
14637,Blake,Lymann,Blake.Lymann@yopmail.com,Blake.Lymann@gmail.com,doctor,14538
14638,Moyna,Bach,Moyna.Bach@yopmail.com,Moyna.Bach@gmail.com,firefighter,14539
14639,Jacenta,Kosey,Jacenta.Kosey@yopmail.com,Jacenta.Kosey@gmail.com,developer,14540
14640,Brooks,Havens,Brooks.Havens@yopmail.com,Brooks.Havens@gmail.com,worker,14541
14641,Lynde,Corabella,Lynde.Corabella@yopmail.com,Lynde.Corabella@gmail.com,doctor,14542
14642,Sara-Ann,Chandler,Sara-Ann.Chandler@yopmail.com,Sara-Ann.Chandler@gmail.com,developer,14543
14643,Nikki,Genna,Nikki.Genna@yopmail.com,Nikki.Genna@gmail.com,worker,14544
14644,Atlanta,Neils,Atlanta.Neils@yopmail.com,Atlanta.Neils@gmail.com,doctor,14545
14645,Teddie,Elvyn,Teddie.Elvyn@yopmail.com,Teddie.Elvyn@gmail.com,doctor,14546
14646,Renie,Cecile,Renie.Cecile@yopmail.com,Renie.Cecile@gmail.com,worker,14547
14647,Noelle,Erich,Noelle.Erich@yopmail.com,Noelle.Erich@gmail.com,developer,14548
14648,Judy,Fiester,Judy.Fiester@yopmail.com,Judy.Fiester@gmail.com,developer,14549
14649,Basia,Guthrie,Basia.Guthrie@yopmail.com,Basia.Guthrie@gmail.com,developer,14550
14650,Karolina,Pattin,Karolina.Pattin@yopmail.com,Karolina.Pattin@gmail.com,police officer,14551
14651,Kary,Erskine,Kary.Erskine@yopmail.com,Kary.Erskine@gmail.com,police officer,14552
14652,Kylynn,Sandye,Kylynn.Sandye@yopmail.com,Kylynn.Sandye@gmail.com,doctor,14553
14653,Margalo,Gwenore,Margalo.Gwenore@yopmail.com,Margalo.Gwenore@gmail.com,firefighter,14554
14654,Larine,Donell,Larine.Donell@yopmail.com,Larine.Donell@gmail.com,worker,14555
14655,Mahalia,Hirsch,Mahalia.Hirsch@yopmail.com,Mahalia.Hirsch@gmail.com,doctor,14556
14656,Stevana,Dichy,Stevana.Dichy@yopmail.com,Stevana.Dichy@gmail.com,developer,14557
14657,Asia,Brackely,Asia.Brackely@yopmail.com,Asia.Brackely@gmail.com,police officer,14558
14658,Pearline,Ferino,Pearline.Ferino@yopmail.com,Pearline.Ferino@gmail.com,police officer,14559
14659,Leeanne,Orlene,Leeanne.Orlene@yopmail.com,Leeanne.Orlene@gmail.com,firefighter,14560
14660,Xylina,Granoff,Xylina.Granoff@yopmail.com,Xylina.Granoff@gmail.com,developer,14561
14661,Madelle,Dichy,Madelle.Dichy@yopmail.com,Madelle.Dichy@gmail.com,firefighter,14562
14662,Carlie,Marijo,Carlie.Marijo@yopmail.com,Carlie.Marijo@gmail.com,police officer,14563
14663,Modestia,Corrine,Modestia.Corrine@yopmail.com,Modestia.Corrine@gmail.com,firefighter,14564
14664,Annora,Phi,Annora.Phi@yopmail.com,Annora.Phi@gmail.com,police officer,14565
14665,Felice,Tufts,Felice.Tufts@yopmail.com,Felice.Tufts@gmail.com,police officer,14566
14666,Talya,Uird,Talya.Uird@yopmail.com,Talya.Uird@gmail.com,developer,14567
14667,Hyacinthe,Suk,Hyacinthe.Suk@yopmail.com,Hyacinthe.Suk@gmail.com,worker,14568
14668,Donnie,Joli,Donnie.Joli@yopmail.com,Donnie.Joli@gmail.com,developer,14569
14669,Berta,Bouchard,Berta.Bouchard@yopmail.com,Berta.Bouchard@gmail.com,police officer,14570
14670,Zaria,Shirberg,Zaria.Shirberg@yopmail.com,Zaria.Shirberg@gmail.com,doctor,14571
14671,Ida,Karna,Ida.Karna@yopmail.com,Ida.Karna@gmail.com,doctor,14572
14672,Gwenneth,Georgy,Gwenneth.Georgy@yopmail.com,Gwenneth.Georgy@gmail.com,firefighter,14573
14673,Juliane,Harl,Juliane.Harl@yopmail.com,Juliane.Harl@gmail.com,firefighter,14574
14674,Melina,Drisko,Melina.Drisko@yopmail.com,Melina.Drisko@gmail.com,developer,14575
14675,Kial,Arne,Kial.Arne@yopmail.com,Kial.Arne@gmail.com,doctor,14576
14676,Nanete,Hoban,Nanete.Hoban@yopmail.com,Nanete.Hoban@gmail.com,developer,14577
14677,Margalo,Fulmer,Margalo.Fulmer@yopmail.com,Margalo.Fulmer@gmail.com,doctor,14578
14678,Jorry,Markman,Jorry.Markman@yopmail.com,Jorry.Markman@gmail.com,police officer,14579
14679,Fanchon,Thornburg,Fanchon.Thornburg@yopmail.com,Fanchon.Thornburg@gmail.com,worker,14580
14680,Deloria,Cassius,Deloria.Cassius@yopmail.com,Deloria.Cassius@gmail.com,firefighter,14581
14681,Darci,Auberbach,Darci.Auberbach@yopmail.com,Darci.Auberbach@gmail.com,doctor,14582
14682,Alisha,Phi,Alisha.Phi@yopmail.com,Alisha.Phi@gmail.com,developer,14583
14683,Goldie,Eno,Goldie.Eno@yopmail.com,Goldie.Eno@gmail.com,doctor,14584
14684,Charmaine,Bury,Charmaine.Bury@yopmail.com,Charmaine.Bury@gmail.com,doctor,14585
14685,Oralee,Bohlin,Oralee.Bohlin@yopmail.com,Oralee.Bohlin@gmail.com,developer,14586
14686,Laure,Tayib,Laure.Tayib@yopmail.com,Laure.Tayib@gmail.com,worker,14587
14687,Cathie,Burch,Cathie.Burch@yopmail.com,Cathie.Burch@gmail.com,developer,14588
14688,Ileana,Gert,Ileana.Gert@yopmail.com,Ileana.Gert@gmail.com,doctor,14589
14689,Adriana,Ardeha,Adriana.Ardeha@yopmail.com,Adriana.Ardeha@gmail.com,doctor,14590
14690,Etta,Socha,Etta.Socha@yopmail.com,Etta.Socha@gmail.com,police officer,14591
14691,Pearline,Salchunas,Pearline.Salchunas@yopmail.com,Pearline.Salchunas@gmail.com,firefighter,14592
14692,Binny,Eckblad,Binny.Eckblad@yopmail.com,Binny.Eckblad@gmail.com,doctor,14593
14693,Arlina,Lacombe,Arlina.Lacombe@yopmail.com,Arlina.Lacombe@gmail.com,doctor,14594
14694,Mireielle,Maurine,Mireielle.Maurine@yopmail.com,Mireielle.Maurine@gmail.com,police officer,14595
14695,Krystle,Iaverne,Krystle.Iaverne@yopmail.com,Krystle.Iaverne@gmail.com,developer,14596
14696,Tani,Alva,Tani.Alva@yopmail.com,Tani.Alva@gmail.com,developer,14597
14697,Roslyn,Ophelia,Roslyn.Ophelia@yopmail.com,Roslyn.Ophelia@gmail.com,developer,14598
14698,Heida,Percy,Heida.Percy@yopmail.com,Heida.Percy@gmail.com,developer,14599
14699,Chastity,Eugenia,Chastity.Eugenia@yopmail.com,Chastity.Eugenia@gmail.com,developer,14600
14700,Pollyanna,Aurelio,Pollyanna.Aurelio@yopmail.com,Pollyanna.Aurelio@gmail.com,firefighter,14601
14701,Amelia,Romelda,Amelia.Romelda@yopmail.com,Amelia.Romelda@gmail.com,developer,14602
14702,Mignon,Atonsah,Mignon.Atonsah@yopmail.com,Mignon.Atonsah@gmail.com,developer,14603
14703,Molli,Bryna,Molli.Bryna@yopmail.com,Molli.Bryna@gmail.com,doctor,14604
14704,Hope,Garrison,Hope.Garrison@yopmail.com,Hope.Garrison@gmail.com,police officer,14605
14705,Demetris,Norrie,Demetris.Norrie@yopmail.com,Demetris.Norrie@gmail.com,doctor,14606
14706,Robbi,Zola,Robbi.Zola@yopmail.com,Robbi.Zola@gmail.com,worker,14607
14707,Regina,Roarke,Regina.Roarke@yopmail.com,Regina.Roarke@gmail.com,doctor,14608
14708,Jacenta,Tound,Jacenta.Tound@yopmail.com,Jacenta.Tound@gmail.com,firefighter,14609
14709,Gaylene,Meter,Gaylene.Meter@yopmail.com,Gaylene.Meter@gmail.com,police officer,14610
14710,Ingrid,Goode,Ingrid.Goode@yopmail.com,Ingrid.Goode@gmail.com,doctor,14611
14711,Nyssa,Wandie,Nyssa.Wandie@yopmail.com,Nyssa.Wandie@gmail.com,doctor,14612
14712,Anallese,Ammann,Anallese.Ammann@yopmail.com,Anallese.Ammann@gmail.com,doctor,14613
14713,Imojean,Thad,Imojean.Thad@yopmail.com,Imojean.Thad@gmail.com,doctor,14614
14714,Fanchon,Schwejda,Fanchon.Schwejda@yopmail.com,Fanchon.Schwejda@gmail.com,worker,14615
14715,Genovera,Septima,Genovera.Septima@yopmail.com,Genovera.Septima@gmail.com,developer,14616
14716,Debee,Daegal,Debee.Daegal@yopmail.com,Debee.Daegal@gmail.com,developer,14617
14717,Carmencita,Pernick,Carmencita.Pernick@yopmail.com,Carmencita.Pernick@gmail.com,police officer,14618
14718,Kerrin,Center,Kerrin.Center@yopmail.com,Kerrin.Center@gmail.com,doctor,14619
14719,Gale,Anderea,Gale.Anderea@yopmail.com,Gale.Anderea@gmail.com,firefighter,14620
14720,Raf,Cutlerr,Raf.Cutlerr@yopmail.com,Raf.Cutlerr@gmail.com,worker,14621
14721,Annora,Halsey,Annora.Halsey@yopmail.com,Annora.Halsey@gmail.com,police officer,14622
14722,Paola,Anderea,Paola.Anderea@yopmail.com,Paola.Anderea@gmail.com,doctor,14623
14723,Clementine,Bohlin,Clementine.Bohlin@yopmail.com,Clementine.Bohlin@gmail.com,developer,14624
14724,Iseabal,An,Iseabal.An@yopmail.com,Iseabal.An@gmail.com,doctor,14625
14725,Cacilie,Fontana,Cacilie.Fontana@yopmail.com,Cacilie.Fontana@gmail.com,police officer,14626
14726,Tonia,Autrey,Tonia.Autrey@yopmail.com,Tonia.Autrey@gmail.com,police officer,14627
14727,Lonnie,Gaynor,Lonnie.Gaynor@yopmail.com,Lonnie.Gaynor@gmail.com,doctor,14628
14728,Patricia,Fulmer,Patricia.Fulmer@yopmail.com,Patricia.Fulmer@gmail.com,police officer,14629
14729,Netty,Malina,Netty.Malina@yopmail.com,Netty.Malina@gmail.com,worker,14630
14730,Regina,Urania,Regina.Urania@yopmail.com,Regina.Urania@gmail.com,worker,14631
14731,Jaclyn,Kiyoshi,Jaclyn.Kiyoshi@yopmail.com,Jaclyn.Kiyoshi@gmail.com,worker,14632
14732,Lorne,Papageno,Lorne.Papageno@yopmail.com,Lorne.Papageno@gmail.com,firefighter,14633
14733,Emylee,Rhu,Emylee.Rhu@yopmail.com,Emylee.Rhu@gmail.com,police officer,14634
14734,Courtnay,Pip,Courtnay.Pip@yopmail.com,Courtnay.Pip@gmail.com,doctor,14635
14735,Alexine,Rooney,Alexine.Rooney@yopmail.com,Alexine.Rooney@gmail.com,developer,14636
14736,Vivia,Tristram,Vivia.Tristram@yopmail.com,Vivia.Tristram@gmail.com,police officer,14637
14737,Therine,Llovera,Therine.Llovera@yopmail.com,Therine.Llovera@gmail.com,developer,14638
14738,Sonni,Madelene,Sonni.Madelene@yopmail.com,Sonni.Madelene@gmail.com,firefighter,14639
14739,Jessy,Dom,Jessy.Dom@yopmail.com,Jessy.Dom@gmail.com,police officer,14640
14740,Meriel,Ortrude,Meriel.Ortrude@yopmail.com,Meriel.Ortrude@gmail.com,developer,14641
14741,Dawn,Bonucci,Dawn.Bonucci@yopmail.com,Dawn.Bonucci@gmail.com,doctor,14642
14742,Georgina,Wind,Georgina.Wind@yopmail.com,Georgina.Wind@gmail.com,doctor,14643
14743,Antonietta,Pascia,Antonietta.Pascia@yopmail.com,Antonietta.Pascia@gmail.com,firefighter,14644
14744,Maurene,Ietta,Maurene.Ietta@yopmail.com,Maurene.Ietta@gmail.com,doctor,14645
14745,Karolina,Vins,Karolina.Vins@yopmail.com,Karolina.Vins@gmail.com,firefighter,14646
14746,Norine,Evangelia,Norine.Evangelia@yopmail.com,Norine.Evangelia@gmail.com,police officer,14647
14747,Deedee,Mathilde,Deedee.Mathilde@yopmail.com,Deedee.Mathilde@gmail.com,firefighter,14648
14748,Marylou,Egbert,Marylou.Egbert@yopmail.com,Marylou.Egbert@gmail.com,doctor,14649
14749,Renae,Chandler,Renae.Chandler@yopmail.com,Renae.Chandler@gmail.com,worker,14650
14750,Ardys,Martsen,Ardys.Martsen@yopmail.com,Ardys.Martsen@gmail.com,worker,14651
14751,Teriann,Deegan,Teriann.Deegan@yopmail.com,Teriann.Deegan@gmail.com,doctor,14652
14752,Arabel,Lacombe,Arabel.Lacombe@yopmail.com,Arabel.Lacombe@gmail.com,developer,14653
14753,Ada,Narton,Ada.Narton@yopmail.com,Ada.Narton@gmail.com,firefighter,14654
14754,Arlina,Maroney,Arlina.Maroney@yopmail.com,Arlina.Maroney@gmail.com,worker,14655
14755,Dode,Chesna,Dode.Chesna@yopmail.com,Dode.Chesna@gmail.com,doctor,14656
14756,Maridel,Blisse,Maridel.Blisse@yopmail.com,Maridel.Blisse@gmail.com,developer,14657
14757,Maurene,Hamil,Maurene.Hamil@yopmail.com,Maurene.Hamil@gmail.com,worker,14658
14758,Rebeca,Adlare,Rebeca.Adlare@yopmail.com,Rebeca.Adlare@gmail.com,worker,14659
14759,Joceline,Obed,Joceline.Obed@yopmail.com,Joceline.Obed@gmail.com,firefighter,14660
14760,Laure,Corabella,Laure.Corabella@yopmail.com,Laure.Corabella@gmail.com,doctor,14661
14761,Ada,Koehler,Ada.Koehler@yopmail.com,Ada.Koehler@gmail.com,developer,14662
14762,Renae,Zola,Renae.Zola@yopmail.com,Renae.Zola@gmail.com,firefighter,14663
14763,Kayla,Auberbach,Kayla.Auberbach@yopmail.com,Kayla.Auberbach@gmail.com,police officer,14664
14764,Oralee,Gerge,Oralee.Gerge@yopmail.com,Oralee.Gerge@gmail.com,developer,14665
14765,Ida,Huggins,Ida.Huggins@yopmail.com,Ida.Huggins@gmail.com,worker,14666
14766,Christal,Francene,Christal.Francene@yopmail.com,Christal.Francene@gmail.com,police officer,14667
14767,Grier,Madaih,Grier.Madaih@yopmail.com,Grier.Madaih@gmail.com,police officer,14668
14768,Elka,Cherianne,Elka.Cherianne@yopmail.com,Elka.Cherianne@gmail.com,police officer,14669
14769,Clary,Raul,Clary.Raul@yopmail.com,Clary.Raul@gmail.com,police officer,14670
14770,Karina,Shuler,Karina.Shuler@yopmail.com,Karina.Shuler@gmail.com,developer,14671
14771,Angela,Juliet,Angela.Juliet@yopmail.com,Angela.Juliet@gmail.com,firefighter,14672
14772,Zaria,Callista,Zaria.Callista@yopmail.com,Zaria.Callista@gmail.com,police officer,14673
14773,Bertine,Sophronia,Bertine.Sophronia@yopmail.com,Bertine.Sophronia@gmail.com,developer,14674
14774,Helsa,Michella,Helsa.Michella@yopmail.com,Helsa.Michella@gmail.com,worker,14675
14775,Gertrud,Adalbert,Gertrud.Adalbert@yopmail.com,Gertrud.Adalbert@gmail.com,developer,14676
14776,Benita,Randene,Benita.Randene@yopmail.com,Benita.Randene@gmail.com,police officer,14677
14777,Dorthy,Monk,Dorthy.Monk@yopmail.com,Dorthy.Monk@gmail.com,worker,14678
14778,Corry,Hoenack,Corry.Hoenack@yopmail.com,Corry.Hoenack@gmail.com,developer,14679
14779,Cristine,Glovsky,Cristine.Glovsky@yopmail.com,Cristine.Glovsky@gmail.com,police officer,14680
14780,Jessamyn,Tatianas,Jessamyn.Tatianas@yopmail.com,Jessamyn.Tatianas@gmail.com,police officer,14681
14781,Kial,Liva,Kial.Liva@yopmail.com,Kial.Liva@gmail.com,developer,14682
14782,Almeta,Pozzy,Almeta.Pozzy@yopmail.com,Almeta.Pozzy@gmail.com,worker,14683
14783,Sharlene,Reidar,Sharlene.Reidar@yopmail.com,Sharlene.Reidar@gmail.com,worker,14684
14784,Shannah,Cassius,Shannah.Cassius@yopmail.com,Shannah.Cassius@gmail.com,developer,14685
14785,Valeda,Read,Valeda.Read@yopmail.com,Valeda.Read@gmail.com,developer,14686
14786,Flo,Chapland,Flo.Chapland@yopmail.com,Flo.Chapland@gmail.com,worker,14687
14787,Emelina,Love,Emelina.Love@yopmail.com,Emelina.Love@gmail.com,worker,14688
14788,Tami,Olnee,Tami.Olnee@yopmail.com,Tami.Olnee@gmail.com,firefighter,14689
14789,Caritta,Lumbard,Caritta.Lumbard@yopmail.com,Caritta.Lumbard@gmail.com,police officer,14690
14790,Hope,Rhu,Hope.Rhu@yopmail.com,Hope.Rhu@gmail.com,firefighter,14691
14791,Annice,Thema,Annice.Thema@yopmail.com,Annice.Thema@gmail.com,police officer,14692
14792,Cathyleen,Kirstin,Cathyleen.Kirstin@yopmail.com,Cathyleen.Kirstin@gmail.com,firefighter,14693
14793,Tami,Laverne,Tami.Laverne@yopmail.com,Tami.Laverne@gmail.com,doctor,14694
14794,Gavrielle,Glenden,Gavrielle.Glenden@yopmail.com,Gavrielle.Glenden@gmail.com,developer,14695
14795,Babita,Si,Babita.Si@yopmail.com,Babita.Si@gmail.com,firefighter,14696
14796,Ida,Medrek,Ida.Medrek@yopmail.com,Ida.Medrek@gmail.com,developer,14697
14797,Madalyn,Kolnick,Madalyn.Kolnick@yopmail.com,Madalyn.Kolnick@gmail.com,developer,14698
14798,Codie,Thomasina,Codie.Thomasina@yopmail.com,Codie.Thomasina@gmail.com,police officer,14699
14799,Dulcinea,Chesna,Dulcinea.Chesna@yopmail.com,Dulcinea.Chesna@gmail.com,developer,14700
14800,Morganica,Reneta,Morganica.Reneta@yopmail.com,Morganica.Reneta@gmail.com,doctor,14701
14801,Kerrin,Kimmie,Kerrin.Kimmie@yopmail.com,Kerrin.Kimmie@gmail.com,worker,14702
14802,Violet,Libna,Violet.Libna@yopmail.com,Violet.Libna@gmail.com,firefighter,14703
14803,Blinni,Catie,Blinni.Catie@yopmail.com,Blinni.Catie@gmail.com,police officer,14704
14804,Goldie,Jobi,Goldie.Jobi@yopmail.com,Goldie.Jobi@gmail.com,developer,14705
14805,Althea,Pyle,Althea.Pyle@yopmail.com,Althea.Pyle@gmail.com,firefighter,14706
14806,Asia,Khorma,Asia.Khorma@yopmail.com,Asia.Khorma@gmail.com,developer,14707
14807,Kamilah,Melony,Kamilah.Melony@yopmail.com,Kamilah.Melony@gmail.com,worker,14708
14808,June,Corrine,June.Corrine@yopmail.com,June.Corrine@gmail.com,developer,14709
14809,Henriette,Natalia,Henriette.Natalia@yopmail.com,Henriette.Natalia@gmail.com,firefighter,14710
14810,Rosene,Phi,Rosene.Phi@yopmail.com,Rosene.Phi@gmail.com,developer,14711
14811,Allyce,Girardo,Allyce.Girardo@yopmail.com,Allyce.Girardo@gmail.com,worker,14712
14812,Siana,Paine,Siana.Paine@yopmail.com,Siana.Paine@gmail.com,doctor,14713
14813,Kimmy,Pozzy,Kimmy.Pozzy@yopmail.com,Kimmy.Pozzy@gmail.com,worker,14714
14814,Tani,Isacco,Tani.Isacco@yopmail.com,Tani.Isacco@gmail.com,police officer,14715
14815,Sissy,Sisile,Sissy.Sisile@yopmail.com,Sissy.Sisile@gmail.com,worker,14716
14816,Jany,Hoban,Jany.Hoban@yopmail.com,Jany.Hoban@gmail.com,doctor,14717
14817,Addia,Emerson,Addia.Emerson@yopmail.com,Addia.Emerson@gmail.com,developer,14718
14818,Caritta,Bertold,Caritta.Bertold@yopmail.com,Caritta.Bertold@gmail.com,developer,14719
14819,Ezmeralda,Taima,Ezmeralda.Taima@yopmail.com,Ezmeralda.Taima@gmail.com,worker,14720
14820,Britte,Dunkin,Britte.Dunkin@yopmail.com,Britte.Dunkin@gmail.com,firefighter,14721
14821,Philis,Tremayne,Philis.Tremayne@yopmail.com,Philis.Tremayne@gmail.com,police officer,14722
14822,Gabi,Kinnard,Gabi.Kinnard@yopmail.com,Gabi.Kinnard@gmail.com,firefighter,14723
14823,Myriam,Colp,Myriam.Colp@yopmail.com,Myriam.Colp@gmail.com,firefighter,14724
14824,Natka,Arathorn,Natka.Arathorn@yopmail.com,Natka.Arathorn@gmail.com,firefighter,14725
14825,Linet,Vernier,Linet.Vernier@yopmail.com,Linet.Vernier@gmail.com,doctor,14726
14826,Tybie,Monk,Tybie.Monk@yopmail.com,Tybie.Monk@gmail.com,worker,14727
14827,Glenda,Kunin,Glenda.Kunin@yopmail.com,Glenda.Kunin@gmail.com,doctor,14728
14828,Dolli,Baylor,Dolli.Baylor@yopmail.com,Dolli.Baylor@gmail.com,doctor,14729
14829,Dorthy,Nester,Dorthy.Nester@yopmail.com,Dorthy.Nester@gmail.com,developer,14730
14830,Oona,Alabaster,Oona.Alabaster@yopmail.com,Oona.Alabaster@gmail.com,worker,14731
14831,Codie,Garrison,Codie.Garrison@yopmail.com,Codie.Garrison@gmail.com,police officer,14732
14832,Jerry,Millda,Jerry.Millda@yopmail.com,Jerry.Millda@gmail.com,police officer,14733
14833,Sharlene,Dash,Sharlene.Dash@yopmail.com,Sharlene.Dash@gmail.com,police officer,14734
14834,Cecile,Hailee,Cecile.Hailee@yopmail.com,Cecile.Hailee@gmail.com,doctor,14735
14835,Consuela,Gibbeon,Consuela.Gibbeon@yopmail.com,Consuela.Gibbeon@gmail.com,developer,14736
14836,Amii,Viddah,Amii.Viddah@yopmail.com,Amii.Viddah@gmail.com,worker,14737
14837,Gianina,Shanley,Gianina.Shanley@yopmail.com,Gianina.Shanley@gmail.com,doctor,14738
14838,Chloris,Hubert,Chloris.Hubert@yopmail.com,Chloris.Hubert@gmail.com,developer,14739
14839,Noelle,Sperling,Noelle.Sperling@yopmail.com,Noelle.Sperling@gmail.com,doctor,14740
14840,Alexine,Kare,Alexine.Kare@yopmail.com,Alexine.Kare@gmail.com,police officer,14741
14841,Diena,Wattenberg,Diena.Wattenberg@yopmail.com,Diena.Wattenberg@gmail.com,developer,14742
14842,Gisela,Tamsky,Gisela.Tamsky@yopmail.com,Gisela.Tamsky@gmail.com,doctor,14743
14843,Larine,Si,Larine.Si@yopmail.com,Larine.Si@gmail.com,police officer,14744
14844,Gabi,Gusella,Gabi.Gusella@yopmail.com,Gabi.Gusella@gmail.com,firefighter,14745
14845,Evaleen,Posner,Evaleen.Posner@yopmail.com,Evaleen.Posner@gmail.com,doctor,14746
14846,Millie,Swanhildas,Millie.Swanhildas@yopmail.com,Millie.Swanhildas@gmail.com,developer,14747
14847,Wilma,Kenwood,Wilma.Kenwood@yopmail.com,Wilma.Kenwood@gmail.com,developer,14748
14848,Penelopa,Halsey,Penelopa.Halsey@yopmail.com,Penelopa.Halsey@gmail.com,developer,14749
14849,Wynne,Leary,Wynne.Leary@yopmail.com,Wynne.Leary@gmail.com,police officer,14750
14850,Nariko,Eldrid,Nariko.Eldrid@yopmail.com,Nariko.Eldrid@gmail.com,firefighter,14751
14851,Dulce,Vittoria,Dulce.Vittoria@yopmail.com,Dulce.Vittoria@gmail.com,police officer,14752
14852,Hettie,Terencio,Hettie.Terencio@yopmail.com,Hettie.Terencio@gmail.com,police officer,14753
14853,Jorry,Oriana,Jorry.Oriana@yopmail.com,Jorry.Oriana@gmail.com,worker,14754
14854,Cyndie,Hoban,Cyndie.Hoban@yopmail.com,Cyndie.Hoban@gmail.com,firefighter,14755
14855,Marcy,Alejoa,Marcy.Alejoa@yopmail.com,Marcy.Alejoa@gmail.com,developer,14756
14856,Sallie,Seagraves,Sallie.Seagraves@yopmail.com,Sallie.Seagraves@gmail.com,doctor,14757
14857,Nerta,Daegal,Nerta.Daegal@yopmail.com,Nerta.Daegal@gmail.com,worker,14758
14858,Marnia,Shama,Marnia.Shama@yopmail.com,Marnia.Shama@gmail.com,firefighter,14759
14859,Pierette,Alrich,Pierette.Alrich@yopmail.com,Pierette.Alrich@gmail.com,doctor,14760
14860,Bill,Delacourt,Bill.Delacourt@yopmail.com,Bill.Delacourt@gmail.com,firefighter,14761
14861,Ardeen,Harday,Ardeen.Harday@yopmail.com,Ardeen.Harday@gmail.com,police officer,14762
14862,Elka,Ade,Elka.Ade@yopmail.com,Elka.Ade@gmail.com,developer,14763
14863,Katharina,Ezar,Katharina.Ezar@yopmail.com,Katharina.Ezar@gmail.com,firefighter,14764
14864,Lynde,Sekofski,Lynde.Sekofski@yopmail.com,Lynde.Sekofski@gmail.com,firefighter,14765
14865,Theodora,Cullin,Theodora.Cullin@yopmail.com,Theodora.Cullin@gmail.com,police officer,14766
14866,Damaris,Brodench,Damaris.Brodench@yopmail.com,Damaris.Brodench@gmail.com,doctor,14767
14867,Lucy,Tomasina,Lucy.Tomasina@yopmail.com,Lucy.Tomasina@gmail.com,doctor,14768
14868,Arabel,Aloise,Arabel.Aloise@yopmail.com,Arabel.Aloise@gmail.com,developer,14769
14869,Nita,Clywd,Nita.Clywd@yopmail.com,Nita.Clywd@gmail.com,firefighter,14770
14870,Flo,Lymann,Flo.Lymann@yopmail.com,Flo.Lymann@gmail.com,developer,14771
14871,Nita,Rodmann,Nita.Rodmann@yopmail.com,Nita.Rodmann@gmail.com,police officer,14772
14872,Cindelyn,Bow,Cindelyn.Bow@yopmail.com,Cindelyn.Bow@gmail.com,worker,14773
14873,Gavrielle,Roumell,Gavrielle.Roumell@yopmail.com,Gavrielle.Roumell@gmail.com,firefighter,14774
14874,Robbi,Lay,Robbi.Lay@yopmail.com,Robbi.Lay@gmail.com,firefighter,14775
14875,Marinna,Evangelia,Marinna.Evangelia@yopmail.com,Marinna.Evangelia@gmail.com,worker,14776
14876,Marjie,Selway,Marjie.Selway@yopmail.com,Marjie.Selway@gmail.com,firefighter,14777
14877,Netty,Iphlgenia,Netty.Iphlgenia@yopmail.com,Netty.Iphlgenia@gmail.com,firefighter,14778
14878,Shannah,Percy,Shannah.Percy@yopmail.com,Shannah.Percy@gmail.com,doctor,14779
14879,Raquela,Hieronymus,Raquela.Hieronymus@yopmail.com,Raquela.Hieronymus@gmail.com,worker,14780
14880,Gui,Pierette,Gui.Pierette@yopmail.com,Gui.Pierette@gmail.com,worker,14781
14881,Fidelia,Aloise,Fidelia.Aloise@yopmail.com,Fidelia.Aloise@gmail.com,developer,14782
14882,Rori,Codding,Rori.Codding@yopmail.com,Rori.Codding@gmail.com,doctor,14783
14883,Dode,Estella,Dode.Estella@yopmail.com,Dode.Estella@gmail.com,firefighter,14784
14884,Clarice,Cohdwell,Clarice.Cohdwell@yopmail.com,Clarice.Cohdwell@gmail.com,doctor,14785
14885,Beatriz,Pierette,Beatriz.Pierette@yopmail.com,Beatriz.Pierette@gmail.com,worker,14786
14886,Roxane,Claudine,Roxane.Claudine@yopmail.com,Roxane.Claudine@gmail.com,police officer,14787
14887,Elvira,Maples,Elvira.Maples@yopmail.com,Elvira.Maples@gmail.com,worker,14788
14888,Farrah,Amasa,Farrah.Amasa@yopmail.com,Farrah.Amasa@gmail.com,firefighter,14789
14889,Oralee,Belanger,Oralee.Belanger@yopmail.com,Oralee.Belanger@gmail.com,doctor,14790
14890,Rosabelle,Moseley,Rosabelle.Moseley@yopmail.com,Rosabelle.Moseley@gmail.com,doctor,14791
14891,Tracey,Eiser,Tracey.Eiser@yopmail.com,Tracey.Eiser@gmail.com,developer,14792
14892,Elbertina,Madelene,Elbertina.Madelene@yopmail.com,Elbertina.Madelene@gmail.com,developer,14793
14893,Madeleine,Euridice,Madeleine.Euridice@yopmail.com,Madeleine.Euridice@gmail.com,doctor,14794
14894,Jany,Hathaway,Jany.Hathaway@yopmail.com,Jany.Hathaway@gmail.com,developer,14795
14895,Amara,Mozelle,Amara.Mozelle@yopmail.com,Amara.Mozelle@gmail.com,worker,14796
14896,Larine,Gaspard,Larine.Gaspard@yopmail.com,Larine.Gaspard@gmail.com,developer,14797
14897,Tami,Harl,Tami.Harl@yopmail.com,Tami.Harl@gmail.com,worker,14798
14898,Ellette,Orlene,Ellette.Orlene@yopmail.com,Ellette.Orlene@gmail.com,developer,14799
14899,Melodie,Durware,Melodie.Durware@yopmail.com,Melodie.Durware@gmail.com,developer,14800
14900,Melodie,Kosey,Melodie.Kosey@yopmail.com,Melodie.Kosey@gmail.com,developer,14801
14901,Lesly,Weaks,Lesly.Weaks@yopmail.com,Lesly.Weaks@gmail.com,worker,14802
14902,Bill,Gerge,Bill.Gerge@yopmail.com,Bill.Gerge@gmail.com,worker,14803
14903,Pamella,Fadiman,Pamella.Fadiman@yopmail.com,Pamella.Fadiman@gmail.com,developer,14804
14904,Joceline,Hedve,Joceline.Hedve@yopmail.com,Joceline.Hedve@gmail.com,developer,14805
14905,Kylynn,Newell,Kylynn.Newell@yopmail.com,Kylynn.Newell@gmail.com,developer,14806
14906,Sam,Halla,Sam.Halla@yopmail.com,Sam.Halla@gmail.com,doctor,14807
14907,Janenna,Gombach,Janenna.Gombach@yopmail.com,Janenna.Gombach@gmail.com,firefighter,14808
14908,Shirlee,Gino,Shirlee.Gino@yopmail.com,Shirlee.Gino@gmail.com,worker,14809
14909,Sidoney,Melan,Sidoney.Melan@yopmail.com,Sidoney.Melan@gmail.com,doctor,14810
14910,Steffane,Philoo,Steffane.Philoo@yopmail.com,Steffane.Philoo@gmail.com,worker,14811
14911,Lexine,Cottle,Lexine.Cottle@yopmail.com,Lexine.Cottle@gmail.com,doctor,14812
14912,Fred,Jena,Fred.Jena@yopmail.com,Fred.Jena@gmail.com,firefighter,14813
14913,Harrietta,Fancie,Harrietta.Fancie@yopmail.com,Harrietta.Fancie@gmail.com,firefighter,14814
14914,Edyth,Riva,Edyth.Riva@yopmail.com,Edyth.Riva@gmail.com,doctor,14815
14915,Debee,Nedrud,Debee.Nedrud@yopmail.com,Debee.Nedrud@gmail.com,developer,14816
14916,Abbie,Trinetta,Abbie.Trinetta@yopmail.com,Abbie.Trinetta@gmail.com,worker,14817
14917,Max,Dimitris,Max.Dimitris@yopmail.com,Max.Dimitris@gmail.com,doctor,14818
14918,Grier,Shanley,Grier.Shanley@yopmail.com,Grier.Shanley@gmail.com,firefighter,14819
14919,Allis,Ashok,Allis.Ashok@yopmail.com,Allis.Ashok@gmail.com,developer,14820
14920,Celestyna,Rebecka,Celestyna.Rebecka@yopmail.com,Celestyna.Rebecka@gmail.com,police officer,14821
14921,Nickie,An,Nickie.An@yopmail.com,Nickie.An@gmail.com,doctor,14822
14922,Joeann,Dorine,Joeann.Dorine@yopmail.com,Joeann.Dorine@gmail.com,doctor,14823
14923,Merle,Gahl,Merle.Gahl@yopmail.com,Merle.Gahl@gmail.com,police officer,14824
14924,Melina,Lunsford,Melina.Lunsford@yopmail.com,Melina.Lunsford@gmail.com,police officer,14825
14925,Mahalia,Screens,Mahalia.Screens@yopmail.com,Mahalia.Screens@gmail.com,firefighter,14826
14926,Nollie,Anderea,Nollie.Anderea@yopmail.com,Nollie.Anderea@gmail.com,firefighter,14827
14927,Maurene,Francyne,Maurene.Francyne@yopmail.com,Maurene.Francyne@gmail.com,doctor,14828
14928,Jaclyn,Demitria,Jaclyn.Demitria@yopmail.com,Jaclyn.Demitria@gmail.com,developer,14829
14929,Alia,Gombach,Alia.Gombach@yopmail.com,Alia.Gombach@gmail.com,worker,14830
14930,Ricky,Hartnett,Ricky.Hartnett@yopmail.com,Ricky.Hartnett@gmail.com,doctor,14831
14931,Mary,Sammons,Mary.Sammons@yopmail.com,Mary.Sammons@gmail.com,firefighter,14832
14932,Dione,Olnee,Dione.Olnee@yopmail.com,Dione.Olnee@gmail.com,police officer,14833
14933,Ardys,Iaverne,Ardys.Iaverne@yopmail.com,Ardys.Iaverne@gmail.com,developer,14834
14934,Marleah,Sinegold,Marleah.Sinegold@yopmail.com,Marleah.Sinegold@gmail.com,firefighter,14835
14935,Tamqrah,Garbe,Tamqrah.Garbe@yopmail.com,Tamqrah.Garbe@gmail.com,developer,14836
14936,Madalyn,Tarrant,Madalyn.Tarrant@yopmail.com,Madalyn.Tarrant@gmail.com,police officer,14837
14937,Corene,Edmund,Corene.Edmund@yopmail.com,Corene.Edmund@gmail.com,doctor,14838
14938,Abbie,Garek,Abbie.Garek@yopmail.com,Abbie.Garek@gmail.com,firefighter,14839
14939,Tera,Suzetta,Tera.Suzetta@yopmail.com,Tera.Suzetta@gmail.com,developer,14840
14940,Gavrielle,Dominy,Gavrielle.Dominy@yopmail.com,Gavrielle.Dominy@gmail.com,firefighter,14841
14941,Stephanie,Hurley,Stephanie.Hurley@yopmail.com,Stephanie.Hurley@gmail.com,worker,14842
14942,Neila,Wilona,Neila.Wilona@yopmail.com,Neila.Wilona@gmail.com,worker,14843
14943,Lynnea,Ricarda,Lynnea.Ricarda@yopmail.com,Lynnea.Ricarda@gmail.com,worker,14844
14944,Etta,Malina,Etta.Malina@yopmail.com,Etta.Malina@gmail.com,developer,14845
14945,Celestyna,Screens,Celestyna.Screens@yopmail.com,Celestyna.Screens@gmail.com,firefighter,14846
14946,Marleah,Mozelle,Marleah.Mozelle@yopmail.com,Marleah.Mozelle@gmail.com,developer,14847
14947,Candi,Han,Candi.Han@yopmail.com,Candi.Han@gmail.com,police officer,14848
14948,Kerrin,Kolnick,Kerrin.Kolnick@yopmail.com,Kerrin.Kolnick@gmail.com,worker,14849
14949,Paola,Durware,Paola.Durware@yopmail.com,Paola.Durware@gmail.com,doctor,14850
14950,Consuela,Oriana,Consuela.Oriana@yopmail.com,Consuela.Oriana@gmail.com,firefighter,14851
14951,Micheline,Hachmin,Micheline.Hachmin@yopmail.com,Micheline.Hachmin@gmail.com,worker,14852
14952,Dacia,Taam,Dacia.Taam@yopmail.com,Dacia.Taam@gmail.com,doctor,14853
14953,Fayre,Deny,Fayre.Deny@yopmail.com,Fayre.Deny@gmail.com,police officer,14854
14954,Bobinette,Vittoria,Bobinette.Vittoria@yopmail.com,Bobinette.Vittoria@gmail.com,doctor,14855
14955,Cathie,Lutero,Cathie.Lutero@yopmail.com,Cathie.Lutero@gmail.com,worker,14856
14956,Theodora,Duwalt,Theodora.Duwalt@yopmail.com,Theodora.Duwalt@gmail.com,firefighter,14857
14957,Cherrita,Isidore,Cherrita.Isidore@yopmail.com,Cherrita.Isidore@gmail.com,police officer,14858
14958,Ellette,Herrera,Ellette.Herrera@yopmail.com,Ellette.Herrera@gmail.com,worker,14859
14959,Petronia,Kat,Petronia.Kat@yopmail.com,Petronia.Kat@gmail.com,firefighter,14860
14960,Dulce,Simmonds,Dulce.Simmonds@yopmail.com,Dulce.Simmonds@gmail.com,police officer,14861
14961,Pearline,Bandeen,Pearline.Bandeen@yopmail.com,Pearline.Bandeen@gmail.com,doctor,14862
14962,Britte,Pelagias,Britte.Pelagias@yopmail.com,Britte.Pelagias@gmail.com,doctor,14863
14963,Molli,Stover,Molli.Stover@yopmail.com,Molli.Stover@gmail.com,worker,14864
14964,Etta,Morgun,Etta.Morgun@yopmail.com,Etta.Morgun@gmail.com,firefighter,14865
14965,Sadie,Jammal,Sadie.Jammal@yopmail.com,Sadie.Jammal@gmail.com,developer,14866
14966,Ketti,Boycey,Ketti.Boycey@yopmail.com,Ketti.Boycey@gmail.com,developer,14867
14967,Lynnea,Clywd,Lynnea.Clywd@yopmail.com,Lynnea.Clywd@gmail.com,firefighter,14868
14968,Mureil,Nickola,Mureil.Nickola@yopmail.com,Mureil.Nickola@gmail.com,police officer,14869
14969,Alia,Dex,Alia.Dex@yopmail.com,Alia.Dex@gmail.com,developer,14870
14970,Alexine,Olympium,Alexine.Olympium@yopmail.com,Alexine.Olympium@gmail.com,worker,14871
14971,Cindelyn,Shuler,Cindelyn.Shuler@yopmail.com,Cindelyn.Shuler@gmail.com,developer,14872
14972,Claresta,Marisa,Claresta.Marisa@yopmail.com,Claresta.Marisa@gmail.com,developer,14873
14973,Kathi,Reidar,Kathi.Reidar@yopmail.com,Kathi.Reidar@gmail.com,firefighter,14874
14974,Sam,MacIntosh,Sam.MacIntosh@yopmail.com,Sam.MacIntosh@gmail.com,developer,14875
14975,Britni,Estella,Britni.Estella@yopmail.com,Britni.Estella@gmail.com,developer,14876
14976,Layla,Louanna,Layla.Louanna@yopmail.com,Layla.Louanna@gmail.com,police officer,14877
14977,Cecile,Doig,Cecile.Doig@yopmail.com,Cecile.Doig@gmail.com,doctor,14878
14978,Fanchon,Hailee,Fanchon.Hailee@yopmail.com,Fanchon.Hailee@gmail.com,developer,14879
14979,Stephanie,Rooney,Stephanie.Rooney@yopmail.com,Stephanie.Rooney@gmail.com,developer,14880
14980,Etta,Glovsky,Etta.Glovsky@yopmail.com,Etta.Glovsky@gmail.com,firefighter,14881
14981,Carolina,Cullin,Carolina.Cullin@yopmail.com,Carolina.Cullin@gmail.com,firefighter,14882
14982,Tami,Jagir,Tami.Jagir@yopmail.com,Tami.Jagir@gmail.com,worker,14883
14983,Jillayne,Arley,Jillayne.Arley@yopmail.com,Jillayne.Arley@gmail.com,doctor,14884
14984,Korrie,Thema,Korrie.Thema@yopmail.com,Korrie.Thema@gmail.com,police officer,14885
14985,Marnia,Behre,Marnia.Behre@yopmail.com,Marnia.Behre@gmail.com,worker,14886
14986,Lucy,Neva,Lucy.Neva@yopmail.com,Lucy.Neva@gmail.com,doctor,14887
14987,Mary,Soneson,Mary.Soneson@yopmail.com,Mary.Soneson@gmail.com,developer,14888
14988,Devina,Dorothy,Devina.Dorothy@yopmail.com,Devina.Dorothy@gmail.com,developer,14889
14989,Mignon,Poll,Mignon.Poll@yopmail.com,Mignon.Poll@gmail.com,developer,14890
14990,Darlleen,Devlen,Darlleen.Devlen@yopmail.com,Darlleen.Devlen@gmail.com,worker,14891
14991,Lizzie,Kronfeld,Lizzie.Kronfeld@yopmail.com,Lizzie.Kronfeld@gmail.com,doctor,14892
14992,Jerry,Randene,Jerry.Randene@yopmail.com,Jerry.Randene@gmail.com,worker,14893
14993,Ida,Esmaria,Ida.Esmaria@yopmail.com,Ida.Esmaria@gmail.com,police officer,14894
14994,Shaylyn,Iphlgenia,Shaylyn.Iphlgenia@yopmail.com,Shaylyn.Iphlgenia@gmail.com,police officer,14895
14995,Sindee,Evangelia,Sindee.Evangelia@yopmail.com,Sindee.Evangelia@gmail.com,doctor,14896
14996,Magdalena,Dash,Magdalena.Dash@yopmail.com,Magdalena.Dash@gmail.com,developer,14897
14997,Mallory,Hathaway,Mallory.Hathaway@yopmail.com,Mallory.Hathaway@gmail.com,firefighter,14898
14998,Bernardine,Elisha,Bernardine.Elisha@yopmail.com,Bernardine.Elisha@gmail.com,doctor,14899
14999,Emylee,Olympium,Emylee.Olympium@yopmail.com,Emylee.Olympium@gmail.com,worker,14900
15000,Lyssa,Sadowski,Lyssa.Sadowski@yopmail.com,Lyssa.Sadowski@gmail.com,worker,14901
15001,Jere,Shelba,Jere.Shelba@yopmail.com,Jere.Shelba@gmail.com,developer,14902
15002,Cathyleen,Kunin,Cathyleen.Kunin@yopmail.com,Cathyleen.Kunin@gmail.com,police officer,14903
15003,Sheelagh,Behre,Sheelagh.Behre@yopmail.com,Sheelagh.Behre@gmail.com,police officer,14904
15004,Natka,Anestassia,Natka.Anestassia@yopmail.com,Natka.Anestassia@gmail.com,police officer,14905
15005,Amalie,Dalli,Amalie.Dalli@yopmail.com,Amalie.Dalli@gmail.com,developer,14906
15006,Frances,Stanwood,Frances.Stanwood@yopmail.com,Frances.Stanwood@gmail.com,police officer,14907
15007,Stephanie,Johanna,Stephanie.Johanna@yopmail.com,Stephanie.Johanna@gmail.com,developer,14908
15008,Alleen,Wu,Alleen.Wu@yopmail.com,Alleen.Wu@gmail.com,firefighter,14909
15009,Misha,Abbot,Misha.Abbot@yopmail.com,Misha.Abbot@gmail.com,firefighter,14910
15010,Madalyn,Lilas,Madalyn.Lilas@yopmail.com,Madalyn.Lilas@gmail.com,developer,14911
15011,Larine,Means,Larine.Means@yopmail.com,Larine.Means@gmail.com,developer,14912
15012,Elyssa,Juan,Elyssa.Juan@yopmail.com,Elyssa.Juan@gmail.com,police officer,14913
15013,Queenie,Richers,Queenie.Richers@yopmail.com,Queenie.Richers@gmail.com,police officer,14914
15014,Danny,Roarke,Danny.Roarke@yopmail.com,Danny.Roarke@gmail.com,police officer,14915
15015,Lily,Wilona,Lily.Wilona@yopmail.com,Lily.Wilona@gmail.com,doctor,14916
15016,Evaleen,Presber,Evaleen.Presber@yopmail.com,Evaleen.Presber@gmail.com,doctor,14917
15017,Iseabal,Guildroy,Iseabal.Guildroy@yopmail.com,Iseabal.Guildroy@gmail.com,police officer,14918
15018,Asia,Zeeba,Asia.Zeeba@yopmail.com,Asia.Zeeba@gmail.com,doctor,14919
15019,Tiffie,Anderea,Tiffie.Anderea@yopmail.com,Tiffie.Anderea@gmail.com,doctor,14920
15020,Allyce,Wilkinson,Allyce.Wilkinson@yopmail.com,Allyce.Wilkinson@gmail.com,police officer,14921
15021,Florie,Hull,Florie.Hull@yopmail.com,Florie.Hull@gmail.com,police officer,14922
15022,Marti,Nerita,Marti.Nerita@yopmail.com,Marti.Nerita@gmail.com,doctor,14923
15023,Jenda,Malvino,Jenda.Malvino@yopmail.com,Jenda.Malvino@gmail.com,developer,14924
15024,Britni,Saree,Britni.Saree@yopmail.com,Britni.Saree@gmail.com,police officer,14925
15025,Lorne,Carlson,Lorne.Carlson@yopmail.com,Lorne.Carlson@gmail.com,firefighter,14926
15026,Hope,Rudolph,Hope.Rudolph@yopmail.com,Hope.Rudolph@gmail.com,worker,14927
15027,Julieta,Cath,Julieta.Cath@yopmail.com,Julieta.Cath@gmail.com,worker,14928
15028,Steffane,Cutlerr,Steffane.Cutlerr@yopmail.com,Steffane.Cutlerr@gmail.com,developer,14929
15029,Audrie,Anderea,Audrie.Anderea@yopmail.com,Audrie.Anderea@gmail.com,developer,14930
15030,Siana,Plato,Siana.Plato@yopmail.com,Siana.Plato@gmail.com,doctor,14931
15031,Mariele,Hoenack,Mariele.Hoenack@yopmail.com,Mariele.Hoenack@gmail.com,police officer,14932
15032,Oralee,Brian,Oralee.Brian@yopmail.com,Oralee.Brian@gmail.com,developer,14933
15033,Vanessa,Ade,Vanessa.Ade@yopmail.com,Vanessa.Ade@gmail.com,police officer,14934
15034,Shirlee,Audly,Shirlee.Audly@yopmail.com,Shirlee.Audly@gmail.com,developer,14935
15035,Petronia,Clie,Petronia.Clie@yopmail.com,Petronia.Clie@gmail.com,worker,14936
15036,Blake,Fillbert,Blake.Fillbert@yopmail.com,Blake.Fillbert@gmail.com,developer,14937
15037,Peri,Carri,Peri.Carri@yopmail.com,Peri.Carri@gmail.com,worker,14938
15038,Beth,Bonucci,Beth.Bonucci@yopmail.com,Beth.Bonucci@gmail.com,firefighter,14939
15039,Camile,Peg,Camile.Peg@yopmail.com,Camile.Peg@gmail.com,doctor,14940
15040,Rosaline,Zamora,Rosaline.Zamora@yopmail.com,Rosaline.Zamora@gmail.com,developer,14941
15041,Briney,Turne,Briney.Turne@yopmail.com,Briney.Turne@gmail.com,firefighter,14942
15042,Catharine,Sprage,Catharine.Sprage@yopmail.com,Catharine.Sprage@gmail.com,doctor,14943
15043,Sharai,Bearnard,Sharai.Bearnard@yopmail.com,Sharai.Bearnard@gmail.com,firefighter,14944
15044,Sophia,Etom,Sophia.Etom@yopmail.com,Sophia.Etom@gmail.com,worker,14945
15045,Carree,Charmine,Carree.Charmine@yopmail.com,Carree.Charmine@gmail.com,police officer,14946
15046,Jennica,Bergman,Jennica.Bergman@yopmail.com,Jennica.Bergman@gmail.com,doctor,14947
15047,Kelly,Erlandson,Kelly.Erlandson@yopmail.com,Kelly.Erlandson@gmail.com,firefighter,14948
15048,Carol-Jean,Raffo,Carol-Jean.Raffo@yopmail.com,Carol-Jean.Raffo@gmail.com,doctor,14949
15049,Madalyn,Kenney,Madalyn.Kenney@yopmail.com,Madalyn.Kenney@gmail.com,police officer,14950
15050,Raf,Leonard,Raf.Leonard@yopmail.com,Raf.Leonard@gmail.com,firefighter,14951
15051,Norine,Shields,Norine.Shields@yopmail.com,Norine.Shields@gmail.com,developer,14952
15052,Sissy,Chrystel,Sissy.Chrystel@yopmail.com,Sissy.Chrystel@gmail.com,worker,14953
15053,Fina,Esmaria,Fina.Esmaria@yopmail.com,Fina.Esmaria@gmail.com,firefighter,14954
15054,Mary,Olnee,Mary.Olnee@yopmail.com,Mary.Olnee@gmail.com,worker,14955
15055,Patricia,Nahum,Patricia.Nahum@yopmail.com,Patricia.Nahum@gmail.com,developer,14956
15056,Vere,Diann,Vere.Diann@yopmail.com,Vere.Diann@gmail.com,doctor,14957
15057,Fanny,Sabella,Fanny.Sabella@yopmail.com,Fanny.Sabella@gmail.com,worker,14958
15058,Korrie,Jacobah,Korrie.Jacobah@yopmail.com,Korrie.Jacobah@gmail.com,firefighter,14959
15059,Clo,Delacourt,Clo.Delacourt@yopmail.com,Clo.Delacourt@gmail.com,police officer,14960
15060,Krystle,Urania,Krystle.Urania@yopmail.com,Krystle.Urania@gmail.com,police officer,14961
15061,Lauryn,Whiffen,Lauryn.Whiffen@yopmail.com,Lauryn.Whiffen@gmail.com,doctor,14962
15062,Cristine,Elvyn,Cristine.Elvyn@yopmail.com,Cristine.Elvyn@gmail.com,firefighter,14963
15063,Stevana,Even,Stevana.Even@yopmail.com,Stevana.Even@gmail.com,developer,14964
15064,Janeczka,Fiann,Janeczka.Fiann@yopmail.com,Janeczka.Fiann@gmail.com,firefighter,14965
15065,Emilia,Tamar,Emilia.Tamar@yopmail.com,Emilia.Tamar@gmail.com,police officer,14966
15066,Cacilie,Meter,Cacilie.Meter@yopmail.com,Cacilie.Meter@gmail.com,doctor,14967
15067,Babita,Carey,Babita.Carey@yopmail.com,Babita.Carey@gmail.com,worker,14968
15068,Jan,Harned,Jan.Harned@yopmail.com,Jan.Harned@gmail.com,police officer,14969
15069,Meriel,Rubie,Meriel.Rubie@yopmail.com,Meriel.Rubie@gmail.com,developer,14970
15070,Arabel,Vittoria,Arabel.Vittoria@yopmail.com,Arabel.Vittoria@gmail.com,police officer,14971
15071,Benita,Birdella,Benita.Birdella@yopmail.com,Benita.Birdella@gmail.com,doctor,14972
15072,Shaylyn,Ashok,Shaylyn.Ashok@yopmail.com,Shaylyn.Ashok@gmail.com,firefighter,14973
15073,Jaclyn,Nickola,Jaclyn.Nickola@yopmail.com,Jaclyn.Nickola@gmail.com,worker,14974
15074,Meriel,Jefferey,Meriel.Jefferey@yopmail.com,Meriel.Jefferey@gmail.com,developer,14975
15075,Kimberley,Ardra,Kimberley.Ardra@yopmail.com,Kimberley.Ardra@gmail.com,worker,14976
15076,Elena,Colleen,Elena.Colleen@yopmail.com,Elena.Colleen@gmail.com,developer,14977
15077,Perry,Kiyoshi,Perry.Kiyoshi@yopmail.com,Perry.Kiyoshi@gmail.com,worker,14978
15078,Aili,Dosia,Aili.Dosia@yopmail.com,Aili.Dosia@gmail.com,doctor,14979
15079,Hermione,Georgy,Hermione.Georgy@yopmail.com,Hermione.Georgy@gmail.com,firefighter,14980
15080,Nikki,Mata,Nikki.Mata@yopmail.com,Nikki.Mata@gmail.com,firefighter,14981
15081,Adelle,Presber,Adelle.Presber@yopmail.com,Adelle.Presber@gmail.com,doctor,14982
15082,Jsandye,Tillford,Jsandye.Tillford@yopmail.com,Jsandye.Tillford@gmail.com,firefighter,14983
15083,Chere,Emerson,Chere.Emerson@yopmail.com,Chere.Emerson@gmail.com,police officer,14984
15084,Alexine,Alexandr,Alexine.Alexandr@yopmail.com,Alexine.Alexandr@gmail.com,developer,14985
15085,Alisha,Ricarda,Alisha.Ricarda@yopmail.com,Alisha.Ricarda@gmail.com,police officer,14986
15086,Alie,Ezar,Alie.Ezar@yopmail.com,Alie.Ezar@gmail.com,worker,14987
15087,Shirlee,Leifeste,Shirlee.Leifeste@yopmail.com,Shirlee.Leifeste@gmail.com,doctor,14988
15088,Correy,Helfand,Correy.Helfand@yopmail.com,Correy.Helfand@gmail.com,firefighter,14989
15089,Bernie,Tomasina,Bernie.Tomasina@yopmail.com,Bernie.Tomasina@gmail.com,developer,14990
15090,Anallese,Fosque,Anallese.Fosque@yopmail.com,Anallese.Fosque@gmail.com,firefighter,14991
15091,Alameda,Paton,Alameda.Paton@yopmail.com,Alameda.Paton@gmail.com,firefighter,14992
15092,Amara,Buffum,Amara.Buffum@yopmail.com,Amara.Buffum@gmail.com,developer,14993
15093,Jackie,Hunfredo,Jackie.Hunfredo@yopmail.com,Jackie.Hunfredo@gmail.com,doctor,14994
15094,Agnese,Orlene,Agnese.Orlene@yopmail.com,Agnese.Orlene@gmail.com,doctor,14995
15095,Miquela,Elisha,Miquela.Elisha@yopmail.com,Miquela.Elisha@gmail.com,doctor,14996
15096,Correy,Truc,Correy.Truc@yopmail.com,Correy.Truc@gmail.com,firefighter,14997
15097,Cindelyn,Naashom,Cindelyn.Naashom@yopmail.com,Cindelyn.Naashom@gmail.com,developer,14998
15098,Keelia,Lay,Keelia.Lay@yopmail.com,Keelia.Lay@gmail.com,developer,14999
15099,Doro,Ammann,Doro.Ammann@yopmail.com,Doro.Ammann@gmail.com,developer,15000
