id,firstname,lastname,email,email2,profession,Field Name
31100,Alyda,Talia,Alyda.Talia@yopmail.com,Alyda.Talia@gmail.com,worker,31001
31101,Arlina,My,Arlina.My@yopmail.com,Arlina.My@gmail.com,worker,31002
31102,Ardeen,Honoria,Ardeen.Honoria@yopmail.com,Ardeen.Honoria@gmail.com,doctor,31003
31103,Gabi,Melan,Gabi.Melan@yopmail.com,Gabi.Melan@gmail.com,worker,31004
31104,Nerta,Grimbly,Nerta.Grimbly@yopmail.com,Nerta.Grimbly@gmail.com,police officer,31005
31105,Roxane,Winnick,Roxane.Winnick@yopmail.com,Roxane.Winnick@gmail.com,worker,31006
31106,Babita,Lattie,Babita.Lattie@yopmail.com,Babita.Lattie@gmail.com,police officer,31007
31107,Correy,Roscoe,Correy.Roscoe@yopmail.com,Correy.Roscoe@gmail.com,doctor,31008
31108,Sonni,Ochs,Sonni.Ochs@yopmail.com,Sonni.Ochs@gmail.com,firefighter,31009
31109,Konstance,Gladstone,Konstance.Gladstone@yopmail.com,Konstance.Gladstone@gmail.com,worker,31010
31110,Emilia,Pattin,Emilia.Pattin@yopmail.com,Emilia.Pattin@gmail.com,firefighter,31011
31111,Chloris,Gilmour,Chloris.Gilmour@yopmail.com,Chloris.Gilmour@gmail.com,firefighter,31012
31112,Iseabal,Narton,Iseabal.Narton@yopmail.com,Iseabal.Narton@gmail.com,worker,31013
31113,Modestia,Margret,Modestia.Margret@yopmail.com,Modestia.Margret@gmail.com,doctor,31014
31114,Ernesta,Naor,Ernesta.Naor@yopmail.com,Ernesta.Naor@gmail.com,worker,31015
31115,Sue,Artie,Sue.Artie@yopmail.com,Sue.Artie@gmail.com,police officer,31016
31116,Carmencita,Fry,Carmencita.Fry@yopmail.com,Carmencita.Fry@gmail.com,developer,31017
31117,Wilma,Klemperer,Wilma.Klemperer@yopmail.com,Wilma.Klemperer@gmail.com,firefighter,31018
31118,Rosanne,Salvidor,Rosanne.Salvidor@yopmail.com,Rosanne.Salvidor@gmail.com,developer,31019
31119,Dyann,Nelsen,Dyann.Nelsen@yopmail.com,Dyann.Nelsen@gmail.com,worker,31020
31120,Cecile,Payson,Cecile.Payson@yopmail.com,Cecile.Payson@gmail.com,doctor,31021
31121,Amii,Jary,Amii.Jary@yopmail.com,Amii.Jary@gmail.com,police officer,31022
31122,Valera,Curren,Valera.Curren@yopmail.com,Valera.Curren@gmail.com,police officer,31023
31123,Jerry,Gaulin,Jerry.Gaulin@yopmail.com,Jerry.Gaulin@gmail.com,doctor,31024
31124,Sean,Daegal,Sean.Daegal@yopmail.com,Sean.Daegal@gmail.com,worker,31025
31125,Fayre,Pascia,Fayre.Pascia@yopmail.com,Fayre.Pascia@gmail.com,doctor,31026
31126,Almeta,Linehan,Almeta.Linehan@yopmail.com,Almeta.Linehan@gmail.com,developer,31027
31127,Elie,Myrilla,Elie.Myrilla@yopmail.com,Elie.Myrilla@gmail.com,developer,31028
31128,Reeba,Rona,Reeba.Rona@yopmail.com,Reeba.Rona@gmail.com,police officer,31029
31129,Florencia,Peonir,Florencia.Peonir@yopmail.com,Florencia.Peonir@gmail.com,firefighter,31030
31130,Mignon,Giff,Mignon.Giff@yopmail.com,Mignon.Giff@gmail.com,police officer,31031
31131,Barbi,Rebecka,Barbi.Rebecka@yopmail.com,Barbi.Rebecka@gmail.com,firefighter,31032
31132,Estell,Jeanne,Estell.Jeanne@yopmail.com,Estell.Jeanne@gmail.com,firefighter,31033
31133,Beatriz,Janene,Beatriz.Janene@yopmail.com,Beatriz.Janene@gmail.com,police officer,31034
31134,Rosanne,Valerio,Rosanne.Valerio@yopmail.com,Rosanne.Valerio@gmail.com,doctor,31035
31135,Madeleine,Brieta,Madeleine.Brieta@yopmail.com,Madeleine.Brieta@gmail.com,worker,31036
31136,Rivalee,Pierette,Rivalee.Pierette@yopmail.com,Rivalee.Pierette@gmail.com,firefighter,31037
31137,Ruthe,Ramona,Ruthe.Ramona@yopmail.com,Ruthe.Ramona@gmail.com,firefighter,31038
31138,Hallie,Mintz,Hallie.Mintz@yopmail.com,Hallie.Mintz@gmail.com,doctor,31039
31139,Raf,Wildermuth,Raf.Wildermuth@yopmail.com,Raf.Wildermuth@gmail.com,developer,31040
31140,Clementine,Linehan,Clementine.Linehan@yopmail.com,Clementine.Linehan@gmail.com,firefighter,31041
31141,Chandra,Carvey,Chandra.Carvey@yopmail.com,Chandra.Carvey@gmail.com,police officer,31042
31142,Iseabal,Alrich,Iseabal.Alrich@yopmail.com,Iseabal.Alrich@gmail.com,developer,31043
31143,Rosene,Sothena,Rosene.Sothena@yopmail.com,Rosene.Sothena@gmail.com,developer,31044
31144,Lonnie,Goode,Lonnie.Goode@yopmail.com,Lonnie.Goode@gmail.com,worker,31045
31145,Magdalena,Jorgan,Magdalena.Jorgan@yopmail.com,Magdalena.Jorgan@gmail.com,worker,31046
31146,Sissy,Harl,Sissy.Harl@yopmail.com,Sissy.Harl@gmail.com,doctor,31047
31147,Kaia,Bury,Kaia.Bury@yopmail.com,Kaia.Bury@gmail.com,police officer,31048
31148,Georgina,Chabot,Georgina.Chabot@yopmail.com,Georgina.Chabot@gmail.com,developer,31049
31149,Ebonee,Therine,Ebonee.Therine@yopmail.com,Ebonee.Therine@gmail.com,developer,31050
