id,firstname,lastname,email,email2,profession,Field Name
30100,Jenilee,Vorster,Jenilee.Vorster@yopmail.com,Jenilee.Vorster@gmail.com,firefighter,30001
30101,Misha,Hubert,Misha.Hubert@yopmail.com,Misha.Hubert@gmail.com,doctor,30002
30102,Laure,Niccolo,Laure.Niccolo@yopmail.com,Laure.Niccolo@gmail.com,doctor,30003
30103,Orelia,Lumbard,Orelia.Lumbard@yopmail.com,Orelia.Lumbard@gmail.com,firefighter,30004
30104,Steffane,Blisse,Steffane.Blisse@yopmail.com,Steffane.Blisse@gmail.com,worker,30005
30105,Roxane,Malvino,Roxane.Malvino@yopmail.com,Roxane.Malvino@gmail.com,doctor,30006
30106,Renae,Phaidra,Renae.Phaidra@yopmail.com,Renae.Phaidra@gmail.com,developer,30007
30107,Brietta,Lissi,Brietta.Lissi@yopmail.com,Brietta.Lissi@gmail.com,developer,30008
30108,Janey,Ferino,Janey.Ferino@yopmail.com,Janey.Ferino@gmail.com,police officer,30009
30109,Sheelagh,Hessler,Sheelagh.Hessler@yopmail.com,Sheelagh.Hessler@gmail.com,firefighter,30010
30110,Aurore,Jacqui,Aurore.Jacqui@yopmail.com,Aurore.Jacqui@gmail.com,doctor,30011
30111,Netty,Medrek,Netty.Medrek@yopmail.com,Netty.Medrek@gmail.com,worker,30012
30112,Jeanna,Shama,Jeanna.Shama@yopmail.com,Jeanna.Shama@gmail.com,doctor,30013
30113,Farrah,Devlen,Farrah.Devlen@yopmail.com,Farrah.Devlen@gmail.com,police officer,30014
30114,Kerrin,Koziara,Kerrin.Koziara@yopmail.com,Kerrin.Koziara@gmail.com,firefighter,30015
30115,Ivett,Breed,Ivett.Breed@yopmail.com,Ivett.Breed@gmail.com,firefighter,30016
30116,Blinni,Durware,Blinni.Durware@yopmail.com,Blinni.Durware@gmail.com,developer,30017
30117,Dacia,Dyche,Dacia.Dyche@yopmail.com,Dacia.Dyche@gmail.com,police officer,30018
30118,Corly,Hillel,Corly.Hillel@yopmail.com,Corly.Hillel@gmail.com,developer,30019
30119,Berta,Helfand,Berta.Helfand@yopmail.com,Berta.Helfand@gmail.com,developer,30020
30120,Edith,Tacye,Edith.Tacye@yopmail.com,Edith.Tacye@gmail.com,worker,30021
30121,Lacie,Edvard,Lacie.Edvard@yopmail.com,Lacie.Edvard@gmail.com,police officer,30022
30122,Molli,Faso,Molli.Faso@yopmail.com,Molli.Faso@gmail.com,police officer,30023
30123,Natka,Cassius,Natka.Cassius@yopmail.com,Natka.Cassius@gmail.com,police officer,30024
30124,Kayla,Nahum,Kayla.Nahum@yopmail.com,Kayla.Nahum@gmail.com,police officer,30025
30125,Kylynn,Swanhildas,Kylynn.Swanhildas@yopmail.com,Kylynn.Swanhildas@gmail.com,firefighter,30026
30126,Dyann,Emerson,Dyann.Emerson@yopmail.com,Dyann.Emerson@gmail.com,police officer,30027
30127,Georgetta,Gombach,Georgetta.Gombach@yopmail.com,Georgetta.Gombach@gmail.com,firefighter,30028
30128,Danika,Ethban,Danika.Ethban@yopmail.com,Danika.Ethban@gmail.com,developer,30029
30129,Felice,Gregrory,Felice.Gregrory@yopmail.com,Felice.Gregrory@gmail.com,firefighter,30030
30130,Sabina,Chem,Sabina.Chem@yopmail.com,Sabina.Chem@gmail.com,police officer,30031
30131,Rhoda,Moseley,Rhoda.Moseley@yopmail.com,Rhoda.Moseley@gmail.com,worker,30032
30132,Orelia,Fabiola,Orelia.Fabiola@yopmail.com,Orelia.Fabiola@gmail.com,developer,30033
30133,Paule,Zuzana,Paule.Zuzana@yopmail.com,Paule.Zuzana@gmail.com,developer,30034
30134,Tami,Cavan,Tami.Cavan@yopmail.com,Tami.Cavan@gmail.com,doctor,30035
30135,Dennie,Halla,Dennie.Halla@yopmail.com,Dennie.Halla@gmail.com,doctor,30036
30136,Sean,Bach,Sean.Bach@yopmail.com,Sean.Bach@gmail.com,doctor,30037
30137,Monika,Martguerita,Monika.Martguerita@yopmail.com,Monika.Martguerita@gmail.com,police officer,30038
30138,Antonietta,Phyllis,Antonietta.Phyllis@yopmail.com,Antonietta.Phyllis@gmail.com,worker,30039
30139,Theodora,Isidore,Theodora.Isidore@yopmail.com,Theodora.Isidore@gmail.com,doctor,30040
30140,Jackie,Medrek,Jackie.Medrek@yopmail.com,Jackie.Medrek@gmail.com,developer,30041
30141,Alex,Afton,Alex.Afton@yopmail.com,Alex.Afton@gmail.com,developer,30042
30142,Aurelie,Holbrook,Aurelie.Holbrook@yopmail.com,Aurelie.Holbrook@gmail.com,developer,30043
30143,Tersina,Johnsson,Tersina.Johnsson@yopmail.com,Tersina.Johnsson@gmail.com,police officer,30044
30144,Lita,Shaddock,Lita.Shaddock@yopmail.com,Lita.Shaddock@gmail.com,worker,30045
30145,Yolane,Uird,Yolane.Uird@yopmail.com,Yolane.Uird@gmail.com,police officer,30046
30146,Netty,Martsen,Netty.Martsen@yopmail.com,Netty.Martsen@gmail.com,developer,30047
30147,Bee,Kristi,Bee.Kristi@yopmail.com,Bee.Kristi@gmail.com,police officer,30048
30148,Giustina,Irmine,Giustina.Irmine@yopmail.com,Giustina.Irmine@gmail.com,doctor,30049
30149,Codie,Fry,Codie.Fry@yopmail.com,Codie.Fry@gmail.com,doctor,30050
30150,Desirae,Japeth,Desirae.Japeth@yopmail.com,Desirae.Japeth@gmail.com,firefighter,30051
30151,Nananne,Alva,Nananne.Alva@yopmail.com,Nananne.Alva@gmail.com,worker,30052
30152,Raf,Torray,Raf.Torray@yopmail.com,Raf.Torray@gmail.com,firefighter,30053
30153,Lanna,Jary,Lanna.Jary@yopmail.com,Lanna.Jary@gmail.com,police officer,30054
30154,Natka,Auberbach,Natka.Auberbach@yopmail.com,Natka.Auberbach@gmail.com,doctor,30055
30155,Kellen,Maples,Kellen.Maples@yopmail.com,Kellen.Maples@gmail.com,police officer,30056
30156,Dawn,Brotherson,Dawn.Brotherson@yopmail.com,Dawn.Brotherson@gmail.com,worker,30057
30157,Janeczka,Hachmin,Janeczka.Hachmin@yopmail.com,Janeczka.Hachmin@gmail.com,developer,30058
30158,Cristabel,Anton,Cristabel.Anton@yopmail.com,Cristabel.Anton@gmail.com,worker,30059
30159,Kimmy,Boehike,Kimmy.Boehike@yopmail.com,Kimmy.Boehike@gmail.com,doctor,30060
30160,Vita,Dielu,Vita.Dielu@yopmail.com,Vita.Dielu@gmail.com,firefighter,30061
30161,Cissiee,Denis,Cissiee.Denis@yopmail.com,Cissiee.Denis@gmail.com,doctor,30062
30162,Dorothy,Sophronia,Dorothy.Sophronia@yopmail.com,Dorothy.Sophronia@gmail.com,developer,30063
30163,Di,Rebecka,Di.Rebecka@yopmail.com,Di.Rebecka@gmail.com,doctor,30064
30164,Celisse,Marcellus,Celisse.Marcellus@yopmail.com,Celisse.Marcellus@gmail.com,developer,30065
30165,Gloria,Kunin,Gloria.Kunin@yopmail.com,Gloria.Kunin@gmail.com,firefighter,30066
30166,Madalyn,Munn,Madalyn.Munn@yopmail.com,Madalyn.Munn@gmail.com,developer,30067
30167,Jean,Brittani,Jean.Brittani@yopmail.com,Jean.Brittani@gmail.com,doctor,30068
30168,Margarette,Dulciana,Margarette.Dulciana@yopmail.com,Margarette.Dulciana@gmail.com,doctor,30069
30169,Goldie,Tacye,Goldie.Tacye@yopmail.com,Goldie.Tacye@gmail.com,police officer,30070
30170,Zsa Zsa,Ulphia,Zsa Zsa.Ulphia@yopmail.com,Zsa Zsa.Ulphia@gmail.com,developer,30071
30171,Tori,Land,Tori.Land@yopmail.com,Tori.Land@gmail.com,police officer,30072
30172,Micheline,Allare,Micheline.Allare@yopmail.com,Micheline.Allare@gmail.com,police officer,30073
30173,Madalyn,Parsaye,Madalyn.Parsaye@yopmail.com,Madalyn.Parsaye@gmail.com,developer,30074
30174,Heida,Gusella,Heida.Gusella@yopmail.com,Heida.Gusella@gmail.com,firefighter,30075
30175,Dorothy,Hanshaw,Dorothy.Hanshaw@yopmail.com,Dorothy.Hanshaw@gmail.com,worker,30076
30176,Donetta,Brackely,Donetta.Brackely@yopmail.com,Donetta.Brackely@gmail.com,worker,30077
30177,Talya,Janith,Talya.Janith@yopmail.com,Talya.Janith@gmail.com,developer,30078
30178,Sharai,Alfons,Sharai.Alfons@yopmail.com,Sharai.Alfons@gmail.com,doctor,30079
30179,Feliza,Jefferey,Feliza.Jefferey@yopmail.com,Feliza.Jefferey@gmail.com,doctor,30080
30180,Tarra,Thornburg,Tarra.Thornburg@yopmail.com,Tarra.Thornburg@gmail.com,worker,30081
30181,Clo,Hamil,Clo.Hamil@yopmail.com,Clo.Hamil@gmail.com,firefighter,30082
30182,Jolyn,Atcliffe,Jolyn.Atcliffe@yopmail.com,Jolyn.Atcliffe@gmail.com,police officer,30083
30183,Jere,Afton,Jere.Afton@yopmail.com,Jere.Afton@gmail.com,police officer,30084
30184,Flo,Hebner,Flo.Hebner@yopmail.com,Flo.Hebner@gmail.com,firefighter,30085
30185,Jacenta,Daveta,Jacenta.Daveta@yopmail.com,Jacenta.Daveta@gmail.com,worker,30086
30186,Marcy,Pond,Marcy.Pond@yopmail.com,Marcy.Pond@gmail.com,firefighter,30087
30187,Aurelie,Hutchison,Aurelie.Hutchison@yopmail.com,Aurelie.Hutchison@gmail.com,firefighter,30088
30188,Vinita,Glovsky,Vinita.Glovsky@yopmail.com,Vinita.Glovsky@gmail.com,firefighter,30089
30189,Marleah,Judye,Marleah.Judye@yopmail.com,Marleah.Judye@gmail.com,police officer,30090
30190,Letizia,Podvin,Letizia.Podvin@yopmail.com,Letizia.Podvin@gmail.com,firefighter,30091
30191,Cristabel,Suzetta,Cristabel.Suzetta@yopmail.com,Cristabel.Suzetta@gmail.com,worker,30092
30192,Sallie,Keelia,Sallie.Keelia@yopmail.com,Sallie.Keelia@gmail.com,firefighter,30093
30193,Bobinette,Phaidra,Bobinette.Phaidra@yopmail.com,Bobinette.Phaidra@gmail.com,police officer,30094
30194,Corly,Avi,Corly.Avi@yopmail.com,Corly.Avi@gmail.com,worker,30095
30195,Marinna,Azeria,Marinna.Azeria@yopmail.com,Marinna.Azeria@gmail.com,worker,30096
30196,Chrystel,Devlen,Chrystel.Devlen@yopmail.com,Chrystel.Devlen@gmail.com,developer,30097
30197,Jaime,Larochelle,Jaime.Larochelle@yopmail.com,Jaime.Larochelle@gmail.com,firefighter,30098
30198,Sidoney,Jeanne,Sidoney.Jeanne@yopmail.com,Sidoney.Jeanne@gmail.com,worker,30099
30199,Coral,Bouchard,Coral.Bouchard@yopmail.com,Coral.Bouchard@gmail.com,firefighter,30100
30200,Roxane,Monk,Roxane.Monk@yopmail.com,Roxane.Monk@gmail.com,worker,30101
30201,Dulcinea,Mitzi,Dulcinea.Mitzi@yopmail.com,Dulcinea.Mitzi@gmail.com,doctor,30102
30202,Correy,Tound,Correy.Tound@yopmail.com,Correy.Tound@gmail.com,firefighter,30103
30203,Felice,Alexandr,Felice.Alexandr@yopmail.com,Felice.Alexandr@gmail.com,developer,30104
30204,Shell,Iiette,Shell.Iiette@yopmail.com,Shell.Iiette@gmail.com,developer,30105
30205,Aurelie,Gilbertson,Aurelie.Gilbertson@yopmail.com,Aurelie.Gilbertson@gmail.com,firefighter,30106
30206,Riannon,Ralfston,Riannon.Ralfston@yopmail.com,Riannon.Ralfston@gmail.com,firefighter,30107
30207,Deedee,Maroney,Deedee.Maroney@yopmail.com,Deedee.Maroney@gmail.com,police officer,30108
30208,Lauryn,Niles,Lauryn.Niles@yopmail.com,Lauryn.Niles@gmail.com,firefighter,30109
30209,June,Faria,June.Faria@yopmail.com,June.Faria@gmail.com,developer,30110
30210,Petronia,Cynar,Petronia.Cynar@yopmail.com,Petronia.Cynar@gmail.com,worker,30111
30211,Cacilie,Ietta,Cacilie.Ietta@yopmail.com,Cacilie.Ietta@gmail.com,doctor,30112
30212,Caryl,Vastah,Caryl.Vastah@yopmail.com,Caryl.Vastah@gmail.com,firefighter,30113
30213,Aryn,Faso,Aryn.Faso@yopmail.com,Aryn.Faso@gmail.com,police officer,30114
30214,Cissiee,Constancy,Cissiee.Constancy@yopmail.com,Cissiee.Constancy@gmail.com,police officer,30115
30215,Alyda,Magnolia,Alyda.Magnolia@yopmail.com,Alyda.Magnolia@gmail.com,police officer,30116
30216,Meg,Tristram,Meg.Tristram@yopmail.com,Meg.Tristram@gmail.com,worker,30117
30217,Chere,Jeanne,Chere.Jeanne@yopmail.com,Chere.Jeanne@gmail.com,worker,30118
30218,Shauna,Jobi,Shauna.Jobi@yopmail.com,Shauna.Jobi@gmail.com,police officer,30119
30219,Roberta,Marlie,Roberta.Marlie@yopmail.com,Roberta.Marlie@gmail.com,worker,30120
30220,Joy,Kauppi,Joy.Kauppi@yopmail.com,Joy.Kauppi@gmail.com,worker,30121
30221,Melanie,Nea,Melanie.Nea@yopmail.com,Melanie.Nea@gmail.com,doctor,30122
30222,Georgina,Elephus,Georgina.Elephus@yopmail.com,Georgina.Elephus@gmail.com,doctor,30123
30223,Chastity,Campball,Chastity.Campball@yopmail.com,Chastity.Campball@gmail.com,doctor,30124
30224,Amalie,McGrody,Amalie.McGrody@yopmail.com,Amalie.McGrody@gmail.com,firefighter,30125
30225,Gretal,Velick,Gretal.Velick@yopmail.com,Gretal.Velick@gmail.com,doctor,30126
30226,Lizzie,Poll,Lizzie.Poll@yopmail.com,Lizzie.Poll@gmail.com,worker,30127
30227,Ekaterina,Waldron,Ekaterina.Waldron@yopmail.com,Ekaterina.Waldron@gmail.com,developer,30128
30228,Charlena,Lynn,Charlena.Lynn@yopmail.com,Charlena.Lynn@gmail.com,firefighter,30129
30229,Aurore,Dermott,Aurore.Dermott@yopmail.com,Aurore.Dermott@gmail.com,firefighter,30130
30230,Ellette,Durante,Ellette.Durante@yopmail.com,Ellette.Durante@gmail.com,worker,30131
30231,Jinny,Hanshaw,Jinny.Hanshaw@yopmail.com,Jinny.Hanshaw@gmail.com,developer,30132
30232,Philis,Evvie,Philis.Evvie@yopmail.com,Philis.Evvie@gmail.com,developer,30133
30233,Cassandra,Margarete,Cassandra.Margarete@yopmail.com,Cassandra.Margarete@gmail.com,police officer,30134
30234,Aryn,Bebe,Aryn.Bebe@yopmail.com,Aryn.Bebe@gmail.com,worker,30135
30235,Inga,Fadiman,Inga.Fadiman@yopmail.com,Inga.Fadiman@gmail.com,firefighter,30136
30236,Gratia,Audly,Gratia.Audly@yopmail.com,Gratia.Audly@gmail.com,police officer,30137
30237,Magdalena,Carri,Magdalena.Carri@yopmail.com,Magdalena.Carri@gmail.com,developer,30138
30238,Tressa,Jeanne,Tressa.Jeanne@yopmail.com,Tressa.Jeanne@gmail.com,worker,30139
30239,Daphne,Frodi,Daphne.Frodi@yopmail.com,Daphne.Frodi@gmail.com,doctor,30140
30240,Dulcinea,Loring,Dulcinea.Loring@yopmail.com,Dulcinea.Loring@gmail.com,developer,30141
30241,Marika,Nore,Marika.Nore@yopmail.com,Marika.Nore@gmail.com,worker,30142
30242,Mildrid,McNully,Mildrid.McNully@yopmail.com,Mildrid.McNully@gmail.com,police officer,30143
30243,Gerianna,Beniamino,Gerianna.Beniamino@yopmail.com,Gerianna.Beniamino@gmail.com,doctor,30144
30244,Annaliese,Durware,Annaliese.Durware@yopmail.com,Annaliese.Durware@gmail.com,worker,30145
30245,Ivett,Roche,Ivett.Roche@yopmail.com,Ivett.Roche@gmail.com,worker,30146
30246,Wendi,Marsden,Wendi.Marsden@yopmail.com,Wendi.Marsden@gmail.com,developer,30147
30247,Viviene,Bendick,Viviene.Bendick@yopmail.com,Viviene.Bendick@gmail.com,police officer,30148
30248,Rayna,Keelia,Rayna.Keelia@yopmail.com,Rayna.Keelia@gmail.com,doctor,30149
30249,Arlina,Behre,Arlina.Behre@yopmail.com,Arlina.Behre@gmail.com,doctor,30150
30250,Kassey,Rogerio,Kassey.Rogerio@yopmail.com,Kassey.Rogerio@gmail.com,police officer,30151
30251,Cacilie,Judye,Cacilie.Judye@yopmail.com,Cacilie.Judye@gmail.com,firefighter,30152
30252,Coral,Mehalek,Coral.Mehalek@yopmail.com,Coral.Mehalek@gmail.com,firefighter,30153
30253,Britte,Brandice,Britte.Brandice@yopmail.com,Britte.Brandice@gmail.com,worker,30154
30254,Frances,Leffen,Frances.Leffen@yopmail.com,Frances.Leffen@gmail.com,developer,30155
30255,Konstance,Olin,Konstance.Olin@yopmail.com,Konstance.Olin@gmail.com,police officer,30156
30256,Jessamyn,Swanhildas,Jessamyn.Swanhildas@yopmail.com,Jessamyn.Swanhildas@gmail.com,doctor,30157
30257,Christy,Gaal,Christy.Gaal@yopmail.com,Christy.Gaal@gmail.com,police officer,30158
30258,Feliza,Pozzy,Feliza.Pozzy@yopmail.com,Feliza.Pozzy@gmail.com,firefighter,30159
30259,Gusella,Luhe,Gusella.Luhe@yopmail.com,Gusella.Luhe@gmail.com,worker,30160
30260,Robbi,Sancho,Robbi.Sancho@yopmail.com,Robbi.Sancho@gmail.com,police officer,30161
30261,Shauna,Ardeha,Shauna.Ardeha@yopmail.com,Shauna.Ardeha@gmail.com,developer,30162
30262,Harmonia,Selway,Harmonia.Selway@yopmail.com,Harmonia.Selway@gmail.com,developer,30163
30263,Carmencita,Pond,Carmencita.Pond@yopmail.com,Carmencita.Pond@gmail.com,doctor,30164
30264,Doro,Philoo,Doro.Philoo@yopmail.com,Doro.Philoo@gmail.com,developer,30165
30265,Emma,Belldas,Emma.Belldas@yopmail.com,Emma.Belldas@gmail.com,police officer,30166
30266,Kenna,Eachern,Kenna.Eachern@yopmail.com,Kenna.Eachern@gmail.com,developer,30167
30267,Camile,McNully,Camile.McNully@yopmail.com,Camile.McNully@gmail.com,firefighter,30168
30268,Dione,Fabiola,Dione.Fabiola@yopmail.com,Dione.Fabiola@gmail.com,worker,30169
30269,Catrina,Sigfrid,Catrina.Sigfrid@yopmail.com,Catrina.Sigfrid@gmail.com,police officer,30170
30270,Chere,Valerio,Chere.Valerio@yopmail.com,Chere.Valerio@gmail.com,police officer,30171
30271,Katuscha,Bibi,Katuscha.Bibi@yopmail.com,Katuscha.Bibi@gmail.com,police officer,30172
30272,Brietta,Felizio,Brietta.Felizio@yopmail.com,Brietta.Felizio@gmail.com,developer,30173
30273,Steffane,Hurley,Steffane.Hurley@yopmail.com,Steffane.Hurley@gmail.com,doctor,30174
30274,Babita,Nance,Babita.Nance@yopmail.com,Babita.Nance@gmail.com,developer,30175
30275,Tina,Lia,Tina.Lia@yopmail.com,Tina.Lia@gmail.com,doctor,30176
30276,Carol-Jean,Vins,Carol-Jean.Vins@yopmail.com,Carol-Jean.Vins@gmail.com,doctor,30177
30277,Dawn,Clarissa,Dawn.Clarissa@yopmail.com,Dawn.Clarissa@gmail.com,doctor,30178
30278,Beatriz,Tamsky,Beatriz.Tamsky@yopmail.com,Beatriz.Tamsky@gmail.com,worker,30179
30279,Dale,McGrody,Dale.McGrody@yopmail.com,Dale.McGrody@gmail.com,doctor,30180
30280,Leia,Jethro,Leia.Jethro@yopmail.com,Leia.Jethro@gmail.com,doctor,30181
30281,Chloris,Stav,Chloris.Stav@yopmail.com,Chloris.Stav@gmail.com,developer,30182
30282,Alie,Baylor,Alie.Baylor@yopmail.com,Alie.Baylor@gmail.com,doctor,30183
30283,Evita,Montgomery,Evita.Montgomery@yopmail.com,Evita.Montgomery@gmail.com,worker,30184
30284,Meghann,Anton,Meghann.Anton@yopmail.com,Meghann.Anton@gmail.com,doctor,30185
30285,Courtnay,Leopold,Courtnay.Leopold@yopmail.com,Courtnay.Leopold@gmail.com,firefighter,30186
30286,Celene,Standing,Celene.Standing@yopmail.com,Celene.Standing@gmail.com,doctor,30187
30287,Elie,Dunkin,Elie.Dunkin@yopmail.com,Elie.Dunkin@gmail.com,doctor,30188
30288,Fidelia,McAdams,Fidelia.McAdams@yopmail.com,Fidelia.McAdams@gmail.com,worker,30189
30289,Rosabelle,Adlare,Rosabelle.Adlare@yopmail.com,Rosabelle.Adlare@gmail.com,developer,30190
30290,Kimmy,Slifka,Kimmy.Slifka@yopmail.com,Kimmy.Slifka@gmail.com,worker,30191
30291,Catharine,Bibi,Catharine.Bibi@yopmail.com,Catharine.Bibi@gmail.com,doctor,30192
30292,Gabriellia,Hylan,Gabriellia.Hylan@yopmail.com,Gabriellia.Hylan@gmail.com,developer,30193
30293,Leeanne,Pauly,Leeanne.Pauly@yopmail.com,Leeanne.Pauly@gmail.com,firefighter,30194
30294,Romona,Alwin,Romona.Alwin@yopmail.com,Romona.Alwin@gmail.com,worker,30195
30295,Tamqrah,Hillel,Tamqrah.Hillel@yopmail.com,Tamqrah.Hillel@gmail.com,doctor,30196
30296,Grier,Sammons,Grier.Sammons@yopmail.com,Grier.Sammons@gmail.com,police officer,30197
30297,Sherrie,Harday,Sherrie.Harday@yopmail.com,Sherrie.Harday@gmail.com,worker,30198
30298,Christal,Telfer,Christal.Telfer@yopmail.com,Christal.Telfer@gmail.com,doctor,30199
30299,Paule,Olnee,Paule.Olnee@yopmail.com,Paule.Olnee@gmail.com,firefighter,30200
30300,Charmaine,Devlen,Charmaine.Devlen@yopmail.com,Charmaine.Devlen@gmail.com,worker,30201
30301,Carilyn,Hoenack,Carilyn.Hoenack@yopmail.com,Carilyn.Hoenack@gmail.com,developer,30202
30302,Meriel,Bahr,Meriel.Bahr@yopmail.com,Meriel.Bahr@gmail.com,worker,30203
30303,Ninnetta,Parsaye,Ninnetta.Parsaye@yopmail.com,Ninnetta.Parsaye@gmail.com,developer,30204
30304,Marylou,Holbrook,Marylou.Holbrook@yopmail.com,Marylou.Holbrook@gmail.com,worker,30205
30305,Kylynn,Gualtiero,Kylynn.Gualtiero@yopmail.com,Kylynn.Gualtiero@gmail.com,firefighter,30206
30306,Annice,Kazimir,Annice.Kazimir@yopmail.com,Annice.Kazimir@gmail.com,worker,30207
30307,Sarette,Fiester,Sarette.Fiester@yopmail.com,Sarette.Fiester@gmail.com,developer,30208
30308,Raquela,Infield,Raquela.Infield@yopmail.com,Raquela.Infield@gmail.com,firefighter,30209
30309,Karolina,Berl,Karolina.Berl@yopmail.com,Karolina.Berl@gmail.com,police officer,30210
30310,Marnia,Zitvaa,Marnia.Zitvaa@yopmail.com,Marnia.Zitvaa@gmail.com,police officer,30211
30311,Berget,Laverne,Berget.Laverne@yopmail.com,Berget.Laverne@gmail.com,doctor,30212
30312,Dulcinea,Alabaster,Dulcinea.Alabaster@yopmail.com,Dulcinea.Alabaster@gmail.com,worker,30213
30313,Veda,Papageno,Veda.Papageno@yopmail.com,Veda.Papageno@gmail.com,police officer,30214
30314,Elvira,Tufts,Elvira.Tufts@yopmail.com,Elvira.Tufts@gmail.com,doctor,30215
30315,Courtnay,Ciapas,Courtnay.Ciapas@yopmail.com,Courtnay.Ciapas@gmail.com,developer,30216
30316,Annora,Luhe,Annora.Luhe@yopmail.com,Annora.Luhe@gmail.com,firefighter,30217
30317,Sara-Ann,Roscoe,Sara-Ann.Roscoe@yopmail.com,Sara-Ann.Roscoe@gmail.com,doctor,30218
30318,Bibby,Andrel,Bibby.Andrel@yopmail.com,Bibby.Andrel@gmail.com,doctor,30219
30319,Fred,Viddah,Fred.Viddah@yopmail.com,Fred.Viddah@gmail.com,doctor,30220
30320,Madelle,Kazimir,Madelle.Kazimir@yopmail.com,Madelle.Kazimir@gmail.com,doctor,30221
30321,Harmonia,Longfellow,Harmonia.Longfellow@yopmail.com,Harmonia.Longfellow@gmail.com,doctor,30222
30322,Darlleen,Christine,Darlleen.Christine@yopmail.com,Darlleen.Christine@gmail.com,developer,30223
30323,Dyann,Primalia,Dyann.Primalia@yopmail.com,Dyann.Primalia@gmail.com,firefighter,30224
30324,Annice,Ellerey,Annice.Ellerey@yopmail.com,Annice.Ellerey@gmail.com,worker,30225
30325,Kaja,Gilmour,Kaja.Gilmour@yopmail.com,Kaja.Gilmour@gmail.com,developer,30226
30326,Addia,Gabrielli,Addia.Gabrielli@yopmail.com,Addia.Gabrielli@gmail.com,firefighter,30227
30327,Berta,Ellerey,Berta.Ellerey@yopmail.com,Berta.Ellerey@gmail.com,doctor,30228
30328,Libbie,Stevy,Libbie.Stevy@yopmail.com,Libbie.Stevy@gmail.com,firefighter,30229
30329,Cristine,Noman,Cristine.Noman@yopmail.com,Cristine.Noman@gmail.com,doctor,30230
30330,Brena,Hylan,Brena.Hylan@yopmail.com,Brena.Hylan@gmail.com,doctor,30231
30331,Selma,Ulphia,Selma.Ulphia@yopmail.com,Selma.Ulphia@gmail.com,worker,30232
30332,Cyndie,Larochelle,Cyndie.Larochelle@yopmail.com,Cyndie.Larochelle@gmail.com,developer,30233
30333,Kittie,Jenness,Kittie.Jenness@yopmail.com,Kittie.Jenness@gmail.com,firefighter,30234
30334,Tybie,Loleta,Tybie.Loleta@yopmail.com,Tybie.Loleta@gmail.com,developer,30235
30335,Doralynne,Gilmour,Doralynne.Gilmour@yopmail.com,Doralynne.Gilmour@gmail.com,police officer,30236
30336,Raquela,Eben,Raquela.Eben@yopmail.com,Raquela.Eben@gmail.com,firefighter,30237
30337,Tarra,Genna,Tarra.Genna@yopmail.com,Tarra.Genna@gmail.com,firefighter,30238
30338,Eve,McNully,Eve.McNully@yopmail.com,Eve.McNully@gmail.com,firefighter,30239
30339,Gloria,Freddi,Gloria.Freddi@yopmail.com,Gloria.Freddi@gmail.com,police officer,30240
30340,Cyb,Cordi,Cyb.Cordi@yopmail.com,Cyb.Cordi@gmail.com,developer,30241
30341,Jacenta,Bibi,Jacenta.Bibi@yopmail.com,Jacenta.Bibi@gmail.com,police officer,30242
30342,Tani,Cordi,Tani.Cordi@yopmail.com,Tani.Cordi@gmail.com,police officer,30243
30343,Dotty,Gibbeon,Dotty.Gibbeon@yopmail.com,Dotty.Gibbeon@gmail.com,worker,30244
30344,Genevra,Selway,Genevra.Selway@yopmail.com,Genevra.Selway@gmail.com,firefighter,30245
30345,Lusa,Palocz,Lusa.Palocz@yopmail.com,Lusa.Palocz@gmail.com,worker,30246
30346,Leia,Armanda,Leia.Armanda@yopmail.com,Leia.Armanda@gmail.com,worker,30247
30347,Fayre,Georgy,Fayre.Georgy@yopmail.com,Fayre.Georgy@gmail.com,police officer,30248
30348,Ottilie,Linskey,Ottilie.Linskey@yopmail.com,Ottilie.Linskey@gmail.com,police officer,30249
30349,Sindee,Penelopa,Sindee.Penelopa@yopmail.com,Sindee.Penelopa@gmail.com,doctor,30250
30350,Kirstin,Emmaline,Kirstin.Emmaline@yopmail.com,Kirstin.Emmaline@gmail.com,worker,30251
30351,Rosene,Desai,Rosene.Desai@yopmail.com,Rosene.Desai@gmail.com,firefighter,30252
30352,Hettie,Ralfston,Hettie.Ralfston@yopmail.com,Hettie.Ralfston@gmail.com,doctor,30253
30353,Ashlee,Masao,Ashlee.Masao@yopmail.com,Ashlee.Masao@gmail.com,developer,30254
30354,Yvonne,Xerxes,Yvonne.Xerxes@yopmail.com,Yvonne.Xerxes@gmail.com,doctor,30255
30355,Dulce,Sallyann,Dulce.Sallyann@yopmail.com,Dulce.Sallyann@gmail.com,police officer,30256
30356,Arabel,Ortrude,Arabel.Ortrude@yopmail.com,Arabel.Ortrude@gmail.com,firefighter,30257
30357,Liana,Maryanne,Liana.Maryanne@yopmail.com,Liana.Maryanne@gmail.com,firefighter,30258
30358,Nariko,Hailee,Nariko.Hailee@yopmail.com,Nariko.Hailee@gmail.com,police officer,30259
30359,Halette,Emanuel,Halette.Emanuel@yopmail.com,Halette.Emanuel@gmail.com,doctor,30260
30360,Carmencita,Peonir,Carmencita.Peonir@yopmail.com,Carmencita.Peonir@gmail.com,developer,30261
30361,Celisse,Carbo,Celisse.Carbo@yopmail.com,Celisse.Carbo@gmail.com,worker,30262
30362,Sandie,Koehler,Sandie.Koehler@yopmail.com,Sandie.Koehler@gmail.com,firefighter,30263
30363,Jenda,Malanie,Jenda.Malanie@yopmail.com,Jenda.Malanie@gmail.com,firefighter,30264
30364,Hyacinthe,Hessler,Hyacinthe.Hessler@yopmail.com,Hyacinthe.Hessler@gmail.com,doctor,30265
30365,Kristina,Mauer,Kristina.Mauer@yopmail.com,Kristina.Mauer@gmail.com,worker,30266
30366,Meriel,Roscoe,Meriel.Roscoe@yopmail.com,Meriel.Roscoe@gmail.com,doctor,30267
30367,Joelly,Goerke,Joelly.Goerke@yopmail.com,Joelly.Goerke@gmail.com,police officer,30268
30368,Kayla,Ferino,Kayla.Ferino@yopmail.com,Kayla.Ferino@gmail.com,doctor,30269
30369,Hallie,Gualtiero,Hallie.Gualtiero@yopmail.com,Hallie.Gualtiero@gmail.com,doctor,30270
30370,Alia,Bivins,Alia.Bivins@yopmail.com,Alia.Bivins@gmail.com,developer,30271
30371,Donetta,McLaughlin,Donetta.McLaughlin@yopmail.com,Donetta.McLaughlin@gmail.com,worker,30272
30372,Letizia,Nicoline,Letizia.Nicoline@yopmail.com,Letizia.Nicoline@gmail.com,firefighter,30273
30373,Mignon,Trace,Mignon.Trace@yopmail.com,Mignon.Trace@gmail.com,worker,30274
30374,Basia,Leary,Basia.Leary@yopmail.com,Basia.Leary@gmail.com,doctor,30275
30375,Cam,Ortrude,Cam.Ortrude@yopmail.com,Cam.Ortrude@gmail.com,developer,30276
30376,Maye,Hull,Maye.Hull@yopmail.com,Maye.Hull@gmail.com,developer,30277
30377,Tamqrah,Eckblad,Tamqrah.Eckblad@yopmail.com,Tamqrah.Eckblad@gmail.com,worker,30278
30378,Lorne,Phi,Lorne.Phi@yopmail.com,Lorne.Phi@gmail.com,doctor,30279
30379,Raina,Posner,Raina.Posner@yopmail.com,Raina.Posner@gmail.com,police officer,30280
30380,Alyssa,Tippets,Alyssa.Tippets@yopmail.com,Alyssa.Tippets@gmail.com,worker,30281
30381,Jessamyn,Secrest,Jessamyn.Secrest@yopmail.com,Jessamyn.Secrest@gmail.com,developer,30282
30382,Norine,Kolnick,Norine.Kolnick@yopmail.com,Norine.Kolnick@gmail.com,worker,30283
30383,Aurelie,Greenwald,Aurelie.Greenwald@yopmail.com,Aurelie.Greenwald@gmail.com,doctor,30284
30384,Halette,Elvyn,Halette.Elvyn@yopmail.com,Halette.Elvyn@gmail.com,police officer,30285
30385,Karly,Kenwood,Karly.Kenwood@yopmail.com,Karly.Kenwood@gmail.com,doctor,30286
30386,Corene,Herrera,Corene.Herrera@yopmail.com,Corene.Herrera@gmail.com,police officer,30287
30387,Damaris,Jacobah,Damaris.Jacobah@yopmail.com,Damaris.Jacobah@gmail.com,police officer,30288
30388,Laurene,Fry,Laurene.Fry@yopmail.com,Laurene.Fry@gmail.com,firefighter,30289
30389,Nadine,Sabella,Nadine.Sabella@yopmail.com,Nadine.Sabella@gmail.com,police officer,30290
30390,Deloria,Hessler,Deloria.Hessler@yopmail.com,Deloria.Hessler@gmail.com,worker,30291
30391,Bobbi,Fennessy,Bobbi.Fennessy@yopmail.com,Bobbi.Fennessy@gmail.com,firefighter,30292
30392,Daune,Drisko,Daune.Drisko@yopmail.com,Daune.Drisko@gmail.com,worker,30293
30393,Amelia,Si,Amelia.Si@yopmail.com,Amelia.Si@gmail.com,developer,30294
30394,Ingrid,Egbert,Ingrid.Egbert@yopmail.com,Ingrid.Egbert@gmail.com,police officer,30295
30395,Lorie,Heisel,Lorie.Heisel@yopmail.com,Lorie.Heisel@gmail.com,police officer,30296
30396,Daryl,Tremayne,Daryl.Tremayne@yopmail.com,Daryl.Tremayne@gmail.com,firefighter,30297
30397,Katharina,Mayeda,Katharina.Mayeda@yopmail.com,Katharina.Mayeda@gmail.com,doctor,30298
30398,Estell,Sharl,Estell.Sharl@yopmail.com,Estell.Sharl@gmail.com,developer,30299
30399,Corene,Jerald,Corene.Jerald@yopmail.com,Corene.Jerald@gmail.com,developer,30300
30400,Kristina,Lowry,Kristina.Lowry@yopmail.com,Kristina.Lowry@gmail.com,police officer,30301
30401,Randa,Raul,Randa.Raul@yopmail.com,Randa.Raul@gmail.com,worker,30302
30402,Edith,Kinnard,Edith.Kinnard@yopmail.com,Edith.Kinnard@gmail.com,developer,30303
30403,Ronna,Stelle,Ronna.Stelle@yopmail.com,Ronna.Stelle@gmail.com,developer,30304
30404,Elise,Ellord,Elise.Ellord@yopmail.com,Elise.Ellord@gmail.com,developer,30305
30405,Candy,Adrienne,Candy.Adrienne@yopmail.com,Candy.Adrienne@gmail.com,developer,30306
30406,Dolli,Schwejda,Dolli.Schwejda@yopmail.com,Dolli.Schwejda@gmail.com,police officer,30307
30407,Miquela,Alrich,Miquela.Alrich@yopmail.com,Miquela.Alrich@gmail.com,worker,30308
30408,Konstance,Kussell,Konstance.Kussell@yopmail.com,Konstance.Kussell@gmail.com,police officer,30309
30409,Dale,Garbe,Dale.Garbe@yopmail.com,Dale.Garbe@gmail.com,firefighter,30310
30410,Bobbi,Cohdwell,Bobbi.Cohdwell@yopmail.com,Bobbi.Cohdwell@gmail.com,firefighter,30311
30411,Asia,Leler,Asia.Leler@yopmail.com,Asia.Leler@gmail.com,doctor,30312
30412,Lonnie,Chaing,Lonnie.Chaing@yopmail.com,Lonnie.Chaing@gmail.com,developer,30313
30413,Emelina,Cimbura,Emelina.Cimbura@yopmail.com,Emelina.Cimbura@gmail.com,developer,30314
30414,Micheline,Nahum,Micheline.Nahum@yopmail.com,Micheline.Nahum@gmail.com,doctor,30315
30415,Tina,Haldas,Tina.Haldas@yopmail.com,Tina.Haldas@gmail.com,police officer,30316
30416,Jenda,Emmaline,Jenda.Emmaline@yopmail.com,Jenda.Emmaline@gmail.com,police officer,30317
30417,Aimil,Pearse,Aimil.Pearse@yopmail.com,Aimil.Pearse@gmail.com,developer,30318
30418,Aigneis,Syd,Aigneis.Syd@yopmail.com,Aigneis.Syd@gmail.com,doctor,30319
30419,Genevra,Amand,Genevra.Amand@yopmail.com,Genevra.Amand@gmail.com,firefighter,30320
30420,Bernie,Alejoa,Bernie.Alejoa@yopmail.com,Bernie.Alejoa@gmail.com,worker,30321
30421,Wendi,Charity,Wendi.Charity@yopmail.com,Wendi.Charity@gmail.com,doctor,30322
30422,Trixi,Jillane,Trixi.Jillane@yopmail.com,Trixi.Jillane@gmail.com,police officer,30323
30423,Lily,Tamar,Lily.Tamar@yopmail.com,Lily.Tamar@gmail.com,worker,30324
30424,Vivia,Shaver,Vivia.Shaver@yopmail.com,Vivia.Shaver@gmail.com,doctor,30325
30425,Katuscha,Merriott,Katuscha.Merriott@yopmail.com,Katuscha.Merriott@gmail.com,doctor,30326
30426,Allis,Martsen,Allis.Martsen@yopmail.com,Allis.Martsen@gmail.com,doctor,30327
30427,Willetta,Kendrick,Willetta.Kendrick@yopmail.com,Willetta.Kendrick@gmail.com,police officer,30328
30428,Eolanda,Raychel,Eolanda.Raychel@yopmail.com,Eolanda.Raychel@gmail.com,worker,30329
30429,Marcy,Malanie,Marcy.Malanie@yopmail.com,Marcy.Malanie@gmail.com,developer,30330
30430,Shell,Infield,Shell.Infield@yopmail.com,Shell.Infield@gmail.com,firefighter,30331
30431,Aili,Nadia,Aili.Nadia@yopmail.com,Aili.Nadia@gmail.com,developer,30332
30432,Lacie,Keelia,Lacie.Keelia@yopmail.com,Lacie.Keelia@gmail.com,firefighter,30333
30433,Carmela,Gusella,Carmela.Gusella@yopmail.com,Carmela.Gusella@gmail.com,doctor,30334
30434,Alyda,Chauncey,Alyda.Chauncey@yopmail.com,Alyda.Chauncey@gmail.com,police officer,30335
30435,Harmonia,Orelee,Harmonia.Orelee@yopmail.com,Harmonia.Orelee@gmail.com,developer,30336
30436,Ottilie,Mata,Ottilie.Mata@yopmail.com,Ottilie.Mata@gmail.com,doctor,30337
30437,Kaia,Anis,Kaia.Anis@yopmail.com,Kaia.Anis@gmail.com,developer,30338
30438,Sharai,Grosz,Sharai.Grosz@yopmail.com,Sharai.Grosz@gmail.com,police officer,30339
30439,Lynea,McLaughlin,Lynea.McLaughlin@yopmail.com,Lynea.McLaughlin@gmail.com,firefighter,30340
30440,Blinni,Brodench,Blinni.Brodench@yopmail.com,Blinni.Brodench@gmail.com,worker,30341
30441,Karolina,Ietta,Karolina.Ietta@yopmail.com,Karolina.Ietta@gmail.com,police officer,30342
30442,Tomasina,Ezar,Tomasina.Ezar@yopmail.com,Tomasina.Ezar@gmail.com,police officer,30343
30443,Sybille,Sprage,Sybille.Sprage@yopmail.com,Sybille.Sprage@gmail.com,doctor,30344
30444,Berta,Dominy,Berta.Dominy@yopmail.com,Berta.Dominy@gmail.com,doctor,30345
30445,Henriette,Judye,Henriette.Judye@yopmail.com,Henriette.Judye@gmail.com,worker,30346
30446,Blinni,Mauer,Blinni.Mauer@yopmail.com,Blinni.Mauer@gmail.com,doctor,30347
30447,Marjie,Wareing,Marjie.Wareing@yopmail.com,Marjie.Wareing@gmail.com,police officer,30348
30448,Odessa,Bury,Odessa.Bury@yopmail.com,Odessa.Bury@gmail.com,doctor,30349
30449,Linzy,Jacobah,Linzy.Jacobah@yopmail.com,Linzy.Jacobah@gmail.com,police officer,30350
30450,Bobinette,Janith,Bobinette.Janith@yopmail.com,Bobinette.Janith@gmail.com,developer,30351
30451,Donnie,Ader,Donnie.Ader@yopmail.com,Donnie.Ader@gmail.com,doctor,30352
30452,Joeann,Standing,Joeann.Standing@yopmail.com,Joeann.Standing@gmail.com,doctor,30353
30453,Ekaterina,Wiener,Ekaterina.Wiener@yopmail.com,Ekaterina.Wiener@gmail.com,developer,30354
30454,Carmencita,Creamer,Carmencita.Creamer@yopmail.com,Carmencita.Creamer@gmail.com,worker,30355
30455,Daryl,Azeria,Daryl.Azeria@yopmail.com,Daryl.Azeria@gmail.com,worker,30356
30456,Dari,Gusella,Dari.Gusella@yopmail.com,Dari.Gusella@gmail.com,police officer,30357
30457,Patricia,Emanuel,Patricia.Emanuel@yopmail.com,Patricia.Emanuel@gmail.com,developer,30358
30458,Gusty,Merriott,Gusty.Merriott@yopmail.com,Gusty.Merriott@gmail.com,police officer,30359
30459,Myrtice,Old,Myrtice.Old@yopmail.com,Myrtice.Old@gmail.com,police officer,30360
30460,Vanessa,Howlyn,Vanessa.Howlyn@yopmail.com,Vanessa.Howlyn@gmail.com,police officer,30361
30461,Pearline,Ellerey,Pearline.Ellerey@yopmail.com,Pearline.Ellerey@gmail.com,police officer,30362
30462,Doro,Vittoria,Doro.Vittoria@yopmail.com,Doro.Vittoria@gmail.com,firefighter,30363
30463,Viki,Docilla,Viki.Docilla@yopmail.com,Viki.Docilla@gmail.com,police officer,30364
30464,Anestassia,Roxanna,Anestassia.Roxanna@yopmail.com,Anestassia.Roxanna@gmail.com,worker,30365
30465,Bernie,Posner,Bernie.Posner@yopmail.com,Bernie.Posner@gmail.com,doctor,30366
30466,Ernesta,Sidonius,Ernesta.Sidonius@yopmail.com,Ernesta.Sidonius@gmail.com,developer,30367
30467,Lory,Pierette,Lory.Pierette@yopmail.com,Lory.Pierette@gmail.com,developer,30368
30468,Jenilee,Boehike,Jenilee.Boehike@yopmail.com,Jenilee.Boehike@gmail.com,doctor,30369
30469,Ingrid,Artie,Ingrid.Artie@yopmail.com,Ingrid.Artie@gmail.com,firefighter,30370
30470,Celene,Belanger,Celene.Belanger@yopmail.com,Celene.Belanger@gmail.com,doctor,30371
30471,Merry,Franza,Merry.Franza@yopmail.com,Merry.Franza@gmail.com,police officer,30372
30472,Adele,Isacco,Adele.Isacco@yopmail.com,Adele.Isacco@gmail.com,worker,30373
30473,Isa,Devlen,Isa.Devlen@yopmail.com,Isa.Devlen@gmail.com,police officer,30374
30474,Brietta,Buffum,Brietta.Buffum@yopmail.com,Brietta.Buffum@gmail.com,firefighter,30375
30475,Lesly,Travax,Lesly.Travax@yopmail.com,Lesly.Travax@gmail.com,developer,30376
30476,Korrie,Rhu,Korrie.Rhu@yopmail.com,Korrie.Rhu@gmail.com,police officer,30377
30477,Elmira,Bertold,Elmira.Bertold@yopmail.com,Elmira.Bertold@gmail.com,doctor,30378
30478,Merrie,Honoria,Merrie.Honoria@yopmail.com,Merrie.Honoria@gmail.com,police officer,30379
30479,Cassandra,Dorothy,Cassandra.Dorothy@yopmail.com,Cassandra.Dorothy@gmail.com,firefighter,30380
30480,Leeanne,Anastatius,Leeanne.Anastatius@yopmail.com,Leeanne.Anastatius@gmail.com,firefighter,30381
30481,Wanda,Ledah,Wanda.Ledah@yopmail.com,Wanda.Ledah@gmail.com,police officer,30382
30482,Leia,Felecia,Leia.Felecia@yopmail.com,Leia.Felecia@gmail.com,police officer,30383
30483,Konstance,Knowling,Konstance.Knowling@yopmail.com,Konstance.Knowling@gmail.com,doctor,30384
30484,Regina,Shirberg,Regina.Shirberg@yopmail.com,Regina.Shirberg@gmail.com,police officer,30385
30485,Elbertina,Gilbertson,Elbertina.Gilbertson@yopmail.com,Elbertina.Gilbertson@gmail.com,doctor,30386
30486,Camile,Bebe,Camile.Bebe@yopmail.com,Camile.Bebe@gmail.com,police officer,30387
30487,Kirstin,Ricarda,Kirstin.Ricarda@yopmail.com,Kirstin.Ricarda@gmail.com,developer,30388
30488,Ira,Ortrude,Ira.Ortrude@yopmail.com,Ira.Ortrude@gmail.com,firefighter,30389
30489,Stephanie,Taima,Stephanie.Taima@yopmail.com,Stephanie.Taima@gmail.com,doctor,30390
30490,Wanda,Dyche,Wanda.Dyche@yopmail.com,Wanda.Dyche@gmail.com,doctor,30391
30491,Fernande,Chinua,Fernande.Chinua@yopmail.com,Fernande.Chinua@gmail.com,firefighter,30392
30492,Ira,Pierette,Ira.Pierette@yopmail.com,Ira.Pierette@gmail.com,police officer,30393
30493,Madalyn,Vorster,Madalyn.Vorster@yopmail.com,Madalyn.Vorster@gmail.com,firefighter,30394
30494,Kara-Lynn,Amadas,Kara-Lynn.Amadas@yopmail.com,Kara-Lynn.Amadas@gmail.com,police officer,30395
30495,Dorene,Magdalen,Dorene.Magdalen@yopmail.com,Dorene.Magdalen@gmail.com,doctor,30396
30496,Karena,Hubert,Karena.Hubert@yopmail.com,Karena.Hubert@gmail.com,firefighter,30397
30497,Marika,Chabot,Marika.Chabot@yopmail.com,Marika.Chabot@gmail.com,doctor,30398
30498,Morganica,Clarissa,Morganica.Clarissa@yopmail.com,Morganica.Clarissa@gmail.com,worker,30399
30499,Janis,Stilwell,Janis.Stilwell@yopmail.com,Janis.Stilwell@gmail.com,doctor,30400
30500,Berta,Colp,Berta.Colp@yopmail.com,Berta.Colp@gmail.com,doctor,30401
30501,Letizia,Ludewig,Letizia.Ludewig@yopmail.com,Letizia.Ludewig@gmail.com,police officer,30402
30502,Keelia,Iiette,Keelia.Iiette@yopmail.com,Keelia.Iiette@gmail.com,doctor,30403
30503,Rori,Destinee,Rori.Destinee@yopmail.com,Rori.Destinee@gmail.com,police officer,30404
30504,Verla,Aaberg,Verla.Aaberg@yopmail.com,Verla.Aaberg@gmail.com,developer,30405
30505,Sadie,Vastah,Sadie.Vastah@yopmail.com,Sadie.Vastah@gmail.com,worker,30406
30506,Mildrid,Hortensia,Mildrid.Hortensia@yopmail.com,Mildrid.Hortensia@gmail.com,firefighter,30407
30507,Hildegaard,Egbert,Hildegaard.Egbert@yopmail.com,Hildegaard.Egbert@gmail.com,developer,30408
30508,Helena,Frendel,Helena.Frendel@yopmail.com,Helena.Frendel@gmail.com,developer,30409
30509,Corene,Thad,Corene.Thad@yopmail.com,Corene.Thad@gmail.com,police officer,30410
30510,Mildrid,Kauppi,Mildrid.Kauppi@yopmail.com,Mildrid.Kauppi@gmail.com,doctor,30411
30511,Merrie,Konyn,Merrie.Konyn@yopmail.com,Merrie.Konyn@gmail.com,worker,30412
30512,Marleah,Burkle,Marleah.Burkle@yopmail.com,Marleah.Burkle@gmail.com,worker,30413
30513,Elise,Jerald,Elise.Jerald@yopmail.com,Elise.Jerald@gmail.com,worker,30414
30514,Eve,Syd,Eve.Syd@yopmail.com,Eve.Syd@gmail.com,firefighter,30415
30515,Latisha,Federica,Latisha.Federica@yopmail.com,Latisha.Federica@gmail.com,doctor,30416
30516,Theodora,McNully,Theodora.McNully@yopmail.com,Theodora.McNully@gmail.com,police officer,30417
30517,Julieta,Robertson,Julieta.Robertson@yopmail.com,Julieta.Robertson@gmail.com,police officer,30418
30518,Marnia,Merat,Marnia.Merat@yopmail.com,Marnia.Merat@gmail.com,firefighter,30419
30519,Alisha,Monaco,Alisha.Monaco@yopmail.com,Alisha.Monaco@gmail.com,firefighter,30420
30520,Janeczka,Codding,Janeczka.Codding@yopmail.com,Janeczka.Codding@gmail.com,police officer,30421
30521,Nadine,Gerge,Nadine.Gerge@yopmail.com,Nadine.Gerge@gmail.com,worker,30422
30522,Ottilie,Heidt,Ottilie.Heidt@yopmail.com,Ottilie.Heidt@gmail.com,worker,30423
30523,Roseline,Marsden,Roseline.Marsden@yopmail.com,Roseline.Marsden@gmail.com,police officer,30424
30524,Kerrin,Bandeen,Kerrin.Bandeen@yopmail.com,Kerrin.Bandeen@gmail.com,firefighter,30425
30525,Christian,Jalbert,Christian.Jalbert@yopmail.com,Christian.Jalbert@gmail.com,developer,30426
30526,Shannah,Breed,Shannah.Breed@yopmail.com,Shannah.Breed@gmail.com,doctor,30427
30527,Oralee,Seumas,Oralee.Seumas@yopmail.com,Oralee.Seumas@gmail.com,worker,30428
30528,Amelia,Casimir,Amelia.Casimir@yopmail.com,Amelia.Casimir@gmail.com,developer,30429
30529,Margarette,Lory,Margarette.Lory@yopmail.com,Margarette.Lory@gmail.com,worker,30430
30530,Cristine,Sheng,Cristine.Sheng@yopmail.com,Cristine.Sheng@gmail.com,police officer,30431
30531,Gilda,Fancie,Gilda.Fancie@yopmail.com,Gilda.Fancie@gmail.com,developer,30432
30532,Sheree,Haldas,Sheree.Haldas@yopmail.com,Sheree.Haldas@gmail.com,firefighter,30433
30533,Alia,Goth,Alia.Goth@yopmail.com,Alia.Goth@gmail.com,doctor,30434
30534,Vevay,Hewitt,Vevay.Hewitt@yopmail.com,Vevay.Hewitt@gmail.com,worker,30435
30535,Elvira,Pierette,Elvira.Pierette@yopmail.com,Elvira.Pierette@gmail.com,police officer,30436
30536,Farrah,Couture,Farrah.Couture@yopmail.com,Farrah.Couture@gmail.com,developer,30437
30537,Cyndie,Odell,Cyndie.Odell@yopmail.com,Cyndie.Odell@gmail.com,doctor,30438
30538,Berget,Roxanna,Berget.Roxanna@yopmail.com,Berget.Roxanna@gmail.com,firefighter,30439
30539,Marcelline,Bobbee,Marcelline.Bobbee@yopmail.com,Marcelline.Bobbee@gmail.com,developer,30440
30540,Giustina,Ashok,Giustina.Ashok@yopmail.com,Giustina.Ashok@gmail.com,doctor,30441
30541,Lacie,Brenn,Lacie.Brenn@yopmail.com,Lacie.Brenn@gmail.com,firefighter,30442
30542,Tressa,Bakerman,Tressa.Bakerman@yopmail.com,Tressa.Bakerman@gmail.com,firefighter,30443
30543,Sean,Hashim,Sean.Hashim@yopmail.com,Sean.Hashim@gmail.com,developer,30444
30544,Hildegaard,Hertzfeld,Hildegaard.Hertzfeld@yopmail.com,Hildegaard.Hertzfeld@gmail.com,firefighter,30445
30545,Cecile,Mayeda,Cecile.Mayeda@yopmail.com,Cecile.Mayeda@gmail.com,firefighter,30446
30546,Consuela,My,Consuela.My@yopmail.com,Consuela.My@gmail.com,doctor,30447
30547,Libbie,Marcellus,Libbie.Marcellus@yopmail.com,Libbie.Marcellus@gmail.com,worker,30448
30548,Karly,Mata,Karly.Mata@yopmail.com,Karly.Mata@gmail.com,worker,30449
30549,Barbi,Brunell,Barbi.Brunell@yopmail.com,Barbi.Brunell@gmail.com,doctor,30450
30550,Dianemarie,Anis,Dianemarie.Anis@yopmail.com,Dianemarie.Anis@gmail.com,firefighter,30451
30551,Myriam,Tippets,Myriam.Tippets@yopmail.com,Myriam.Tippets@gmail.com,doctor,30452
30552,Clarice,Terencio,Clarice.Terencio@yopmail.com,Clarice.Terencio@gmail.com,developer,30453
30553,Jinny,Schlosser,Jinny.Schlosser@yopmail.com,Jinny.Schlosser@gmail.com,firefighter,30454
30554,Lisette,Chrystel,Lisette.Chrystel@yopmail.com,Lisette.Chrystel@gmail.com,worker,30455
30555,Tonia,Clie,Tonia.Clie@yopmail.com,Tonia.Clie@gmail.com,worker,30456
30556,Margarette,Bultman,Margarette.Bultman@yopmail.com,Margarette.Bultman@gmail.com,developer,30457
30557,Trixi,Revkah,Trixi.Revkah@yopmail.com,Trixi.Revkah@gmail.com,developer,30458
30558,Mariann,Orlene,Mariann.Orlene@yopmail.com,Mariann.Orlene@gmail.com,police officer,30459
30559,Merci,Miru,Merci.Miru@yopmail.com,Merci.Miru@gmail.com,worker,30460
30560,Maurene,Myrilla,Maurene.Myrilla@yopmail.com,Maurene.Myrilla@gmail.com,worker,30461
30561,Frances,Roxanna,Frances.Roxanna@yopmail.com,Frances.Roxanna@gmail.com,developer,30462
30562,Wendi,Bigner,Wendi.Bigner@yopmail.com,Wendi.Bigner@gmail.com,firefighter,30463
30563,Dari,Haerr,Dari.Haerr@yopmail.com,Dari.Haerr@gmail.com,firefighter,30464
30564,Marika,Stover,Marika.Stover@yopmail.com,Marika.Stover@gmail.com,developer,30465
30565,Brietta,Stacy,Brietta.Stacy@yopmail.com,Brietta.Stacy@gmail.com,worker,30466
30566,Alia,Halsey,Alia.Halsey@yopmail.com,Alia.Halsey@gmail.com,firefighter,30467
30567,Veda,Adamsen,Veda.Adamsen@yopmail.com,Veda.Adamsen@gmail.com,doctor,30468
30568,Antonietta,Zaslow,Antonietta.Zaslow@yopmail.com,Antonietta.Zaslow@gmail.com,doctor,30469
30569,Chandra,Felecia,Chandra.Felecia@yopmail.com,Chandra.Felecia@gmail.com,police officer,30470
30570,Orelia,Shaddock,Orelia.Shaddock@yopmail.com,Orelia.Shaddock@gmail.com,firefighter,30471
30571,Glynnis,Edison,Glynnis.Edison@yopmail.com,Glynnis.Edison@gmail.com,developer,30472
30572,Hallie,Adore,Hallie.Adore@yopmail.com,Hallie.Adore@gmail.com,doctor,30473
30573,Henriette,Toor,Henriette.Toor@yopmail.com,Henriette.Toor@gmail.com,worker,30474
30574,Winny,Cynar,Winny.Cynar@yopmail.com,Winny.Cynar@gmail.com,worker,30475
30575,Raf,Jeanne,Raf.Jeanne@yopmail.com,Raf.Jeanne@gmail.com,doctor,30476
30576,Kittie,Nore,Kittie.Nore@yopmail.com,Kittie.Nore@gmail.com,police officer,30477
30577,Doro,Bertold,Doro.Bertold@yopmail.com,Doro.Bertold@gmail.com,worker,30478
30578,Chastity,Ahab,Chastity.Ahab@yopmail.com,Chastity.Ahab@gmail.com,doctor,30479
30579,Tilly,Arquit,Tilly.Arquit@yopmail.com,Tilly.Arquit@gmail.com,police officer,30480
30580,Flo,Percy,Flo.Percy@yopmail.com,Flo.Percy@gmail.com,developer,30481
30581,Gwyneth,Yuille,Gwyneth.Yuille@yopmail.com,Gwyneth.Yuille@gmail.com,developer,30482
30582,Cecile,Guildroy,Cecile.Guildroy@yopmail.com,Cecile.Guildroy@gmail.com,worker,30483
30583,Ninnetta,Weaks,Ninnetta.Weaks@yopmail.com,Ninnetta.Weaks@gmail.com,worker,30484
30584,Demetris,Ahab,Demetris.Ahab@yopmail.com,Demetris.Ahab@gmail.com,worker,30485
30585,Jan,Maroney,Jan.Maroney@yopmail.com,Jan.Maroney@gmail.com,police officer,30486
30586,Roberta,Faro,Roberta.Faro@yopmail.com,Roberta.Faro@gmail.com,doctor,30487
30587,Orsola,Carvey,Orsola.Carvey@yopmail.com,Orsola.Carvey@gmail.com,doctor,30488
30588,Katleen,Nester,Katleen.Nester@yopmail.com,Katleen.Nester@gmail.com,police officer,30489
30589,Randa,Herrera,Randa.Herrera@yopmail.com,Randa.Herrera@gmail.com,doctor,30490
30590,Nataline,Barney,Nataline.Barney@yopmail.com,Nataline.Barney@gmail.com,doctor,30491
30591,Luci,Seligman,Luci.Seligman@yopmail.com,Luci.Seligman@gmail.com,police officer,30492
30592,Nanete,Alva,Nanete.Alva@yopmail.com,Nanete.Alva@gmail.com,police officer,30493
30593,Gertrud,Quent,Gertrud.Quent@yopmail.com,Gertrud.Quent@gmail.com,developer,30494
30594,Cecile,Cleavland,Cecile.Cleavland@yopmail.com,Cecile.Cleavland@gmail.com,developer,30495
30595,Correy,Hathaway,Correy.Hathaway@yopmail.com,Correy.Hathaway@gmail.com,doctor,30496
30596,Caressa,Merat,Caressa.Merat@yopmail.com,Caressa.Merat@gmail.com,police officer,30497
30597,Aryn,Nester,Aryn.Nester@yopmail.com,Aryn.Nester@gmail.com,firefighter,30498
30598,Jan,Schenck,Jan.Schenck@yopmail.com,Jan.Schenck@gmail.com,firefighter,30499
30599,Veda,Stilwell,Veda.Stilwell@yopmail.com,Veda.Stilwell@gmail.com,worker,30500
