id,firstname,lastname,email,email2,profession,Field Name
14100,Amelia,Telfer,Amelia.Telfer@yopmail.com,Amelia.Telfer@gmail.com,firefighter,14001
14101,Wileen,Weitman,Wileen.Weitman@yopmail.com,Wileen.Weitman@gmail.com,worker,14002
14102,Inga,Colp,Inga.Colp@yopmail.com,Inga.Colp@gmail.com,developer,14003
14103,Daryl,Kiyoshi,Daryl.Kiyoshi@yopmail.com,Daryl.Kiyoshi@gmail.com,doctor,14004
14104,Fernande,Cavan,Fernande.Cavan@yopmail.com,Fernande.Cavan@gmail.com,firefighter,14005
14105,Alyssa,Cecile,Alyssa.Cecile@yopmail.com,Alyssa.Cecile@gmail.com,police officer,14006
14106,Bobinette,Brackely,Bobinette.Brackely@yopmail.com,Bobinette.Brackely@gmail.com,doctor,14007
14107,Cindelyn,Si,Cindelyn.Si@yopmail.com,Cindelyn.Si@gmail.com,police officer,14008
14108,Minne,Middleton,Minne.Middleton@yopmail.com,Minne.Middleton@gmail.com,police officer,14009
14109,Gratia,Weide,Gratia.Weide@yopmail.com,Gratia.Weide@gmail.com,developer,14010
14110,Lily,Moina,Lily.Moina@yopmail.com,Lily.Moina@gmail.com,doctor,14011
14111,Di,Modie,Di.Modie@yopmail.com,Di.Modie@gmail.com,police officer,14012
14112,Camile,Ardra,Camile.Ardra@yopmail.com,Camile.Ardra@gmail.com,doctor,14013
14113,Caryl,Ferrell,Caryl.Ferrell@yopmail.com,Caryl.Ferrell@gmail.com,developer,14014
14114,Nananne,Tamar,Nananne.Tamar@yopmail.com,Nananne.Tamar@gmail.com,worker,14015
14115,Misha,Nerita,Misha.Nerita@yopmail.com,Misha.Nerita@gmail.com,worker,14016
14116,Sadie,Rhu,Sadie.Rhu@yopmail.com,Sadie.Rhu@gmail.com,developer,14017
14117,Marjie,Erminia,Marjie.Erminia@yopmail.com,Marjie.Erminia@gmail.com,firefighter,14018
14118,Georgina,Friede,Georgina.Friede@yopmail.com,Georgina.Friede@gmail.com,police officer,14019
14119,Angela,Bethany,Angela.Bethany@yopmail.com,Angela.Bethany@gmail.com,worker,14020
14120,Belinda,Iaverne,Belinda.Iaverne@yopmail.com,Belinda.Iaverne@gmail.com,firefighter,14021
14121,Kara-Lynn,Rudolph,Kara-Lynn.Rudolph@yopmail.com,Kara-Lynn.Rudolph@gmail.com,doctor,14022
14122,Perry,Naashom,Perry.Naashom@yopmail.com,Perry.Naashom@gmail.com,worker,14023
14123,Bobinette,Timon,Bobinette.Timon@yopmail.com,Bobinette.Timon@gmail.com,doctor,14024
14124,Marcy,Morehouse,Marcy.Morehouse@yopmail.com,Marcy.Morehouse@gmail.com,developer,14025
14125,Dale,Adalbert,Dale.Adalbert@yopmail.com,Dale.Adalbert@gmail.com,worker,14026
14126,Dotty,Hamil,Dotty.Hamil@yopmail.com,Dotty.Hamil@gmail.com,developer,14027
14127,Fidelia,Egbert,Fidelia.Egbert@yopmail.com,Fidelia.Egbert@gmail.com,worker,14028
14128,Rosabelle,Drisko,Rosabelle.Drisko@yopmail.com,Rosabelle.Drisko@gmail.com,firefighter,14029
14129,Linet,Rolf,Linet.Rolf@yopmail.com,Linet.Rolf@gmail.com,worker,14030
14130,Leona,Paine,Leona.Paine@yopmail.com,Leona.Paine@gmail.com,doctor,14031
14131,Correy,Crudden,Correy.Crudden@yopmail.com,Correy.Crudden@gmail.com,firefighter,14032
14132,Adriana,Sekofski,Adriana.Sekofski@yopmail.com,Adriana.Sekofski@gmail.com,worker,14033
14133,Hermione,Ellord,Hermione.Ellord@yopmail.com,Hermione.Ellord@gmail.com,firefighter,14034
14134,Kylynn,Jaylene,Kylynn.Jaylene@yopmail.com,Kylynn.Jaylene@gmail.com,police officer,14035
14135,Lacie,Uird,Lacie.Uird@yopmail.com,Lacie.Uird@gmail.com,doctor,14036
14136,Ursulina,Wareing,Ursulina.Wareing@yopmail.com,Ursulina.Wareing@gmail.com,police officer,14037
14137,Bill,Damarra,Bill.Damarra@yopmail.com,Bill.Damarra@gmail.com,firefighter,14038
14138,Genevra,Berard,Genevra.Berard@yopmail.com,Genevra.Berard@gmail.com,doctor,14039
14139,Lorie,Even,Lorie.Even@yopmail.com,Lorie.Even@gmail.com,police officer,14040
14140,Marsiella,Nadia,Marsiella.Nadia@yopmail.com,Marsiella.Nadia@gmail.com,doctor,14041
14141,Myriam,Norrie,Myriam.Norrie@yopmail.com,Myriam.Norrie@gmail.com,firefighter,14042
14142,Gwenneth,Baylor,Gwenneth.Baylor@yopmail.com,Gwenneth.Baylor@gmail.com,firefighter,14043
14143,Amii,Peonir,Amii.Peonir@yopmail.com,Amii.Peonir@gmail.com,doctor,14044
14144,Sara-Ann,Randene,Sara-Ann.Randene@yopmail.com,Sara-Ann.Randene@gmail.com,doctor,14045
14145,Sissy,Germann,Sissy.Germann@yopmail.com,Sissy.Germann@gmail.com,developer,14046
14146,Karly,Arley,Karly.Arley@yopmail.com,Karly.Arley@gmail.com,police officer,14047
14147,Jennica,Bonucci,Jennica.Bonucci@yopmail.com,Jennica.Bonucci@gmail.com,developer,14048
14148,Adore,Raseda,Adore.Raseda@yopmail.com,Adore.Raseda@gmail.com,worker,14049
14149,Queenie,Dunkin,Queenie.Dunkin@yopmail.com,Queenie.Dunkin@gmail.com,developer,14050
14150,Amara,Land,Amara.Land@yopmail.com,Amara.Land@gmail.com,police officer,14051
14151,Cherrita,Goddard,Cherrita.Goddard@yopmail.com,Cherrita.Goddard@gmail.com,worker,14052
14152,Rosanne,Winnick,Rosanne.Winnick@yopmail.com,Rosanne.Winnick@gmail.com,doctor,14053
14153,Adelle,Delp,Adelle.Delp@yopmail.com,Adelle.Delp@gmail.com,firefighter,14054
14154,Sue,Wallis,Sue.Wallis@yopmail.com,Sue.Wallis@gmail.com,police officer,14055
14155,Mariann,Rudolph,Mariann.Rudolph@yopmail.com,Mariann.Rudolph@gmail.com,firefighter,14056
14156,Marline,Nikaniki,Marline.Nikaniki@yopmail.com,Marline.Nikaniki@gmail.com,worker,14057
14157,Sadie,Lanita,Sadie.Lanita@yopmail.com,Sadie.Lanita@gmail.com,developer,14058
14158,Tierney,Lia,Tierney.Lia@yopmail.com,Tierney.Lia@gmail.com,doctor,14059
14159,Augustine,Borrell,Augustine.Borrell@yopmail.com,Augustine.Borrell@gmail.com,developer,14060
14160,Ekaterina,Pozzy,Ekaterina.Pozzy@yopmail.com,Ekaterina.Pozzy@gmail.com,police officer,14061
14161,Bertine,Carvey,Bertine.Carvey@yopmail.com,Bertine.Carvey@gmail.com,police officer,14062
14162,Carly,Israeli,Carly.Israeli@yopmail.com,Carly.Israeli@gmail.com,worker,14063
14163,Elka,Munn,Elka.Munn@yopmail.com,Elka.Munn@gmail.com,developer,14064
14164,Yetty,Garbe,Yetty.Garbe@yopmail.com,Yetty.Garbe@gmail.com,firefighter,14065
14165,Vivia,Fairweather,Vivia.Fairweather@yopmail.com,Vivia.Fairweather@gmail.com,developer,14066
14166,Henriette,Byrne,Henriette.Byrne@yopmail.com,Henriette.Byrne@gmail.com,developer,14067
14167,Correy,Weide,Correy.Weide@yopmail.com,Correy.Weide@gmail.com,developer,14068
14168,Lynde,Norrie,Lynde.Norrie@yopmail.com,Lynde.Norrie@gmail.com,developer,14069
14169,Babita,Noelyn,Babita.Noelyn@yopmail.com,Babita.Noelyn@gmail.com,developer,14070
14170,Merry,Bebe,Merry.Bebe@yopmail.com,Merry.Bebe@gmail.com,firefighter,14071
14171,Shandie,Old,Shandie.Old@yopmail.com,Shandie.Old@gmail.com,firefighter,14072
14172,Frank,Geffner,Frank.Geffner@yopmail.com,Frank.Geffner@gmail.com,firefighter,14073
14173,Kellen,Wiener,Kellen.Wiener@yopmail.com,Kellen.Wiener@gmail.com,firefighter,14074
14174,Danika,Allina,Danika.Allina@yopmail.com,Danika.Allina@gmail.com,developer,14075
14175,Marita,Bergman,Marita.Bergman@yopmail.com,Marita.Bergman@gmail.com,worker,14076
14176,Felice,Pozzy,Felice.Pozzy@yopmail.com,Felice.Pozzy@gmail.com,firefighter,14077
14177,Albertina,Kat,Albertina.Kat@yopmail.com,Albertina.Kat@gmail.com,police officer,14078
14178,Jaime,Clara,Jaime.Clara@yopmail.com,Jaime.Clara@gmail.com,police officer,14079
14179,Valera,Bahr,Valera.Bahr@yopmail.com,Valera.Bahr@gmail.com,doctor,14080
14180,Zsa Zsa,Tybald,Zsa Zsa.Tybald@yopmail.com,Zsa Zsa.Tybald@gmail.com,doctor,14081
14181,Christy,Croix,Christy.Croix@yopmail.com,Christy.Croix@gmail.com,developer,14082
14182,Leanna,Riva,Leanna.Riva@yopmail.com,Leanna.Riva@gmail.com,firefighter,14083
14183,Fayre,Bury,Fayre.Bury@yopmail.com,Fayre.Bury@gmail.com,developer,14084
14184,Allyce,Maxi,Allyce.Maxi@yopmail.com,Allyce.Maxi@gmail.com,developer,14085
14185,Fina,Harday,Fina.Harday@yopmail.com,Fina.Harday@gmail.com,worker,14086
14186,Paola,Neva,Paola.Neva@yopmail.com,Paola.Neva@gmail.com,developer,14087
14187,Gabriellia,Posner,Gabriellia.Posner@yopmail.com,Gabriellia.Posner@gmail.com,developer,14088
14188,Jessamyn,Kiersten,Jessamyn.Kiersten@yopmail.com,Jessamyn.Kiersten@gmail.com,police officer,14089
14189,Mary,Jacobah,Mary.Jacobah@yopmail.com,Mary.Jacobah@gmail.com,doctor,14090
14190,Shauna,Jacobah,Shauna.Jacobah@yopmail.com,Shauna.Jacobah@gmail.com,firefighter,14091
14191,Celisse,Behre,Celisse.Behre@yopmail.com,Celisse.Behre@gmail.com,worker,14092
14192,Carree,Wareing,Carree.Wareing@yopmail.com,Carree.Wareing@gmail.com,developer,14093
14193,Nollie,Rossner,Nollie.Rossner@yopmail.com,Nollie.Rossner@gmail.com,firefighter,14094
14194,Consuela,Grimbly,Consuela.Grimbly@yopmail.com,Consuela.Grimbly@gmail.com,developer,14095
14195,Johna,Ricarda,Johna.Ricarda@yopmail.com,Johna.Ricarda@gmail.com,worker,14096
14196,Coral,Braun,Coral.Braun@yopmail.com,Coral.Braun@gmail.com,police officer,14097
14197,Dagmar,Sadowski,Dagmar.Sadowski@yopmail.com,Dagmar.Sadowski@gmail.com,doctor,14098
14198,Christian,McCutcheon,Christian.McCutcheon@yopmail.com,Christian.McCutcheon@gmail.com,developer,14099
14199,Loree,Taam,Loree.Taam@yopmail.com,Loree.Taam@gmail.com,firefighter,14100
14200,Tobe,Eben,Tobe.Eben@yopmail.com,Tobe.Eben@gmail.com,developer,14101
14201,Kimberley,Katrine,Kimberley.Katrine@yopmail.com,Kimberley.Katrine@gmail.com,doctor,14102
14202,Maye,Sinegold,Maye.Sinegold@yopmail.com,Maye.Sinegold@gmail.com,firefighter,14103
14203,Harmonia,Dorcy,Harmonia.Dorcy@yopmail.com,Harmonia.Dorcy@gmail.com,doctor,14104
14204,Ayn,Martsen,Ayn.Martsen@yopmail.com,Ayn.Martsen@gmail.com,police officer,14105
14205,Josephine,Even,Josephine.Even@yopmail.com,Josephine.Even@gmail.com,firefighter,14106
14206,Ermengarde,Bennie,Ermengarde.Bennie@yopmail.com,Ermengarde.Bennie@gmail.com,police officer,14107
14207,Kate,Uund,Kate.Uund@yopmail.com,Kate.Uund@gmail.com,doctor,14108
14208,Robinia,Iphlgenia,Robinia.Iphlgenia@yopmail.com,Robinia.Iphlgenia@gmail.com,police officer,14109
14209,Raina,Carey,Raina.Carey@yopmail.com,Raina.Carey@gmail.com,doctor,14110
14210,Merci,Middleton,Merci.Middleton@yopmail.com,Merci.Middleton@gmail.com,developer,14111
14211,Fernande,Hunfredo,Fernande.Hunfredo@yopmail.com,Fernande.Hunfredo@gmail.com,police officer,14112
14212,Deane,Gombach,Deane.Gombach@yopmail.com,Deane.Gombach@gmail.com,developer,14113
14213,Isa,Isacco,Isa.Isacco@yopmail.com,Isa.Isacco@gmail.com,doctor,14114
14214,Beth,Vilma,Beth.Vilma@yopmail.com,Beth.Vilma@gmail.com,worker,14115
14215,Kimmy,Ader,Kimmy.Ader@yopmail.com,Kimmy.Ader@gmail.com,firefighter,14116
14216,Carolina,Vittoria,Carolina.Vittoria@yopmail.com,Carolina.Vittoria@gmail.com,worker,14117
14217,Celene,Cleo,Celene.Cleo@yopmail.com,Celene.Cleo@gmail.com,worker,14118
14218,Desirae,Korey,Desirae.Korey@yopmail.com,Desirae.Korey@gmail.com,worker,14119
14219,Maryellen,Wilona,Maryellen.Wilona@yopmail.com,Maryellen.Wilona@gmail.com,doctor,14120
14220,Chere,Riordan,Chere.Riordan@yopmail.com,Chere.Riordan@gmail.com,firefighter,14121
14221,Morganica,Evangelia,Morganica.Evangelia@yopmail.com,Morganica.Evangelia@gmail.com,doctor,14122
14222,Kimmy,Lilybelle,Kimmy.Lilybelle@yopmail.com,Kimmy.Lilybelle@gmail.com,worker,14123
14223,Evita,Modie,Evita.Modie@yopmail.com,Evita.Modie@gmail.com,doctor,14124
14224,Allis,Niccolo,Allis.Niccolo@yopmail.com,Allis.Niccolo@gmail.com,worker,14125
14225,Joy,Merat,Joy.Merat@yopmail.com,Joy.Merat@gmail.com,developer,14126
14226,Kellen,Elo,Kellen.Elo@yopmail.com,Kellen.Elo@gmail.com,doctor,14127
14227,Devina,Rossner,Devina.Rossner@yopmail.com,Devina.Rossner@gmail.com,developer,14128
14228,Claresta,Jerold,Claresta.Jerold@yopmail.com,Claresta.Jerold@gmail.com,worker,14129
14229,Madalyn,Cutlerr,Madalyn.Cutlerr@yopmail.com,Madalyn.Cutlerr@gmail.com,worker,14130
14230,Laurene,Earlie,Laurene.Earlie@yopmail.com,Laurene.Earlie@gmail.com,police officer,14131
14231,Margette,Cyrie,Margette.Cyrie@yopmail.com,Margette.Cyrie@gmail.com,worker,14132
14232,Sean,Billye,Sean.Billye@yopmail.com,Sean.Billye@gmail.com,developer,14133
14233,Flory,Pernick,Flory.Pernick@yopmail.com,Flory.Pernick@gmail.com,developer,14134
14234,Renae,Teryn,Renae.Teryn@yopmail.com,Renae.Teryn@gmail.com,doctor,14135
14235,Halette,Rogerio,Halette.Rogerio@yopmail.com,Halette.Rogerio@gmail.com,doctor,14136
14236,Taffy,Fink,Taffy.Fink@yopmail.com,Taffy.Fink@gmail.com,worker,14137
14237,Helsa,Moseley,Helsa.Moseley@yopmail.com,Helsa.Moseley@gmail.com,police officer,14138
14238,Teddie,Rocray,Teddie.Rocray@yopmail.com,Teddie.Rocray@gmail.com,doctor,14139
14239,Carmela,Sprage,Carmela.Sprage@yopmail.com,Carmela.Sprage@gmail.com,worker,14140
14240,Myriam,Sperling,Myriam.Sperling@yopmail.com,Myriam.Sperling@gmail.com,worker,14141
14241,Xylina,Cherianne,Xylina.Cherianne@yopmail.com,Xylina.Cherianne@gmail.com,developer,14142
14242,Elvira,Freddi,Elvira.Freddi@yopmail.com,Elvira.Freddi@gmail.com,worker,14143
14243,Tabbatha,Saree,Tabbatha.Saree@yopmail.com,Tabbatha.Saree@gmail.com,developer,14144
14244,Tilly,Wesle,Tilly.Wesle@yopmail.com,Tilly.Wesle@gmail.com,firefighter,14145
14245,Xylina,Rona,Xylina.Rona@yopmail.com,Xylina.Rona@gmail.com,doctor,14146
14246,Therine,Tiffa,Therine.Tiffa@yopmail.com,Therine.Tiffa@gmail.com,worker,14147
14247,Jessamyn,Hieronymus,Jessamyn.Hieronymus@yopmail.com,Jessamyn.Hieronymus@gmail.com,firefighter,14148
14248,Roseline,Poppy,Roseline.Poppy@yopmail.com,Roseline.Poppy@gmail.com,police officer,14149
14249,Dianemarie,Rugen,Dianemarie.Rugen@yopmail.com,Dianemarie.Rugen@gmail.com,worker,14150
14250,Helsa,Candy,Helsa.Candy@yopmail.com,Helsa.Candy@gmail.com,doctor,14151
14251,Alia,Slifka,Alia.Slifka@yopmail.com,Alia.Slifka@gmail.com,police officer,14152
14252,Sara-Ann,Jary,Sara-Ann.Jary@yopmail.com,Sara-Ann.Jary@gmail.com,firefighter,14153
14253,Dorthy,Kinnard,Dorthy.Kinnard@yopmail.com,Dorthy.Kinnard@gmail.com,doctor,14154
14254,Jobi,Soneson,Jobi.Soneson@yopmail.com,Jobi.Soneson@gmail.com,doctor,14155
14255,Shandie,Winnick,Shandie.Winnick@yopmail.com,Shandie.Winnick@gmail.com,worker,14156
14256,Rosanne,Giule,Rosanne.Giule@yopmail.com,Rosanne.Giule@gmail.com,worker,14157
14257,Alyssa,Bahr,Alyssa.Bahr@yopmail.com,Alyssa.Bahr@gmail.com,worker,14158
14258,Shel,Hazlett,Shel.Hazlett@yopmail.com,Shel.Hazlett@gmail.com,police officer,14159
14259,Alyssa,Nicoline,Alyssa.Nicoline@yopmail.com,Alyssa.Nicoline@gmail.com,worker,14160
14260,Suzette,Kinnard,Suzette.Kinnard@yopmail.com,Suzette.Kinnard@gmail.com,worker,14161
14261,Dulcinea,Lattie,Dulcinea.Lattie@yopmail.com,Dulcinea.Lattie@gmail.com,worker,14162
14262,Cam,Dunkin,Cam.Dunkin@yopmail.com,Cam.Dunkin@gmail.com,police officer,14163
14263,Collen,Vary,Collen.Vary@yopmail.com,Collen.Vary@gmail.com,worker,14164
14264,Berget,Publia,Berget.Publia@yopmail.com,Berget.Publia@gmail.com,worker,14165
14265,Bobbi,Merriott,Bobbi.Merriott@yopmail.com,Bobbi.Merriott@gmail.com,police officer,14166
14266,Kellen,Sundin,Kellen.Sundin@yopmail.com,Kellen.Sundin@gmail.com,doctor,14167
14267,Verla,An,Verla.An@yopmail.com,Verla.An@gmail.com,developer,14168
14268,Di,Shaver,Di.Shaver@yopmail.com,Di.Shaver@gmail.com,doctor,14169
14269,Eugine,Sallyann,Eugine.Sallyann@yopmail.com,Eugine.Sallyann@gmail.com,police officer,14170
14270,Augustine,Thomasina,Augustine.Thomasina@yopmail.com,Augustine.Thomasina@gmail.com,police officer,14171
14271,Olwen,Zenas,Olwen.Zenas@yopmail.com,Olwen.Zenas@gmail.com,developer,14172
14272,Britte,Rubie,Britte.Rubie@yopmail.com,Britte.Rubie@gmail.com,developer,14173
14273,Cristabel,Doig,Cristabel.Doig@yopmail.com,Cristabel.Doig@gmail.com,worker,14174
14274,Kristina,Glovsky,Kristina.Glovsky@yopmail.com,Kristina.Glovsky@gmail.com,police officer,14175
14275,Constance,Pillsbury,Constance.Pillsbury@yopmail.com,Constance.Pillsbury@gmail.com,worker,14176
14276,Annora,Idelia,Annora.Idelia@yopmail.com,Annora.Idelia@gmail.com,developer,14177
14277,Ezmeralda,Crudden,Ezmeralda.Crudden@yopmail.com,Ezmeralda.Crudden@gmail.com,developer,14178
14278,Gloria,McLaughlin,Gloria.McLaughlin@yopmail.com,Gloria.McLaughlin@gmail.com,firefighter,14179
14279,Aeriela,Mandler,Aeriela.Mandler@yopmail.com,Aeriela.Mandler@gmail.com,developer,14180
14280,Dari,Pearse,Dari.Pearse@yopmail.com,Dari.Pearse@gmail.com,worker,14181
14281,Pearline,Secrest,Pearline.Secrest@yopmail.com,Pearline.Secrest@gmail.com,developer,14182
14282,Juliane,Larochelle,Juliane.Larochelle@yopmail.com,Juliane.Larochelle@gmail.com,police officer,14183
14283,Dominga,Alisia,Dominga.Alisia@yopmail.com,Dominga.Alisia@gmail.com,police officer,14184
14284,Bill,Kalinda,Bill.Kalinda@yopmail.com,Bill.Kalinda@gmail.com,police officer,14185
14285,Leontine,Isidore,Leontine.Isidore@yopmail.com,Leontine.Isidore@gmail.com,developer,14186
14286,Oralee,Wenda,Oralee.Wenda@yopmail.com,Oralee.Wenda@gmail.com,firefighter,14187
14287,Hermione,Roche,Hermione.Roche@yopmail.com,Hermione.Roche@gmail.com,doctor,14188
14288,Frances,Haldas,Frances.Haldas@yopmail.com,Frances.Haldas@gmail.com,developer,14189
14289,Carlie,Lewes,Carlie.Lewes@yopmail.com,Carlie.Lewes@gmail.com,worker,14190
14290,Philis,Ruvolo,Philis.Ruvolo@yopmail.com,Philis.Ruvolo@gmail.com,worker,14191
14291,Konstance,Iiette,Konstance.Iiette@yopmail.com,Konstance.Iiette@gmail.com,doctor,14192
14292,Alexine,Adamsen,Alexine.Adamsen@yopmail.com,Alexine.Adamsen@gmail.com,police officer,14193
14293,Maurene,Hortensia,Maurene.Hortensia@yopmail.com,Maurene.Hortensia@gmail.com,doctor,14194
14294,Kary,Chabot,Kary.Chabot@yopmail.com,Kary.Chabot@gmail.com,doctor,14195
14295,Raquela,Thilda,Raquela.Thilda@yopmail.com,Raquela.Thilda@gmail.com,worker,14196
14296,Augustine,Nester,Augustine.Nester@yopmail.com,Augustine.Nester@gmail.com,police officer,14197
14297,Louella,Laurianne,Louella.Laurianne@yopmail.com,Louella.Laurianne@gmail.com,developer,14198
14298,Aryn,Pernick,Aryn.Pernick@yopmail.com,Aryn.Pernick@gmail.com,police officer,14199
14299,Dawn,Edee,Dawn.Edee@yopmail.com,Dawn.Edee@gmail.com,firefighter,14200
14300,Dolli,Darbie,Dolli.Darbie@yopmail.com,Dolli.Darbie@gmail.com,firefighter,14201
14301,Hallie,Bakerman,Hallie.Bakerman@yopmail.com,Hallie.Bakerman@gmail.com,police officer,14202
14302,Ileana,Hollingsworth,Ileana.Hollingsworth@yopmail.com,Ileana.Hollingsworth@gmail.com,firefighter,14203
14303,Mellicent,Cecile,Mellicent.Cecile@yopmail.com,Mellicent.Cecile@gmail.com,doctor,14204
14304,Lynde,Tippets,Lynde.Tippets@yopmail.com,Lynde.Tippets@gmail.com,developer,14205
14305,Teriann,Westphal,Teriann.Westphal@yopmail.com,Teriann.Westphal@gmail.com,police officer,14206
14306,Lenna,Turne,Lenna.Turne@yopmail.com,Lenna.Turne@gmail.com,police officer,14207
14307,Selma,Regan,Selma.Regan@yopmail.com,Selma.Regan@gmail.com,doctor,14208
14308,Roberta,Burkle,Roberta.Burkle@yopmail.com,Roberta.Burkle@gmail.com,doctor,14209
14309,Alia,Felizio,Alia.Felizio@yopmail.com,Alia.Felizio@gmail.com,firefighter,14210
14310,Roxane,Gherardo,Roxane.Gherardo@yopmail.com,Roxane.Gherardo@gmail.com,firefighter,14211
14311,Leeanne,Arquit,Leeanne.Arquit@yopmail.com,Leeanne.Arquit@gmail.com,doctor,14212
14312,Madeleine,Ophelia,Madeleine.Ophelia@yopmail.com,Madeleine.Ophelia@gmail.com,firefighter,14213
14313,Emma,Lunsford,Emma.Lunsford@yopmail.com,Emma.Lunsford@gmail.com,police officer,14214
14314,Vevay,Wareing,Vevay.Wareing@yopmail.com,Vevay.Wareing@gmail.com,developer,14215
14315,Raf,Ioab,Raf.Ioab@yopmail.com,Raf.Ioab@gmail.com,firefighter,14216
14316,Britte,Teddman,Britte.Teddman@yopmail.com,Britte.Teddman@gmail.com,doctor,14217
14317,Paola,Philipp,Paola.Philipp@yopmail.com,Paola.Philipp@gmail.com,developer,14218
14318,Cherilyn,Orlene,Cherilyn.Orlene@yopmail.com,Cherilyn.Orlene@gmail.com,firefighter,14219
14319,Tori,Donell,Tori.Donell@yopmail.com,Tori.Donell@gmail.com,firefighter,14220
14320,Kelly,Tristram,Kelly.Tristram@yopmail.com,Kelly.Tristram@gmail.com,worker,14221
14321,Carmela,Barrus,Carmela.Barrus@yopmail.com,Carmela.Barrus@gmail.com,developer,14222
14322,Donetta,Bivins,Donetta.Bivins@yopmail.com,Donetta.Bivins@gmail.com,doctor,14223
14323,Wendi,Buffum,Wendi.Buffum@yopmail.com,Wendi.Buffum@gmail.com,police officer,14224
14324,Kirbee,Berl,Kirbee.Berl@yopmail.com,Kirbee.Berl@gmail.com,developer,14225
14325,Albertina,Celestine,Albertina.Celestine@yopmail.com,Albertina.Celestine@gmail.com,doctor,14226
14326,Marita,Breed,Marita.Breed@yopmail.com,Marita.Breed@gmail.com,firefighter,14227
14327,Dyann,Gaynor,Dyann.Gaynor@yopmail.com,Dyann.Gaynor@gmail.com,developer,14228
14328,Nollie,Berard,Nollie.Berard@yopmail.com,Nollie.Berard@gmail.com,doctor,14229
14329,Nyssa,Firmin,Nyssa.Firmin@yopmail.com,Nyssa.Firmin@gmail.com,firefighter,14230
14330,Millie,Fabiola,Millie.Fabiola@yopmail.com,Millie.Fabiola@gmail.com,doctor,14231
14331,Eadie,Berne,Eadie.Berne@yopmail.com,Eadie.Berne@gmail.com,worker,14232
14332,Clementine,Bronk,Clementine.Bronk@yopmail.com,Clementine.Bronk@gmail.com,police officer,14233
14333,Tiffie,Bigner,Tiffie.Bigner@yopmail.com,Tiffie.Bigner@gmail.com,worker,14234
14334,June,Warthman,June.Warthman@yopmail.com,June.Warthman@gmail.com,firefighter,14235
14335,Andree,Kermit,Andree.Kermit@yopmail.com,Andree.Kermit@gmail.com,doctor,14236
14336,Leontine,Shanley,Leontine.Shanley@yopmail.com,Leontine.Shanley@gmail.com,doctor,14237
14337,June,Idelia,June.Idelia@yopmail.com,June.Idelia@gmail.com,worker,14238
14338,Phedra,Adamsen,Phedra.Adamsen@yopmail.com,Phedra.Adamsen@gmail.com,worker,14239
14339,Vanessa,Cornelia,Vanessa.Cornelia@yopmail.com,Vanessa.Cornelia@gmail.com,doctor,14240
14340,Nicoli,Winnick,Nicoli.Winnick@yopmail.com,Nicoli.Winnick@gmail.com,doctor,14241
14341,Gertrud,Bow,Gertrud.Bow@yopmail.com,Gertrud.Bow@gmail.com,firefighter,14242
14342,Carmencita,Boehike,Carmencita.Boehike@yopmail.com,Carmencita.Boehike@gmail.com,police officer,14243
14343,Di,Pandolfi,Di.Pandolfi@yopmail.com,Di.Pandolfi@gmail.com,worker,14244
14344,Aigneis,Stover,Aigneis.Stover@yopmail.com,Aigneis.Stover@gmail.com,doctor,14245
14345,Karolina,Stuart,Karolina.Stuart@yopmail.com,Karolina.Stuart@gmail.com,developer,14246
14346,Lusa,Hessler,Lusa.Hessler@yopmail.com,Lusa.Hessler@gmail.com,doctor,14247
14347,Lynde,Hanleigh,Lynde.Hanleigh@yopmail.com,Lynde.Hanleigh@gmail.com,worker,14248
14348,Carree,Ackerley,Carree.Ackerley@yopmail.com,Carree.Ackerley@gmail.com,firefighter,14249
14349,Lynea,Ambrosia,Lynea.Ambrosia@yopmail.com,Lynea.Ambrosia@gmail.com,firefighter,14250
14350,Elfreda,Lory,Elfreda.Lory@yopmail.com,Elfreda.Lory@gmail.com,police officer,14251
14351,Mady,Socha,Mady.Socha@yopmail.com,Mady.Socha@gmail.com,developer,14252
14352,Ruthe,Keelia,Ruthe.Keelia@yopmail.com,Ruthe.Keelia@gmail.com,worker,14253
14353,Imojean,Delila,Imojean.Delila@yopmail.com,Imojean.Delila@gmail.com,police officer,14254
14354,Shel,Gaal,Shel.Gaal@yopmail.com,Shel.Gaal@gmail.com,doctor,14255
14355,Tami,Raseda,Tami.Raseda@yopmail.com,Tami.Raseda@gmail.com,developer,14256
14356,Celene,Creamer,Celene.Creamer@yopmail.com,Celene.Creamer@gmail.com,police officer,14257
14357,Feliza,Maryanne,Feliza.Maryanne@yopmail.com,Feliza.Maryanne@gmail.com,police officer,14258
14358,Shandie,Tatianas,Shandie.Tatianas@yopmail.com,Shandie.Tatianas@gmail.com,worker,14259
14359,Merry,Abbot,Merry.Abbot@yopmail.com,Merry.Abbot@gmail.com,firefighter,14260
14360,Lonnie,Winnick,Lonnie.Winnick@yopmail.com,Lonnie.Winnick@gmail.com,worker,14261
14361,Gianina,Cloris,Gianina.Cloris@yopmail.com,Gianina.Cloris@gmail.com,developer,14262
14362,Alameda,Bouchard,Alameda.Bouchard@yopmail.com,Alameda.Bouchard@gmail.com,worker,14263
14363,Lucy,Travax,Lucy.Travax@yopmail.com,Lucy.Travax@gmail.com,worker,14264
14364,Ivett,Margarete,Ivett.Margarete@yopmail.com,Ivett.Margarete@gmail.com,doctor,14265
14365,Brietta,Roscoe,Brietta.Roscoe@yopmail.com,Brietta.Roscoe@gmail.com,firefighter,14266
14366,Yolane,Sidonius,Yolane.Sidonius@yopmail.com,Yolane.Sidonius@gmail.com,police officer,14267
14367,Hettie,Natica,Hettie.Natica@yopmail.com,Hettie.Natica@gmail.com,developer,14268
14368,Juliane,Belanger,Juliane.Belanger@yopmail.com,Juliane.Belanger@gmail.com,doctor,14269
14369,Doro,Sekofski,Doro.Sekofski@yopmail.com,Doro.Sekofski@gmail.com,doctor,14270
14370,Edith,Irmine,Edith.Irmine@yopmail.com,Edith.Irmine@gmail.com,police officer,14271
14371,Sharai,Boycey,Sharai.Boycey@yopmail.com,Sharai.Boycey@gmail.com,developer,14272
14372,Lilith,Teddman,Lilith.Teddman@yopmail.com,Lilith.Teddman@gmail.com,doctor,14273
14373,Marjie,Reinke,Marjie.Reinke@yopmail.com,Marjie.Reinke@gmail.com,worker,14274
14374,Aaren,Zamora,Aaren.Zamora@yopmail.com,Aaren.Zamora@gmail.com,police officer,14275
14375,Marjie,Schroth,Marjie.Schroth@yopmail.com,Marjie.Schroth@gmail.com,worker,14276
14376,Imojean,Armanda,Imojean.Armanda@yopmail.com,Imojean.Armanda@gmail.com,doctor,14277
14377,Roxane,McClimans,Roxane.McClimans@yopmail.com,Roxane.McClimans@gmail.com,worker,14278
14378,Mamie,Atcliffe,Mamie.Atcliffe@yopmail.com,Mamie.Atcliffe@gmail.com,police officer,14279
14379,Roseline,Ciro,Roseline.Ciro@yopmail.com,Roseline.Ciro@gmail.com,police officer,14280
14380,Vanessa,Phyllis,Vanessa.Phyllis@yopmail.com,Vanessa.Phyllis@gmail.com,doctor,14281
14381,Nerta,Thad,Nerta.Thad@yopmail.com,Nerta.Thad@gmail.com,doctor,14282
14382,Kalina,Pandolfi,Kalina.Pandolfi@yopmail.com,Kalina.Pandolfi@gmail.com,worker,14283
14383,Addia,Macey,Addia.Macey@yopmail.com,Addia.Macey@gmail.com,worker,14284
14384,Roz,Hilbert,Roz.Hilbert@yopmail.com,Roz.Hilbert@gmail.com,doctor,14285
14385,Gretal,Goode,Gretal.Goode@yopmail.com,Gretal.Goode@gmail.com,firefighter,14286
14386,Tierney,Forrer,Tierney.Forrer@yopmail.com,Tierney.Forrer@gmail.com,firefighter,14287
14387,Halette,Wandie,Halette.Wandie@yopmail.com,Halette.Wandie@gmail.com,firefighter,14288
14388,Donetta,Junie,Donetta.Junie@yopmail.com,Donetta.Junie@gmail.com,worker,14289
14389,Vonny,Tamar,Vonny.Tamar@yopmail.com,Vonny.Tamar@gmail.com,police officer,14290
14390,Renae,Valerio,Renae.Valerio@yopmail.com,Renae.Valerio@gmail.com,developer,14291
14391,Sherrie,Cleo,Sherrie.Cleo@yopmail.com,Sherrie.Cleo@gmail.com,firefighter,14292
14392,Felice,Kimmie,Felice.Kimmie@yopmail.com,Felice.Kimmie@gmail.com,police officer,14293
14393,Antonietta,Orlene,Antonietta.Orlene@yopmail.com,Antonietta.Orlene@gmail.com,worker,14294
14394,Tierney,Ambrosia,Tierney.Ambrosia@yopmail.com,Tierney.Ambrosia@gmail.com,worker,14295
14395,Lolita,Brady,Lolita.Brady@yopmail.com,Lolita.Brady@gmail.com,doctor,14296
14396,Elsie,Ahab,Elsie.Ahab@yopmail.com,Elsie.Ahab@gmail.com,doctor,14297
14397,Leeanne,Karylin,Leeanne.Karylin@yopmail.com,Leeanne.Karylin@gmail.com,developer,14298
14398,Mamie,Fleeta,Mamie.Fleeta@yopmail.com,Mamie.Fleeta@gmail.com,developer,14299
14399,Melisent,Jary,Melisent.Jary@yopmail.com,Melisent.Jary@gmail.com,police officer,14300
14400,Lonnie,Sharl,Lonnie.Sharl@yopmail.com,Lonnie.Sharl@gmail.com,worker,14301
14401,Shirlee,Dalli,Shirlee.Dalli@yopmail.com,Shirlee.Dalli@gmail.com,worker,14302
14402,Jackie,Eben,Jackie.Eben@yopmail.com,Jackie.Eben@gmail.com,doctor,14303
14403,Latisha,Blake,Latisha.Blake@yopmail.com,Latisha.Blake@gmail.com,firefighter,14304
14404,Valli,Serilda,Valli.Serilda@yopmail.com,Valli.Serilda@gmail.com,firefighter,14305
14405,Dale,Francene,Dale.Francene@yopmail.com,Dale.Francene@gmail.com,worker,14306
14406,Gilda,Rillings,Gilda.Rillings@yopmail.com,Gilda.Rillings@gmail.com,police officer,14307
14407,Latisha,Kelula,Latisha.Kelula@yopmail.com,Latisha.Kelula@gmail.com,developer,14308
14408,Cathyleen,Klotz,Cathyleen.Klotz@yopmail.com,Cathyleen.Klotz@gmail.com,firefighter,14309
14409,Sadie,Adrienne,Sadie.Adrienne@yopmail.com,Sadie.Adrienne@gmail.com,worker,14310
14410,Blondelle,Ivens,Blondelle.Ivens@yopmail.com,Blondelle.Ivens@gmail.com,doctor,14311
14411,Glenda,Rese,Glenda.Rese@yopmail.com,Glenda.Rese@gmail.com,worker,14312
14412,Lizzie,MacIntosh,Lizzie.MacIntosh@yopmail.com,Lizzie.MacIntosh@gmail.com,doctor,14313
14413,Sam,Laverne,Sam.Laverne@yopmail.com,Sam.Laverne@gmail.com,firefighter,14314
14414,Paulita,Knowling,Paulita.Knowling@yopmail.com,Paulita.Knowling@gmail.com,worker,14315
14415,Sadie,Hurley,Sadie.Hurley@yopmail.com,Sadie.Hurley@gmail.com,doctor,14316
14416,Katharina,Madox,Katharina.Madox@yopmail.com,Katharina.Madox@gmail.com,developer,14317
14417,Brana,Marlie,Brana.Marlie@yopmail.com,Brana.Marlie@gmail.com,police officer,14318
14418,Agathe,Mintz,Agathe.Mintz@yopmail.com,Agathe.Mintz@gmail.com,worker,14319
14419,Wileen,Latini,Wileen.Latini@yopmail.com,Wileen.Latini@gmail.com,developer,14320
14420,Max,Kiyoshi,Max.Kiyoshi@yopmail.com,Max.Kiyoshi@gmail.com,police officer,14321
14421,Maisey,Nester,Maisey.Nester@yopmail.com,Maisey.Nester@gmail.com,worker,14322
14422,Jolyn,Dorothy,Jolyn.Dorothy@yopmail.com,Jolyn.Dorothy@gmail.com,firefighter,14323
14423,Dyann,Seagraves,Dyann.Seagraves@yopmail.com,Dyann.Seagraves@gmail.com,doctor,14324
14424,Regina,Johnsson,Regina.Johnsson@yopmail.com,Regina.Johnsson@gmail.com,doctor,14325
14425,Lesly,Afton,Lesly.Afton@yopmail.com,Lesly.Afton@gmail.com,firefighter,14326
14426,Raina,Ortrude,Raina.Ortrude@yopmail.com,Raina.Ortrude@gmail.com,doctor,14327
14427,Trixi,Huggins,Trixi.Huggins@yopmail.com,Trixi.Huggins@gmail.com,developer,14328
14428,Constance,Liebermann,Constance.Liebermann@yopmail.com,Constance.Liebermann@gmail.com,police officer,14329
14429,Imojean,Delacourt,Imojean.Delacourt@yopmail.com,Imojean.Delacourt@gmail.com,doctor,14330
14430,Mahalia,Sheng,Mahalia.Sheng@yopmail.com,Mahalia.Sheng@gmail.com,worker,14331
14431,Barbara,Milde,Barbara.Milde@yopmail.com,Barbara.Milde@gmail.com,doctor,14332
14432,Mignon,Woodberry,Mignon.Woodberry@yopmail.com,Mignon.Woodberry@gmail.com,police officer,14333
14433,Judy,Hillel,Judy.Hillel@yopmail.com,Judy.Hillel@gmail.com,doctor,14334
14434,Vanessa,McClimans,Vanessa.McClimans@yopmail.com,Vanessa.McClimans@gmail.com,doctor,14335
14435,Andree,Soneson,Andree.Soneson@yopmail.com,Andree.Soneson@gmail.com,doctor,14336
14436,Vita,Elbertina,Vita.Elbertina@yopmail.com,Vita.Elbertina@gmail.com,police officer,14337
14437,Carly,Zachary,Carly.Zachary@yopmail.com,Carly.Zachary@gmail.com,developer,14338
14438,Dorthy,Olin,Dorthy.Olin@yopmail.com,Dorthy.Olin@gmail.com,developer,14339
14439,Leeanne,Judye,Leeanne.Judye@yopmail.com,Leeanne.Judye@gmail.com,firefighter,14340
14440,Gaylene,Seumas,Gaylene.Seumas@yopmail.com,Gaylene.Seumas@gmail.com,firefighter,14341
14441,Jaime,Woodberry,Jaime.Woodberry@yopmail.com,Jaime.Woodberry@gmail.com,developer,14342
14442,Alisha,Obed,Alisha.Obed@yopmail.com,Alisha.Obed@gmail.com,developer,14343
14443,Merrie,Edee,Merrie.Edee@yopmail.com,Merrie.Edee@gmail.com,worker,14344
14444,Kara-Lynn,Michella,Kara-Lynn.Michella@yopmail.com,Kara-Lynn.Michella@gmail.com,firefighter,14345
14445,Marcelline,Jorgan,Marcelline.Jorgan@yopmail.com,Marcelline.Jorgan@gmail.com,police officer,14346
14446,Michaelina,Reneta,Michaelina.Reneta@yopmail.com,Michaelina.Reneta@gmail.com,police officer,14347
14447,Rozele,Greenwald,Rozele.Greenwald@yopmail.com,Rozele.Greenwald@gmail.com,worker,14348
14448,Peri,Jeanne,Peri.Jeanne@yopmail.com,Peri.Jeanne@gmail.com,police officer,14349
14449,Violet,Thilda,Violet.Thilda@yopmail.com,Violet.Thilda@gmail.com,developer,14350
14450,Nariko,Plato,Nariko.Plato@yopmail.com,Nariko.Plato@gmail.com,developer,14351
14451,Jorry,Natalia,Jorry.Natalia@yopmail.com,Jorry.Natalia@gmail.com,police officer,14352
14452,Dotty,Keelia,Dotty.Keelia@yopmail.com,Dotty.Keelia@gmail.com,firefighter,14353
14453,Eugine,Sandye,Eugine.Sandye@yopmail.com,Eugine.Sandye@gmail.com,doctor,14354
14454,Chastity,Devlen,Chastity.Devlen@yopmail.com,Chastity.Devlen@gmail.com,developer,14355
14455,Modestia,Uird,Modestia.Uird@yopmail.com,Modestia.Uird@gmail.com,developer,14356
14456,Natka,Warthman,Natka.Warthman@yopmail.com,Natka.Warthman@gmail.com,doctor,14357
14457,Merrie,Carmena,Merrie.Carmena@yopmail.com,Merrie.Carmena@gmail.com,police officer,14358
14458,Sheelagh,Ciro,Sheelagh.Ciro@yopmail.com,Sheelagh.Ciro@gmail.com,firefighter,14359
14459,Berget,Gamaliel,Berget.Gamaliel@yopmail.com,Berget.Gamaliel@gmail.com,police officer,14360
14460,Joleen,Fabiola,Joleen.Fabiola@yopmail.com,Joleen.Fabiola@gmail.com,developer,14361
14461,Latisha,Rodmann,Latisha.Rodmann@yopmail.com,Latisha.Rodmann@gmail.com,police officer,14362
14462,Nessie,Salchunas,Nessie.Salchunas@yopmail.com,Nessie.Salchunas@gmail.com,police officer,14363
14463,Allis,Corabella,Allis.Corabella@yopmail.com,Allis.Corabella@gmail.com,police officer,14364
14464,Cecile,Saunderson,Cecile.Saunderson@yopmail.com,Cecile.Saunderson@gmail.com,police officer,14365
14465,Georgina,Bonilla,Georgina.Bonilla@yopmail.com,Georgina.Bonilla@gmail.com,worker,14366
14466,Drucie,Dorcy,Drucie.Dorcy@yopmail.com,Drucie.Dorcy@gmail.com,firefighter,14367
14467,Loree,Berard,Loree.Berard@yopmail.com,Loree.Berard@gmail.com,worker,14368
14468,Madalyn,Jeanne,Madalyn.Jeanne@yopmail.com,Madalyn.Jeanne@gmail.com,worker,14369
14469,Sara-Ann,Bergman,Sara-Ann.Bergman@yopmail.com,Sara-Ann.Bergman@gmail.com,firefighter,14370
14470,Lyssa,Guthrie,Lyssa.Guthrie@yopmail.com,Lyssa.Guthrie@gmail.com,police officer,14371
14471,Elie,Martguerita,Elie.Martguerita@yopmail.com,Elie.Martguerita@gmail.com,police officer,14372
14472,Kate,Phi,Kate.Phi@yopmail.com,Kate.Phi@gmail.com,worker,14373
14473,Alex,Haymes,Alex.Haymes@yopmail.com,Alex.Haymes@gmail.com,developer,14374
14474,Ardeen,Yate,Ardeen.Yate@yopmail.com,Ardeen.Yate@gmail.com,developer,14375
14475,Doralynne,Land,Doralynne.Land@yopmail.com,Doralynne.Land@gmail.com,firefighter,14376
14476,Perry,Magdalen,Perry.Magdalen@yopmail.com,Perry.Magdalen@gmail.com,firefighter,14377
14477,Gwyneth,Gillan,Gwyneth.Gillan@yopmail.com,Gwyneth.Gillan@gmail.com,firefighter,14378
14478,Cissiee,Rozanna,Cissiee.Rozanna@yopmail.com,Cissiee.Rozanna@gmail.com,doctor,14379
14479,Lelah,Kiyoshi,Lelah.Kiyoshi@yopmail.com,Lelah.Kiyoshi@gmail.com,firefighter,14380
14480,Natka,Buffum,Natka.Buffum@yopmail.com,Natka.Buffum@gmail.com,worker,14381
14481,Barbara,Arathorn,Barbara.Arathorn@yopmail.com,Barbara.Arathorn@gmail.com,police officer,14382
14482,Ingrid,Hull,Ingrid.Hull@yopmail.com,Ingrid.Hull@gmail.com,police officer,14383
14483,Nelle,Allina,Nelle.Allina@yopmail.com,Nelle.Allina@gmail.com,worker,14384
14484,Fayre,Telfer,Fayre.Telfer@yopmail.com,Fayre.Telfer@gmail.com,worker,14385
14485,Gertrud,Aprile,Gertrud.Aprile@yopmail.com,Gertrud.Aprile@gmail.com,worker,14386
14486,Marsiella,Bonucci,Marsiella.Bonucci@yopmail.com,Marsiella.Bonucci@gmail.com,police officer,14387
14487,Britte,Herrera,Britte.Herrera@yopmail.com,Britte.Herrera@gmail.com,doctor,14388
14488,Dode,Junie,Dode.Junie@yopmail.com,Dode.Junie@gmail.com,firefighter,14389
14489,Gusella,Lorenz,Gusella.Lorenz@yopmail.com,Gusella.Lorenz@gmail.com,worker,14390
14490,Viki,Jillane,Viki.Jillane@yopmail.com,Viki.Jillane@gmail.com,developer,14391
14491,Elsie,Nester,Elsie.Nester@yopmail.com,Elsie.Nester@gmail.com,developer,14392
14492,Rori,Knowling,Rori.Knowling@yopmail.com,Rori.Knowling@gmail.com,doctor,14393
14493,Lauryn,Liebermann,Lauryn.Liebermann@yopmail.com,Lauryn.Liebermann@gmail.com,worker,14394
14494,Aaren,Niles,Aaren.Niles@yopmail.com,Aaren.Niles@gmail.com,police officer,14395
14495,Joelly,Silvan,Joelly.Silvan@yopmail.com,Joelly.Silvan@gmail.com,police officer,14396
14496,Chloris,Gower,Chloris.Gower@yopmail.com,Chloris.Gower@gmail.com,firefighter,14397
14497,Leanna,Doig,Leanna.Doig@yopmail.com,Leanna.Doig@gmail.com,firefighter,14398
14498,Maisey,Kravits,Maisey.Kravits@yopmail.com,Maisey.Kravits@gmail.com,police officer,14399
14499,Ulrike,Zola,Ulrike.Zola@yopmail.com,Ulrike.Zola@gmail.com,police officer,14400
14500,Vere,Quent,Vere.Quent@yopmail.com,Vere.Quent@gmail.com,doctor,14401
14501,Gilda,Narton,Gilda.Narton@yopmail.com,Gilda.Narton@gmail.com,worker,14402
14502,Anestassia,Carmena,Anestassia.Carmena@yopmail.com,Anestassia.Carmena@gmail.com,worker,14403
14503,Robinia,Clara,Robinia.Clara@yopmail.com,Robinia.Clara@gmail.com,police officer,14404
14504,Chastity,Sikorski,Chastity.Sikorski@yopmail.com,Chastity.Sikorski@gmail.com,doctor,14405
14505,Rhoda,Hermes,Rhoda.Hermes@yopmail.com,Rhoda.Hermes@gmail.com,firefighter,14406
14506,Dennie,Kunin,Dennie.Kunin@yopmail.com,Dennie.Kunin@gmail.com,police officer,14407
14507,Angelique,Sheedy,Angelique.Sheedy@yopmail.com,Angelique.Sheedy@gmail.com,police officer,14408
14508,Blinni,Keelia,Blinni.Keelia@yopmail.com,Blinni.Keelia@gmail.com,worker,14409
14509,Gilligan,Tufts,Gilligan.Tufts@yopmail.com,Gilligan.Tufts@gmail.com,developer,14410
14510,Lory,Dulciana,Lory.Dulciana@yopmail.com,Lory.Dulciana@gmail.com,doctor,14411
14511,Fidelia,Sothena,Fidelia.Sothena@yopmail.com,Fidelia.Sothena@gmail.com,police officer,14412
14512,Gabriellia,Yuille,Gabriellia.Yuille@yopmail.com,Gabriellia.Yuille@gmail.com,developer,14413
14513,Corry,Zetta,Corry.Zetta@yopmail.com,Corry.Zetta@gmail.com,firefighter,14414
14514,Kaja,Lamoree,Kaja.Lamoree@yopmail.com,Kaja.Lamoree@gmail.com,developer,14415
14515,Betta,Sancho,Betta.Sancho@yopmail.com,Betta.Sancho@gmail.com,firefighter,14416
14516,Peri,Stefa,Peri.Stefa@yopmail.com,Peri.Stefa@gmail.com,developer,14417
14517,Mildrid,Deny,Mildrid.Deny@yopmail.com,Mildrid.Deny@gmail.com,police officer,14418
14518,Mara,Tacye,Mara.Tacye@yopmail.com,Mara.Tacye@gmail.com,worker,14419
14519,Esmeralda,Argus,Esmeralda.Argus@yopmail.com,Esmeralda.Argus@gmail.com,doctor,14420
14520,Lizzie,Goldina,Lizzie.Goldina@yopmail.com,Lizzie.Goldina@gmail.com,police officer,14421
14521,Carlie,Korey,Carlie.Korey@yopmail.com,Carlie.Korey@gmail.com,worker,14422
14522,Norine,Nester,Norine.Nester@yopmail.com,Norine.Nester@gmail.com,worker,14423
14523,Mara,Corabella,Mara.Corabella@yopmail.com,Mara.Corabella@gmail.com,doctor,14424
14524,Berta,Hoenack,Berta.Hoenack@yopmail.com,Berta.Hoenack@gmail.com,worker,14425
14525,Wendi,Ledah,Wendi.Ledah@yopmail.com,Wendi.Ledah@gmail.com,developer,14426
14526,Carmencita,Lorenz,Carmencita.Lorenz@yopmail.com,Carmencita.Lorenz@gmail.com,police officer,14427
14527,Gusella,Colleen,Gusella.Colleen@yopmail.com,Gusella.Colleen@gmail.com,doctor,14428
14528,Perry,Bury,Perry.Bury@yopmail.com,Perry.Bury@gmail.com,doctor,14429
14529,Jorry,Zola,Jorry.Zola@yopmail.com,Jorry.Zola@gmail.com,firefighter,14430
14530,Kylynn,Schlosser,Kylynn.Schlosser@yopmail.com,Kylynn.Schlosser@gmail.com,developer,14431
14531,Blinni,Kosey,Blinni.Kosey@yopmail.com,Blinni.Kosey@gmail.com,worker,14432
14532,Tilly,Penelopa,Tilly.Penelopa@yopmail.com,Tilly.Penelopa@gmail.com,doctor,14433
14533,Patricia,Alejoa,Patricia.Alejoa@yopmail.com,Patricia.Alejoa@gmail.com,doctor,14434
14534,Nicoli,Allina,Nicoli.Allina@yopmail.com,Nicoli.Allina@gmail.com,worker,14435
14535,Petronia,Nickola,Petronia.Nickola@yopmail.com,Petronia.Nickola@gmail.com,developer,14436
14536,Aurelie,Hoban,Aurelie.Hoban@yopmail.com,Aurelie.Hoban@gmail.com,doctor,14437
14537,Vanessa,Wareing,Vanessa.Wareing@yopmail.com,Vanessa.Wareing@gmail.com,developer,14438
14538,Dania,Hollingsworth,Dania.Hollingsworth@yopmail.com,Dania.Hollingsworth@gmail.com,firefighter,14439
14539,Livvyy,Bohlin,Livvyy.Bohlin@yopmail.com,Livvyy.Bohlin@gmail.com,firefighter,14440
14540,Phedra,Cherianne,Phedra.Cherianne@yopmail.com,Phedra.Cherianne@gmail.com,doctor,14441
14541,Alisha,Hermes,Alisha.Hermes@yopmail.com,Alisha.Hermes@gmail.com,doctor,14442
14542,Etta,Lowry,Etta.Lowry@yopmail.com,Etta.Lowry@gmail.com,police officer,14443
14543,Dyann,Pauly,Dyann.Pauly@yopmail.com,Dyann.Pauly@gmail.com,firefighter,14444
14544,Reeba,Toffic,Reeba.Toffic@yopmail.com,Reeba.Toffic@gmail.com,worker,14445
14545,Willetta,Land,Willetta.Land@yopmail.com,Willetta.Land@gmail.com,doctor,14446
14546,Ernesta,Kare,Ernesta.Kare@yopmail.com,Ernesta.Kare@gmail.com,firefighter,14447
14547,Binny,Demitria,Binny.Demitria@yopmail.com,Binny.Demitria@gmail.com,police officer,14448
14548,Gusella,Honoria,Gusella.Honoria@yopmail.com,Gusella.Honoria@gmail.com,doctor,14449
14549,Abbie,Zetta,Abbie.Zetta@yopmail.com,Abbie.Zetta@gmail.com,firefighter,14450
14550,Nessie,Corabella,Nessie.Corabella@yopmail.com,Nessie.Corabella@gmail.com,police officer,14451
14551,Marita,Lasley,Marita.Lasley@yopmail.com,Marita.Lasley@gmail.com,police officer,14452
14552,Sophia,Constancy,Sophia.Constancy@yopmail.com,Sophia.Constancy@gmail.com,firefighter,14453
14553,Hyacinthe,Sharl,Hyacinthe.Sharl@yopmail.com,Hyacinthe.Sharl@gmail.com,developer,14454
14554,Ekaterina,Jillane,Ekaterina.Jillane@yopmail.com,Ekaterina.Jillane@gmail.com,developer,14455
14555,Farrah,Dalli,Farrah.Dalli@yopmail.com,Farrah.Dalli@gmail.com,firefighter,14456
14556,Dania,Emmy,Dania.Emmy@yopmail.com,Dania.Emmy@gmail.com,worker,14457
14557,Flo,Pelagias,Flo.Pelagias@yopmail.com,Flo.Pelagias@gmail.com,worker,14458
14558,Ayn,Dituri,Ayn.Dituri@yopmail.com,Ayn.Dituri@gmail.com,doctor,14459
14559,Shel,Firmin,Shel.Firmin@yopmail.com,Shel.Firmin@gmail.com,police officer,14460
14560,Cindelyn,Roscoe,Cindelyn.Roscoe@yopmail.com,Cindelyn.Roscoe@gmail.com,doctor,14461
14561,Carly,Hashim,Carly.Hashim@yopmail.com,Carly.Hashim@gmail.com,doctor,14462
14562,Tomasina,Flita,Tomasina.Flita@yopmail.com,Tomasina.Flita@gmail.com,firefighter,14463
14563,Zaria,Mayeda,Zaria.Mayeda@yopmail.com,Zaria.Mayeda@gmail.com,police officer,14464
14564,Eadie,Vins,Eadie.Vins@yopmail.com,Eadie.Vins@gmail.com,police officer,14465
14565,Donnie,Sacken,Donnie.Sacken@yopmail.com,Donnie.Sacken@gmail.com,developer,14466
14566,Millie,Claudine,Millie.Claudine@yopmail.com,Millie.Claudine@gmail.com,firefighter,14467
14567,Mureil,Nore,Mureil.Nore@yopmail.com,Mureil.Nore@gmail.com,developer,14468
14568,Sam,Magnolia,Sam.Magnolia@yopmail.com,Sam.Magnolia@gmail.com,worker,14469
14569,Donnie,Lail,Donnie.Lail@yopmail.com,Donnie.Lail@gmail.com,firefighter,14470
14570,Mureil,Tryck,Mureil.Tryck@yopmail.com,Mureil.Tryck@gmail.com,worker,14471
14571,Valeda,Hermes,Valeda.Hermes@yopmail.com,Valeda.Hermes@gmail.com,firefighter,14472
14572,Allis,Darbie,Allis.Darbie@yopmail.com,Allis.Darbie@gmail.com,firefighter,14473
14573,Deedee,Chobot,Deedee.Chobot@yopmail.com,Deedee.Chobot@gmail.com,firefighter,14474
14574,Meg,Si,Meg.Si@yopmail.com,Meg.Si@gmail.com,firefighter,14475
14575,Stephanie,Margarete,Stephanie.Margarete@yopmail.com,Stephanie.Margarete@gmail.com,police officer,14476
14576,Nanete,Grayce,Nanete.Grayce@yopmail.com,Nanete.Grayce@gmail.com,developer,14477
14577,Dania,Maribeth,Dania.Maribeth@yopmail.com,Dania.Maribeth@gmail.com,police officer,14478
14578,Melisent,Diogenes,Melisent.Diogenes@yopmail.com,Melisent.Diogenes@gmail.com,police officer,14479
14579,Nariko,Olympium,Nariko.Olympium@yopmail.com,Nariko.Olympium@gmail.com,doctor,14480
14580,Tera,Sprage,Tera.Sprage@yopmail.com,Tera.Sprage@gmail.com,developer,14481
14581,Ardys,Gaulin,Ardys.Gaulin@yopmail.com,Ardys.Gaulin@gmail.com,doctor,14482
14582,Lucy,Valoniah,Lucy.Valoniah@yopmail.com,Lucy.Valoniah@gmail.com,doctor,14483
14583,Harmonia,Belldas,Harmonia.Belldas@yopmail.com,Harmonia.Belldas@gmail.com,worker,14484
14584,Kaia,Zitvaa,Kaia.Zitvaa@yopmail.com,Kaia.Zitvaa@gmail.com,firefighter,14485
14585,Genevra,Therine,Genevra.Therine@yopmail.com,Genevra.Therine@gmail.com,police officer,14486
14586,Bobbi,Stuart,Bobbi.Stuart@yopmail.com,Bobbi.Stuart@gmail.com,firefighter,14487
14587,Elka,Neva,Elka.Neva@yopmail.com,Elka.Neva@gmail.com,firefighter,14488
14588,Mallory,Mott,Mallory.Mott@yopmail.com,Mallory.Mott@gmail.com,police officer,14489
14589,Emylee,Berl,Emylee.Berl@yopmail.com,Emylee.Berl@gmail.com,firefighter,14490
14590,Mallory,Wiener,Mallory.Wiener@yopmail.com,Mallory.Wiener@gmail.com,developer,14491
14591,Lelah,Vanni,Lelah.Vanni@yopmail.com,Lelah.Vanni@gmail.com,developer,14492
14592,Sallie,Iiette,Sallie.Iiette@yopmail.com,Sallie.Iiette@gmail.com,firefighter,14493
14593,Paule,Gavrila,Paule.Gavrila@yopmail.com,Paule.Gavrila@gmail.com,worker,14494
14594,Annaliese,Bury,Annaliese.Bury@yopmail.com,Annaliese.Bury@gmail.com,police officer,14495
14595,Monika,Cristi,Monika.Cristi@yopmail.com,Monika.Cristi@gmail.com,developer,14496
14596,Cecile,Tippets,Cecile.Tippets@yopmail.com,Cecile.Tippets@gmail.com,doctor,14497
14597,Brana,Thad,Brana.Thad@yopmail.com,Brana.Thad@gmail.com,police officer,14498
14598,Ginnie,Means,Ginnie.Means@yopmail.com,Ginnie.Means@gmail.com,doctor,14499
14599,Albertina,Colyer,Albertina.Colyer@yopmail.com,Albertina.Colyer@gmail.com,firefighter,14500
