id,firstname,lastname,email,email2,profession,Field Name
20100,Sashenka,Adlare,Sashenka.Adlare@yopmail.com,Sashenka.Adlare@gmail.com,police officer,20001
20101,Ardeen,Dituri,Ardeen.Dituri@yopmail.com,Ardeen.Dituri@gmail.com,worker,20002
20102,Britte,Kenney,Britte.Kenney@yopmail.com,Britte.Kenney@gmail.com,doctor,20003
20103,Jillayne,Connelly,Jillayne.Connelly@yopmail.com,Jillayne.Connelly@gmail.com,developer,20004
20104,Jordan,Colp,Jordan.Colp@yopmail.com,Jordan.Colp@gmail.com,developer,20005
20105,Chickie,Cottle,Chickie.Cottle@yopmail.com,Chickie.Cottle@gmail.com,worker,20006
20106,Kalina,Crudden,Kalina.Crudden@yopmail.com,Kalina.Crudden@gmail.com,developer,20007
20107,Susan,Bandeen,Susan.Bandeen@yopmail.com,Susan.Bandeen@gmail.com,doctor,20008
20108,Dale,Roscoe,Dale.Roscoe@yopmail.com,Dale.Roscoe@gmail.com,doctor,20009
20109,Joane,Pillsbury,Joane.Pillsbury@yopmail.com,Joane.Pillsbury@gmail.com,developer,20010
20110,Caryl,Dosia,Caryl.Dosia@yopmail.com,Caryl.Dosia@gmail.com,worker,20011
20111,Nyssa,Tannie,Nyssa.Tannie@yopmail.com,Nyssa.Tannie@gmail.com,doctor,20012
20112,Lita,Diogenes,Lita.Diogenes@yopmail.com,Lita.Diogenes@gmail.com,doctor,20013
20113,Eadie,Pascia,Eadie.Pascia@yopmail.com,Eadie.Pascia@gmail.com,doctor,20014
20114,Nessie,Even,Nessie.Even@yopmail.com,Nessie.Even@gmail.com,doctor,20015
20115,Lonnie,Ade,Lonnie.Ade@yopmail.com,Lonnie.Ade@gmail.com,worker,20016
20116,Gilligan,Natica,Gilligan.Natica@yopmail.com,Gilligan.Natica@gmail.com,firefighter,20017
20117,Nariko,Kirbee,Nariko.Kirbee@yopmail.com,Nariko.Kirbee@gmail.com,police officer,20018
20118,Margalo,Roumell,Margalo.Roumell@yopmail.com,Margalo.Roumell@gmail.com,firefighter,20019
20119,Adore,Colbert,Adore.Colbert@yopmail.com,Adore.Colbert@gmail.com,developer,20020
20120,Adore,Paine,Adore.Paine@yopmail.com,Adore.Paine@gmail.com,developer,20021
20121,Minda,Susannah,Minda.Susannah@yopmail.com,Minda.Susannah@gmail.com,police officer,20022
20122,Charmaine,Briney,Charmaine.Briney@yopmail.com,Charmaine.Briney@gmail.com,developer,20023
20123,Yetty,Bouchard,Yetty.Bouchard@yopmail.com,Yetty.Bouchard@gmail.com,doctor,20024
20124,Merle,Tamsky,Merle.Tamsky@yopmail.com,Merle.Tamsky@gmail.com,developer,20025
20125,Beverley,Anton,Beverley.Anton@yopmail.com,Beverley.Anton@gmail.com,firefighter,20026
20126,Marti,Vastah,Marti.Vastah@yopmail.com,Marti.Vastah@gmail.com,doctor,20027
20127,Kenna,Daniele,Kenna.Daniele@yopmail.com,Kenna.Daniele@gmail.com,police officer,20028
20128,Deirdre,Sprage,Deirdre.Sprage@yopmail.com,Deirdre.Sprage@gmail.com,police officer,20029
20129,Concettina,Jalbert,Concettina.Jalbert@yopmail.com,Concettina.Jalbert@gmail.com,worker,20030
20130,Dari,Gert,Dari.Gert@yopmail.com,Dari.Gert@gmail.com,doctor,20031
20131,Annaliese,Anestassia,Annaliese.Anestassia@yopmail.com,Annaliese.Anestassia@gmail.com,firefighter,20032
20132,Gabriellia,Goldina,Gabriellia.Goldina@yopmail.com,Gabriellia.Goldina@gmail.com,firefighter,20033
20133,Cathie,Erlandson,Cathie.Erlandson@yopmail.com,Cathie.Erlandson@gmail.com,doctor,20034
20134,Minda,Orelee,Minda.Orelee@yopmail.com,Minda.Orelee@gmail.com,developer,20035
20135,Wileen,Belanger,Wileen.Belanger@yopmail.com,Wileen.Belanger@gmail.com,police officer,20036
20136,Shauna,Dash,Shauna.Dash@yopmail.com,Shauna.Dash@gmail.com,police officer,20037
20137,Aaren,Verger,Aaren.Verger@yopmail.com,Aaren.Verger@gmail.com,police officer,20038
20138,Melisent,Even,Melisent.Even@yopmail.com,Melisent.Even@gmail.com,police officer,20039
20139,Felice,Toor,Felice.Toor@yopmail.com,Felice.Toor@gmail.com,developer,20040
20140,Fina,Kenney,Fina.Kenney@yopmail.com,Fina.Kenney@gmail.com,doctor,20041
20141,Hayley,Chem,Hayley.Chem@yopmail.com,Hayley.Chem@gmail.com,firefighter,20042
20142,Elise,Willie,Elise.Willie@yopmail.com,Elise.Willie@gmail.com,doctor,20043
20143,Doro,Fitzsimmons,Doro.Fitzsimmons@yopmail.com,Doro.Fitzsimmons@gmail.com,developer,20044
20144,Janeczka,Concha,Janeczka.Concha@yopmail.com,Janeczka.Concha@gmail.com,doctor,20045
20145,Ashlee,Fairweather,Ashlee.Fairweather@yopmail.com,Ashlee.Fairweather@gmail.com,worker,20046
20146,Andeee,Earlie,Andeee.Earlie@yopmail.com,Andeee.Earlie@gmail.com,worker,20047
20147,Helena,Loeb,Helena.Loeb@yopmail.com,Helena.Loeb@gmail.com,doctor,20048
20148,Helena,Nore,Helena.Nore@yopmail.com,Helena.Nore@gmail.com,firefighter,20049
20149,Mamie,Kussell,Mamie.Kussell@yopmail.com,Mamie.Kussell@gmail.com,worker,20050
20150,Bertine,Leopold,Bertine.Leopold@yopmail.com,Bertine.Leopold@gmail.com,doctor,20051
20151,Sissy,Kussell,Sissy.Kussell@yopmail.com,Sissy.Kussell@gmail.com,firefighter,20052
20152,Ulrike,Ledah,Ulrike.Ledah@yopmail.com,Ulrike.Ledah@gmail.com,developer,20053
20153,Lorenza,Isacco,Lorenza.Isacco@yopmail.com,Lorenza.Isacco@gmail.com,worker,20054
20154,Lily,Mintz,Lily.Mintz@yopmail.com,Lily.Mintz@gmail.com,developer,20055
20155,Oralee,Maxi,Oralee.Maxi@yopmail.com,Oralee.Maxi@gmail.com,developer,20056
20156,Corly,Weide,Corly.Weide@yopmail.com,Corly.Weide@gmail.com,doctor,20057
20157,Phylis,Beebe,Phylis.Beebe@yopmail.com,Phylis.Beebe@gmail.com,doctor,20058
20158,Genovera,Melan,Genovera.Melan@yopmail.com,Genovera.Melan@gmail.com,doctor,20059
20159,Darci,Chrystel,Darci.Chrystel@yopmail.com,Darci.Chrystel@gmail.com,developer,20060
20160,Kristan,Minetta,Kristan.Minetta@yopmail.com,Kristan.Minetta@gmail.com,worker,20061
20161,Ardys,Hermes,Ardys.Hermes@yopmail.com,Ardys.Hermes@gmail.com,developer,20062
20162,Gertrud,Konyn,Gertrud.Konyn@yopmail.com,Gertrud.Konyn@gmail.com,police officer,20063
20163,Kelly,Zachary,Kelly.Zachary@yopmail.com,Kelly.Zachary@gmail.com,doctor,20064
20164,Cherrita,Carleen,Cherrita.Carleen@yopmail.com,Cherrita.Carleen@gmail.com,developer,20065
20165,Beatriz,Marden,Beatriz.Marden@yopmail.com,Beatriz.Marden@gmail.com,doctor,20066
20166,Yetty,Zenas,Yetty.Zenas@yopmail.com,Yetty.Zenas@gmail.com,developer,20067
20167,Amii,Ammann,Amii.Ammann@yopmail.com,Amii.Ammann@gmail.com,firefighter,20068
20168,Hope,Baudin,Hope.Baudin@yopmail.com,Hope.Baudin@gmail.com,doctor,20069
20169,Frances,Cynar,Frances.Cynar@yopmail.com,Frances.Cynar@gmail.com,developer,20070
20170,Cathyleen,Pettiford,Cathyleen.Pettiford@yopmail.com,Cathyleen.Pettiford@gmail.com,developer,20071
20171,Mureil,Cecile,Mureil.Cecile@yopmail.com,Mureil.Cecile@gmail.com,police officer,20072
20172,Belva,Nea,Belva.Nea@yopmail.com,Belva.Nea@gmail.com,developer,20073
20173,Tarra,Suzetta,Tarra.Suzetta@yopmail.com,Tarra.Suzetta@gmail.com,worker,20074
20174,Renae,Breed,Renae.Breed@yopmail.com,Renae.Breed@gmail.com,worker,20075
20175,Aili,Garlinda,Aili.Garlinda@yopmail.com,Aili.Garlinda@gmail.com,worker,20076
20176,Brandise,Lesley,Brandise.Lesley@yopmail.com,Brandise.Lesley@gmail.com,developer,20077
20177,Georgetta,Cyrie,Georgetta.Cyrie@yopmail.com,Georgetta.Cyrie@gmail.com,firefighter,20078
20178,Chere,Gavrila,Chere.Gavrila@yopmail.com,Chere.Gavrila@gmail.com,firefighter,20079
20179,Ermengarde,Telfer,Ermengarde.Telfer@yopmail.com,Ermengarde.Telfer@gmail.com,doctor,20080
20180,Dorice,Adore,Dorice.Adore@yopmail.com,Dorice.Adore@gmail.com,firefighter,20081
20181,Rosanne,Justinn,Rosanne.Justinn@yopmail.com,Rosanne.Justinn@gmail.com,doctor,20082
20182,Dennie,Jammal,Dennie.Jammal@yopmail.com,Dennie.Jammal@gmail.com,firefighter,20083
20183,Liana,Allare,Liana.Allare@yopmail.com,Liana.Allare@gmail.com,firefighter,20084
20184,Lauryn,Craggie,Lauryn.Craggie@yopmail.com,Lauryn.Craggie@gmail.com,developer,20085
20185,Rosabelle,Baudin,Rosabelle.Baudin@yopmail.com,Rosabelle.Baudin@gmail.com,firefighter,20086
20186,Tami,Carey,Tami.Carey@yopmail.com,Tami.Carey@gmail.com,worker,20087
20187,Kristan,Rogerio,Kristan.Rogerio@yopmail.com,Kristan.Rogerio@gmail.com,firefighter,20088
20188,Shell,Valoniah,Shell.Valoniah@yopmail.com,Shell.Valoniah@gmail.com,developer,20089
20189,Misha,Ariella,Misha.Ariella@yopmail.com,Misha.Ariella@gmail.com,doctor,20090
20190,Kimberley,Macey,Kimberley.Macey@yopmail.com,Kimberley.Macey@gmail.com,police officer,20091
20191,Raquela,Regan,Raquela.Regan@yopmail.com,Raquela.Regan@gmail.com,doctor,20092
20192,Dede,Francene,Dede.Francene@yopmail.com,Dede.Francene@gmail.com,police officer,20093
20193,Aubrie,Brotherson,Aubrie.Brotherson@yopmail.com,Aubrie.Brotherson@gmail.com,developer,20094
20194,Jessy,Raffo,Jessy.Raffo@yopmail.com,Jessy.Raffo@gmail.com,worker,20095
20195,Arlina,Sidonius,Arlina.Sidonius@yopmail.com,Arlina.Sidonius@gmail.com,police officer,20096
20196,Elfreda,Kazimir,Elfreda.Kazimir@yopmail.com,Elfreda.Kazimir@gmail.com,doctor,20097
20197,Jeanna,Gordon,Jeanna.Gordon@yopmail.com,Jeanna.Gordon@gmail.com,worker,20098
20198,Nessie,Martsen,Nessie.Martsen@yopmail.com,Nessie.Martsen@gmail.com,firefighter,20099
20199,Lorne,Riva,Lorne.Riva@yopmail.com,Lorne.Riva@gmail.com,developer,20100
20200,Cathyleen,Revkah,Cathyleen.Revkah@yopmail.com,Cathyleen.Revkah@gmail.com,developer,20101
20201,Tarra,Germann,Tarra.Germann@yopmail.com,Tarra.Germann@gmail.com,doctor,20102
20202,Andeee,Thilda,Andeee.Thilda@yopmail.com,Andeee.Thilda@gmail.com,police officer,20103
20203,Gilligan,Delacourt,Gilligan.Delacourt@yopmail.com,Gilligan.Delacourt@gmail.com,developer,20104
20204,Annecorinne,Stefa,Annecorinne.Stefa@yopmail.com,Annecorinne.Stefa@gmail.com,developer,20105
20205,Janis,Hachmin,Janis.Hachmin@yopmail.com,Janis.Hachmin@gmail.com,police officer,20106
20206,Adore,Eckblad,Adore.Eckblad@yopmail.com,Adore.Eckblad@gmail.com,doctor,20107
20207,Loree,Audly,Loree.Audly@yopmail.com,Loree.Audly@gmail.com,firefighter,20108
20208,Augustine,Magnolia,Augustine.Magnolia@yopmail.com,Augustine.Magnolia@gmail.com,firefighter,20109
20209,Elena,Meli,Elena.Meli@yopmail.com,Elena.Meli@gmail.com,firefighter,20110
20210,Morganica,Stephie,Morganica.Stephie@yopmail.com,Morganica.Stephie@gmail.com,doctor,20111
20211,Valera,Brodench,Valera.Brodench@yopmail.com,Valera.Brodench@gmail.com,police officer,20112
20212,Margette,Frendel,Margette.Frendel@yopmail.com,Margette.Frendel@gmail.com,worker,20113
20213,Allis,Hewitt,Allis.Hewitt@yopmail.com,Allis.Hewitt@gmail.com,worker,20114
20214,Maridel,Tufts,Maridel.Tufts@yopmail.com,Maridel.Tufts@gmail.com,worker,20115
20215,Florie,Tillford,Florie.Tillford@yopmail.com,Florie.Tillford@gmail.com,developer,20116
20216,Alejandra,Cavan,Alejandra.Cavan@yopmail.com,Alejandra.Cavan@gmail.com,doctor,20117
20217,Stacey,Nance,Stacey.Nance@yopmail.com,Stacey.Nance@gmail.com,worker,20118
20218,Elena,Carbo,Elena.Carbo@yopmail.com,Elena.Carbo@gmail.com,police officer,20119
20219,Edee,Olnee,Edee.Olnee@yopmail.com,Edee.Olnee@gmail.com,doctor,20120
20220,Dominga,Ambrosia,Dominga.Ambrosia@yopmail.com,Dominga.Ambrosia@gmail.com,developer,20121
20221,Henriette,Goth,Henriette.Goth@yopmail.com,Henriette.Goth@gmail.com,firefighter,20122
20222,Renae,Maurine,Renae.Maurine@yopmail.com,Renae.Maurine@gmail.com,doctor,20123
20223,Althea,Alejoa,Althea.Alejoa@yopmail.com,Althea.Alejoa@gmail.com,developer,20124
20224,Janeczka,Zaslow,Janeczka.Zaslow@yopmail.com,Janeczka.Zaslow@gmail.com,developer,20125
20225,Blinni,Mata,Blinni.Mata@yopmail.com,Blinni.Mata@gmail.com,worker,20126
20226,Emelina,Narton,Emelina.Narton@yopmail.com,Emelina.Narton@gmail.com,firefighter,20127
20227,Mary,Delacourt,Mary.Delacourt@yopmail.com,Mary.Delacourt@gmail.com,worker,20128
20228,Gloria,Abernon,Gloria.Abernon@yopmail.com,Gloria.Abernon@gmail.com,firefighter,20129
20229,Coral,Buffum,Coral.Buffum@yopmail.com,Coral.Buffum@gmail.com,developer,20130
20230,Mamie,Vittoria,Mamie.Vittoria@yopmail.com,Mamie.Vittoria@gmail.com,doctor,20131
20231,Rosene,Hessler,Rosene.Hessler@yopmail.com,Rosene.Hessler@gmail.com,police officer,20132
20232,Millie,Fadiman,Millie.Fadiman@yopmail.com,Millie.Fadiman@gmail.com,developer,20133
20233,Ronna,Ovid,Ronna.Ovid@yopmail.com,Ronna.Ovid@gmail.com,developer,20134
20234,Ardys,Lissi,Ardys.Lissi@yopmail.com,Ardys.Lissi@gmail.com,police officer,20135
20235,Ezmeralda,Auberbach,Ezmeralda.Auberbach@yopmail.com,Ezmeralda.Auberbach@gmail.com,worker,20136
20236,Zaria,Milson,Zaria.Milson@yopmail.com,Zaria.Milson@gmail.com,worker,20137
20237,Cathyleen,Erskine,Cathyleen.Erskine@yopmail.com,Cathyleen.Erskine@gmail.com,firefighter,20138
20238,Dawn,Milson,Dawn.Milson@yopmail.com,Dawn.Milson@gmail.com,developer,20139
20239,Riannon,Jorgan,Riannon.Jorgan@yopmail.com,Riannon.Jorgan@gmail.com,worker,20140
20240,Jere,Anastatius,Jere.Anastatius@yopmail.com,Jere.Anastatius@gmail.com,worker,20141
20241,Nollie,Cottle,Nollie.Cottle@yopmail.com,Nollie.Cottle@gmail.com,police officer,20142
20242,Merci,Brunell,Merci.Brunell@yopmail.com,Merci.Brunell@gmail.com,developer,20143
20243,Lorne,Vorster,Lorne.Vorster@yopmail.com,Lorne.Vorster@gmail.com,developer,20144
20244,Melanie,Hutchison,Melanie.Hutchison@yopmail.com,Melanie.Hutchison@gmail.com,developer,20145
20245,Morganica,Primalia,Morganica.Primalia@yopmail.com,Morganica.Primalia@gmail.com,doctor,20146
20246,Jsandye,Hunfredo,Jsandye.Hunfredo@yopmail.com,Jsandye.Hunfredo@gmail.com,developer,20147
20247,Molli,Henebry,Molli.Henebry@yopmail.com,Molli.Henebry@gmail.com,doctor,20148
20248,Georgetta,Lane,Georgetta.Lane@yopmail.com,Georgetta.Lane@gmail.com,worker,20149
20249,Gale,Peg,Gale.Peg@yopmail.com,Gale.Peg@gmail.com,firefighter,20150
20250,Chickie,Barney,Chickie.Barney@yopmail.com,Chickie.Barney@gmail.com,firefighter,20151
20251,Rivalee,Smitt,Rivalee.Smitt@yopmail.com,Rivalee.Smitt@gmail.com,developer,20152
20252,Ronna,Terrence,Ronna.Terrence@yopmail.com,Ronna.Terrence@gmail.com,firefighter,20153
20253,Paule,Chaing,Paule.Chaing@yopmail.com,Paule.Chaing@gmail.com,worker,20154
20254,Nita,Ambrosia,Nita.Ambrosia@yopmail.com,Nita.Ambrosia@gmail.com,police officer,20155
20255,Vinita,Pip,Vinita.Pip@yopmail.com,Vinita.Pip@gmail.com,doctor,20156
20256,Tina,Loring,Tina.Loring@yopmail.com,Tina.Loring@gmail.com,worker,20157
20257,Ofilia,Delila,Ofilia.Delila@yopmail.com,Ofilia.Delila@gmail.com,police officer,20158
20258,Adelle,Tyson,Adelle.Tyson@yopmail.com,Adelle.Tyson@gmail.com,police officer,20159
20259,Vonny,Fitzsimmons,Vonny.Fitzsimmons@yopmail.com,Vonny.Fitzsimmons@gmail.com,developer,20160
20260,Collen,Kiyoshi,Collen.Kiyoshi@yopmail.com,Collen.Kiyoshi@gmail.com,doctor,20161
20261,Thalia,Tamsky,Thalia.Tamsky@yopmail.com,Thalia.Tamsky@gmail.com,doctor,20162
20262,Cassondra,Malvino,Cassondra.Malvino@yopmail.com,Cassondra.Malvino@gmail.com,firefighter,20163
20263,Ebonee,Ricki,Ebonee.Ricki@yopmail.com,Ebonee.Ricki@gmail.com,police officer,20164
20264,Valli,Heisel,Valli.Heisel@yopmail.com,Valli.Heisel@gmail.com,firefighter,20165
20265,Angela,Bury,Angela.Bury@yopmail.com,Angela.Bury@gmail.com,firefighter,20166
20266,Aeriela,Dawkins,Aeriela.Dawkins@yopmail.com,Aeriela.Dawkins@gmail.com,firefighter,20167
20267,Corry,Eugenia,Corry.Eugenia@yopmail.com,Corry.Eugenia@gmail.com,worker,20168
20268,Valeda,Sibyls,Valeda.Sibyls@yopmail.com,Valeda.Sibyls@gmail.com,police officer,20169
20269,Rosaline,Sundin,Rosaline.Sundin@yopmail.com,Rosaline.Sundin@gmail.com,doctor,20170
20270,Roslyn,Thema,Roslyn.Thema@yopmail.com,Roslyn.Thema@gmail.com,doctor,20171
20271,Chickie,Douglass,Chickie.Douglass@yopmail.com,Chickie.Douglass@gmail.com,developer,20172
20272,Lucy,Gwenore,Lucy.Gwenore@yopmail.com,Lucy.Gwenore@gmail.com,worker,20173
20273,Eolanda,Ochs,Eolanda.Ochs@yopmail.com,Eolanda.Ochs@gmail.com,doctor,20174
20274,Bee,Gaynor,Bee.Gaynor@yopmail.com,Bee.Gaynor@gmail.com,police officer,20175
20275,Codie,Pearse,Codie.Pearse@yopmail.com,Codie.Pearse@gmail.com,doctor,20176
20276,Blinni,Middleton,Blinni.Middleton@yopmail.com,Blinni.Middleton@gmail.com,worker,20177
20277,Annabela,Paine,Annabela.Paine@yopmail.com,Annabela.Paine@gmail.com,developer,20178
20278,Gianina,Liebermann,Gianina.Liebermann@yopmail.com,Gianina.Liebermann@gmail.com,police officer,20179
20279,Georgina,Aaberg,Georgina.Aaberg@yopmail.com,Georgina.Aaberg@gmail.com,police officer,20180
20280,Larine,Podvin,Larine.Podvin@yopmail.com,Larine.Podvin@gmail.com,police officer,20181
20281,Leeanne,Francyne,Leeanne.Francyne@yopmail.com,Leeanne.Francyne@gmail.com,police officer,20182
20282,Emylee,Demitria,Emylee.Demitria@yopmail.com,Emylee.Demitria@gmail.com,worker,20183
20283,Annabela,Mitzi,Annabela.Mitzi@yopmail.com,Annabela.Mitzi@gmail.com,developer,20184
20284,Trudie,Avi,Trudie.Avi@yopmail.com,Trudie.Avi@gmail.com,doctor,20185
20285,Dorthy,Cullin,Dorthy.Cullin@yopmail.com,Dorthy.Cullin@gmail.com,firefighter,20186
20286,Kelly,Annice,Kelly.Annice@yopmail.com,Kelly.Annice@gmail.com,firefighter,20187
20287,Tatiania,Francyne,Tatiania.Francyne@yopmail.com,Tatiania.Francyne@gmail.com,police officer,20188
20288,Deane,Colbert,Deane.Colbert@yopmail.com,Deane.Colbert@gmail.com,doctor,20189
20289,Moyna,Haldas,Moyna.Haldas@yopmail.com,Moyna.Haldas@gmail.com,worker,20190
20290,Stevana,Honoria,Stevana.Honoria@yopmail.com,Stevana.Honoria@gmail.com,worker,20191
20291,Roberta,Korey,Roberta.Korey@yopmail.com,Roberta.Korey@gmail.com,worker,20192
20292,Tonia,Wareing,Tonia.Wareing@yopmail.com,Tonia.Wareing@gmail.com,developer,20193
20293,Layla,Gert,Layla.Gert@yopmail.com,Layla.Gert@gmail.com,firefighter,20194
20294,Veda,Meli,Veda.Meli@yopmail.com,Veda.Meli@gmail.com,firefighter,20195
20295,Joleen,Redmond,Joleen.Redmond@yopmail.com,Joleen.Redmond@gmail.com,doctor,20196
20296,Helena,Infield,Helena.Infield@yopmail.com,Helena.Infield@gmail.com,doctor,20197
20297,Genovera,Modie,Genovera.Modie@yopmail.com,Genovera.Modie@gmail.com,worker,20198
20298,Pearline,Keelia,Pearline.Keelia@yopmail.com,Pearline.Keelia@gmail.com,worker,20199
20299,Celene,Lacombe,Celene.Lacombe@yopmail.com,Celene.Lacombe@gmail.com,firefighter,20200
20300,Pamella,Orlene,Pamella.Orlene@yopmail.com,Pamella.Orlene@gmail.com,police officer,20201
20301,Joceline,Euridice,Joceline.Euridice@yopmail.com,Joceline.Euridice@gmail.com,firefighter,20202
20302,Tani,Burch,Tani.Burch@yopmail.com,Tani.Burch@gmail.com,developer,20203
20303,Alie,Olnee,Alie.Olnee@yopmail.com,Alie.Olnee@gmail.com,worker,20204
20304,Shauna,Ledah,Shauna.Ledah@yopmail.com,Shauna.Ledah@gmail.com,worker,20205
20305,Meghann,Fiester,Meghann.Fiester@yopmail.com,Meghann.Fiester@gmail.com,police officer,20206
20306,Tressa,Jefferey,Tressa.Jefferey@yopmail.com,Tressa.Jefferey@gmail.com,firefighter,20207
20307,Sharlene,Brodench,Sharlene.Brodench@yopmail.com,Sharlene.Brodench@gmail.com,developer,20208
20308,Ernesta,Klemperer,Ernesta.Klemperer@yopmail.com,Ernesta.Klemperer@gmail.com,doctor,20209
20309,Karlee,Jotham,Karlee.Jotham@yopmail.com,Karlee.Jotham@gmail.com,doctor,20210
20310,Tatiania,Durware,Tatiania.Durware@yopmail.com,Tatiania.Durware@gmail.com,police officer,20211
20311,Ardenia,Vacuva,Ardenia.Vacuva@yopmail.com,Ardenia.Vacuva@gmail.com,doctor,20212
20312,Darlleen,Stefa,Darlleen.Stefa@yopmail.com,Darlleen.Stefa@gmail.com,worker,20213
20313,Devina,Scammon,Devina.Scammon@yopmail.com,Devina.Scammon@gmail.com,firefighter,20214
20314,Ida,Diogenes,Ida.Diogenes@yopmail.com,Ida.Diogenes@gmail.com,doctor,20215
20315,Cathyleen,August,Cathyleen.August@yopmail.com,Cathyleen.August@gmail.com,police officer,20216
20316,Alyda,Nunci,Alyda.Nunci@yopmail.com,Alyda.Nunci@gmail.com,police officer,20217
20317,Margette,Lattie,Margette.Lattie@yopmail.com,Margette.Lattie@gmail.com,police officer,20218
20318,Clary,Jagir,Clary.Jagir@yopmail.com,Clary.Jagir@gmail.com,doctor,20219
20319,Zsa Zsa,Trace,Zsa Zsa.Trace@yopmail.com,Zsa Zsa.Trace@gmail.com,developer,20220
20320,Alisha,Aurelio,Alisha.Aurelio@yopmail.com,Alisha.Aurelio@gmail.com,firefighter,20221
20321,Elsie,Hathaway,Elsie.Hathaway@yopmail.com,Elsie.Hathaway@gmail.com,doctor,20222
20322,Selia,Gerge,Selia.Gerge@yopmail.com,Selia.Gerge@gmail.com,developer,20223
20323,Pearline,Hanleigh,Pearline.Hanleigh@yopmail.com,Pearline.Hanleigh@gmail.com,worker,20224
20324,Vinita,Aprile,Vinita.Aprile@yopmail.com,Vinita.Aprile@gmail.com,police officer,20225
20325,Bill,Thornburg,Bill.Thornburg@yopmail.com,Bill.Thornburg@gmail.com,doctor,20226
20326,Teriann,Jotham,Teriann.Jotham@yopmail.com,Teriann.Jotham@gmail.com,doctor,20227
20327,Lisette,Faria,Lisette.Faria@yopmail.com,Lisette.Faria@gmail.com,doctor,20228
20328,Hallie,Old,Hallie.Old@yopmail.com,Hallie.Old@gmail.com,worker,20229
20329,Hyacinthe,Revkah,Hyacinthe.Revkah@yopmail.com,Hyacinthe.Revkah@gmail.com,developer,20230
20330,Neila,Faso,Neila.Faso@yopmail.com,Neila.Faso@gmail.com,doctor,20231
20331,Roslyn,Lemuela,Roslyn.Lemuela@yopmail.com,Roslyn.Lemuela@gmail.com,doctor,20232
20332,Gusty,Suanne,Gusty.Suanne@yopmail.com,Gusty.Suanne@gmail.com,police officer,20233
20333,Angelique,Ammann,Angelique.Ammann@yopmail.com,Angelique.Ammann@gmail.com,worker,20234
20334,Barbara,Mendez,Barbara.Mendez@yopmail.com,Barbara.Mendez@gmail.com,worker,20235
20335,Concettina,Georgy,Concettina.Georgy@yopmail.com,Concettina.Georgy@gmail.com,police officer,20236
20336,Shaine,Faso,Shaine.Faso@yopmail.com,Shaine.Faso@gmail.com,worker,20237
20337,Gavrielle,Ochs,Gavrielle.Ochs@yopmail.com,Gavrielle.Ochs@gmail.com,doctor,20238
20338,Melodie,Poll,Melodie.Poll@yopmail.com,Melodie.Poll@gmail.com,doctor,20239
20339,Blinni,Delacourt,Blinni.Delacourt@yopmail.com,Blinni.Delacourt@gmail.com,police officer,20240
20340,Cathyleen,Noam,Cathyleen.Noam@yopmail.com,Cathyleen.Noam@gmail.com,doctor,20241
20341,Rosabelle,Wattenberg,Rosabelle.Wattenberg@yopmail.com,Rosabelle.Wattenberg@gmail.com,police officer,20242
20342,Tera,McAdams,Tera.McAdams@yopmail.com,Tera.McAdams@gmail.com,doctor,20243
20343,Beth,Karna,Beth.Karna@yopmail.com,Beth.Karna@gmail.com,developer,20244
20344,Frieda,Carbo,Frieda.Carbo@yopmail.com,Frieda.Carbo@gmail.com,police officer,20245
20345,Justinn,Cleo,Justinn.Cleo@yopmail.com,Justinn.Cleo@gmail.com,worker,20246
20346,Susan,Thar,Susan.Thar@yopmail.com,Susan.Thar@gmail.com,firefighter,20247
20347,Damaris,Harl,Damaris.Harl@yopmail.com,Damaris.Harl@gmail.com,police officer,20248
20348,Hermione,Aurelio,Hermione.Aurelio@yopmail.com,Hermione.Aurelio@gmail.com,doctor,20249
20349,Rhoda,Ingra,Rhoda.Ingra@yopmail.com,Rhoda.Ingra@gmail.com,worker,20250
20350,Hallie,Euridice,Hallie.Euridice@yopmail.com,Hallie.Euridice@gmail.com,worker,20251
20351,Thalia,Fosque,Thalia.Fosque@yopmail.com,Thalia.Fosque@gmail.com,developer,20252
20352,Emilia,Egbert,Emilia.Egbert@yopmail.com,Emilia.Egbert@gmail.com,developer,20253
20353,Renae,Aldric,Renae.Aldric@yopmail.com,Renae.Aldric@gmail.com,firefighter,20254
20354,Madalyn,Zina,Madalyn.Zina@yopmail.com,Madalyn.Zina@gmail.com,worker,20255
20355,Kathy,Gwenore,Kathy.Gwenore@yopmail.com,Kathy.Gwenore@gmail.com,firefighter,20256
20356,Vinita,Aloise,Vinita.Aloise@yopmail.com,Vinita.Aloise@gmail.com,worker,20257
20357,Ingrid,Berl,Ingrid.Berl@yopmail.com,Ingrid.Berl@gmail.com,police officer,20258
20358,Christy,Yam,Christy.Yam@yopmail.com,Christy.Yam@gmail.com,doctor,20259
20359,Dania,Auberbach,Dania.Auberbach@yopmail.com,Dania.Auberbach@gmail.com,worker,20260
20360,Jean,Aprile,Jean.Aprile@yopmail.com,Jean.Aprile@gmail.com,firefighter,20261
20361,Suzette,Miru,Suzette.Miru@yopmail.com,Suzette.Miru@gmail.com,firefighter,20262
20362,Ellette,Germann,Ellette.Germann@yopmail.com,Ellette.Germann@gmail.com,police officer,20263
20363,Cindelyn,Chrystel,Cindelyn.Chrystel@yopmail.com,Cindelyn.Chrystel@gmail.com,developer,20264
20364,Flo,Jacqui,Flo.Jacqui@yopmail.com,Flo.Jacqui@gmail.com,developer,20265
20365,Emelina,Luhe,Emelina.Luhe@yopmail.com,Emelina.Luhe@gmail.com,firefighter,20266
20366,Marjie,Noman,Marjie.Noman@yopmail.com,Marjie.Noman@gmail.com,developer,20267
20367,Shaine,Etom,Shaine.Etom@yopmail.com,Shaine.Etom@gmail.com,worker,20268
20368,Wendi,Dreda,Wendi.Dreda@yopmail.com,Wendi.Dreda@gmail.com,police officer,20269
20369,Sashenka,Poppy,Sashenka.Poppy@yopmail.com,Sashenka.Poppy@gmail.com,police officer,20270
20370,Dorice,Isacco,Dorice.Isacco@yopmail.com,Dorice.Isacco@gmail.com,developer,20271
20371,Marjie,Garek,Marjie.Garek@yopmail.com,Marjie.Garek@gmail.com,doctor,20272
20372,Arabel,Grosz,Arabel.Grosz@yopmail.com,Arabel.Grosz@gmail.com,worker,20273
20373,Cordi,Ramona,Cordi.Ramona@yopmail.com,Cordi.Ramona@gmail.com,firefighter,20274
20374,Ellette,Holtz,Ellette.Holtz@yopmail.com,Ellette.Holtz@gmail.com,doctor,20275
20375,Kara-Lynn,Ax,Kara-Lynn.Ax@yopmail.com,Kara-Lynn.Ax@gmail.com,developer,20276
20376,Gavrielle,Weitman,Gavrielle.Weitman@yopmail.com,Gavrielle.Weitman@gmail.com,doctor,20277
20377,Lynnea,Fitzsimmons,Lynnea.Fitzsimmons@yopmail.com,Lynnea.Fitzsimmons@gmail.com,doctor,20278
20378,Frank,Secrest,Frank.Secrest@yopmail.com,Frank.Secrest@gmail.com,firefighter,20279
20379,Sheree,Seligman,Sheree.Seligman@yopmail.com,Sheree.Seligman@gmail.com,police officer,20280
20380,Caressa,Mitzi,Caressa.Mitzi@yopmail.com,Caressa.Mitzi@gmail.com,police officer,20281
20381,Consuela,Thunell,Consuela.Thunell@yopmail.com,Consuela.Thunell@gmail.com,doctor,20282
20382,Carlie,Mathilde,Carlie.Mathilde@yopmail.com,Carlie.Mathilde@gmail.com,doctor,20283
20383,Rochette,Blisse,Rochette.Blisse@yopmail.com,Rochette.Blisse@gmail.com,firefighter,20284
20384,Gerianna,Schenck,Gerianna.Schenck@yopmail.com,Gerianna.Schenck@gmail.com,police officer,20285
20385,Sean,Timon,Sean.Timon@yopmail.com,Sean.Timon@gmail.com,doctor,20286
20386,Jillayne,Lail,Jillayne.Lail@yopmail.com,Jillayne.Lail@gmail.com,police officer,20287
20387,Esmeralda,Podvin,Esmeralda.Podvin@yopmail.com,Esmeralda.Podvin@gmail.com,developer,20288
20388,Arlena,Bibi,Arlena.Bibi@yopmail.com,Arlena.Bibi@gmail.com,doctor,20289
20389,Dorothy,Lorenz,Dorothy.Lorenz@yopmail.com,Dorothy.Lorenz@gmail.com,doctor,20290
20390,Chickie,Burch,Chickie.Burch@yopmail.com,Chickie.Burch@gmail.com,police officer,20291
20391,Kimmy,Peonir,Kimmy.Peonir@yopmail.com,Kimmy.Peonir@gmail.com,doctor,20292
20392,Rayna,Wyn,Rayna.Wyn@yopmail.com,Rayna.Wyn@gmail.com,police officer,20293
20393,Jere,Pip,Jere.Pip@yopmail.com,Jere.Pip@gmail.com,firefighter,20294
20394,Dorothy,Zrike,Dorothy.Zrike@yopmail.com,Dorothy.Zrike@gmail.com,police officer,20295
20395,Clementine,Minetta,Clementine.Minetta@yopmail.com,Clementine.Minetta@gmail.com,doctor,20296
20396,Talya,Erb,Talya.Erb@yopmail.com,Talya.Erb@gmail.com,doctor,20297
20397,Deane,Esmaria,Deane.Esmaria@yopmail.com,Deane.Esmaria@gmail.com,developer,20298
20398,Amii,Shuler,Amii.Shuler@yopmail.com,Amii.Shuler@gmail.com,worker,20299
20399,Wanda,Idelia,Wanda.Idelia@yopmail.com,Wanda.Idelia@gmail.com,police officer,20300
20400,Ariela,Buttaro,Ariela.Buttaro@yopmail.com,Ariela.Buttaro@gmail.com,firefighter,20301
20401,Dominga,Odell,Dominga.Odell@yopmail.com,Dominga.Odell@gmail.com,firefighter,20302
20402,Dolli,Bertold,Dolli.Bertold@yopmail.com,Dolli.Bertold@gmail.com,doctor,20303
20403,Ayn,Sheedy,Ayn.Sheedy@yopmail.com,Ayn.Sheedy@gmail.com,firefighter,20304
20404,Michaelina,Mauer,Michaelina.Mauer@yopmail.com,Michaelina.Mauer@gmail.com,developer,20305
20405,Priscilla,Papageno,Priscilla.Papageno@yopmail.com,Priscilla.Papageno@gmail.com,developer,20306
20406,Shell,Soneson,Shell.Soneson@yopmail.com,Shell.Soneson@gmail.com,doctor,20307
20407,Marti,Paine,Marti.Paine@yopmail.com,Marti.Paine@gmail.com,developer,20308
20408,Emmey,Hedve,Emmey.Hedve@yopmail.com,Emmey.Hedve@gmail.com,police officer,20309
20409,Kaia,Kiyoshi,Kaia.Kiyoshi@yopmail.com,Kaia.Kiyoshi@gmail.com,doctor,20310
20410,Carolina,Newell,Carolina.Newell@yopmail.com,Carolina.Newell@gmail.com,police officer,20311
20411,Maurene,Fiann,Maurene.Fiann@yopmail.com,Maurene.Fiann@gmail.com,worker,20312
20412,Jaclyn,Melleta,Jaclyn.Melleta@yopmail.com,Jaclyn.Melleta@gmail.com,firefighter,20313
20413,Zia,Jerold,Zia.Jerold@yopmail.com,Zia.Jerold@gmail.com,developer,20314
20414,Layla,Pelagias,Layla.Pelagias@yopmail.com,Layla.Pelagias@gmail.com,worker,20315
20415,Dode,Anis,Dode.Anis@yopmail.com,Dode.Anis@gmail.com,police officer,20316
20416,Alie,Ackerley,Alie.Ackerley@yopmail.com,Alie.Ackerley@gmail.com,doctor,20317
20417,Ann-Marie,Beebe,Ann-Marie.Beebe@yopmail.com,Ann-Marie.Beebe@gmail.com,doctor,20318
20418,Paulita,Rodmann,Paulita.Rodmann@yopmail.com,Paulita.Rodmann@gmail.com,doctor,20319
20419,Jeanna,Krystle,Jeanna.Krystle@yopmail.com,Jeanna.Krystle@gmail.com,worker,20320
20420,Pamella,Gwenore,Pamella.Gwenore@yopmail.com,Pamella.Gwenore@gmail.com,police officer,20321
20421,Vanessa,Tomasina,Vanessa.Tomasina@yopmail.com,Vanessa.Tomasina@gmail.com,worker,20322
20422,Christal,Brodench,Christal.Brodench@yopmail.com,Christal.Brodench@gmail.com,worker,20323
20423,Brana,Velick,Brana.Velick@yopmail.com,Brana.Velick@gmail.com,doctor,20324
20424,Corry,Timon,Corry.Timon@yopmail.com,Corry.Timon@gmail.com,developer,20325
20425,Lita,Durware,Lita.Durware@yopmail.com,Lita.Durware@gmail.com,doctor,20326
20426,Pierette,Zrike,Pierette.Zrike@yopmail.com,Pierette.Zrike@gmail.com,developer,20327
20427,Marguerite,Nester,Marguerite.Nester@yopmail.com,Marguerite.Nester@gmail.com,developer,20328
20428,Kenna,Jeanne,Kenna.Jeanne@yopmail.com,Kenna.Jeanne@gmail.com,firefighter,20329
20429,Carlie,Vins,Carlie.Vins@yopmail.com,Carlie.Vins@gmail.com,developer,20330
20430,Giustina,Zamora,Giustina.Zamora@yopmail.com,Giustina.Zamora@gmail.com,police officer,20331
20431,Marika,Schalles,Marika.Schalles@yopmail.com,Marika.Schalles@gmail.com,developer,20332
20432,Ulrike,Sophronia,Ulrike.Sophronia@yopmail.com,Ulrike.Sophronia@gmail.com,doctor,20333
20433,Julieta,Wenda,Julieta.Wenda@yopmail.com,Julieta.Wenda@gmail.com,worker,20334
20434,Danny,Nea,Danny.Nea@yopmail.com,Danny.Nea@gmail.com,doctor,20335
20435,Marcy,Kress,Marcy.Kress@yopmail.com,Marcy.Kress@gmail.com,doctor,20336
20436,Genevra,Cassius,Genevra.Cassius@yopmail.com,Genevra.Cassius@gmail.com,doctor,20337
20437,Daune,Talia,Daune.Talia@yopmail.com,Daune.Talia@gmail.com,worker,20338
20438,Lory,Kare,Lory.Kare@yopmail.com,Lory.Kare@gmail.com,doctor,20339
20439,Caritta,Strephon,Caritta.Strephon@yopmail.com,Caritta.Strephon@gmail.com,doctor,20340
20440,Roslyn,Maxi,Roslyn.Maxi@yopmail.com,Roslyn.Maxi@gmail.com,police officer,20341
20441,Carmela,Judye,Carmela.Judye@yopmail.com,Carmela.Judye@gmail.com,doctor,20342
20442,Evaleen,Granoff,Evaleen.Granoff@yopmail.com,Evaleen.Granoff@gmail.com,worker,20343
20443,Laure,Ammann,Laure.Ammann@yopmail.com,Laure.Ammann@gmail.com,doctor,20344
20444,Gianina,Skurnik,Gianina.Skurnik@yopmail.com,Gianina.Skurnik@gmail.com,developer,20345
20445,Dulce,Gherardo,Dulce.Gherardo@yopmail.com,Dulce.Gherardo@gmail.com,developer,20346
20446,Bee,Thar,Bee.Thar@yopmail.com,Bee.Thar@gmail.com,police officer,20347
20447,Claudina,Land,Claudina.Land@yopmail.com,Claudina.Land@gmail.com,doctor,20348
20448,Annice,Kesley,Annice.Kesley@yopmail.com,Annice.Kesley@gmail.com,police officer,20349
20449,Sharlene,Stilwell,Sharlene.Stilwell@yopmail.com,Sharlene.Stilwell@gmail.com,police officer,20350
20450,Sheree,Gilmour,Sheree.Gilmour@yopmail.com,Sheree.Gilmour@gmail.com,firefighter,20351
20451,Lenna,Hachmin,Lenna.Hachmin@yopmail.com,Lenna.Hachmin@gmail.com,police officer,20352
20452,Deane,Lewes,Deane.Lewes@yopmail.com,Deane.Lewes@gmail.com,developer,20353
20453,Chere,Fontana,Chere.Fontana@yopmail.com,Chere.Fontana@gmail.com,developer,20354
20454,Emylee,Wu,Emylee.Wu@yopmail.com,Emylee.Wu@gmail.com,developer,20355
20455,Cristabel,Fennessy,Cristabel.Fennessy@yopmail.com,Cristabel.Fennessy@gmail.com,doctor,20356
20456,Cassandra,Cadmar,Cassandra.Cadmar@yopmail.com,Cassandra.Cadmar@gmail.com,doctor,20357
20457,Melodie,Nahum,Melodie.Nahum@yopmail.com,Melodie.Nahum@gmail.com,police officer,20358
20458,Felice,Earlie,Felice.Earlie@yopmail.com,Felice.Earlie@gmail.com,developer,20359
20459,Winifred,Nance,Winifred.Nance@yopmail.com,Winifred.Nance@gmail.com,police officer,20360
20460,Linzy,Merat,Linzy.Merat@yopmail.com,Linzy.Merat@gmail.com,firefighter,20361
20461,Renae,Sawtelle,Renae.Sawtelle@yopmail.com,Renae.Sawtelle@gmail.com,doctor,20362
20462,Charmaine,Dalli,Charmaine.Dalli@yopmail.com,Charmaine.Dalli@gmail.com,firefighter,20363
20463,Gianina,Abram,Gianina.Abram@yopmail.com,Gianina.Abram@gmail.com,worker,20364
20464,Wileen,Schalles,Wileen.Schalles@yopmail.com,Wileen.Schalles@gmail.com,police officer,20365
20465,Darci,Revkah,Darci.Revkah@yopmail.com,Darci.Revkah@gmail.com,developer,20366
20466,Ira,Raychel,Ira.Raychel@yopmail.com,Ira.Raychel@gmail.com,firefighter,20367
20467,Tani,Adore,Tani.Adore@yopmail.com,Tani.Adore@gmail.com,developer,20368
20468,Latisha,Darbie,Latisha.Darbie@yopmail.com,Latisha.Darbie@gmail.com,worker,20369
20469,Ilse,Firmin,Ilse.Firmin@yopmail.com,Ilse.Firmin@gmail.com,developer,20370
20470,Josephine,Thad,Josephine.Thad@yopmail.com,Josephine.Thad@gmail.com,firefighter,20371
20471,Barbi,Constancy,Barbi.Constancy@yopmail.com,Barbi.Constancy@gmail.com,developer,20372
20472,Lindie,Japeth,Lindie.Japeth@yopmail.com,Lindie.Japeth@gmail.com,police officer,20373
20473,Clarice,Stelle,Clarice.Stelle@yopmail.com,Clarice.Stelle@gmail.com,firefighter,20374
20474,Brietta,Angelis,Brietta.Angelis@yopmail.com,Brietta.Angelis@gmail.com,worker,20375
20475,Maud,Jena,Maud.Jena@yopmail.com,Maud.Jena@gmail.com,developer,20376
20476,Mildrid,Denis,Mildrid.Denis@yopmail.com,Mildrid.Denis@gmail.com,firefighter,20377
20477,Micheline,Muriel,Micheline.Muriel@yopmail.com,Micheline.Muriel@gmail.com,police officer,20378
20478,Therine,Lunsford,Therine.Lunsford@yopmail.com,Therine.Lunsford@gmail.com,police officer,20379
20479,Marcelline,Ovid,Marcelline.Ovid@yopmail.com,Marcelline.Ovid@gmail.com,police officer,20380
20480,Joleen,Croix,Joleen.Croix@yopmail.com,Joleen.Croix@gmail.com,developer,20381
20481,Merci,Michella,Merci.Michella@yopmail.com,Merci.Michella@gmail.com,worker,20382
20482,Susan,Toni,Susan.Toni@yopmail.com,Susan.Toni@gmail.com,firefighter,20383
20483,Mellicent,Donell,Mellicent.Donell@yopmail.com,Mellicent.Donell@gmail.com,worker,20384
20484,Brooks,Lane,Brooks.Lane@yopmail.com,Brooks.Lane@gmail.com,developer,20385
20485,Arlena,Poll,Arlena.Poll@yopmail.com,Arlena.Poll@gmail.com,worker,20386
20486,Feliza,Sasnett,Feliza.Sasnett@yopmail.com,Feliza.Sasnett@gmail.com,police officer,20387
20487,Tonia,Callista,Tonia.Callista@yopmail.com,Tonia.Callista@gmail.com,police officer,20388
20488,Mignon,Stover,Mignon.Stover@yopmail.com,Mignon.Stover@gmail.com,worker,20389
20489,Layla,Cottle,Layla.Cottle@yopmail.com,Layla.Cottle@gmail.com,developer,20390
20490,Jerry,Yerkovich,Jerry.Yerkovich@yopmail.com,Jerry.Yerkovich@gmail.com,worker,20391
20491,Sonni,Sabella,Sonni.Sabella@yopmail.com,Sonni.Sabella@gmail.com,doctor,20392
20492,Maurene,Alice,Maurene.Alice@yopmail.com,Maurene.Alice@gmail.com,firefighter,20393
20493,Roxane,Amasa,Roxane.Amasa@yopmail.com,Roxane.Amasa@gmail.com,worker,20394
20494,Orelia,Cutlerr,Orelia.Cutlerr@yopmail.com,Orelia.Cutlerr@gmail.com,developer,20395
20495,Grier,Ruvolo,Grier.Ruvolo@yopmail.com,Grier.Ruvolo@gmail.com,developer,20396
20496,Justinn,Tippets,Justinn.Tippets@yopmail.com,Justinn.Tippets@gmail.com,worker,20397
20497,Marita,Diogenes,Marita.Diogenes@yopmail.com,Marita.Diogenes@gmail.com,developer,20398
20498,Janeczka,Ardra,Janeczka.Ardra@yopmail.com,Janeczka.Ardra@gmail.com,developer,20399
20499,Gerrie,Ledah,Gerrie.Ledah@yopmail.com,Gerrie.Ledah@gmail.com,police officer,20400
20500,Zondra,Pip,Zondra.Pip@yopmail.com,Zondra.Pip@gmail.com,doctor,20401
20501,Reeba,Hartnett,Reeba.Hartnett@yopmail.com,Reeba.Hartnett@gmail.com,developer,20402
20502,Mildrid,Codding,Mildrid.Codding@yopmail.com,Mildrid.Codding@gmail.com,doctor,20403
20503,Jackie,Ardra,Jackie.Ardra@yopmail.com,Jackie.Ardra@gmail.com,developer,20404
20504,Blondelle,Dichy,Blondelle.Dichy@yopmail.com,Blondelle.Dichy@gmail.com,worker,20405
20505,Katharina,Fiester,Katharina.Fiester@yopmail.com,Katharina.Fiester@gmail.com,worker,20406
20506,Nannie,Dyche,Nannie.Dyche@yopmail.com,Nannie.Dyche@gmail.com,doctor,20407
20507,Renae,Ingra,Renae.Ingra@yopmail.com,Renae.Ingra@gmail.com,firefighter,20408
20508,Dione,Sandye,Dione.Sandye@yopmail.com,Dione.Sandye@gmail.com,doctor,20409
20509,Bobinette,Audly,Bobinette.Audly@yopmail.com,Bobinette.Audly@gmail.com,worker,20410
20510,Deirdre,Hermes,Deirdre.Hermes@yopmail.com,Deirdre.Hermes@gmail.com,worker,20411
20511,Stacey,Cath,Stacey.Cath@yopmail.com,Stacey.Cath@gmail.com,developer,20412
20512,Dorene,Turne,Dorene.Turne@yopmail.com,Dorene.Turne@gmail.com,police officer,20413
20513,Ashlee,Karl,Ashlee.Karl@yopmail.com,Ashlee.Karl@gmail.com,developer,20414
20514,Atlanta,Amand,Atlanta.Amand@yopmail.com,Atlanta.Amand@gmail.com,developer,20415
20515,Lila,Paton,Lila.Paton@yopmail.com,Lila.Paton@gmail.com,developer,20416
20516,Ernesta,Adrienne,Ernesta.Adrienne@yopmail.com,Ernesta.Adrienne@gmail.com,police officer,20417
20517,Fina,Hazlett,Fina.Hazlett@yopmail.com,Fina.Hazlett@gmail.com,worker,20418
20518,Reeba,Iphlgenia,Reeba.Iphlgenia@yopmail.com,Reeba.Iphlgenia@gmail.com,firefighter,20419
20519,Max,Carleen,Max.Carleen@yopmail.com,Max.Carleen@gmail.com,worker,20420
20520,Pearline,Eliathas,Pearline.Eliathas@yopmail.com,Pearline.Eliathas@gmail.com,police officer,20421
20521,Sue,Byrne,Sue.Byrne@yopmail.com,Sue.Byrne@gmail.com,worker,20422
20522,Christy,Bennie,Christy.Bennie@yopmail.com,Christy.Bennie@gmail.com,firefighter,20423
20523,Lucille,Sophronia,Lucille.Sophronia@yopmail.com,Lucille.Sophronia@gmail.com,worker,20424
20524,Lilith,Bethany,Lilith.Bethany@yopmail.com,Lilith.Bethany@gmail.com,firefighter,20425
20525,Jordan,Bivins,Jordan.Bivins@yopmail.com,Jordan.Bivins@gmail.com,police officer,20426
20526,Celene,Cimbura,Celene.Cimbura@yopmail.com,Celene.Cimbura@gmail.com,doctor,20427
20527,Raf,Whiffen,Raf.Whiffen@yopmail.com,Raf.Whiffen@gmail.com,doctor,20428
20528,Meghann,Virgin,Meghann.Virgin@yopmail.com,Meghann.Virgin@gmail.com,doctor,20429
20529,Coral,Seligman,Coral.Seligman@yopmail.com,Coral.Seligman@gmail.com,firefighter,20430
20530,Arlena,Ramona,Arlena.Ramona@yopmail.com,Arlena.Ramona@gmail.com,police officer,20431
20531,Alex,Dorine,Alex.Dorine@yopmail.com,Alex.Dorine@gmail.com,police officer,20432
20532,Allyce,Minetta,Allyce.Minetta@yopmail.com,Allyce.Minetta@gmail.com,worker,20433
20533,Stephanie,Carvey,Stephanie.Carvey@yopmail.com,Stephanie.Carvey@gmail.com,police officer,20434
20534,Hermione,Auberbach,Hermione.Auberbach@yopmail.com,Hermione.Auberbach@gmail.com,developer,20435
20535,Tilly,Ferino,Tilly.Ferino@yopmail.com,Tilly.Ferino@gmail.com,doctor,20436
20536,Kylynn,Ashok,Kylynn.Ashok@yopmail.com,Kylynn.Ashok@gmail.com,doctor,20437
20537,Amelia,Medrek,Amelia.Medrek@yopmail.com,Amelia.Medrek@gmail.com,firefighter,20438
20538,Alisha,Eno,Alisha.Eno@yopmail.com,Alisha.Eno@gmail.com,worker,20439
20539,Minda,Cyrie,Minda.Cyrie@yopmail.com,Minda.Cyrie@gmail.com,developer,20440
20540,Jinny,Gamaliel,Jinny.Gamaliel@yopmail.com,Jinny.Gamaliel@gmail.com,developer,20441
20541,Donnie,Seumas,Donnie.Seumas@yopmail.com,Donnie.Seumas@gmail.com,doctor,20442
20542,Wynne,Chabot,Wynne.Chabot@yopmail.com,Wynne.Chabot@gmail.com,developer,20443
20543,Carlie,Fry,Carlie.Fry@yopmail.com,Carlie.Fry@gmail.com,developer,20444
20544,Elyssa,Gaspard,Elyssa.Gaspard@yopmail.com,Elyssa.Gaspard@gmail.com,developer,20445
20545,Roseline,Bates,Roseline.Bates@yopmail.com,Roseline.Bates@gmail.com,worker,20446
20546,Elena,Stav,Elena.Stav@yopmail.com,Elena.Stav@gmail.com,doctor,20447
20547,Fayre,Presber,Fayre.Presber@yopmail.com,Fayre.Presber@gmail.com,firefighter,20448
20548,Lauryn,Willie,Lauryn.Willie@yopmail.com,Lauryn.Willie@gmail.com,doctor,20449
20549,Allyce,Shaddock,Allyce.Shaddock@yopmail.com,Allyce.Shaddock@gmail.com,police officer,20450
20550,Camile,Anastatius,Camile.Anastatius@yopmail.com,Camile.Anastatius@gmail.com,firefighter,20451
20551,Valli,Imelida,Valli.Imelida@yopmail.com,Valli.Imelida@gmail.com,developer,20452
20552,Paulita,Engdahl,Paulita.Engdahl@yopmail.com,Paulita.Engdahl@gmail.com,doctor,20453
20553,Edith,Vittoria,Edith.Vittoria@yopmail.com,Edith.Vittoria@gmail.com,worker,20454
20554,Henriette,Killigrew,Henriette.Killigrew@yopmail.com,Henriette.Killigrew@gmail.com,doctor,20455
20555,Correy,Stelle,Correy.Stelle@yopmail.com,Correy.Stelle@gmail.com,firefighter,20456
20556,Odessa,Stelle,Odessa.Stelle@yopmail.com,Odessa.Stelle@gmail.com,doctor,20457
20557,Linet,Blase,Linet.Blase@yopmail.com,Linet.Blase@gmail.com,worker,20458
20558,Evita,Longfellow,Evita.Longfellow@yopmail.com,Evita.Longfellow@gmail.com,police officer,20459
20559,Natka,Horan,Natka.Horan@yopmail.com,Natka.Horan@gmail.com,police officer,20460
20560,Chere,Kress,Chere.Kress@yopmail.com,Chere.Kress@gmail.com,police officer,20461
20561,Linzy,Libna,Linzy.Libna@yopmail.com,Linzy.Libna@gmail.com,police officer,20462
20562,Anthia,Cornelia,Anthia.Cornelia@yopmail.com,Anthia.Cornelia@gmail.com,firefighter,20463
20563,Margarette,Noelyn,Margarette.Noelyn@yopmail.com,Margarette.Noelyn@gmail.com,developer,20464
20564,Genevra,Laverne,Genevra.Laverne@yopmail.com,Genevra.Laverne@gmail.com,firefighter,20465
20565,Marleah,Leary,Marleah.Leary@yopmail.com,Marleah.Leary@gmail.com,worker,20466
20566,Heddie,Barbey,Heddie.Barbey@yopmail.com,Heddie.Barbey@gmail.com,developer,20467
20567,Evita,Ivens,Evita.Ivens@yopmail.com,Evita.Ivens@gmail.com,worker,20468
20568,Lanna,Tristram,Lanna.Tristram@yopmail.com,Lanna.Tristram@gmail.com,doctor,20469
20569,Lanae,Israeli,Lanae.Israeli@yopmail.com,Lanae.Israeli@gmail.com,police officer,20470
20570,Fred,Westphal,Fred.Westphal@yopmail.com,Fred.Westphal@gmail.com,doctor,20471
20571,Gratia,Justinn,Gratia.Justinn@yopmail.com,Gratia.Justinn@gmail.com,worker,20472
20572,Tori,Sperling,Tori.Sperling@yopmail.com,Tori.Sperling@gmail.com,police officer,20473
20573,Theodora,Nikaniki,Theodora.Nikaniki@yopmail.com,Theodora.Nikaniki@gmail.com,developer,20474
20574,Abbie,Buttaro,Abbie.Buttaro@yopmail.com,Abbie.Buttaro@gmail.com,developer,20475
20575,Aimil,Kirbee,Aimil.Kirbee@yopmail.com,Aimil.Kirbee@gmail.com,developer,20476
20576,Celene,Waite,Celene.Waite@yopmail.com,Celene.Waite@gmail.com,police officer,20477
20577,Cissiee,Marcellus,Cissiee.Marcellus@yopmail.com,Cissiee.Marcellus@gmail.com,developer,20478
20578,Feliza,Lenny,Feliza.Lenny@yopmail.com,Feliza.Lenny@gmail.com,worker,20479
20579,Nataline,Tengdin,Nataline.Tengdin@yopmail.com,Nataline.Tengdin@gmail.com,doctor,20480
20580,Modestia,Dermott,Modestia.Dermott@yopmail.com,Modestia.Dermott@gmail.com,police officer,20481
20581,Britte,Cressida,Britte.Cressida@yopmail.com,Britte.Cressida@gmail.com,developer,20482
20582,Mallory,Orpah,Mallory.Orpah@yopmail.com,Mallory.Orpah@gmail.com,developer,20483
20583,Ericka,Sibyls,Ericka.Sibyls@yopmail.com,Ericka.Sibyls@gmail.com,firefighter,20484
20584,Rosanne,Fadiman,Rosanne.Fadiman@yopmail.com,Rosanne.Fadiman@gmail.com,worker,20485
20585,Ivett,Gale,Ivett.Gale@yopmail.com,Ivett.Gale@gmail.com,firefighter,20486
20586,Justinn,Haerr,Justinn.Haerr@yopmail.com,Justinn.Haerr@gmail.com,firefighter,20487
20587,Ilse,Gladstone,Ilse.Gladstone@yopmail.com,Ilse.Gladstone@gmail.com,worker,20488
20588,Nerta,Bollay,Nerta.Bollay@yopmail.com,Nerta.Bollay@gmail.com,doctor,20489
20589,Bettine,Screens,Bettine.Screens@yopmail.com,Bettine.Screens@gmail.com,doctor,20490
20590,Heddie,Gilmour,Heddie.Gilmour@yopmail.com,Heddie.Gilmour@gmail.com,firefighter,20491
20591,Pierette,Bobbee,Pierette.Bobbee@yopmail.com,Pierette.Bobbee@gmail.com,police officer,20492
20592,Corly,Daveta,Corly.Daveta@yopmail.com,Corly.Daveta@gmail.com,worker,20493
20593,Gwyneth,Laverne,Gwyneth.Laverne@yopmail.com,Gwyneth.Laverne@gmail.com,doctor,20494
20594,Linzy,Malanie,Linzy.Malanie@yopmail.com,Linzy.Malanie@gmail.com,firefighter,20495
20595,Millie,Dex,Millie.Dex@yopmail.com,Millie.Dex@gmail.com,worker,20496
20596,Dyann,Primalia,Dyann.Primalia@yopmail.com,Dyann.Primalia@gmail.com,firefighter,20497
20597,Joane,Danby,Joane.Danby@yopmail.com,Joane.Danby@gmail.com,doctor,20498
20598,Vita,Gavrila,Vita.Gavrila@yopmail.com,Vita.Gavrila@gmail.com,police officer,20499
20599,Blondelle,Maiah,Blondelle.Maiah@yopmail.com,Blondelle.Maiah@gmail.com,developer,20500
