id,firstname,lastname,email,email2,profession,Field Name
34500,Dennie,Deny,Dennie.Deny@yopmail.com,Dennie.Deny@gmail.com,doctor,34401
34501,Nelle,Hachmin,Nelle.Hachmin@yopmail.com,Nelle.Hachmin@gmail.com,worker,34402
34502,Shaylyn,Dom,Shaylyn.Dom@yopmail.com,Shaylyn.Dom@gmail.com,police officer,34403
34503,Giustina,Bouchard,Giustina.Bouchard@yopmail.com,Giustina.Bouchard@gmail.com,police officer,34404
34504,Joleen,Thar,Joleen.Thar@yopmail.com,Joleen.Thar@gmail.com,police officer,34405
34505,Mary,Ledah,Mary.Ledah@yopmail.com,Mary.Ledah@gmail.com,police officer,34406
34506,Roslyn,Ammann,Roslyn.Ammann@yopmail.com,Roslyn.Ammann@gmail.com,firefighter,34407
34507,Deirdre,Lane,Deirdre.Lane@yopmail.com,Deirdre.Lane@gmail.com,police officer,34408
34508,Candy,Gemini,Candy.Gemini@yopmail.com,Candy.Gemini@gmail.com,firefighter,34409
34509,Caryl,Sandye,Caryl.Sandye@yopmail.com,Caryl.Sandye@gmail.com,doctor,34410
34510,Jsandye,Isidore,Jsandye.Isidore@yopmail.com,Jsandye.Isidore@gmail.com,firefighter,34411
34511,Tani,Dorothy,Tani.Dorothy@yopmail.com,Tani.Dorothy@gmail.com,doctor,34412
34512,Kial,Alexandr,Kial.Alexandr@yopmail.com,Kial.Alexandr@gmail.com,developer,34413
34513,Barbara,Sheedy,Barbara.Sheedy@yopmail.com,Barbara.Sheedy@gmail.com,developer,34414
34514,Celisse,Hilbert,Celisse.Hilbert@yopmail.com,Celisse.Hilbert@gmail.com,police officer,34415
34515,Vinita,Sholley,Vinita.Sholley@yopmail.com,Vinita.Sholley@gmail.com,firefighter,34416
34516,Kalina,Jerald,Kalina.Jerald@yopmail.com,Kalina.Jerald@gmail.com,developer,34417
34517,Demetris,Durante,Demetris.Durante@yopmail.com,Demetris.Durante@gmail.com,worker,34418
34518,Rani,Pillsbury,Rani.Pillsbury@yopmail.com,Rani.Pillsbury@gmail.com,firefighter,34419
34519,Lizzie,Sadowski,Lizzie.Sadowski@yopmail.com,Lizzie.Sadowski@gmail.com,doctor,34420
34520,Mamie,Heidt,Mamie.Heidt@yopmail.com,Mamie.Heidt@gmail.com,police officer,34421
34521,Jessy,Center,Jessy.Center@yopmail.com,Jessy.Center@gmail.com,doctor,34422
34522,Bettine,Cassius,Bettine.Cassius@yopmail.com,Bettine.Cassius@gmail.com,doctor,34423
34523,Orsola,An,Orsola.An@yopmail.com,Orsola.An@gmail.com,police officer,34424
34524,Kary,Rocray,Kary.Rocray@yopmail.com,Kary.Rocray@gmail.com,developer,34425
34525,Benita,Himelman,Benita.Himelman@yopmail.com,Benita.Himelman@gmail.com,police officer,34426
34526,Fina,Elo,Fina.Elo@yopmail.com,Fina.Elo@gmail.com,worker,34427
34527,Dania,Tound,Dania.Tound@yopmail.com,Dania.Tound@gmail.com,developer,34428
34528,Kaia,Dichy,Kaia.Dichy@yopmail.com,Kaia.Dichy@gmail.com,police officer,34429
34529,Britte,O'Neill,Britte.O'Neill@yopmail.com,Britte.O'Neill@gmail.com,doctor,34430
34530,Donnie,Stav,Donnie.Stav@yopmail.com,Donnie.Stav@gmail.com,police officer,34431
34531,Marylou,Tarrant,Marylou.Tarrant@yopmail.com,Marylou.Tarrant@gmail.com,worker,34432
34532,Dolli,Woodberry,Dolli.Woodberry@yopmail.com,Dolli.Woodberry@gmail.com,developer,34433
34533,Jany,Hollingsworth,Jany.Hollingsworth@yopmail.com,Jany.Hollingsworth@gmail.com,worker,34434
34534,Chere,Parsaye,Chere.Parsaye@yopmail.com,Chere.Parsaye@gmail.com,doctor,34435
34535,Donnie,Ioab,Donnie.Ioab@yopmail.com,Donnie.Ioab@gmail.com,police officer,34436
34536,Jsandye,Ax,Jsandye.Ax@yopmail.com,Jsandye.Ax@gmail.com,firefighter,34437
34537,Christal,Pyle,Christal.Pyle@yopmail.com,Christal.Pyle@gmail.com,police officer,34438
34538,Gusella,Pandolfi,Gusella.Pandolfi@yopmail.com,Gusella.Pandolfi@gmail.com,doctor,34439
34539,Vevay,Regan,Vevay.Regan@yopmail.com,Vevay.Regan@gmail.com,worker,34440
34540,Aigneis,Infield,Aigneis.Infield@yopmail.com,Aigneis.Infield@gmail.com,worker,34441
34541,Cordi,Garbe,Cordi.Garbe@yopmail.com,Cordi.Garbe@gmail.com,police officer,34442
34542,Carol-Jean,Simmonds,Carol-Jean.Simmonds@yopmail.com,Carol-Jean.Simmonds@gmail.com,developer,34443
34543,Lolita,Mullane,Lolita.Mullane@yopmail.com,Lolita.Mullane@gmail.com,developer,34444
34544,Jessamyn,Alrich,Jessamyn.Alrich@yopmail.com,Jessamyn.Alrich@gmail.com,doctor,34445
34545,Sindee,Kelula,Sindee.Kelula@yopmail.com,Sindee.Kelula@gmail.com,worker,34446
34546,Mireielle,Chabot,Mireielle.Chabot@yopmail.com,Mireielle.Chabot@gmail.com,doctor,34447
34547,Wanda,Hourigan,Wanda.Hourigan@yopmail.com,Wanda.Hourigan@gmail.com,worker,34448
34548,Brandise,Naor,Brandise.Naor@yopmail.com,Brandise.Naor@gmail.com,worker,34449
34549,Lanna,Terrence,Lanna.Terrence@yopmail.com,Lanna.Terrence@gmail.com,developer,34450
