id,firstname,lastname,email,email2,profession,Field Name
42600,Arabel,Pelagias,Arabel.Pelagias@yopmail.com,Arabel.Pelagias@gmail.com,firefighter,42501
42601,Briney,Anestassia,Briney.Anestassia@yopmail.com,Briney.Anestassia@gmail.com,police officer,42502
42602,Farrah,Center,Farrah.Center@yopmail.com,Farrah.Center@gmail.com,doctor,42503
42603,Lulita,Scammon,Lulita.Scammon@yopmail.com,Lulita.Scammon@gmail.com,firefighter,42504
42604,Viki,McLaughlin,Viki.McLaughlin@yopmail.com,Viki.McLaughlin@gmail.com,firefighter,42505
42605,Rosene,Ioab,Rosene.Ioab@yopmail.com,Rosene.Ioab@gmail.com,doctor,42506
42606,Johna,Hoenack,Johna.Hoenack@yopmail.com,Johna.Hoenack@gmail.com,firefighter,42507
42607,Wileen,Dituri,Wileen.Dituri@yopmail.com,Wileen.Dituri@gmail.com,police officer,42508
42608,Xylina,Muriel,Xylina.Muriel@yopmail.com,Xylina.Muriel@gmail.com,developer,42509
42609,Neila,Afton,Neila.Afton@yopmail.com,Neila.Afton@gmail.com,firefighter,42510
42610,Gavrielle,Brittani,Gavrielle.Brittani@yopmail.com,Gavrielle.Brittani@gmail.com,police officer,42511
42611,Amalie,Letsou,Amalie.Letsou@yopmail.com,Amalie.Letsou@gmail.com,doctor,42512
42612,Edee,Genna,Edee.Genna@yopmail.com,Edee.Genna@gmail.com,doctor,42513
42613,Vonny,Zachary,Vonny.Zachary@yopmail.com,Vonny.Zachary@gmail.com,worker,42514
42614,Ethel,Liva,Ethel.Liva@yopmail.com,Ethel.Liva@gmail.com,firefighter,42515
42615,Laure,Haerr,Laure.Haerr@yopmail.com,Laure.Haerr@gmail.com,worker,42516
42616,Ulrike,Merriott,Ulrike.Merriott@yopmail.com,Ulrike.Merriott@gmail.com,doctor,42517
42617,Brandise,Suzetta,Brandise.Suzetta@yopmail.com,Brandise.Suzetta@gmail.com,worker,42518
42618,Tori,Orpah,Tori.Orpah@yopmail.com,Tori.Orpah@gmail.com,doctor,42519
42619,Chloris,Vastah,Chloris.Vastah@yopmail.com,Chloris.Vastah@gmail.com,firefighter,42520
42620,Aeriela,Nester,Aeriela.Nester@yopmail.com,Aeriela.Nester@gmail.com,worker,42521
42621,Britni,Allys,Britni.Allys@yopmail.com,Britni.Allys@gmail.com,developer,42522
42622,Joane,Graig,Joane.Graig@yopmail.com,Joane.Graig@gmail.com,developer,42523
42623,Jackie,August,Jackie.August@yopmail.com,Jackie.August@gmail.com,developer,42524
42624,Aili,Moseley,Aili.Moseley@yopmail.com,Aili.Moseley@gmail.com,worker,42525
42625,Oralee,Kannry,Oralee.Kannry@yopmail.com,Oralee.Kannry@gmail.com,worker,42526
42626,Jemie,Milde,Jemie.Milde@yopmail.com,Jemie.Milde@gmail.com,doctor,42527
42627,Lusa,Colleen,Lusa.Colleen@yopmail.com,Lusa.Colleen@gmail.com,worker,42528
42628,Aurore,Darian,Aurore.Darian@yopmail.com,Aurore.Darian@gmail.com,worker,42529
42629,Emilia,Thornburg,Emilia.Thornburg@yopmail.com,Emilia.Thornburg@gmail.com,worker,42530
42630,Monika,Parsaye,Monika.Parsaye@yopmail.com,Monika.Parsaye@gmail.com,firefighter,42531
42631,Betta,Laurianne,Betta.Laurianne@yopmail.com,Betta.Laurianne@gmail.com,developer,42532
42632,Rebeca,Guildroy,Rebeca.Guildroy@yopmail.com,Rebeca.Guildroy@gmail.com,worker,42533
42633,Bettine,Clie,Bettine.Clie@yopmail.com,Bettine.Clie@gmail.com,firefighter,42534
42634,Hannis,Clarissa,Hannis.Clarissa@yopmail.com,Hannis.Clarissa@gmail.com,developer,42535
42635,Cherrita,Dex,Cherrita.Dex@yopmail.com,Cherrita.Dex@gmail.com,firefighter,42536
42636,Dorice,Japeth,Dorice.Japeth@yopmail.com,Dorice.Japeth@gmail.com,firefighter,42537
42637,Brianna,Nester,Brianna.Nester@yopmail.com,Brianna.Nester@gmail.com,police officer,42538
42638,Althea,Merriott,Althea.Merriott@yopmail.com,Althea.Merriott@gmail.com,worker,42539
42639,Elie,Land,Elie.Land@yopmail.com,Elie.Land@gmail.com,developer,42540
42640,Lisette,Gibbeon,Lisette.Gibbeon@yopmail.com,Lisette.Gibbeon@gmail.com,doctor,42541
42641,Lynnea,Rolf,Lynnea.Rolf@yopmail.com,Lynnea.Rolf@gmail.com,worker,42542
42642,Paola,Nore,Paola.Nore@yopmail.com,Paola.Nore@gmail.com,firefighter,42543
42643,Pamella,Malvino,Pamella.Malvino@yopmail.com,Pamella.Malvino@gmail.com,police officer,42544
42644,Bernardine,Judye,Bernardine.Judye@yopmail.com,Bernardine.Judye@gmail.com,developer,42545
42645,Hollie,Harl,Hollie.Harl@yopmail.com,Hollie.Harl@gmail.com,worker,42546
42646,Shauna,Lia,Shauna.Lia@yopmail.com,Shauna.Lia@gmail.com,police officer,42547
42647,Talya,Celestine,Talya.Celestine@yopmail.com,Talya.Celestine@gmail.com,developer,42548
42648,Marcy,Secrest,Marcy.Secrest@yopmail.com,Marcy.Secrest@gmail.com,firefighter,42549
42649,Aigneis,Rudolph,Aigneis.Rudolph@yopmail.com,Aigneis.Rudolph@gmail.com,developer,42550
42650,Jean,Darbie,Jean.Darbie@yopmail.com,Jean.Darbie@gmail.com,worker,42551
42651,Sybille,Salvidor,Sybille.Salvidor@yopmail.com,Sybille.Salvidor@gmail.com,doctor,42552
42652,Cherilyn,Wadell,Cherilyn.Wadell@yopmail.com,Cherilyn.Wadell@gmail.com,police officer,42553
42653,Bibby,Tyson,Bibby.Tyson@yopmail.com,Bibby.Tyson@gmail.com,police officer,42554
42654,Brooks,Martguerita,Brooks.Martguerita@yopmail.com,Brooks.Martguerita@gmail.com,firefighter,42555
42655,Atlanta,Lail,Atlanta.Lail@yopmail.com,Atlanta.Lail@gmail.com,doctor,42556
42656,Gui,Annabella,Gui.Annabella@yopmail.com,Gui.Annabella@gmail.com,doctor,42557
42657,Jackie,Skurnik,Jackie.Skurnik@yopmail.com,Jackie.Skurnik@gmail.com,firefighter,42558
42658,Orelia,Monk,Orelia.Monk@yopmail.com,Orelia.Monk@gmail.com,doctor,42559
42659,Loree,Mullane,Loree.Mullane@yopmail.com,Loree.Mullane@gmail.com,developer,42560
42660,Pearline,Newell,Pearline.Newell@yopmail.com,Pearline.Newell@gmail.com,firefighter,42561
42661,Mignon,Oriana,Mignon.Oriana@yopmail.com,Mignon.Oriana@gmail.com,developer,42562
42662,Laurene,Candy,Laurene.Candy@yopmail.com,Laurene.Candy@gmail.com,firefighter,42563
42663,Jobi,Woodberry,Jobi.Woodberry@yopmail.com,Jobi.Woodberry@gmail.com,worker,42564
42664,Stacey,Anastatius,Stacey.Anastatius@yopmail.com,Stacey.Anastatius@gmail.com,worker,42565
42665,Cherrita,Georgy,Cherrita.Georgy@yopmail.com,Cherrita.Georgy@gmail.com,firefighter,42566
42666,Caritta,Francene,Caritta.Francene@yopmail.com,Caritta.Francene@gmail.com,developer,42567
42667,Micheline,Zina,Micheline.Zina@yopmail.com,Micheline.Zina@gmail.com,developer,42568
42668,Kial,Brodench,Kial.Brodench@yopmail.com,Kial.Brodench@gmail.com,police officer,42569
42669,Addia,Pip,Addia.Pip@yopmail.com,Addia.Pip@gmail.com,police officer,42570
42670,Bill,Goddard,Bill.Goddard@yopmail.com,Bill.Goddard@gmail.com,firefighter,42571
42671,Selma,Bevin,Selma.Bevin@yopmail.com,Selma.Bevin@gmail.com,firefighter,42572
42672,Philis,Allare,Philis.Allare@yopmail.com,Philis.Allare@gmail.com,doctor,42573
42673,Dari,Telfer,Dari.Telfer@yopmail.com,Dari.Telfer@gmail.com,worker,42574
42674,Gilligan,Timon,Gilligan.Timon@yopmail.com,Gilligan.Timon@gmail.com,developer,42575
42675,Giustina,MacIntosh,Giustina.MacIntosh@yopmail.com,Giustina.MacIntosh@gmail.com,doctor,42576
42676,Elsie,Whittaker,Elsie.Whittaker@yopmail.com,Elsie.Whittaker@gmail.com,doctor,42577
42677,Susan,Shuler,Susan.Shuler@yopmail.com,Susan.Shuler@gmail.com,developer,42578
42678,Etta,Pacorro,Etta.Pacorro@yopmail.com,Etta.Pacorro@gmail.com,worker,42579
42679,Valli,Gordon,Valli.Gordon@yopmail.com,Valli.Gordon@gmail.com,worker,42580
42680,Nerta,Stoller,Nerta.Stoller@yopmail.com,Nerta.Stoller@gmail.com,developer,42581
42681,Renie,Terencio,Renie.Terencio@yopmail.com,Renie.Terencio@gmail.com,police officer,42582
42682,Fanchon,Wilkinson,Fanchon.Wilkinson@yopmail.com,Fanchon.Wilkinson@gmail.com,worker,42583
42683,Jere,Carmena,Jere.Carmena@yopmail.com,Jere.Carmena@gmail.com,worker,42584
42684,Deane,Pierette,Deane.Pierette@yopmail.com,Deane.Pierette@gmail.com,police officer,42585
42685,Lyssa,Henrie,Lyssa.Henrie@yopmail.com,Lyssa.Henrie@gmail.com,doctor,42586
42686,Stephanie,Vastah,Stephanie.Vastah@yopmail.com,Stephanie.Vastah@gmail.com,worker,42587
42687,Jasmina,Gerge,Jasmina.Gerge@yopmail.com,Jasmina.Gerge@gmail.com,worker,42588
42688,Celestyna,Boehike,Celestyna.Boehike@yopmail.com,Celestyna.Boehike@gmail.com,developer,42589
42689,Kittie,Rossner,Kittie.Rossner@yopmail.com,Kittie.Rossner@gmail.com,worker,42590
42690,Annecorinne,Flita,Annecorinne.Flita@yopmail.com,Annecorinne.Flita@gmail.com,developer,42591
42691,Catharine,Maryanne,Catharine.Maryanne@yopmail.com,Catharine.Maryanne@gmail.com,doctor,42592
42692,Desirae,Billye,Desirae.Billye@yopmail.com,Desirae.Billye@gmail.com,police officer,42593
42693,Shandie,Tengdin,Shandie.Tengdin@yopmail.com,Shandie.Tengdin@gmail.com,doctor,42594
42694,Brena,Arley,Brena.Arley@yopmail.com,Brena.Arley@gmail.com,police officer,42595
42695,Cissiee,Amand,Cissiee.Amand@yopmail.com,Cissiee.Amand@gmail.com,doctor,42596
42696,Winny,Tamar,Winny.Tamar@yopmail.com,Winny.Tamar@gmail.com,doctor,42597
42697,Sean,Lauraine,Sean.Lauraine@yopmail.com,Sean.Lauraine@gmail.com,firefighter,42598
42698,Isa,Cynar,Isa.Cynar@yopmail.com,Isa.Cynar@gmail.com,police officer,42599
42699,Phylis,Wolfgram,Phylis.Wolfgram@yopmail.com,Phylis.Wolfgram@gmail.com,doctor,42600
42700,Lusa,Hollingsworth,Lusa.Hollingsworth@yopmail.com,Lusa.Hollingsworth@gmail.com,firefighter,42601
42701,Latisha,Zetta,Latisha.Zetta@yopmail.com,Latisha.Zetta@gmail.com,firefighter,42602
42702,Ada,Shirberg,Ada.Shirberg@yopmail.com,Ada.Shirberg@gmail.com,worker,42603
42703,Eugine,Mayeda,Eugine.Mayeda@yopmail.com,Eugine.Mayeda@gmail.com,worker,42604
42704,Yvonne,Read,Yvonne.Read@yopmail.com,Yvonne.Read@gmail.com,worker,42605
42705,Adriana,Ochs,Adriana.Ochs@yopmail.com,Adriana.Ochs@gmail.com,worker,42606
42706,Christy,Gherardo,Christy.Gherardo@yopmail.com,Christy.Gherardo@gmail.com,doctor,42607
42707,Larine,Fontana,Larine.Fontana@yopmail.com,Larine.Fontana@gmail.com,doctor,42608
42708,Annora,Olin,Annora.Olin@yopmail.com,Annora.Olin@gmail.com,firefighter,42609
42709,Rosaline,Taam,Rosaline.Taam@yopmail.com,Rosaline.Taam@gmail.com,firefighter,42610
42710,Sue,Hebner,Sue.Hebner@yopmail.com,Sue.Hebner@gmail.com,police officer,42611
42711,Annaliese,Borrell,Annaliese.Borrell@yopmail.com,Annaliese.Borrell@gmail.com,doctor,42612
42712,Donnie,Jotham,Donnie.Jotham@yopmail.com,Donnie.Jotham@gmail.com,worker,42613
42713,Robbi,Arvo,Robbi.Arvo@yopmail.com,Robbi.Arvo@gmail.com,doctor,42614
42714,Bee,Rossner,Bee.Rossner@yopmail.com,Bee.Rossner@gmail.com,developer,42615
42715,Carol-Jean,Grimbly,Carol-Jean.Grimbly@yopmail.com,Carol-Jean.Grimbly@gmail.com,doctor,42616
42716,Beth,Halsey,Beth.Halsey@yopmail.com,Beth.Halsey@gmail.com,worker,42617
42717,Anallese,Birdella,Anallese.Birdella@yopmail.com,Anallese.Birdella@gmail.com,worker,42618
42718,Wilma,Kristi,Wilma.Kristi@yopmail.com,Wilma.Kristi@gmail.com,developer,42619
42719,Zaria,Howlyn,Zaria.Howlyn@yopmail.com,Zaria.Howlyn@gmail.com,developer,42620
42720,Dianemarie,Estella,Dianemarie.Estella@yopmail.com,Dianemarie.Estella@gmail.com,developer,42621
42721,Dulce,Love,Dulce.Love@yopmail.com,Dulce.Love@gmail.com,developer,42622
42722,Nannie,Jotham,Nannie.Jotham@yopmail.com,Nannie.Jotham@gmail.com,worker,42623
42723,Margarette,Cutlerr,Margarette.Cutlerr@yopmail.com,Margarette.Cutlerr@gmail.com,doctor,42624
42724,Andeee,Sacken,Andeee.Sacken@yopmail.com,Andeee.Sacken@gmail.com,police officer,42625
42725,Gui,Skurnik,Gui.Skurnik@yopmail.com,Gui.Skurnik@gmail.com,police officer,42626
42726,Therine,Valoniah,Therine.Valoniah@yopmail.com,Therine.Valoniah@gmail.com,police officer,42627
42727,Constance,Knowling,Constance.Knowling@yopmail.com,Constance.Knowling@gmail.com,firefighter,42628
42728,Vonny,Gaynor,Vonny.Gaynor@yopmail.com,Vonny.Gaynor@gmail.com,firefighter,42629
42729,Binny,Jerald,Binny.Jerald@yopmail.com,Binny.Jerald@gmail.com,firefighter,42630
42730,Berget,Martsen,Berget.Martsen@yopmail.com,Berget.Martsen@gmail.com,police officer,42631
42731,Larine,Dalli,Larine.Dalli@yopmail.com,Larine.Dalli@gmail.com,police officer,42632
42732,Liana,Zola,Liana.Zola@yopmail.com,Liana.Zola@gmail.com,developer,42633
42733,Britni,Gamaliel,Britni.Gamaliel@yopmail.com,Britni.Gamaliel@gmail.com,police officer,42634
42734,Clarice,Sabella,Clarice.Sabella@yopmail.com,Clarice.Sabella@gmail.com,doctor,42635
42735,Tami,Turne,Tami.Turne@yopmail.com,Tami.Turne@gmail.com,firefighter,42636
42736,Janis,Secrest,Janis.Secrest@yopmail.com,Janis.Secrest@gmail.com,firefighter,42637
42737,Celisse,Fadiman,Celisse.Fadiman@yopmail.com,Celisse.Fadiman@gmail.com,doctor,42638
42738,Beatriz,Artie,Beatriz.Artie@yopmail.com,Beatriz.Artie@gmail.com,firefighter,42639
42739,Stacey,Mallon,Stacey.Mallon@yopmail.com,Stacey.Mallon@gmail.com,firefighter,42640
42740,Jsandye,Irmine,Jsandye.Irmine@yopmail.com,Jsandye.Irmine@gmail.com,worker,42641
42741,Ethel,Vacuva,Ethel.Vacuva@yopmail.com,Ethel.Vacuva@gmail.com,firefighter,42642
42742,Merci,Hedve,Merci.Hedve@yopmail.com,Merci.Hedve@gmail.com,doctor,42643
42743,Kellen,Vittoria,Kellen.Vittoria@yopmail.com,Kellen.Vittoria@gmail.com,doctor,42644
42744,Lucy,Gusella,Lucy.Gusella@yopmail.com,Lucy.Gusella@gmail.com,worker,42645
42745,Margalo,Rosalba,Margalo.Rosalba@yopmail.com,Margalo.Rosalba@gmail.com,firefighter,42646
42746,Neila,Latini,Neila.Latini@yopmail.com,Neila.Latini@gmail.com,firefighter,42647
42747,Sophia,Drisko,Sophia.Drisko@yopmail.com,Sophia.Drisko@gmail.com,firefighter,42648
42748,Fawne,Raffo,Fawne.Raffo@yopmail.com,Fawne.Raffo@gmail.com,firefighter,42649
42749,Maye,Quent,Maye.Quent@yopmail.com,Maye.Quent@gmail.com,worker,42650
42750,Georgetta,Lareena,Georgetta.Lareena@yopmail.com,Georgetta.Lareena@gmail.com,worker,42651
42751,Mellicent,Destinee,Mellicent.Destinee@yopmail.com,Mellicent.Destinee@gmail.com,firefighter,42652
42752,Brooks,Hanleigh,Brooks.Hanleigh@yopmail.com,Brooks.Hanleigh@gmail.com,doctor,42653
42753,Michaelina,Hillel,Michaelina.Hillel@yopmail.com,Michaelina.Hillel@gmail.com,worker,42654
42754,Valera,Nance,Valera.Nance@yopmail.com,Valera.Nance@gmail.com,worker,42655
42755,Trixi,Merriott,Trixi.Merriott@yopmail.com,Trixi.Merriott@gmail.com,worker,42656
42756,Lulita,Sothena,Lulita.Sothena@yopmail.com,Lulita.Sothena@gmail.com,doctor,42657
42757,Georgetta,Sandye,Georgetta.Sandye@yopmail.com,Georgetta.Sandye@gmail.com,firefighter,42658
42758,Selia,Tarrant,Selia.Tarrant@yopmail.com,Selia.Tarrant@gmail.com,worker,42659
42759,Lilith,Angelis,Lilith.Angelis@yopmail.com,Lilith.Angelis@gmail.com,developer,42660
42760,Lucy,Kaete,Lucy.Kaete@yopmail.com,Lucy.Kaete@gmail.com,firefighter,42661
42761,Angelique,Fleeta,Angelique.Fleeta@yopmail.com,Angelique.Fleeta@gmail.com,police officer,42662
42762,Evaleen,Seligman,Evaleen.Seligman@yopmail.com,Evaleen.Seligman@gmail.com,doctor,42663
42763,Sam,Grimbly,Sam.Grimbly@yopmail.com,Sam.Grimbly@gmail.com,developer,42664
42764,Elmira,Shanley,Elmira.Shanley@yopmail.com,Elmira.Shanley@gmail.com,worker,42665
42765,Judy,Melleta,Judy.Melleta@yopmail.com,Judy.Melleta@gmail.com,firefighter,42666
42766,Sallie,Destinee,Sallie.Destinee@yopmail.com,Sallie.Destinee@gmail.com,developer,42667
42767,Jillayne,Georas,Jillayne.Georas@yopmail.com,Jillayne.Georas@gmail.com,police officer,42668
42768,Margette,Iaverne,Margette.Iaverne@yopmail.com,Margette.Iaverne@gmail.com,firefighter,42669
42769,Althea,Sibyls,Althea.Sibyls@yopmail.com,Althea.Sibyls@gmail.com,developer,42670
42770,Ariela,Jarib,Ariela.Jarib@yopmail.com,Ariela.Jarib@gmail.com,worker,42671
42771,Tina,Johnsson,Tina.Johnsson@yopmail.com,Tina.Johnsson@gmail.com,developer,42672
42772,Rubie,Alarise,Rubie.Alarise@yopmail.com,Rubie.Alarise@gmail.com,police officer,42673
42773,Rosaline,Cosenza,Rosaline.Cosenza@yopmail.com,Rosaline.Cosenza@gmail.com,worker,42674
42774,Cassondra,Lail,Cassondra.Lail@yopmail.com,Cassondra.Lail@gmail.com,firefighter,42675
42775,Blinni,Garbe,Blinni.Garbe@yopmail.com,Blinni.Garbe@gmail.com,doctor,42676
42776,Jemie,Vernier,Jemie.Vernier@yopmail.com,Jemie.Vernier@gmail.com,firefighter,42677
42777,Lenna,Noman,Lenna.Noman@yopmail.com,Lenna.Noman@gmail.com,police officer,42678
42778,Riannon,Thomasina,Riannon.Thomasina@yopmail.com,Riannon.Thomasina@gmail.com,police officer,42679
42779,Maryellen,Leler,Maryellen.Leler@yopmail.com,Maryellen.Leler@gmail.com,firefighter,42680
42780,Ulrike,Garek,Ulrike.Garek@yopmail.com,Ulrike.Garek@gmail.com,doctor,42681
42781,Aurelie,Egbert,Aurelie.Egbert@yopmail.com,Aurelie.Egbert@gmail.com,police officer,42682
42782,Rubie,Moseley,Rubie.Moseley@yopmail.com,Rubie.Moseley@gmail.com,doctor,42683
42783,Carmencita,Brian,Carmencita.Brian@yopmail.com,Carmencita.Brian@gmail.com,worker,42684
42784,Dode,Swigart,Dode.Swigart@yopmail.com,Dode.Swigart@gmail.com,worker,42685
42785,Carol-Jean,Claudine,Carol-Jean.Claudine@yopmail.com,Carol-Jean.Claudine@gmail.com,firefighter,42686
42786,Edyth,Zrike,Edyth.Zrike@yopmail.com,Edyth.Zrike@gmail.com,developer,42687
42787,Glynnis,Albertine,Glynnis.Albertine@yopmail.com,Glynnis.Albertine@gmail.com,developer,42688
42788,Nollie,Herrera,Nollie.Herrera@yopmail.com,Nollie.Herrera@gmail.com,worker,42689
42789,Genevra,Edmund,Genevra.Edmund@yopmail.com,Genevra.Edmund@gmail.com,firefighter,42690
42790,Jasmina,Nelsen,Jasmina.Nelsen@yopmail.com,Jasmina.Nelsen@gmail.com,worker,42691
42791,Lynea,Viddah,Lynea.Viddah@yopmail.com,Lynea.Viddah@gmail.com,doctor,42692
42792,Carlie,Shaddock,Carlie.Shaddock@yopmail.com,Carlie.Shaddock@gmail.com,developer,42693
42793,Deedee,Zuzana,Deedee.Zuzana@yopmail.com,Deedee.Zuzana@gmail.com,doctor,42694
42794,Aurelie,Dash,Aurelie.Dash@yopmail.com,Aurelie.Dash@gmail.com,doctor,42695
42795,Inga,Gibbeon,Inga.Gibbeon@yopmail.com,Inga.Gibbeon@gmail.com,developer,42696
42796,Dania,Karl,Dania.Karl@yopmail.com,Dania.Karl@gmail.com,police officer,42697
42797,Annice,Telfer,Annice.Telfer@yopmail.com,Annice.Telfer@gmail.com,developer,42698
42798,Kaia,Drus,Kaia.Drus@yopmail.com,Kaia.Drus@gmail.com,police officer,42699
42799,Aili,Old,Aili.Old@yopmail.com,Aili.Old@gmail.com,firefighter,42700
42800,Carol-Jean,Ferrell,Carol-Jean.Ferrell@yopmail.com,Carol-Jean.Ferrell@gmail.com,worker,42701
42801,Brooks,Lunsford,Brooks.Lunsford@yopmail.com,Brooks.Lunsford@gmail.com,developer,42702
42802,Andeee,Adlare,Andeee.Adlare@yopmail.com,Andeee.Adlare@gmail.com,doctor,42703
42803,Quintina,Ilka,Quintina.Ilka@yopmail.com,Quintina.Ilka@gmail.com,police officer,42704
42804,Kara-Lynn,Gert,Kara-Lynn.Gert@yopmail.com,Kara-Lynn.Gert@gmail.com,worker,42705
42805,Netty,Odell,Netty.Odell@yopmail.com,Netty.Odell@gmail.com,police officer,42706
42806,Jessy,Ciro,Jessy.Ciro@yopmail.com,Jessy.Ciro@gmail.com,police officer,42707
42807,Lonnie,McGrody,Lonnie.McGrody@yopmail.com,Lonnie.McGrody@gmail.com,firefighter,42708
42808,Ketti,Mata,Ketti.Mata@yopmail.com,Ketti.Mata@gmail.com,firefighter,42709
42809,Emelina,Virgin,Emelina.Virgin@yopmail.com,Emelina.Virgin@gmail.com,police officer,42710
42810,Audrie,Shuler,Audrie.Shuler@yopmail.com,Audrie.Shuler@gmail.com,worker,42711
42811,Arabel,Hollingsworth,Arabel.Hollingsworth@yopmail.com,Arabel.Hollingsworth@gmail.com,police officer,42712
42812,Korrie,Edison,Korrie.Edison@yopmail.com,Korrie.Edison@gmail.com,doctor,42713
42813,Maud,Pyle,Maud.Pyle@yopmail.com,Maud.Pyle@gmail.com,doctor,42714
42814,Rubie,Doig,Rubie.Doig@yopmail.com,Rubie.Doig@gmail.com,firefighter,42715
42815,Helsa,Socha,Helsa.Socha@yopmail.com,Helsa.Socha@gmail.com,developer,42716
42816,Misha,Kannry,Misha.Kannry@yopmail.com,Misha.Kannry@gmail.com,police officer,42717
42817,Alia,Odysseus,Alia.Odysseus@yopmail.com,Alia.Odysseus@gmail.com,firefighter,42718
42818,Jolyn,Cosenza,Jolyn.Cosenza@yopmail.com,Jolyn.Cosenza@gmail.com,police officer,42719
42819,Jean,Junie,Jean.Junie@yopmail.com,Jean.Junie@gmail.com,police officer,42720
42820,Aimil,Neva,Aimil.Neva@yopmail.com,Aimil.Neva@gmail.com,police officer,42721
42821,Rani,Kesley,Rani.Kesley@yopmail.com,Rani.Kesley@gmail.com,police officer,42722
42822,Adore,Amethist,Adore.Amethist@yopmail.com,Adore.Amethist@gmail.com,worker,42723
42823,Zondra,Zetta,Zondra.Zetta@yopmail.com,Zondra.Zetta@gmail.com,firefighter,42724
42824,Georgina,Pelagias,Georgina.Pelagias@yopmail.com,Georgina.Pelagias@gmail.com,firefighter,42725
42825,Kellen,Dorcy,Kellen.Dorcy@yopmail.com,Kellen.Dorcy@gmail.com,police officer,42726
42826,Paule,Tiffa,Paule.Tiffa@yopmail.com,Paule.Tiffa@gmail.com,firefighter,42727
42827,Mildrid,Rossner,Mildrid.Rossner@yopmail.com,Mildrid.Rossner@gmail.com,worker,42728
42828,Neila,Clywd,Neila.Clywd@yopmail.com,Neila.Clywd@gmail.com,firefighter,42729
42829,Jorry,Lorain,Jorry.Lorain@yopmail.com,Jorry.Lorain@gmail.com,firefighter,42730
42830,Berget,Raychel,Berget.Raychel@yopmail.com,Berget.Raychel@gmail.com,firefighter,42731
42831,Emma,Odysseus,Emma.Odysseus@yopmail.com,Emma.Odysseus@gmail.com,doctor,42732
42832,Marjie,Concha,Marjie.Concha@yopmail.com,Marjie.Concha@gmail.com,police officer,42733
42833,Fernande,Pearse,Fernande.Pearse@yopmail.com,Fernande.Pearse@gmail.com,developer,42734
42834,Florencia,Carolin,Florencia.Carolin@yopmail.com,Florencia.Carolin@gmail.com,worker,42735
42835,Alameda,Halsey,Alameda.Halsey@yopmail.com,Alameda.Halsey@gmail.com,worker,42736
42836,Christian,Odell,Christian.Odell@yopmail.com,Christian.Odell@gmail.com,worker,42737
42837,Sonni,Dahlia,Sonni.Dahlia@yopmail.com,Sonni.Dahlia@gmail.com,doctor,42738
42838,Briney,Nicoline,Briney.Nicoline@yopmail.com,Briney.Nicoline@gmail.com,doctor,42739
42839,Elvira,Tice,Elvira.Tice@yopmail.com,Elvira.Tice@gmail.com,worker,42740
42840,Gusella,Zitvaa,Gusella.Zitvaa@yopmail.com,Gusella.Zitvaa@gmail.com,police officer,42741
42841,Myrtice,Flyn,Myrtice.Flyn@yopmail.com,Myrtice.Flyn@gmail.com,doctor,42742
42842,Hope,Rustice,Hope.Rustice@yopmail.com,Hope.Rustice@gmail.com,worker,42743
42843,Netty,Rebecka,Netty.Rebecka@yopmail.com,Netty.Rebecka@gmail.com,worker,42744
42844,Kaja,Darbie,Kaja.Darbie@yopmail.com,Kaja.Darbie@gmail.com,doctor,42745
42845,Addia,Kermit,Addia.Kermit@yopmail.com,Addia.Kermit@gmail.com,doctor,42746
42846,Camile,Waite,Camile.Waite@yopmail.com,Camile.Waite@gmail.com,doctor,42747
42847,Jany,Elo,Jany.Elo@yopmail.com,Jany.Elo@gmail.com,developer,42748
42848,Dari,Drisko,Dari.Drisko@yopmail.com,Dari.Drisko@gmail.com,developer,42749
42849,Elyssa,Hylan,Elyssa.Hylan@yopmail.com,Elyssa.Hylan@gmail.com,worker,42750
