id,firstname,lastname,email,email2,profession,Field Name
2100,Rori,Medrek,Rori.Medrek@yopmail.com,Rori.Medrek@gmail.com,worker,2001
2101,Mireielle,Magnolia,Mireielle.Magnolia@yopmail.com,Mireielle.Magnolia@gmail.com,developer,2002
2102,Hettie,Gillan,Hettie.Gillan@yopmail.com,Hettie.Gillan@gmail.com,worker,2003
2103,Carree,Bury,Carree.Bury@yopmail.com,Carree.Bury@gmail.com,developer,2004
2104,Harmonia,Taima,Harmonia.Taima@yopmail.com,Harmonia.Taima@gmail.com,police officer,2005
2105,Nickie,Abbot,Nickie.Abbot@yopmail.com,Nickie.Abbot@gmail.com,doctor,2006
2106,Larine,Ochs,Larine.Ochs@yopmail.com,Larine.Ochs@gmail.com,police officer,2007
2107,Hope,Center,Hope.Center@yopmail.com,Hope.Center@gmail.com,doctor,2008
2108,Paulita,Brenn,Paulita.Brenn@yopmail.com,Paulita.Brenn@gmail.com,developer,2009
2109,Moyna,Allina,Moyna.Allina@yopmail.com,Moyna.Allina@gmail.com,doctor,2010
2110,Concettina,Garrison,Concettina.Garrison@yopmail.com,Concettina.Garrison@gmail.com,doctor,2011
2111,Elena,Warthman,Elena.Warthman@yopmail.com,Elena.Warthman@gmail.com,doctor,2012
2112,Courtnay,Agle,Courtnay.Agle@yopmail.com,Courtnay.Agle@gmail.com,worker,2013
2113,Olivette,Tryck,Olivette.Tryck@yopmail.com,Olivette.Tryck@gmail.com,developer,2014
2114,Ronna,Quinn,Ronna.Quinn@yopmail.com,Ronna.Quinn@gmail.com,doctor,2015
2115,Marleah,Erminia,Marleah.Erminia@yopmail.com,Marleah.Erminia@gmail.com,firefighter,2016
2116,Alex,Eiser,Alex.Eiser@yopmail.com,Alex.Eiser@gmail.com,firefighter,2017
2117,Carmencita,Leffen,Carmencita.Leffen@yopmail.com,Carmencita.Leffen@gmail.com,developer,2018
2118,Elie,Sacken,Elie.Sacken@yopmail.com,Elie.Sacken@gmail.com,developer,2019
2119,Jan,Pelagias,Jan.Pelagias@yopmail.com,Jan.Pelagias@gmail.com,police officer,2020
2120,Grier,Newell,Grier.Newell@yopmail.com,Grier.Newell@gmail.com,worker,2021
2121,Deedee,Chick,Deedee.Chick@yopmail.com,Deedee.Chick@gmail.com,doctor,2022
2122,Shel,Bach,Shel.Bach@yopmail.com,Shel.Bach@gmail.com,worker,2023
2123,Bobinette,Robertson,Bobinette.Robertson@yopmail.com,Bobinette.Robertson@gmail.com,doctor,2024
2124,Marinna,McCutcheon,Marinna.McCutcheon@yopmail.com,Marinna.McCutcheon@gmail.com,firefighter,2025
2125,Robbi,Rubie,Robbi.Rubie@yopmail.com,Robbi.Rubie@gmail.com,firefighter,2026
2126,Pierette,Boycey,Pierette.Boycey@yopmail.com,Pierette.Boycey@gmail.com,developer,2027
2127,Clo,Bury,Clo.Bury@yopmail.com,Clo.Bury@gmail.com,worker,2028
2128,Doro,Belanger,Doro.Belanger@yopmail.com,Doro.Belanger@gmail.com,police officer,2029
2129,Linzy,Ries,Linzy.Ries@yopmail.com,Linzy.Ries@gmail.com,police officer,2030
2130,Gabriellia,Stefa,Gabriellia.Stefa@yopmail.com,Gabriellia.Stefa@gmail.com,worker,2031
2131,Joy,Constancy,Joy.Constancy@yopmail.com,Joy.Constancy@gmail.com,developer,2032
2132,Laure,Kannry,Laure.Kannry@yopmail.com,Laure.Kannry@gmail.com,worker,2033
2133,Gale,Etom,Gale.Etom@yopmail.com,Gale.Etom@gmail.com,firefighter,2034
2134,Gerrie,Pearse,Gerrie.Pearse@yopmail.com,Gerrie.Pearse@gmail.com,police officer,2035
2135,Dione,Oriana,Dione.Oriana@yopmail.com,Dione.Oriana@gmail.com,firefighter,2036
2136,Elie,Herrera,Elie.Herrera@yopmail.com,Elie.Herrera@gmail.com,doctor,2037
2137,Nataline,Clywd,Nataline.Clywd@yopmail.com,Nataline.Clywd@gmail.com,police officer,2038
2138,Althea,Lattie,Althea.Lattie@yopmail.com,Althea.Lattie@gmail.com,developer,2039
2139,Atlanta,Parette,Atlanta.Parette@yopmail.com,Atlanta.Parette@gmail.com,doctor,2040
2140,Shell,Lasley,Shell.Lasley@yopmail.com,Shell.Lasley@gmail.com,developer,2041
2141,Andeee,Hull,Andeee.Hull@yopmail.com,Andeee.Hull@gmail.com,developer,2042
2142,Hope,McLaughlin,Hope.McLaughlin@yopmail.com,Hope.McLaughlin@gmail.com,worker,2043
2143,Leontine,Caitlin,Leontine.Caitlin@yopmail.com,Leontine.Caitlin@gmail.com,worker,2044
2144,Tera,Prober,Tera.Prober@yopmail.com,Tera.Prober@gmail.com,doctor,2045
2145,Luci,Decato,Luci.Decato@yopmail.com,Luci.Decato@gmail.com,doctor,2046
2146,Selia,Matthew,Selia.Matthew@yopmail.com,Selia.Matthew@gmail.com,developer,2047
2147,Georgina,Ingra,Georgina.Ingra@yopmail.com,Georgina.Ingra@gmail.com,worker,2048
2148,Sharlene,Teddman,Sharlene.Teddman@yopmail.com,Sharlene.Teddman@gmail.com,worker,2049
2149,Dorthy,Kathie,Dorthy.Kathie@yopmail.com,Dorthy.Kathie@gmail.com,firefighter,2050
2150,Anallese,Saint,Anallese.Saint@yopmail.com,Anallese.Saint@gmail.com,doctor,2051
2151,June,Bach,June.Bach@yopmail.com,June.Bach@gmail.com,worker,2052
2152,Tabbatha,Grayce,Tabbatha.Grayce@yopmail.com,Tabbatha.Grayce@gmail.com,police officer,2053
2153,Louella,Guildroy,Louella.Guildroy@yopmail.com,Louella.Guildroy@gmail.com,firefighter,2054
2154,Tatiania,Orpah,Tatiania.Orpah@yopmail.com,Tatiania.Orpah@gmail.com,doctor,2055
2155,Ariela,Turne,Ariela.Turne@yopmail.com,Ariela.Turne@gmail.com,police officer,2056
2156,Christy,Ortrude,Christy.Ortrude@yopmail.com,Christy.Ortrude@gmail.com,police officer,2057
2157,Karlee,Joeann,Karlee.Joeann@yopmail.com,Karlee.Joeann@gmail.com,doctor,2058
2158,Gianina,Colp,Gianina.Colp@yopmail.com,Gianina.Colp@gmail.com,firefighter,2059
2159,Robbi,Morrill,Robbi.Morrill@yopmail.com,Robbi.Morrill@gmail.com,worker,2060
2160,Hettie,Peg,Hettie.Peg@yopmail.com,Hettie.Peg@gmail.com,worker,2061
2161,Agnese,Ethban,Agnese.Ethban@yopmail.com,Agnese.Ethban@gmail.com,worker,2062
2162,Wileen,Gaulin,Wileen.Gaulin@yopmail.com,Wileen.Gaulin@gmail.com,worker,2063
2163,Hannis,Waldron,Hannis.Waldron@yopmail.com,Hannis.Waldron@gmail.com,developer,2064
2164,Gabriellia,Isacco,Gabriellia.Isacco@yopmail.com,Gabriellia.Isacco@gmail.com,developer,2065
2165,Cindelyn,Hubert,Cindelyn.Hubert@yopmail.com,Cindelyn.Hubert@gmail.com,police officer,2066
2166,Raina,Faso,Raina.Faso@yopmail.com,Raina.Faso@gmail.com,doctor,2067
2167,Livvyy,Karna,Livvyy.Karna@yopmail.com,Livvyy.Karna@gmail.com,firefighter,2068
2168,Janis,Wattenberg,Janis.Wattenberg@yopmail.com,Janis.Wattenberg@gmail.com,doctor,2069
2169,Roslyn,Karylin,Roslyn.Karylin@yopmail.com,Roslyn.Karylin@gmail.com,police officer,2070
2170,Eve,Noman,Eve.Noman@yopmail.com,Eve.Noman@gmail.com,developer,2071
2171,Max,Suk,Max.Suk@yopmail.com,Max.Suk@gmail.com,doctor,2072
2172,Gwyneth,Publia,Gwyneth.Publia@yopmail.com,Gwyneth.Publia@gmail.com,police officer,2073
2173,Kore,Ackerley,Kore.Ackerley@yopmail.com,Kore.Ackerley@gmail.com,doctor,2074
2174,Moyna,Kussell,Moyna.Kussell@yopmail.com,Moyna.Kussell@gmail.com,doctor,2075
2175,Mureil,Lesley,Mureil.Lesley@yopmail.com,Mureil.Lesley@gmail.com,doctor,2076
2176,Veda,Dawkins,Veda.Dawkins@yopmail.com,Veda.Dawkins@gmail.com,worker,2077
2177,Dotty,Rubie,Dotty.Rubie@yopmail.com,Dotty.Rubie@gmail.com,police officer,2078
2178,Imojean,Vins,Imojean.Vins@yopmail.com,Imojean.Vins@gmail.com,police officer,2079
2179,Konstance,Raffo,Konstance.Raffo@yopmail.com,Konstance.Raffo@gmail.com,doctor,2080
2180,Georgina,Arvo,Georgina.Arvo@yopmail.com,Georgina.Arvo@gmail.com,doctor,2081
2181,Genevra,Alcott,Genevra.Alcott@yopmail.com,Genevra.Alcott@gmail.com,police officer,2082
2182,Harrietta,Hubert,Harrietta.Hubert@yopmail.com,Harrietta.Hubert@gmail.com,police officer,2083
2183,Winifred,Graig,Winifred.Graig@yopmail.com,Winifred.Graig@gmail.com,doctor,2084
2184,Sarette,Campball,Sarette.Campball@yopmail.com,Sarette.Campball@gmail.com,worker,2085
2185,Jessamyn,Kellby,Jessamyn.Kellby@yopmail.com,Jessamyn.Kellby@gmail.com,firefighter,2086
2186,Belva,Rhu,Belva.Rhu@yopmail.com,Belva.Rhu@gmail.com,developer,2087
2187,Marylou,Constancy,Marylou.Constancy@yopmail.com,Marylou.Constancy@gmail.com,developer,2088
2188,Gabriellia,Narton,Gabriellia.Narton@yopmail.com,Gabriellia.Narton@gmail.com,worker,2089
2189,Bill,Wandie,Bill.Wandie@yopmail.com,Bill.Wandie@gmail.com,police officer,2090
2190,Ayn,Loleta,Ayn.Loleta@yopmail.com,Ayn.Loleta@gmail.com,worker,2091
2191,Myriam,Hessler,Myriam.Hessler@yopmail.com,Myriam.Hessler@gmail.com,police officer,2092
2192,Janenna,Brandice,Janenna.Brandice@yopmail.com,Janenna.Brandice@gmail.com,police officer,2093
2193,Stephanie,Bartlett,Stephanie.Bartlett@yopmail.com,Stephanie.Bartlett@gmail.com,police officer,2094
2194,Celestyna,Wesle,Celestyna.Wesle@yopmail.com,Celestyna.Wesle@gmail.com,worker,2095
2195,Blondelle,Cloris,Blondelle.Cloris@yopmail.com,Blondelle.Cloris@gmail.com,developer,2096
2196,Orsola,Francyne,Orsola.Francyne@yopmail.com,Orsola.Francyne@gmail.com,police officer,2097
2197,Glenda,Han,Glenda.Han@yopmail.com,Glenda.Han@gmail.com,firefighter,2098
2198,Sabina,Anastatius,Sabina.Anastatius@yopmail.com,Sabina.Anastatius@gmail.com,police officer,2099
2199,Viviene,Cyrie,Viviene.Cyrie@yopmail.com,Viviene.Cyrie@gmail.com,worker,2100
2200,Mildrid,Abram,Mildrid.Abram@yopmail.com,Mildrid.Abram@gmail.com,police officer,2101
2201,Kate,Rese,Kate.Rese@yopmail.com,Kate.Rese@gmail.com,worker,2102
2202,Kore,Amasa,Kore.Amasa@yopmail.com,Kore.Amasa@gmail.com,firefighter,2103
2203,Justinn,Tamsky,Justinn.Tamsky@yopmail.com,Justinn.Tamsky@gmail.com,developer,2104
2204,Tani,Joli,Tani.Joli@yopmail.com,Tani.Joli@gmail.com,doctor,2105
2205,Aryn,Salvidor,Aryn.Salvidor@yopmail.com,Aryn.Salvidor@gmail.com,worker,2106
2206,Lynde,Dash,Lynde.Dash@yopmail.com,Lynde.Dash@gmail.com,doctor,2107
2207,Andree,Krystle,Andree.Krystle@yopmail.com,Andree.Krystle@gmail.com,worker,2108
2208,Janey,Cleo,Janey.Cleo@yopmail.com,Janey.Cleo@gmail.com,police officer,2109
2209,Gisela,Nahum,Gisela.Nahum@yopmail.com,Gisela.Nahum@gmail.com,firefighter,2110
2210,Sonni,Corabella,Sonni.Corabella@yopmail.com,Sonni.Corabella@gmail.com,firefighter,2111
2211,Jessamyn,Nelsen,Jessamyn.Nelsen@yopmail.com,Jessamyn.Nelsen@gmail.com,doctor,2112
2212,Ofilia,Natalia,Ofilia.Natalia@yopmail.com,Ofilia.Natalia@gmail.com,developer,2113
2213,Claudina,Beebe,Claudina.Beebe@yopmail.com,Claudina.Beebe@gmail.com,doctor,2114
2214,Evaleen,Genna,Evaleen.Genna@yopmail.com,Evaleen.Genna@gmail.com,police officer,2115
2215,Ann-Marie,Ardeha,Ann-Marie.Ardeha@yopmail.com,Ann-Marie.Ardeha@gmail.com,firefighter,2116
2216,Ernesta,Jaylene,Ernesta.Jaylene@yopmail.com,Ernesta.Jaylene@gmail.com,firefighter,2117
2217,Christal,Gaynor,Christal.Gaynor@yopmail.com,Christal.Gaynor@gmail.com,police officer,2118
2218,Frank,Ummersen,Frank.Ummersen@yopmail.com,Frank.Ummersen@gmail.com,doctor,2119
2219,Jobi,Jehu,Jobi.Jehu@yopmail.com,Jobi.Jehu@gmail.com,worker,2120
2220,Ira,Karylin,Ira.Karylin@yopmail.com,Ira.Karylin@gmail.com,developer,2121
2221,Brena,Lesley,Brena.Lesley@yopmail.com,Brena.Lesley@gmail.com,police officer,2122
2222,Cacilie,Kathie,Cacilie.Kathie@yopmail.com,Cacilie.Kathie@gmail.com,developer,2123
2223,Riannon,Jeanne,Riannon.Jeanne@yopmail.com,Riannon.Jeanne@gmail.com,firefighter,2124
2224,Mallory,Henebry,Mallory.Henebry@yopmail.com,Mallory.Henebry@gmail.com,developer,2125
2225,Consuela,Cecile,Consuela.Cecile@yopmail.com,Consuela.Cecile@gmail.com,worker,2126
2226,Jaclyn,Brieta,Jaclyn.Brieta@yopmail.com,Jaclyn.Brieta@gmail.com,worker,2127
2227,Ann-Marie,Boycey,Ann-Marie.Boycey@yopmail.com,Ann-Marie.Boycey@gmail.com,worker,2128
2228,Marylou,Montgomery,Marylou.Montgomery@yopmail.com,Marylou.Montgomery@gmail.com,worker,2129
2229,Nerta,Dosia,Nerta.Dosia@yopmail.com,Nerta.Dosia@gmail.com,firefighter,2130
2230,Candy,Pyle,Candy.Pyle@yopmail.com,Candy.Pyle@gmail.com,doctor,2131
2231,Sam,Carmena,Sam.Carmena@yopmail.com,Sam.Carmena@gmail.com,worker,2132
2232,Alisha,Kiyoshi,Alisha.Kiyoshi@yopmail.com,Alisha.Kiyoshi@gmail.com,worker,2133
2233,Vere,Reinke,Vere.Reinke@yopmail.com,Vere.Reinke@gmail.com,developer,2134
2234,Ekaterina,August,Ekaterina.August@yopmail.com,Ekaterina.August@gmail.com,firefighter,2135
2235,Wilma,Cutlerr,Wilma.Cutlerr@yopmail.com,Wilma.Cutlerr@gmail.com,developer,2136
2236,Goldie,Sherrie,Goldie.Sherrie@yopmail.com,Goldie.Sherrie@gmail.com,worker,2137
2237,Carlie,O'Carroll,Carlie.O'Carroll@yopmail.com,Carlie.O'Carroll@gmail.com,firefighter,2138
2238,Jasmina,Elephus,Jasmina.Elephus@yopmail.com,Jasmina.Elephus@gmail.com,worker,2139
2239,Eugine,Leler,Eugine.Leler@yopmail.com,Eugine.Leler@gmail.com,worker,2140
2240,Jessy,Rolf,Jessy.Rolf@yopmail.com,Jessy.Rolf@gmail.com,developer,2141
2241,Paola,Alisia,Paola.Alisia@yopmail.com,Paola.Alisia@gmail.com,doctor,2142
2242,Kelly,Cressida,Kelly.Cressida@yopmail.com,Kelly.Cressida@gmail.com,worker,2143
2243,Delilah,Odysseus,Delilah.Odysseus@yopmail.com,Delilah.Odysseus@gmail.com,developer,2144
2244,Ofilia,Quent,Ofilia.Quent@yopmail.com,Ofilia.Quent@gmail.com,firefighter,2145
2245,Dagmar,Keily,Dagmar.Keily@yopmail.com,Dagmar.Keily@gmail.com,doctor,2146
2246,Ebonee,Nea,Ebonee.Nea@yopmail.com,Ebonee.Nea@gmail.com,developer,2147
2247,Consuela,Konyn,Consuela.Konyn@yopmail.com,Consuela.Konyn@gmail.com,worker,2148
2248,Elvira,Virgin,Elvira.Virgin@yopmail.com,Elvira.Virgin@gmail.com,firefighter,2149
2249,Desirae,Ventre,Desirae.Ventre@yopmail.com,Desirae.Ventre@gmail.com,police officer,2150
2250,Allis,Lorain,Allis.Lorain@yopmail.com,Allis.Lorain@gmail.com,developer,2151
2251,Corene,Abram,Corene.Abram@yopmail.com,Corene.Abram@gmail.com,doctor,2152
2252,Ivett,Suanne,Ivett.Suanne@yopmail.com,Ivett.Suanne@gmail.com,worker,2153
2253,Arlena,Lail,Arlena.Lail@yopmail.com,Arlena.Lail@gmail.com,firefighter,2154
2254,Nessie,Havens,Nessie.Havens@yopmail.com,Nessie.Havens@gmail.com,developer,2155
2255,Arlena,Azeria,Arlena.Azeria@yopmail.com,Arlena.Azeria@gmail.com,developer,2156
2256,Kassey,Idelia,Kassey.Idelia@yopmail.com,Kassey.Idelia@gmail.com,police officer,2157
2257,Silvana,Morrill,Silvana.Morrill@yopmail.com,Silvana.Morrill@gmail.com,firefighter,2158
2258,Dennie,Beebe,Dennie.Beebe@yopmail.com,Dennie.Beebe@gmail.com,doctor,2159
2259,Andeee,Honoria,Andeee.Honoria@yopmail.com,Andeee.Honoria@gmail.com,worker,2160
2260,Alejandra,Bobbee,Alejandra.Bobbee@yopmail.com,Alejandra.Bobbee@gmail.com,worker,2161
2261,Tani,Masao,Tani.Masao@yopmail.com,Tani.Masao@gmail.com,worker,2162
2262,Adelle,Melan,Adelle.Melan@yopmail.com,Adelle.Melan@gmail.com,doctor,2163
2263,Jenilee,Heidt,Jenilee.Heidt@yopmail.com,Jenilee.Heidt@gmail.com,police officer,2164
2264,Lily,Dyche,Lily.Dyche@yopmail.com,Lily.Dyche@gmail.com,police officer,2165
2265,Patricia,Maisey,Patricia.Maisey@yopmail.com,Patricia.Maisey@gmail.com,firefighter,2166
2266,Dione,Charmine,Dione.Charmine@yopmail.com,Dione.Charmine@gmail.com,doctor,2167
2267,Elvira,Olin,Elvira.Olin@yopmail.com,Elvira.Olin@gmail.com,doctor,2168
2268,Luci,Cleavland,Luci.Cleavland@yopmail.com,Luci.Cleavland@gmail.com,worker,2169
2269,Vere,Belldas,Vere.Belldas@yopmail.com,Vere.Belldas@gmail.com,developer,2170
2270,Elise,Truc,Elise.Truc@yopmail.com,Elise.Truc@gmail.com,firefighter,2171
2271,Mellicent,Dearborn,Mellicent.Dearborn@yopmail.com,Mellicent.Dearborn@gmail.com,firefighter,2172
2272,Gusty,Alva,Gusty.Alva@yopmail.com,Gusty.Alva@gmail.com,worker,2173
2273,Gerianna,Madox,Gerianna.Madox@yopmail.com,Gerianna.Madox@gmail.com,developer,2174
2274,Annabela,Eugenia,Annabela.Eugenia@yopmail.com,Annabela.Eugenia@gmail.com,developer,2175
2275,Raina,Yate,Raina.Yate@yopmail.com,Raina.Yate@gmail.com,police officer,2176
2276,Amara,Francene,Amara.Francene@yopmail.com,Amara.Francene@gmail.com,developer,2177
2277,Tabbatha,Rheingold,Tabbatha.Rheingold@yopmail.com,Tabbatha.Rheingold@gmail.com,doctor,2178
2278,Ulrike,Jotham,Ulrike.Jotham@yopmail.com,Ulrike.Jotham@gmail.com,worker,2179
2279,Codie,Fink,Codie.Fink@yopmail.com,Codie.Fink@gmail.com,doctor,2180
2280,Tamqrah,Gabrielli,Tamqrah.Gabrielli@yopmail.com,Tamqrah.Gabrielli@gmail.com,developer,2181
2281,Binny,Haldas,Binny.Haldas@yopmail.com,Binny.Haldas@gmail.com,firefighter,2182
2282,Jackie,Joni,Jackie.Joni@yopmail.com,Jackie.Joni@gmail.com,police officer,2183
2283,Shel,Gert,Shel.Gert@yopmail.com,Shel.Gert@gmail.com,developer,2184
2284,Ottilie,Kolnick,Ottilie.Kolnick@yopmail.com,Ottilie.Kolnick@gmail.com,worker,2185
2285,Tonia,Mullane,Tonia.Mullane@yopmail.com,Tonia.Mullane@gmail.com,developer,2186
2286,Asia,Prouty,Asia.Prouty@yopmail.com,Asia.Prouty@gmail.com,developer,2187
2287,Tilly,Wenoa,Tilly.Wenoa@yopmail.com,Tilly.Wenoa@gmail.com,doctor,2188
2288,Dawn,Fitzsimmons,Dawn.Fitzsimmons@yopmail.com,Dawn.Fitzsimmons@gmail.com,developer,2189
2289,Evaleen,Zaslow,Evaleen.Zaslow@yopmail.com,Evaleen.Zaslow@gmail.com,police officer,2190
2290,Emilia,Kenwood,Emilia.Kenwood@yopmail.com,Emilia.Kenwood@gmail.com,developer,2191
2291,Marsiella,Riva,Marsiella.Riva@yopmail.com,Marsiella.Riva@gmail.com,doctor,2192
2292,Katharina,Muriel,Katharina.Muriel@yopmail.com,Katharina.Muriel@gmail.com,police officer,2193
2293,Karena,Wittie,Karena.Wittie@yopmail.com,Karena.Wittie@gmail.com,developer,2194
2294,Nelle,Iiette,Nelle.Iiette@yopmail.com,Nelle.Iiette@gmail.com,developer,2195
2295,Jere,Decato,Jere.Decato@yopmail.com,Jere.Decato@gmail.com,police officer,2196
2296,Aimil,Naashom,Aimil.Naashom@yopmail.com,Aimil.Naashom@gmail.com,worker,2197
2297,Berta,Macey,Berta.Macey@yopmail.com,Berta.Macey@gmail.com,developer,2198
2298,Maisey,Vanni,Maisey.Vanni@yopmail.com,Maisey.Vanni@gmail.com,firefighter,2199
2299,Lanae,Ogren,Lanae.Ogren@yopmail.com,Lanae.Ogren@gmail.com,firefighter,2200
2300,Jessamyn,Jacqui,Jessamyn.Jacqui@yopmail.com,Jessamyn.Jacqui@gmail.com,developer,2201
2301,Brooks,Jammal,Brooks.Jammal@yopmail.com,Brooks.Jammal@gmail.com,doctor,2202
2302,Amii,Lauraine,Amii.Lauraine@yopmail.com,Amii.Lauraine@gmail.com,developer,2203
2303,Karlee,Glovsky,Karlee.Glovsky@yopmail.com,Karlee.Glovsky@gmail.com,worker,2204
2304,Hayley,Maiah,Hayley.Maiah@yopmail.com,Hayley.Maiah@gmail.com,doctor,2205
2305,Melisent,Naashom,Melisent.Naashom@yopmail.com,Melisent.Naashom@gmail.com,police officer,2206
2306,Bernie,Autrey,Bernie.Autrey@yopmail.com,Bernie.Autrey@gmail.com,doctor,2207
2307,Queenie,Loeb,Queenie.Loeb@yopmail.com,Queenie.Loeb@gmail.com,doctor,2208
2308,Chrystel,Gaynor,Chrystel.Gaynor@yopmail.com,Chrystel.Gaynor@gmail.com,firefighter,2209
2309,Fredericka,Berard,Fredericka.Berard@yopmail.com,Fredericka.Berard@gmail.com,firefighter,2210
2310,Shaylyn,Kolnick,Shaylyn.Kolnick@yopmail.com,Shaylyn.Kolnick@gmail.com,firefighter,2211
2311,Carolina,Chem,Carolina.Chem@yopmail.com,Carolina.Chem@gmail.com,doctor,2212
2312,Rosanne,Barney,Rosanne.Barney@yopmail.com,Rosanne.Barney@gmail.com,worker,2213
2313,Linet,Stilwell,Linet.Stilwell@yopmail.com,Linet.Stilwell@gmail.com,police officer,2214
2314,Aili,Anderea,Aili.Anderea@yopmail.com,Aili.Anderea@gmail.com,worker,2215
2315,Rivalee,Arathorn,Rivalee.Arathorn@yopmail.com,Rivalee.Arathorn@gmail.com,police officer,2216
2316,Lyssa,Fredi,Lyssa.Fredi@yopmail.com,Lyssa.Fredi@gmail.com,worker,2217
2317,Ira,Poppy,Ira.Poppy@yopmail.com,Ira.Poppy@gmail.com,doctor,2218
2318,Jeanna,Alejoa,Jeanna.Alejoa@yopmail.com,Jeanna.Alejoa@gmail.com,firefighter,2219
2319,Rani,Hirsch,Rani.Hirsch@yopmail.com,Rani.Hirsch@gmail.com,firefighter,2220
2320,Trudie,Ciapas,Trudie.Ciapas@yopmail.com,Trudie.Ciapas@gmail.com,worker,2221
2321,Deirdre,Wooster,Deirdre.Wooster@yopmail.com,Deirdre.Wooster@gmail.com,police officer,2222
2322,Nollie,Brady,Nollie.Brady@yopmail.com,Nollie.Brady@gmail.com,developer,2223
2323,Catrina,Tryck,Catrina.Tryck@yopmail.com,Catrina.Tryck@gmail.com,firefighter,2224
2324,Beth,Yoko,Beth.Yoko@yopmail.com,Beth.Yoko@gmail.com,firefighter,2225
2325,Cindelyn,Barbey,Cindelyn.Barbey@yopmail.com,Cindelyn.Barbey@gmail.com,doctor,2226
2326,Sean,Mozelle,Sean.Mozelle@yopmail.com,Sean.Mozelle@gmail.com,doctor,2227
2327,Dorene,Tacye,Dorene.Tacye@yopmail.com,Dorene.Tacye@gmail.com,firefighter,2228
2328,Dorice,Rogerio,Dorice.Rogerio@yopmail.com,Dorice.Rogerio@gmail.com,worker,2229
2329,Ursulina,Drus,Ursulina.Drus@yopmail.com,Ursulina.Drus@gmail.com,worker,2230
2330,Jinny,Leopold,Jinny.Leopold@yopmail.com,Jinny.Leopold@gmail.com,developer,2231
2331,Drucie,Darian,Drucie.Darian@yopmail.com,Drucie.Darian@gmail.com,police officer,2232
2332,Lynnea,Ingra,Lynnea.Ingra@yopmail.com,Lynnea.Ingra@gmail.com,worker,2233
2333,Ofilia,Colleen,Ofilia.Colleen@yopmail.com,Ofilia.Colleen@gmail.com,worker,2234
2334,Dominga,Zamora,Dominga.Zamora@yopmail.com,Dominga.Zamora@gmail.com,worker,2235
2335,Moyna,Revkah,Moyna.Revkah@yopmail.com,Moyna.Revkah@gmail.com,worker,2236
2336,Jorry,Posner,Jorry.Posner@yopmail.com,Jorry.Posner@gmail.com,police officer,2237
2337,Theodora,Sparhawk,Theodora.Sparhawk@yopmail.com,Theodora.Sparhawk@gmail.com,police officer,2238
2338,Renie,Rossner,Renie.Rossner@yopmail.com,Renie.Rossner@gmail.com,developer,2239
2339,Aryn,Si,Aryn.Si@yopmail.com,Aryn.Si@gmail.com,firefighter,2240
2340,Donetta,Anyah,Donetta.Anyah@yopmail.com,Donetta.Anyah@gmail.com,doctor,2241
2341,Gretal,Zuzana,Gretal.Zuzana@yopmail.com,Gretal.Zuzana@gmail.com,developer,2242
2342,Sandie,Vivle,Sandie.Vivle@yopmail.com,Sandie.Vivle@gmail.com,worker,2243
2343,Clementine,Goddard,Clementine.Goddard@yopmail.com,Clementine.Goddard@gmail.com,firefighter,2244
2344,Max,Caitlin,Max.Caitlin@yopmail.com,Max.Caitlin@gmail.com,firefighter,2245
2345,Sidoney,Tiffa,Sidoney.Tiffa@yopmail.com,Sidoney.Tiffa@gmail.com,firefighter,2246
2346,Valeda,Cynar,Valeda.Cynar@yopmail.com,Valeda.Cynar@gmail.com,doctor,2247
2347,Brooks,Grobe,Brooks.Grobe@yopmail.com,Brooks.Grobe@gmail.com,developer,2248
2348,Madelle,Plato,Madelle.Plato@yopmail.com,Madelle.Plato@gmail.com,developer,2249
2349,Allis,Thad,Allis.Thad@yopmail.com,Allis.Thad@gmail.com,firefighter,2250
2350,Rozele,Fitzsimmons,Rozele.Fitzsimmons@yopmail.com,Rozele.Fitzsimmons@gmail.com,doctor,2251
2351,Hyacinthe,Hermes,Hyacinthe.Hermes@yopmail.com,Hyacinthe.Hermes@gmail.com,police officer,2252
2352,Kathi,Schonfeld,Kathi.Schonfeld@yopmail.com,Kathi.Schonfeld@gmail.com,doctor,2253
2353,Roberta,Hanleigh,Roberta.Hanleigh@yopmail.com,Roberta.Hanleigh@gmail.com,doctor,2254
2354,Christian,Charmine,Christian.Charmine@yopmail.com,Christian.Charmine@gmail.com,firefighter,2255
2355,Carol-Jean,Claudine,Carol-Jean.Claudine@yopmail.com,Carol-Jean.Claudine@gmail.com,doctor,2256
2356,Cyb,Kenney,Cyb.Kenney@yopmail.com,Cyb.Kenney@gmail.com,doctor,2257
2357,Merrie,Faso,Merrie.Faso@yopmail.com,Merrie.Faso@gmail.com,firefighter,2258
2358,Jemie,Hillel,Jemie.Hillel@yopmail.com,Jemie.Hillel@gmail.com,developer,2259
2359,Madelle,Nahum,Madelle.Nahum@yopmail.com,Madelle.Nahum@gmail.com,police officer,2260
2360,Heddie,Girardo,Heddie.Girardo@yopmail.com,Heddie.Girardo@gmail.com,developer,2261
2361,Chastity,Jaylene,Chastity.Jaylene@yopmail.com,Chastity.Jaylene@gmail.com,developer,2262
2362,Debee,Ioab,Debee.Ioab@yopmail.com,Debee.Ioab@gmail.com,worker,2263
2363,Mildrid,Liva,Mildrid.Liva@yopmail.com,Mildrid.Liva@gmail.com,worker,2264
2364,Caryl,Raimondo,Caryl.Raimondo@yopmail.com,Caryl.Raimondo@gmail.com,police officer,2265
2365,Willetta,Zrike,Willetta.Zrike@yopmail.com,Willetta.Zrike@gmail.com,developer,2266
2366,Layla,Meli,Layla.Meli@yopmail.com,Layla.Meli@gmail.com,doctor,2267
2367,Maurene,Lanita,Maurene.Lanita@yopmail.com,Maurene.Lanita@gmail.com,developer,2268
2368,Aubrie,Emmaline,Aubrie.Emmaline@yopmail.com,Aubrie.Emmaline@gmail.com,police officer,2269
2369,Almeta,Nisbet,Almeta.Nisbet@yopmail.com,Almeta.Nisbet@gmail.com,worker,2270
2370,Maud,Lewes,Maud.Lewes@yopmail.com,Maud.Lewes@gmail.com,police officer,2271
2371,Babita,Scammon,Babita.Scammon@yopmail.com,Babita.Scammon@gmail.com,worker,2272
2372,Vita,Fink,Vita.Fink@yopmail.com,Vita.Fink@gmail.com,doctor,2273
2373,Caressa,Leary,Caressa.Leary@yopmail.com,Caressa.Leary@gmail.com,doctor,2274
2374,Cindelyn,Gerge,Cindelyn.Gerge@yopmail.com,Cindelyn.Gerge@gmail.com,doctor,2275
2375,Maud,Zola,Maud.Zola@yopmail.com,Maud.Zola@gmail.com,developer,2276
2376,Kate,Ferino,Kate.Ferino@yopmail.com,Kate.Ferino@gmail.com,developer,2277
2377,Starla,Ardra,Starla.Ardra@yopmail.com,Starla.Ardra@gmail.com,police officer,2278
2378,Shirlee,Lay,Shirlee.Lay@yopmail.com,Shirlee.Lay@gmail.com,worker,2279
2379,Chastity,Danby,Chastity.Danby@yopmail.com,Chastity.Danby@gmail.com,developer,2280
2380,Damaris,Abbot,Damaris.Abbot@yopmail.com,Damaris.Abbot@gmail.com,developer,2281
2381,Correy,Eliathas,Correy.Eliathas@yopmail.com,Correy.Eliathas@gmail.com,doctor,2282
2382,Marline,Norrie,Marline.Norrie@yopmail.com,Marline.Norrie@gmail.com,developer,2283
2383,Wynne,Ethban,Wynne.Ethban@yopmail.com,Wynne.Ethban@gmail.com,firefighter,2284
2384,Ketti,Honoria,Ketti.Honoria@yopmail.com,Ketti.Honoria@gmail.com,developer,2285
2385,Merry,Carolin,Merry.Carolin@yopmail.com,Merry.Carolin@gmail.com,developer,2286
2386,Zsa Zsa,Lacombe,Zsa Zsa.Lacombe@yopmail.com,Zsa Zsa.Lacombe@gmail.com,doctor,2287
2387,Ermengarde,Lymann,Ermengarde.Lymann@yopmail.com,Ermengarde.Lymann@gmail.com,developer,2288
2388,Carmela,Croix,Carmela.Croix@yopmail.com,Carmela.Croix@gmail.com,police officer,2289
2389,Ermengarde,Oneida,Ermengarde.Oneida@yopmail.com,Ermengarde.Oneida@gmail.com,doctor,2290
2390,Joy,Ursulette,Joy.Ursulette@yopmail.com,Joy.Ursulette@gmail.com,worker,2291
2391,Stephanie,Daveta,Stephanie.Daveta@yopmail.com,Stephanie.Daveta@gmail.com,developer,2292
2392,Iseabal,Felecia,Iseabal.Felecia@yopmail.com,Iseabal.Felecia@gmail.com,developer,2293
2393,Demetris,Engdahl,Demetris.Engdahl@yopmail.com,Demetris.Engdahl@gmail.com,firefighter,2294
2394,Valeda,Bultman,Valeda.Bultman@yopmail.com,Valeda.Bultman@gmail.com,developer,2295
2395,Donnie,Alexandr,Donnie.Alexandr@yopmail.com,Donnie.Alexandr@gmail.com,developer,2296
2396,Rani,Ursulette,Rani.Ursulette@yopmail.com,Rani.Ursulette@gmail.com,firefighter,2297
2397,Almeta,Rubie,Almeta.Rubie@yopmail.com,Almeta.Rubie@gmail.com,firefighter,2298
2398,Imojean,Chesna,Imojean.Chesna@yopmail.com,Imojean.Chesna@gmail.com,police officer,2299
2399,Madelle,Fiester,Madelle.Fiester@yopmail.com,Madelle.Fiester@gmail.com,doctor,2300
2400,Jerry,Ferrell,Jerry.Ferrell@yopmail.com,Jerry.Ferrell@gmail.com,worker,2301
2401,Sharlene,Carvey,Sharlene.Carvey@yopmail.com,Sharlene.Carvey@gmail.com,firefighter,2302
2402,Ana,Chaing,Ana.Chaing@yopmail.com,Ana.Chaing@gmail.com,police officer,2303
2403,Imojean,Monaco,Imojean.Monaco@yopmail.com,Imojean.Monaco@gmail.com,developer,2304
2404,Nonnah,Alrich,Nonnah.Alrich@yopmail.com,Nonnah.Alrich@gmail.com,firefighter,2305
2405,Albertina,Adamsen,Albertina.Adamsen@yopmail.com,Albertina.Adamsen@gmail.com,firefighter,2306
2406,Hannis,Birdella,Hannis.Birdella@yopmail.com,Hannis.Birdella@gmail.com,developer,2307
2407,Ulrike,Therine,Ulrike.Therine@yopmail.com,Ulrike.Therine@gmail.com,worker,2308
2408,Yvonne,Pelagias,Yvonne.Pelagias@yopmail.com,Yvonne.Pelagias@gmail.com,police officer,2309
2409,Raina,Blake,Raina.Blake@yopmail.com,Raina.Blake@gmail.com,doctor,2310
2410,Marita,Corabella,Marita.Corabella@yopmail.com,Marita.Corabella@gmail.com,developer,2311
2411,Charissa,Reinke,Charissa.Reinke@yopmail.com,Charissa.Reinke@gmail.com,developer,2312
2412,Kial,Lipson,Kial.Lipson@yopmail.com,Kial.Lipson@gmail.com,worker,2313
2413,Selia,Aprile,Selia.Aprile@yopmail.com,Selia.Aprile@gmail.com,police officer,2314
2414,Keelia,Schenck,Keelia.Schenck@yopmail.com,Keelia.Schenck@gmail.com,firefighter,2315
2415,Georgina,Keelia,Georgina.Keelia@yopmail.com,Georgina.Keelia@gmail.com,doctor,2316
2416,Evaleen,Liebermann,Evaleen.Liebermann@yopmail.com,Evaleen.Liebermann@gmail.com,doctor,2317
2417,Brynna,Plato,Brynna.Plato@yopmail.com,Brynna.Plato@gmail.com,developer,2318
2418,Alyssa,Loleta,Alyssa.Loleta@yopmail.com,Alyssa.Loleta@gmail.com,developer,2319
2419,Cacilie,Ricki,Cacilie.Ricki@yopmail.com,Cacilie.Ricki@gmail.com,doctor,2320
2420,Charlena,Franza,Charlena.Franza@yopmail.com,Charlena.Franza@gmail.com,doctor,2321
2421,Max,Gunn,Max.Gunn@yopmail.com,Max.Gunn@gmail.com,worker,2322
2422,Carly,Jalbert,Carly.Jalbert@yopmail.com,Carly.Jalbert@gmail.com,worker,2323
2423,Vevay,Bury,Vevay.Bury@yopmail.com,Vevay.Bury@gmail.com,worker,2324
2424,Aili,Mallon,Aili.Mallon@yopmail.com,Aili.Mallon@gmail.com,doctor,2325
2425,Janey,Tiffa,Janey.Tiffa@yopmail.com,Janey.Tiffa@gmail.com,worker,2326
2426,Ethel,Rese,Ethel.Rese@yopmail.com,Ethel.Rese@gmail.com,doctor,2327
2427,Tomasina,Carvey,Tomasina.Carvey@yopmail.com,Tomasina.Carvey@gmail.com,police officer,2328
2428,Selma,Love,Selma.Love@yopmail.com,Selma.Love@gmail.com,worker,2329
2429,Trudie,Kussell,Trudie.Kussell@yopmail.com,Trudie.Kussell@gmail.com,police officer,2330
2430,Rani,Milson,Rani.Milson@yopmail.com,Rani.Milson@gmail.com,developer,2331
2431,Tersina,Jethro,Tersina.Jethro@yopmail.com,Tersina.Jethro@gmail.com,police officer,2332
2432,Janis,Chobot,Janis.Chobot@yopmail.com,Janis.Chobot@gmail.com,firefighter,2333
2433,Stephanie,Schonfeld,Stephanie.Schonfeld@yopmail.com,Stephanie.Schonfeld@gmail.com,doctor,2334
2434,Adele,Croix,Adele.Croix@yopmail.com,Adele.Croix@gmail.com,doctor,2335
2435,Anallese,Thomasina,Anallese.Thomasina@yopmail.com,Anallese.Thomasina@gmail.com,firefighter,2336
2436,Drucie,Vale,Drucie.Vale@yopmail.com,Drucie.Vale@gmail.com,developer,2337
2437,Adele,Ilka,Adele.Ilka@yopmail.com,Adele.Ilka@gmail.com,police officer,2338
2438,Justinn,Baylor,Justinn.Baylor@yopmail.com,Justinn.Baylor@gmail.com,police officer,2339
2439,Steffane,Bethany,Steffane.Bethany@yopmail.com,Steffane.Bethany@gmail.com,police officer,2340
2440,Misha,Mendez,Misha.Mendez@yopmail.com,Misha.Mendez@gmail.com,worker,2341
2441,Latisha,Devlen,Latisha.Devlen@yopmail.com,Latisha.Devlen@gmail.com,doctor,2342
2442,Kary,Toni,Kary.Toni@yopmail.com,Kary.Toni@gmail.com,firefighter,2343
2443,Bill,Nikaniki,Bill.Nikaniki@yopmail.com,Bill.Nikaniki@gmail.com,firefighter,2344
2444,Dale,Maxi,Dale.Maxi@yopmail.com,Dale.Maxi@gmail.com,developer,2345
2445,Elvira,Latini,Elvira.Latini@yopmail.com,Elvira.Latini@gmail.com,worker,2346
2446,Belinda,Matthew,Belinda.Matthew@yopmail.com,Belinda.Matthew@gmail.com,police officer,2347
2447,Nariko,Jacobah,Nariko.Jacobah@yopmail.com,Nariko.Jacobah@gmail.com,firefighter,2348
2448,Orsola,Suzetta,Orsola.Suzetta@yopmail.com,Orsola.Suzetta@gmail.com,police officer,2349
2449,Shaylyn,Forrer,Shaylyn.Forrer@yopmail.com,Shaylyn.Forrer@gmail.com,firefighter,2350
2450,Fanchon,Magdalen,Fanchon.Magdalen@yopmail.com,Fanchon.Magdalen@gmail.com,doctor,2351
2451,Marnia,Goddard,Marnia.Goddard@yopmail.com,Marnia.Goddard@gmail.com,firefighter,2352
2452,Gianina,Frendel,Gianina.Frendel@yopmail.com,Gianina.Frendel@gmail.com,doctor,2353
2453,Kathy,Ball,Kathy.Ball@yopmail.com,Kathy.Ball@gmail.com,firefighter,2354
2454,Petronia,Nahum,Petronia.Nahum@yopmail.com,Petronia.Nahum@gmail.com,police officer,2355
2455,Chastity,Susannah,Chastity.Susannah@yopmail.com,Chastity.Susannah@gmail.com,developer,2356
2456,Helsa,Darian,Helsa.Darian@yopmail.com,Helsa.Darian@gmail.com,doctor,2357
2457,Fanchon,Fleeta,Fanchon.Fleeta@yopmail.com,Fanchon.Fleeta@gmail.com,worker,2358
2458,Tarra,Kauppi,Tarra.Kauppi@yopmail.com,Tarra.Kauppi@gmail.com,doctor,2359
2459,Korrie,Ader,Korrie.Ader@yopmail.com,Korrie.Ader@gmail.com,doctor,2360
2460,Tera,Maroney,Tera.Maroney@yopmail.com,Tera.Maroney@gmail.com,doctor,2361
2461,Andeee,Esmaria,Andeee.Esmaria@yopmail.com,Andeee.Esmaria@gmail.com,doctor,2362
2462,Basia,Earlie,Basia.Earlie@yopmail.com,Basia.Earlie@gmail.com,developer,2363
2463,Petronia,Alejoa,Petronia.Alejoa@yopmail.com,Petronia.Alejoa@gmail.com,firefighter,2364
2464,Kenna,Wiener,Kenna.Wiener@yopmail.com,Kenna.Wiener@gmail.com,doctor,2365
2465,Marinna,Naashom,Marinna.Naashom@yopmail.com,Marinna.Naashom@gmail.com,doctor,2366
2466,Tilly,Schenck,Tilly.Schenck@yopmail.com,Tilly.Schenck@gmail.com,worker,2367
2467,Jennica,Nance,Jennica.Nance@yopmail.com,Jennica.Nance@gmail.com,firefighter,2368
2468,Lorenza,Strephon,Lorenza.Strephon@yopmail.com,Lorenza.Strephon@gmail.com,worker,2369
2469,Paola,Raama,Paola.Raama@yopmail.com,Paola.Raama@gmail.com,doctor,2370
2470,Xylina,Hieronymus,Xylina.Hieronymus@yopmail.com,Xylina.Hieronymus@gmail.com,worker,2371
2471,Helsa,Wolfgram,Helsa.Wolfgram@yopmail.com,Helsa.Wolfgram@gmail.com,police officer,2372
2472,Deedee,Colbert,Deedee.Colbert@yopmail.com,Deedee.Colbert@gmail.com,developer,2373
2473,Karena,Nickola,Karena.Nickola@yopmail.com,Karena.Nickola@gmail.com,doctor,2374
2474,Elise,Salvidor,Elise.Salvidor@yopmail.com,Elise.Salvidor@gmail.com,developer,2375
2475,Priscilla,Alwin,Priscilla.Alwin@yopmail.com,Priscilla.Alwin@gmail.com,developer,2376
2476,Heida,Tristram,Heida.Tristram@yopmail.com,Heida.Tristram@gmail.com,police officer,2377
2477,Gabi,Dawkins,Gabi.Dawkins@yopmail.com,Gabi.Dawkins@gmail.com,firefighter,2378
2478,Teddie,Rona,Teddie.Rona@yopmail.com,Teddie.Rona@gmail.com,police officer,2379
2479,Therine,Oster,Therine.Oster@yopmail.com,Therine.Oster@gmail.com,worker,2380
2480,Harrietta,Roscoe,Harrietta.Roscoe@yopmail.com,Harrietta.Roscoe@gmail.com,police officer,2381
2481,Harmonia,Faust,Harmonia.Faust@yopmail.com,Harmonia.Faust@gmail.com,worker,2382
2482,Kathy,Letsou,Kathy.Letsou@yopmail.com,Kathy.Letsou@gmail.com,police officer,2383
2483,Rosene,Malanie,Rosene.Malanie@yopmail.com,Rosene.Malanie@gmail.com,doctor,2384
2484,Lexine,Gregrory,Lexine.Gregrory@yopmail.com,Lexine.Gregrory@gmail.com,worker,2385
2485,Moyna,Terencio,Moyna.Terencio@yopmail.com,Moyna.Terencio@gmail.com,police officer,2386
2486,Sonni,Chick,Sonni.Chick@yopmail.com,Sonni.Chick@gmail.com,police officer,2387
2487,Brandise,Madox,Brandise.Madox@yopmail.com,Brandise.Madox@gmail.com,worker,2388
2488,Lucille,Kravits,Lucille.Kravits@yopmail.com,Lucille.Kravits@gmail.com,firefighter,2389
2489,Marsiella,Janene,Marsiella.Janene@yopmail.com,Marsiella.Janene@gmail.com,firefighter,2390
2490,Kristan,Kimmie,Kristan.Kimmie@yopmail.com,Kristan.Kimmie@gmail.com,developer,2391
2491,Arlina,Sprage,Arlina.Sprage@yopmail.com,Arlina.Sprage@gmail.com,developer,2392
2492,Isa,Tristram,Isa.Tristram@yopmail.com,Isa.Tristram@gmail.com,police officer,2393
2493,Jinny,Dannye,Jinny.Dannye@yopmail.com,Jinny.Dannye@gmail.com,police officer,2394
2494,Mara,Chobot,Mara.Chobot@yopmail.com,Mara.Chobot@gmail.com,developer,2395
2495,Candi,Sidonius,Candi.Sidonius@yopmail.com,Candi.Sidonius@gmail.com,doctor,2396
2496,Marti,Wenoa,Marti.Wenoa@yopmail.com,Marti.Wenoa@gmail.com,developer,2397
2497,Jany,Pattin,Jany.Pattin@yopmail.com,Jany.Pattin@gmail.com,worker,2398
2498,Iseabal,Thunell,Iseabal.Thunell@yopmail.com,Iseabal.Thunell@gmail.com,worker,2399
2499,Rubie,Orlene,Rubie.Orlene@yopmail.com,Rubie.Orlene@gmail.com,developer,2400
2500,Kimmy,Merriott,Kimmy.Merriott@yopmail.com,Kimmy.Merriott@gmail.com,doctor,2401
2501,Cherrita,Wildermuth,Cherrita.Wildermuth@yopmail.com,Cherrita.Wildermuth@gmail.com,worker,2402
2502,Merrie,Bettine,Merrie.Bettine@yopmail.com,Merrie.Bettine@gmail.com,doctor,2403
2503,Tori,Ferrell,Tori.Ferrell@yopmail.com,Tori.Ferrell@gmail.com,firefighter,2404
2504,Lonnie,Nahum,Lonnie.Nahum@yopmail.com,Lonnie.Nahum@gmail.com,firefighter,2405
2505,Fernande,Lory,Fernande.Lory@yopmail.com,Fernande.Lory@gmail.com,police officer,2406
2506,Lolita,Phi,Lolita.Phi@yopmail.com,Lolita.Phi@gmail.com,developer,2407
2507,Renie,Madox,Renie.Madox@yopmail.com,Renie.Madox@gmail.com,police officer,2408
2508,Aurelie,Giff,Aurelie.Giff@yopmail.com,Aurelie.Giff@gmail.com,firefighter,2409
2509,Collen,Joli,Collen.Joli@yopmail.com,Collen.Joli@gmail.com,doctor,2410
2510,Alameda,Narton,Alameda.Narton@yopmail.com,Alameda.Narton@gmail.com,worker,2411
2511,Hollie,Sammons,Hollie.Sammons@yopmail.com,Hollie.Sammons@gmail.com,police officer,2412
2512,Chandra,An,Chandra.An@yopmail.com,Chandra.An@gmail.com,police officer,2413
2513,Renae,Socha,Renae.Socha@yopmail.com,Renae.Socha@gmail.com,police officer,2414
2514,Gwyneth,Bevin,Gwyneth.Bevin@yopmail.com,Gwyneth.Bevin@gmail.com,developer,2415
2515,Esmeralda,Winnick,Esmeralda.Winnick@yopmail.com,Esmeralda.Winnick@gmail.com,doctor,2416
2516,Shaylyn,Romelda,Shaylyn.Romelda@yopmail.com,Shaylyn.Romelda@gmail.com,doctor,2417
2517,Ardys,Eiser,Ardys.Eiser@yopmail.com,Ardys.Eiser@gmail.com,police officer,2418
2518,Gaylene,LaRue,Gaylene.LaRue@yopmail.com,Gaylene.LaRue@gmail.com,police officer,2419
2519,Vonny,Serilda,Vonny.Serilda@yopmail.com,Vonny.Serilda@gmail.com,worker,2420
2520,Marika,Mott,Marika.Mott@yopmail.com,Marika.Mott@gmail.com,police officer,2421
2521,Nickie,Fosque,Nickie.Fosque@yopmail.com,Nickie.Fosque@gmail.com,worker,2422
2522,Jessy,Thema,Jessy.Thema@yopmail.com,Jessy.Thema@gmail.com,police officer,2423
2523,Devina,Carvey,Devina.Carvey@yopmail.com,Devina.Carvey@gmail.com,developer,2424
2524,Jean,Timon,Jean.Timon@yopmail.com,Jean.Timon@gmail.com,worker,2425
2525,Jaime,Zeeba,Jaime.Zeeba@yopmail.com,Jaime.Zeeba@gmail.com,worker,2426
2526,Bee,Velick,Bee.Velick@yopmail.com,Bee.Velick@gmail.com,firefighter,2427
2527,Tina,Alice,Tina.Alice@yopmail.com,Tina.Alice@gmail.com,police officer,2428
2528,Cyb,Yam,Cyb.Yam@yopmail.com,Cyb.Yam@gmail.com,developer,2429
2529,Cyb,Pearse,Cyb.Pearse@yopmail.com,Cyb.Pearse@gmail.com,police officer,2430
2530,Aili,Demitria,Aili.Demitria@yopmail.com,Aili.Demitria@gmail.com,doctor,2431
2531,Kara-Lynn,Kimmie,Kara-Lynn.Kimmie@yopmail.com,Kara-Lynn.Kimmie@gmail.com,firefighter,2432
2532,Kamilah,Sharl,Kamilah.Sharl@yopmail.com,Kamilah.Sharl@gmail.com,firefighter,2433
2533,Adore,Garrison,Adore.Garrison@yopmail.com,Adore.Garrison@gmail.com,police officer,2434
2534,Barbi,Diogenes,Barbi.Diogenes@yopmail.com,Barbi.Diogenes@gmail.com,doctor,2435
2535,Tersina,Birdella,Tersina.Birdella@yopmail.com,Tersina.Birdella@gmail.com,doctor,2436
2536,Kassey,Bach,Kassey.Bach@yopmail.com,Kassey.Bach@gmail.com,worker,2437
2537,Sabina,Talia,Sabina.Talia@yopmail.com,Sabina.Talia@gmail.com,developer,2438
2538,Krystle,Levey,Krystle.Levey@yopmail.com,Krystle.Levey@gmail.com,developer,2439
2539,Rosaline,Evvie,Rosaline.Evvie@yopmail.com,Rosaline.Evvie@gmail.com,police officer,2440
2540,Lorie,Cynar,Lorie.Cynar@yopmail.com,Lorie.Cynar@gmail.com,doctor,2441
2541,Merci,Annice,Merci.Annice@yopmail.com,Merci.Annice@gmail.com,firefighter,2442
2542,Dede,Kunin,Dede.Kunin@yopmail.com,Dede.Kunin@gmail.com,police officer,2443
2543,Dianemarie,Ader,Dianemarie.Ader@yopmail.com,Dianemarie.Ader@gmail.com,worker,2444
2544,Donnie,Tufts,Donnie.Tufts@yopmail.com,Donnie.Tufts@gmail.com,police officer,2445
2545,Lexine,Lacombe,Lexine.Lacombe@yopmail.com,Lexine.Lacombe@gmail.com,doctor,2446
2546,Chandra,Tufts,Chandra.Tufts@yopmail.com,Chandra.Tufts@gmail.com,firefighter,2447
2547,Correy,Kenney,Correy.Kenney@yopmail.com,Correy.Kenney@gmail.com,developer,2448
2548,Almeta,Ovid,Almeta.Ovid@yopmail.com,Almeta.Ovid@gmail.com,doctor,2449
2549,Raf,Cadmar,Raf.Cadmar@yopmail.com,Raf.Cadmar@gmail.com,police officer,2450
2550,Gianina,Gombach,Gianina.Gombach@yopmail.com,Gianina.Gombach@gmail.com,worker,2451
2551,Nickie,Even,Nickie.Even@yopmail.com,Nickie.Even@gmail.com,developer,2452
2552,Bill,Seagraves,Bill.Seagraves@yopmail.com,Bill.Seagraves@gmail.com,firefighter,2453
2553,Jordan,Kelula,Jordan.Kelula@yopmail.com,Jordan.Kelula@gmail.com,police officer,2454
2554,Myrtice,Ephrem,Myrtice.Ephrem@yopmail.com,Myrtice.Ephrem@gmail.com,developer,2455
2555,Barbi,Susannah,Barbi.Susannah@yopmail.com,Barbi.Susannah@gmail.com,firefighter,2456
2556,Maryellen,Wilona,Maryellen.Wilona@yopmail.com,Maryellen.Wilona@gmail.com,worker,2457
2557,Livvyy,Brittani,Livvyy.Brittani@yopmail.com,Livvyy.Brittani@gmail.com,developer,2458
2558,Nataline,Etom,Nataline.Etom@yopmail.com,Nataline.Etom@gmail.com,firefighter,2459
2559,Pollyanna,Bari,Pollyanna.Bari@yopmail.com,Pollyanna.Bari@gmail.com,firefighter,2460
2560,Gertrud,Cohdwell,Gertrud.Cohdwell@yopmail.com,Gertrud.Cohdwell@gmail.com,developer,2461
2561,Kaja,Wind,Kaja.Wind@yopmail.com,Kaja.Wind@gmail.com,doctor,2462
2562,Odessa,Delila,Odessa.Delila@yopmail.com,Odessa.Delila@gmail.com,worker,2463
2563,Iseabal,Gunn,Iseabal.Gunn@yopmail.com,Iseabal.Gunn@gmail.com,worker,2464
2564,Edyth,Percy,Edyth.Percy@yopmail.com,Edyth.Percy@gmail.com,police officer,2465
2565,Mamie,Monaco,Mamie.Monaco@yopmail.com,Mamie.Monaco@gmail.com,police officer,2466
2566,Kate,Lareena,Kate.Lareena@yopmail.com,Kate.Lareena@gmail.com,doctor,2467
2567,Belinda,Goode,Belinda.Goode@yopmail.com,Belinda.Goode@gmail.com,firefighter,2468
2568,Loree,Flyn,Loree.Flyn@yopmail.com,Loree.Flyn@gmail.com,doctor,2469
2569,Chandra,Philoo,Chandra.Philoo@yopmail.com,Chandra.Philoo@gmail.com,developer,2470
2570,Nonnah,Dreda,Nonnah.Dreda@yopmail.com,Nonnah.Dreda@gmail.com,doctor,2471
2571,Jennica,Hirsch,Jennica.Hirsch@yopmail.com,Jennica.Hirsch@gmail.com,doctor,2472
2572,Caritta,Wooster,Caritta.Wooster@yopmail.com,Caritta.Wooster@gmail.com,firefighter,2473
2573,Darci,Merat,Darci.Merat@yopmail.com,Darci.Merat@gmail.com,worker,2474
2574,Lolita,Publia,Lolita.Publia@yopmail.com,Lolita.Publia@gmail.com,worker,2475
2575,Aaren,Baptlsta,Aaren.Baptlsta@yopmail.com,Aaren.Baptlsta@gmail.com,worker,2476
2576,Kellen,Zitvaa,Kellen.Zitvaa@yopmail.com,Kellen.Zitvaa@gmail.com,police officer,2477
2577,Addia,Vins,Addia.Vins@yopmail.com,Addia.Vins@gmail.com,worker,2478
2578,Kelly,Jehu,Kelly.Jehu@yopmail.com,Kelly.Jehu@gmail.com,developer,2479
2579,Veda,Gualtiero,Veda.Gualtiero@yopmail.com,Veda.Gualtiero@gmail.com,doctor,2480
2580,Annice,Cloris,Annice.Cloris@yopmail.com,Annice.Cloris@gmail.com,police officer,2481
2581,Kaja,McAdams,Kaja.McAdams@yopmail.com,Kaja.McAdams@gmail.com,developer,2482
2582,Emilia,Leifeste,Emilia.Leifeste@yopmail.com,Emilia.Leifeste@gmail.com,police officer,2483
2583,Ellette,Annabella,Ellette.Annabella@yopmail.com,Ellette.Annabella@gmail.com,firefighter,2484
2584,Veda,Adore,Veda.Adore@yopmail.com,Veda.Adore@gmail.com,developer,2485
2585,Loree,Ephrem,Loree.Ephrem@yopmail.com,Loree.Ephrem@gmail.com,police officer,2486
2586,Peri,Toni,Peri.Toni@yopmail.com,Peri.Toni@gmail.com,worker,2487
2587,Joeann,Michella,Joeann.Michella@yopmail.com,Joeann.Michella@gmail.com,worker,2488
2588,Odessa,Donell,Odessa.Donell@yopmail.com,Odessa.Donell@gmail.com,police officer,2489
2589,Michaelina,Thomasina,Michaelina.Thomasina@yopmail.com,Michaelina.Thomasina@gmail.com,developer,2490
2590,Desirae,Roscoe,Desirae.Roscoe@yopmail.com,Desirae.Roscoe@gmail.com,developer,2491
2591,Ayn,Joeann,Ayn.Joeann@yopmail.com,Ayn.Joeann@gmail.com,worker,2492
2592,Maridel,Freddi,Maridel.Freddi@yopmail.com,Maridel.Freddi@gmail.com,developer,2493
2593,Jolyn,Brodench,Jolyn.Brodench@yopmail.com,Jolyn.Brodench@gmail.com,worker,2494
2594,Rori,Bonilla,Rori.Bonilla@yopmail.com,Rori.Bonilla@gmail.com,police officer,2495
2595,Cassondra,Maples,Cassondra.Maples@yopmail.com,Cassondra.Maples@gmail.com,worker,2496
2596,Hettie,Zamora,Hettie.Zamora@yopmail.com,Hettie.Zamora@gmail.com,doctor,2497
2597,Fernande,Dannye,Fernande.Dannye@yopmail.com,Fernande.Dannye@gmail.com,doctor,2498
2598,Annabela,Riordan,Annabela.Riordan@yopmail.com,Annabela.Riordan@gmail.com,police officer,2499
2599,Krystle,Ciro,Krystle.Ciro@yopmail.com,Krystle.Ciro@gmail.com,worker,2500
